timeStamp,elapsed,label,responseCode,responseMessage,threadName,dataType,success,failureMessage,bytes,sentBytes,grpThreads,allThreads,URL,Latency,IdleTime,Connect
1736080957721,296,Delete By film_ID,200,OK,Delete Film_Text 4-6,text,true,,11,0,10,35,null,296,0,278
1736080957648,374,Update Rental Date,200,OK,Update Rental 3-2,text,true,,11,0,9,35,null,374,0,351
1736080957276,746,Delete By film_ID,200,OK,Delete Film_Text 4-1,text,true,,11,0,10,35,null,746,0,723
1736080957635,387,Delete By film_ID,200,OK,Delete Film_Text 4-5,text,true,,11,0,10,35,null,387,0,364
1736080957885,137,Insert Into City,200,OK,Insert City 2-4,text,true,,11,0,7,35,null,137,0,114
1736080957768,255,Delete By film_ID,200,OK,Delete Film_Text 4-7,text,true,,11,0,10,35,null,254,0,231
1736080957981,42,Delete By film_ID,200,OK,Delete Film_Text 4-8,text,true,,11,0,10,35,null,42,0,18
1736080957838,185,Update Rental Date,200,OK,Update Rental 3-5,text,true,,11,0,9,35,null,185,0,161
1736080957507,516,Insert Into City,200,OK,Insert City 2-3,text,true,,11,0,7,35,null,515,0,510
1736080957458,569,Delete By film_ID,200,OK,Delete Film_Text 4-2,text,true,,11,0,10,35,null,569,0,565
1736080957413,614,Insert Into City,200,OK,Insert City 2-1,text,true,,11,0,7,35,null,614,0,610
1736080958006,24,Insert Into City,200,OK,Insert City 2-2,text,true,,11,0,7,35,null,24,0,18
1736080957785,245,Select By Actor_ID,200,OK,Select Actor 1-1,text,true,,84,0,9,35,null,243,0,214
1736080957622,408,Update Rental Date,200,OK,Update Rental 3-1,text,true,,11,0,9,35,null,408,0,401
1736080957615,415,Delete By film_ID,200,OK,Delete Film_Text 4-3,text,true,,11,0,10,35,null,415,0,408
1736080957852,178,Select By Actor_ID,200,OK,Select Actor 1-2,text,true,,81,0,9,35,null,176,0,147
1736080958027,5,Update Rental Date,200,OK,Update Rental 3-4,text,true,,11,0,9,35,null,5,0,1
1736080958061,24,Insert Into City,200,OK,Insert City 2-5,text,true,,11,0,7,35,null,23,0,0
1736080958074,11,Select By Actor_ID,200,OK,Select Actor 1-3,text,true,,81,0,9,35,null,11,0,1
1736080958130,5,Delete By film_ID,200,OK,Delete Film_Text 4-4,text,true,,11,0,10,35,null,5,0,0
1736080958136,2,Select By Actor_ID,200,OK,Select Actor 1-5,text,true,,79,0,9,35,null,2,0,0
1736080958166,5,Delete By film_ID,200,OK,Delete Film_Text 4-10,text,true,,11,0,10,36,null,4,0,0
1736080958171,3,Select By Actor_ID,200,OK,Select Actor 1-4,text,true,,83,0,9,36,null,2,0,0
1736080958180,5,Delete By film_ID,200,OK,Delete Film_Text 4-9,text,true,,11,0,10,37,null,5,0,0
1736080958231,3,Update Rental Date,200,OK,Update Rental 3-3,text,true,,11,0,10,38,null,2,0,0
1736080958242,3,Update Rental Date,200,OK,Update Rental 3-6,text,true,,11,0,10,38,null,2,0,0
1736080958409,2,Select By Actor_ID,200,OK,Select Actor 1-6,text,true,,81,0,11,41,null,1,0,0
1736080958545,3,Insert Into City,200,OK,Insert City 2-6,text,true,,11,0,9,41,null,3,0,0
1736080958611,2,Update Rental Date,200,OK,Update Rental 3-7,text,true,,11,0,12,43,null,2,0,0
1736080958754,5,Delete By film_ID,200,OK,Delete Film_Text 4-2,text,true,,11,0,10,44,null,4,0,1
1736080958757,4,Delete By film_ID,200,OK,Delete Film_Text 4-1,text,true,,11,0,10,44,null,4,0,0
1736080958759,4,Delete By film_ID,200,OK,Delete Film_Text 4-3,text,true,,11,0,10,44,null,3,0,0
1736080958763,3,Update Rental Date,200,OK,Update Rental 3-1,text,true,,11,0,12,44,null,3,0,0
1736080958822,4,Insert Into City,200,OK,Insert City 2-1,text,true,,11,0,10,46,null,4,0,0
1736080958830,2,Select By Actor_ID,200,OK,Select Actor 1-7,text,true,,80,0,13,46,null,1,0,0
1736080958851,2,Select By Actor_ID,200,OK,Select Actor 1-5,text,true,,83,0,13,46,null,2,0,0
1736080958865,2,Select By Actor_ID,200,OK,Select Actor 1-1,text,true,,81,0,13,46,null,1,0,0
1736080958864,4,Delete By film_ID,200,OK,Delete Film_Text 4-5,text,true,,11,0,10,46,null,4,0,0
1736080958914,1,Select By Actor_ID,200,OK,Select Actor 1-9,text,true,,80,0,13,47,null,1,0,0
1736080958934,5,Update Rental Date,200,OK,Update Rental 3-10,text,true,,11,0,13,47,null,5,0,0
1736080958952,1,Select By Actor_ID,200,OK,Select Actor 1-8,text,true,,80,0,13,47,null,1,0,0
1736080958964,2,Update Rental Date,200,OK,Update Rental 3-11,text,true,,11,0,13,47,null,2,0,0
1736080959014,1,Select By Actor_ID,200,OK,Select Actor 1-6,text,true,,78,0,14,49,null,1,0,0
1736080959020,2,Update Rental Date,200,OK,Update Rental 3-6,text,true,,11,0,14,49,null,2,0,0
1736080959044,2,Select By Actor_ID,200,OK,Select Actor 1-10,text,true,,80,0,14,49,null,1,0,0
1736080959046,3,Update Rental Date,200,OK,Update Rental 3-9,text,true,,11,0,14,49,null,3,0,0
1736080959046,4,Delete By film_ID,200,OK,Delete Film_Text 4-7,text,true,,11,0,10,49,null,4,0,0
1736080959094,3,Insert Into City,200,OK,Insert City 2-5,text,true,,11,0,11,49,null,3,0,0
1736080959131,2,Update Rental Date,200,OK,Update Rental 3-8,text,true,,11,0,14,49,null,2,0,0
1736080959162,3,Delete By film_ID,200,OK,Delete Film_Text 4-4,text,true,,11,0,10,50,null,3,0,0
1736080959177,2,Insert Into City,200,OK,Insert City 2-7,text,true,,11,0,12,51,null,2,0,0
1736080959200,4,Update Rental Date,200,OK,Update Rental 3-2,text,true,,11,0,15,52,null,4,0,0
1736080959210,3,Insert Into City,200,OK,Insert City 2-2,text,true,,11,0,12,52,null,3,0,0
1736080959241,3,Delete By film_ID,200,OK,Delete Film_Text 4-6,text,true,,11,0,10,52,null,3,0,0
1736080959252,3,Update Rental Date,200,OK,Update Rental 3-4,text,true,,11,0,15,52,null,2,0,0
1736080959261,2,Update Rental Date,200,OK,Update Rental 3-5,text,true,,11,0,15,52,null,2,0,0
1736080959331,3,Insert Into City,200,OK,Insert City 2-4,text,true,,11,0,12,52,null,3,0,0
1736080959341,5,Delete By film_ID,200,OK,Delete Film_Text 4-9,text,true,,11,0,10,52,null,5,0,0
1736080959369,1,Select By Actor_ID,200,OK,Select Actor 1-2,text,true,,82,0,15,52,null,1,0,0
1736080959403,3,Delete By film_ID,200,OK,Delete Film_Text 4-8,text,true,,11,0,10,55,null,3,0,0
1736080959414,2,Insert Into City,200,OK,Insert City 2-1,text,true,,11,0,13,55,null,2,0,0
1736080959436,2,Update Rental Date,200,OK,Update Rental 3-12,text,true,,11,0,16,55,null,2,0,0
1736080959466,1,Select By Actor_ID,200,OK,Select Actor 1-3,text,true,,84,0,16,55,null,1,0,0
1736080959466,2,Select By Actor_ID,200,OK,Select Actor 1-13,text,true,,77,0,16,55,null,1,0,1
1736080959494,3,Insert Into City,200,OK,Insert City 2-8,text,true,,11,0,13,55,null,3,0,0
1736080959495,3,Insert Into City,200,OK,Insert City 2-11,text,true,,11,0,13,55,null,3,0,1
1736080959516,1,Select By Actor_ID,200,OK,Select Actor 1-7,text,true,,86,0,16,55,null,1,0,0
1736080959517,3,Insert Into City,200,OK,Insert City 2-3,text,true,,11,0,13,55,null,3,0,0
1736080959572,1,Select By Actor_ID,200,OK,Select Actor 1-4,text,true,,82,0,16,55,null,1,0,0
1736080959579,1,Select By Actor_ID,200,OK,Select Actor 1-11,text,true,,81,0,17,56,null,1,0,0
1736080959584,3,Insert Into City,200,OK,Insert City 2-10,text,true,,11,0,13,56,null,3,0,0
1736080959599,3,Update Rental Date,200,OK,Update Rental 3-1,text,true,,11,0,16,56,null,3,0,0
1736080959619,1,Select By Actor_ID,200,OK,Select Actor 1-5,text,true,,82,0,17,57,null,1,0,0
1736080959643,3,Delete By film_ID,200,OK,Delete Film_Text 4-10,text,true,,11,0,10,58,null,3,0,0
1736080959676,3,Delete By film_ID,200,OK,Delete Film_Text 4-1,text,true,,11,0,10,58,null,3,0,0
1736080959711,2,Update Rental Date,200,OK,Update Rental 3-3,text,true,,11,0,17,57,null,2,0,0
1736080959750,2,Update Rental Date,200,OK,Update Rental 3-14,text,true,,11,0,17,57,null,2,0,0
1736080959769,3,Update Rental Date,200,OK,Update Rental 3-11,text,true,,11,0,17,58,null,2,0,0
1736080959777,3,Delete By film_ID,200,OK,Delete Film_Text 4-3,text,true,,11,0,9,58,null,3,0,0
1736080959824,2,Insert Into City,200,OK,Insert City 2-9,text,true,,11,0,14,58,null,2,0,0
1736080959830,1,Select By Actor_ID,200,OK,Select Actor 1-15,text,true,,82,0,18,58,null,0,0,0
1736080959831,3,Update Rental Date,200,OK,Update Rental 3-2,text,true,,11,0,18,58,null,3,0,1
1736080959833,2,Update Rental Date,200,OK,Update Rental 3-7,text,true,,11,0,18,58,null,2,0,0
1736080959853,2,Select By Actor_ID,200,OK,Select Actor 1-1,text,true,,80,0,18,58,null,1,0,1
1736080959857,4,Update Rental Date,200,OK,Update Rental 3-4,text,true,,11,0,18,58,null,4,0,1
1736080959919,4,Insert Into City,200,OK,Insert City 2-13,text,true,,11,0,15,59,null,4,0,0
1736080959928,3,Update Rental Date,200,OK,Update Rental 3-10,text,true,,11,0,18,59,null,3,0,0
1736080959928,3,Insert Into City,200,OK,Insert City 2-4,text,true,,11,0,15,59,null,3,0,0
1736080959946,4,Insert Into City,200,OK,Insert City 2-2,text,true,,11,0,15,59,null,4,0,0
1736080959947,5,Delete By film_ID,200,OK,Delete Film_Text 4-8,text,true,,11,0,8,59,null,4,0,0
1736080959956,2,Insert Into City,200,OK,Insert City 2-6,text,true,,11,0,15,58,null,2,0,0
1736080959960,1,Select By Actor_ID,200,OK,Select Actor 1-12,text,true,,80,0,18,58,null,1,0,0
1736080959970,3,Insert Into City,200,OK,Insert City 2-5,text,true,,11,0,15,59,null,3,0,0
1736080959993,3,Delete By film_ID,200,OK,Delete Film_Text 4-2,text,true,,11,0,7,59,null,3,0,0
1736080960006,1,Select By Actor_ID,200,OK,Select Actor 1-6,text,true,,80,0,19,59,null,1,0,0
1736080960084,3,Update Rental Date,200,OK,Update Rental 3-13,text,true,,11,0,19,59,null,2,0,0
1736080960128,3,Update Rental Date,200,OK,Update Rental 3-6,text,true,,11,0,19,59,null,2,0,0
1736080960140,1,Select By Actor_ID,200,OK,Select Actor 1-14,text,true,,79,0,19,60,null,1,0,0
1736080960141,1,Select By Actor_ID,200,OK,Select Actor 1-9,text,true,,88,0,19,60,null,1,0,0
1736080960157,1,Select By Actor_ID,200,OK,Select Actor 1-17,text,true,,80,0,19,60,null,0,0,0
1736080960169,2,Insert Into City,200,OK,Insert City 2-7,text,true,,11,0,16,61,null,2,0,0
1736080960189,3,Delete By film_ID,200,OK,Delete Film_Text 4-5,text,true,,11,0,6,61,null,3,0,0
1736080960197,2,Update Rental Date,200,OK,Update Rental 3-8,text,true,,11,0,19,60,null,2,0,0
1736080960224,3,Update Rental Date,200,OK,Update Rental 3-5,text,true,,11,0,20,61,null,3,0,0
1736080960234,2,Select By Actor_ID,200,OK,Select Actor 1-4,text,true,,83,0,20,61,null,1,0,0
1736080960299,3,Update Rental Date,200,OK,Update Rental 3-9,text,true,,11,0,20,61,null,3,0,0
1736080960300,3,Insert Into City,200,OK,Insert City 2-12,text,true,,11,0,16,61,null,3,0,0
1736080960313,4,Delete By film_ID,200,OK,Delete Film_Text 4-7,text,true,,11,0,5,61,null,4,0,0
1736080960335,1,Select By Actor_ID,200,OK,Select Actor 1-8,text,true,,79,0,20,60,null,1,0,0
1736080960339,2,Select By Actor_ID,200,OK,Select Actor 1-18,text,true,,78,0,20,60,null,1,0,0
1736080960342,3,Delete By film_ID,200,OK,Delete Film_Text 4-10,text,true,,11,0,4,60,null,3,0,0
1736080960352,1,Select By Actor_ID,200,OK,Select Actor 1-5,text,true,,80,0,20,59,null,1,0,0
1736080960354,3,Insert Into City,200,OK,Insert City 2-3,text,true,,11,0,16,59,null,3,0,0
1736080960367,3,Update Rental Date,200,OK,Update Rental 3-17,text,true,,11,0,20,60,null,3,0,0
1736080960469,3,Delete By film_ID,200,OK,Delete Film_Text 4-6,text,true,,11,0,3,62,null,2,0,0
1736080960483,3,Delete By film_ID,200,OK,Delete Film_Text 4-4,text,true,,11,0,2,61,null,3,0,0
1736080960495,1,Select By Actor_ID,200,OK,Select Actor 1-10,text,true,,83,0,21,60,null,1,0,0
1736080960500,4,Update Rental Date,200,OK,Update Rental 3-14,text,true,,11,0,21,60,null,4,0,0
1736080960504,3,Update Rental Date,200,OK,Update Rental 3-15,text,true,,11,0,21,60,null,2,0,0
1736080960520,2,Insert Into City,200,OK,Insert City 2-9,text,true,,11,0,17,60,null,2,0,0
1736080960533,2,Insert Into City,200,OK,Insert City 2-8,text,true,,11,0,17,60,null,2,0,0
1736080960554,2,Update Rental Date,200,OK,Update Rental 3-2,text,true,,11,0,21,60,null,2,0,0
1736080960559,2,Update Rental Date,200,OK,Update Rental 3-4,text,true,,11,0,21,60,null,2,0,0
1736080960562,1,Select By Actor_ID,200,OK,Select Actor 1-2,text,true,,86,0,21,60,null,0,0,0
1736080960595,5,Insert Into City,200,OK,Insert City 2-15,text,true,,11,0,17,61,null,5,0,0
1736080960626,2,Select By Actor_ID,200,OK,Select Actor 1-15,text,true,,82,0,22,62,null,1,0,0
1736080960650,2,Select By Actor_ID,200,OK,Select Actor 1-1,text,true,,82,0,22,63,null,1,0,0
1736080960683,1,Select By Actor_ID,200,OK,Select Actor 1-14,text,true,,85,0,22,63,null,1,0,0
1736080960683,3,Delete By film_ID,200,OK,Delete Film_Text 4-9,text,true,,11,0,1,63,null,3,0,0
1736080960691,1,Select By Actor_ID,200,OK,Select Actor 1-16,text,true,,79,0,22,62,null,1,0,0
1736080960692,3,Insert Into City,200,OK,Insert City 2-11,text,true,,11,0,18,62,null,3,0,0
1736080960706,3,Insert Into City,200,OK,Insert City 2-14,text,true,,11,0,18,62,null,2,0,0
1736080960714,2,Insert Into City,200,OK,Insert City 2-1,text,true,,11,0,18,62,null,2,0,0
1736080960730,1,Select By Actor_ID,200,OK,Select Actor 1-7,text,true,,79,0,22,62,null,1,0,0
1736080960769,2,Update Rental Date,200,OK,Update Rental 3-12,text,true,,11,0,22,63,null,2,0,0
1736080960772,3,Update Rental Date,200,OK,Update Rental 3-1,text,true,,11,0,22,63,null,3,0,0
1736080960778,2,Insert Into City,200,OK,Insert City 2-10,text,true,,11,0,18,63,null,2,0,0
1736080960793,2,Update Rental Date,200,OK,Update Rental 3-6,text,true,,11,0,22,63,null,2,0,0
1736080960800,2,Insert Into City,200,OK,Insert City 2-16,text,true,,11,0,18,63,null,2,0,0
1736080960803,1,Select By Actor_ID,200,OK,Select Actor 1-20,text,true,,77,0,23,63,null,1,0,0
1736080960805,2,Insert Into City,200,OK,Insert City 2-7,text,true,,11,0,18,64,null,2,0,0
1736080960809,1,Select By Actor_ID,200,OK,Select Actor 1-3,text,true,,81,0,23,64,null,1,0,0
1736080960833,3,Update Rental Date,200,OK,Update Rental 3-10,text,true,,11,0,23,64,null,3,0,0
1736080960845,3,Insert Into City,200,OK,Insert City 2-2,text,true,,11,0,18,64,null,3,0,0
1736080960862,2,Insert Into City,200,OK,Insert City 2-4,text,true,,11,0,18,64,null,2,0,0
1736080960865,1,Select By Actor_ID,200,OK,Select Actor 1-19,text,true,,83,0,23,64,null,1,0,0
1736080960869,1,Select By Actor_ID,200,OK,Select Actor 1-11,text,true,,83,0,23,64,null,1,0,0
1736080960870,2,Insert Into City,200,OK,Insert City 2-3,text,true,,11,0,18,64,null,2,0,0
1736080960891,1,Select By Actor_ID,200,OK,Select Actor 1-6,text,true,,81,0,23,65,null,1,0,0
1736080960890,3,Update Rental Date,200,OK,Update Rental 3-16,text,true,,11,0,23,65,null,3,0,0
1736080960906,1,Select By Actor_ID,200,OK,Select Actor 1-5,text,true,,81,0,23,65,null,1,0,0
1736080960909,1,Select By Actor_ID,200,OK,Select Actor 1-13,text,true,,80,0,23,65,null,1,0,0
1736080960930,2,Insert Into City,200,OK,Insert City 2-12,text,true,,11,0,19,65,null,2,0,0
1736080960968,2,Update Rental Date,200,OK,Update Rental 3-5,text,true,,11,0,23,65,null,2,0,0
1736080960991,2,Select By Actor_ID,200,OK,Select Actor 1-9,text,true,,79,0,24,66,null,1,0,1
1736080961002,1,Select By Actor_ID,200,OK,Select Actor 1-17,text,true,,88,0,24,66,null,1,0,1
1736080961015,3,Update Rental Date,200,OK,Update Rental 3-13,text,true,,11,0,24,67,null,3,0,0
1736080961020,3,Insert Into City,200,OK,Insert City 2-5,text,true,,11,0,19,67,null,3,0,0
1736080961050,2,Select By Actor_ID,200,OK,Select Actor 1-12,text,true,,80,0,24,67,null,1,0,0
1736080961077,3,Update Rental Date,200,OK,Update Rental 3-18,text,true,,11,0,24,67,null,3,0,0
1736080961085,3,Insert Into City,200,OK,Insert City 2-17,text,true,,11,0,19,67,null,3,0,0
1736080961086,3,Update Rental Date,200,OK,Update Rental 3-7,text,true,,11,0,24,67,null,3,0,0
1736080961097,1,Select By Actor_ID,200,OK,Select Actor 1-2,text,true,,76,0,24,67,null,1,0,0
1736080961096,2,Update Rental Date,200,OK,Update Rental 3-3,text,true,,11,0,24,67,null,2,0,0
1736080961110,3,Insert Into City,200,OK,Insert City 2-6,text,true,,11,0,19,67,null,3,0,0
1736080961117,1,Select By Actor_ID,200,OK,Select Actor 1-8,text,true,,81,0,24,67,null,1,0,0
1736080961184,2,Update Rental Date,200,OK,Update Rental 3-17,text,true,,11,0,24,69,null,2,0,0
1736080961190,3,Update Rental Date,200,OK,Update Rental 3-11,text,true,,11,0,24,69,null,3,0,0
1736080961212,2,Insert Into City,200,OK,Insert City 2-18,text,true,,11,0,20,70,null,2,0,0
1736080961236,3,Insert Into City,200,OK,Insert City 2-8,text,true,,11,0,20,70,null,2,0,0
1736080961257,2,Update Rental Date,200,OK,Update Rental 3-21,text,true,,11,0,25,70,null,2,0,0
1736080961264,2,Update Rental Date,200,OK,Update Rental 3-2,text,true,,11,0,25,70,null,2,0,0
1736080961272,2,Update Rental Date,200,OK,Update Rental 3-14,text,true,,11,0,25,70,null,2,0,0
1736080961331,2,Update Rental Date,200,OK,Update Rental 3-20,text,true,,11,0,25,70,null,2,0,0
1736080961334,0,Select By Actor_ID,200,OK,Select Actor 1-15,text,true,,84,0,25,70,null,0,0,0
1736080961339,2,Insert Into City,200,OK,Insert City 2-10,text,true,,11,0,20,70,null,1,0,0
1736080961339,2,Update Rental Date,200,OK,Update Rental 3-8,text,true,,11,0,25,70,null,2,0,0
1736080961341,1,Select By Actor_ID,200,OK,Select Actor 1-18,text,true,,78,0,25,70,null,0,0,0
1736080961343,0,Select By Actor_ID,200,OK,Select Actor 1-14,text,true,,79,0,25,70,null,0,0,0
1736080961351,2,Insert Into City,200,OK,Insert City 2-13,text,true,,11,0,20,70,null,2,0,0
1736080961455,3,Update Rental Date,200,OK,Update Rental 3-19,text,true,,11,0,26,72,null,3,0,0
1736080961490,1,Select By Actor_ID,200,OK,Select Actor 1-22,text,true,,80,0,26,72,null,1,0,0
1736080961534,4,Insert Into City,200,OK,Insert City 2-3,text,true,,11,0,20,72,null,3,0,0
1736080961543,3,Update Rental Date,200,OK,Update Rental 3-23,text,true,,11,0,26,71,null,3,0,0
1736080961558,1,Select By Actor_ID,200,OK,Select Actor 1-19,text,true,,80,0,26,71,null,1,0,0
1736080961603,2,Update Rental Date,200,OK,Update Rental 3-4,text,true,,11,0,27,73,null,2,0,0
1736080961641,2,Insert Into City,200,OK,Insert City 2-15,text,true,,11,0,19,73,null,2,0,0
1736080961653,2,Insert Into City,200,OK,Insert City 2-7,text,true,,11,0,19,73,null,2,0,0
1736080961671,1,Select By Actor_ID,200,OK,Select Actor 1-6,text,true,,80,0,27,73,null,1,0,0
1736080961690,12,Update Rental Date,200,OK,Update Rental 3-9,text,true,,11,0,27,73,null,12,0,0
1736080961706,1,Select By Actor_ID,200,OK,Select Actor 1-10,text,true,,79,0,27,73,null,0,0,0
1736080961710,1,Select By Actor_ID,200,OK,Select Actor 1-4,text,true,,81,0,27,73,null,0,0,0
1736080961714,2,Update Rental Date,200,OK,Update Rental 3-24,text,true,,11,0,27,73,null,2,0,0
1736080961728,2,Update Rental Date,200,OK,Update Rental 3-15,text,true,,11,0,27,73,null,2,0,0
1736080961761,1,Select By Actor_ID,200,OK,Select Actor 1-3,text,true,,83,0,27,73,null,1,0,0
1736080961765,1,Select By Actor_ID,200,OK,Select Actor 1-17,text,true,,81,0,28,74,null,1,0,0
1736080961789,3,Update Rental Date,200,OK,Update Rental 3-3,text,true,,11,0,27,74,null,2,0,0
1736080961825,3,Update Rental Date,200,OK,Update Rental 3-6,text,true,,11,0,28,75,null,2,0,0
1736080961826,2,Update Rental Date,200,OK,Update Rental 3-14,text,true,,11,0,28,75,null,2,0,0
1736080961828,3,Insert Into City,200,OK,Insert City 2-12,text,true,,11,0,19,75,null,3,0,0
1736080961842,2,Select By Actor_ID,200,OK,Select Actor 1-21,text,true,,80,0,28,75,null,1,0,0
1736080961843,2,Select By Actor_ID,200,OK,Select Actor 1-1,text,true,,79,0,28,75,null,2,0,0
1736080961842,3,Insert Into City,200,OK,Insert City 2-14,text,true,,11,0,19,75,null,3,0,0
1736080961855,2,Update Rental Date,200,OK,Update Rental 3-21,text,true,,11,0,28,75,null,2,0,0
1736080961865,5,Update Rental Date,200,OK,Update Rental 3-13,text,true,,11,0,28,75,null,5,0,0
1736080961868,3,Insert Into City,200,OK,Insert City 2-17,text,true,,11,0,19,75,null,3,0,0
1736080961869,6,Update Rental Date,200,OK,Update Rental 3-18,text,true,,11,0,28,75,null,5,0,0
1736080961886,3,Update Rental Date,200,OK,Update Rental 3-11,text,true,,11,0,28,75,null,2,0,0
1736080961888,2,Insert Into City,200,OK,Insert City 2-11,text,true,,11,0,19,75,null,2,0,0
1736080961890,3,Insert Into City,200,OK,Insert City 2-1,text,true,,11,0,19,75,null,2,0,0
1736080961913,2,Update Rental Date,200,OK,Update Rental 3-12,text,true,,11,0,28,74,null,2,0,0
1736080961920,2,Update Rental Date,200,OK,Update Rental 3-16,text,true,,11,0,28,74,null,2,0,0
1736080961925,2,Update Rental Date,200,OK,Update Rental 3-1,text,true,,11,0,28,74,null,2,0,0
1736080961929,3,Insert Into City,200,OK,Insert City 2-9,text,true,,11,0,18,74,null,3,0,0
1736080961939,2,Insert Into City,200,OK,Insert City 2-20,text,true,,11,0,18,74,null,2,0,0
1736080961946,1,Select By Actor_ID,200,OK,Select Actor 1-20,text,true,,83,0,28,74,null,1,0,0
1736080961975,1,Select By Actor_ID,200,OK,Select Actor 1-16,text,true,,80,0,29,75,null,1,0,0
1736080962000,1,Select By Actor_ID,200,OK,Select Actor 1-22,text,true,,80,0,29,75,null,1,0,0
1736080962016,1,Select By Actor_ID,200,OK,Select Actor 1-7,text,true,,78,0,29,76,null,0,0,0
1736080962022,2,Insert Into City,200,OK,Insert City 2-16,text,true,,11,0,18,76,null,2,0,0
1736080962032,3,Update Rental Date,200,OK,Update Rental 3-22,text,true,,11,0,29,76,null,3,0,0
1736080962070,8,Insert Into City,200,OK,Insert City 2-4,text,true,,11,0,18,76,null,8,0,0
1736080962076,3,Update Rental Date,200,OK,Update Rental 3-25,text,true,,11,0,29,75,null,3,0,0
1736080962141,3,Insert Into City,200,OK,Insert City 2-2,text,true,,11,0,17,75,null,3,0,1
1736080962149,2,Select By Actor_ID,200,OK,Select Actor 1-23,text,true,,79,0,29,74,null,1,0,0
1736080962171,2,Select By Actor_ID,200,OK,Select Actor 1-9,text,true,,81,0,30,75,null,2,0,0
1736080962171,3,Update Rental Date,200,OK,Update Rental 3-26,text,true,,11,0,29,75,null,3,0,0
1736080962172,3,Update Rental Date,200,OK,Update Rental 3-10,text,true,,11,0,29,75,null,3,0,0
1736080962180,2,Select By Actor_ID,200,OK,Select Actor 1-26,text,true,,80,0,30,75,null,1,0,0
1736080962183,2,Select By Actor_ID,200,OK,Select Actor 1-8,text,true,,81,0,30,75,null,1,0,0
1736080962199,3,Insert Into City,200,OK,Insert City 2-6,text,true,,11,0,16,75,null,3,0,0
1736080962202,1,Select By Actor_ID,200,OK,Select Actor 1-19,text,true,,84,0,30,75,null,1,0,0
1736080962204,3,Update Rental Date,200,OK,Update Rental 3-7,text,true,,11,0,30,76,null,3,0,0
1736080962232,1,Select By Actor_ID,200,OK,Select Actor 1-5,text,true,,79,0,30,76,null,1,0,0
1736080962232,1,Select By Actor_ID,200,OK,Select Actor 1-14,text,true,,82,0,30,76,null,1,0,0
1736080962232,1,Select By Actor_ID,200,OK,Select Actor 1-15,text,true,,80,0,30,76,null,1,0,0
1736080962243,1,Select By Actor_ID,200,OK,Select Actor 1-12,text,true,,81,0,30,76,null,1,0,0
1736080962245,1,Select By Actor_ID,200,OK,Select Actor 1-24,text,true,,79,0,30,76,null,1,0,0
1736080962272,1,Select By Actor_ID,200,OK,Select Actor 1-11,text,true,,79,0,30,76,null,1,0,0
1736080962277,2,Update Rental Date,200,OK,Update Rental 3-2,text,true,,11,0,30,76,null,2,0,0
1736080962295,2,Insert Into City,200,OK,Insert City 2-5,text,true,,11,0,16,76,null,2,0,0
1736080962305,1,Select By Actor_ID,200,OK,Select Actor 1-13,text,true,,82,0,30,75,null,1,0,0
1736080962311,1,Select By Actor_ID,200,OK,Select Actor 1-28,text,true,,76,0,30,75,null,1,0,0
1736080962324,2,Update Rental Date,200,OK,Update Rental 3-5,text,true,,11,0,30,75,null,2,0,0
1736080962341,2,Insert Into City,200,OK,Insert City 2-18,text,true,,11,0,15,75,null,2,0,1
1736080962345,2,Select By Actor_ID,200,OK,Select Actor 1-18,text,true,,82,0,30,75,null,1,0,0
1736080962345,8,Insert Into City,200,OK,Insert City 2-19,text,true,,11,0,15,75,null,8,0,0
1736080962351,3,Update Rental Date,200,OK,Update Rental 3-19,text,true,,11,0,30,75,null,3,0,0
1736080962362,3,Insert Into City,200,OK,Insert City 2-7,text,true,,11,0,15,75,null,3,0,0
1736080962369,3,Update Rental Date,200,OK,Update Rental 3-15,text,true,,11,0,30,74,null,3,0,0
1736080962390,3,Update Rental Date,200,OK,Update Rental 3-17,text,true,,11,0,30,75,null,3,0,0
1736080962395,3,Update Rental Date,200,OK,Update Rental 3-11,text,true,,11,0,30,75,null,3,0,0
1736080962397,4,Update Rental Date,200,OK,Update Rental 3-9,text,true,,11,0,30,75,null,4,0,1
1736080962404,3,Update Rental Date,200,OK,Update Rental 3-23,text,true,,11,0,31,76,null,3,0,0
1736080962450,1,Select By Actor_ID,200,OK,Select Actor 1-2,text,true,,80,0,31,76,null,0,0,0
1736080962470,2,Update Rental Date,200,OK,Update Rental 3-18,text,true,,11,0,31,76,null,2,0,0
1736080962485,3,Update Rental Date,200,OK,Update Rental 3-27,text,true,,11,0,31,76,null,3,0,0
1736080962486,3,Update Rental Date,200,OK,Update Rental 3-3,text,true,,11,0,31,76,null,3,0,0
1736080962487,3,Update Rental Date,200,OK,Update Rental 3-20,text,true,,11,0,31,76,null,3,0,0
1736080962487,3,Insert Into City,200,OK,Insert City 2-10,text,true,,11,0,14,76,null,3,0,0
1736080962522,5,Update Rental Date,200,OK,Update Rental 3-8,text,true,,11,0,31,76,null,4,0,0
1736080962590,3,Insert Into City,200,OK,Insert City 2-9,text,true,,11,0,14,77,null,3,0,0
1736080962617,1,Select By Actor_ID,200,OK,Select Actor 1-25,text,true,,85,0,32,78,null,1,0,0
1736080962628,3,Insert Into City,200,OK,Insert City 2-8,text,true,,11,0,14,78,null,2,0,0
1736080962675,2,Update Rental Date,200,OK,Update Rental 3-24,text,true,,11,0,32,78,null,2,0,0
1736080962704,2,Insert Into City,200,OK,Insert City 2-15,text,true,,11,0,14,78,null,2,0,0
1736080962719,1,Select By Actor_ID,200,OK,Select Actor 1-1,text,true,,80,0,32,78,null,1,0,0
1736080962745,1,Select By Actor_ID,200,OK,Select Actor 1-15,text,true,,81,0,32,78,null,1,0,0
1736080962793,1,Select By Actor_ID,200,OK,Select Actor 1-27,text,true,,79,0,33,79,null,1,0,0
1736080962802,3,Update Rental Date,200,OK,Update Rental 3-6,text,true,,11,0,33,80,null,3,0,0
1736080962804,2,Insert Into City,200,OK,Insert City 2-13,text,true,,11,0,14,80,null,2,0,0
1736080962838,2,Insert Into City,200,OK,Insert City 2-14,text,true,,11,0,14,80,null,2,0,0
1736080962840,1,Select By Actor_ID,200,OK,Select Actor 1-4,text,true,,81,0,33,80,null,1,0,0
1736080962841,1,Select By Actor_ID,200,OK,Select Actor 1-22,text,true,,80,0,33,80,null,1,0,0
1736080962864,1,Select By Actor_ID,200,OK,Select Actor 1-3,text,true,,78,0,33,80,null,0,0,0
1736080962868,0,Select By Actor_ID,200,OK,Select Actor 1-20,text,true,,80,0,33,80,null,0,0,0
1736080962900,3,Update Rental Date,200,OK,Update Rental 3-13,text,true,,11,0,33,80,null,3,0,1
1736080962901,3,Update Rental Date,200,OK,Update Rental 3-11,text,true,,11,0,33,80,null,3,0,1
1736080962916,3,Update Rental Date,200,OK,Update Rental 3-14,text,true,,11,0,33,80,null,2,0,0
1736080962927,3,Insert Into City,200,OK,Insert City 2-19,text,true,,11,0,14,80,null,2,0,0
1736080962941,3,Update Rental Date,200,OK,Update Rental 3-16,text,true,,11,0,33,80,null,3,0,0
1736080962947,1,Select By Actor_ID,200,OK,Select Actor 1-10,text,true,,81,0,33,80,null,1,0,0
1736080962955,1,Select By Actor_ID,200,OK,Select Actor 1-23,text,true,,81,0,33,80,null,1,0,0
1736080962970,1,Select By Actor_ID,200,OK,Select Actor 1-30,text,true,,81,0,34,81,null,1,0,0
1736080962978,2,Update Rental Date,200,OK,Update Rental 3-4,text,true,,11,0,33,81,null,2,0,0
1736080962995,1,Select By Actor_ID,200,OK,Select Actor 1-6,text,true,,79,0,34,81,null,1,0,0
1736080963015,2,Insert Into City,200,OK,Insert City 2-17,text,true,,11,0,14,82,null,2,0,0
1736080963016,4,Update Rental Date,200,OK,Update Rental 3-21,text,true,,11,0,34,82,null,4,0,0
1736080963063,1,Select By Actor_ID,200,OK,Select Actor 1-21,text,true,,76,0,34,82,null,1,0,0
1736080963083,1,Select By Actor_ID,200,OK,Select Actor 1-8,text,true,,78,0,34,82,null,1,0,0
1736080963107,3,Update Rental Date,200,OK,Update Rental 3-5,text,true,,11,0,34,82,null,3,0,0
1736080963126,2,Update Rental Date,200,OK,Update Rental 3-26,text,true,,11,0,34,82,null,2,0,0
1736080963129,2,Update Rental Date,200,OK,Update Rental 3-30,text,true,,11,0,34,82,null,2,0,0
1736080963145,1,Select By Actor_ID,200,OK,Select Actor 1-16,text,true,,78,0,34,82,null,1,0,0
1736080963149,1,Select By Actor_ID,200,OK,Select Actor 1-18,text,true,,83,0,34,82,null,0,0,0
1736080963156,1,Select By Actor_ID,200,OK,Select Actor 1-5,text,true,,81,0,34,82,null,1,0,0
1736080963155,2,Update Rental Date,200,OK,Update Rental 3-28,text,true,,11,0,34,82,null,2,0,0
1736080963168,2,Update Rental Date,200,OK,Update Rental 3-10,text,true,,11,0,34,83,null,2,0,0
1736080963174,2,Insert Into City,200,OK,Insert City 2-10,text,true,,11,0,14,83,null,2,0,0
1736080963178,1,Select By Actor_ID,200,OK,Select Actor 1-29,text,true,,82,0,35,82,null,1,0,0
1736080963184,1,Select By Actor_ID,200,OK,Select Actor 1-26,text,true,,83,0,35,82,null,1,0,0
1736080963184,2,Insert Into City,200,OK,Insert City 2-12,text,true,,11,0,13,82,null,2,0,0
1736080963192,2,Insert Into City,200,OK,Insert City 2-20,text,true,,11,0,13,82,null,2,0,0
1736080963227,2,Update Rental Date,200,OK,Update Rental 3-12,text,true,,11,0,35,83,null,2,0,0
1736080963266,0,Select By Actor_ID,200,OK,Select Actor 1-17,text,true,,79,0,35,83,null,0,0,0
1736080963281,1,Select By Actor_ID,200,OK,Select Actor 1-12,text,true,,78,0,35,83,null,1,0,1
1736080963283,3,Update Rental Date,200,OK,Update Rental 3-25,text,true,,11,0,35,83,null,3,0,0
1736080963286,2,Insert Into City,200,OK,Insert City 2-11,text,true,,11,0,13,83,null,2,0,0
1736080963290,1,Select By Actor_ID,200,OK,Select Actor 1-31,text,true,,79,0,35,83,null,1,0,0
1736080963291,3,Update Rental Date,200,OK,Update Rental 3-22,text,true,,11,0,35,83,null,3,0,0
1736080963308,2,Select By Actor_ID,200,OK,Select Actor 1-24,text,true,,78,0,35,83,null,2,0,1
1736080963311,3,Update Rental Date,200,OK,Update Rental 3-1,text,true,,11,0,35,83,null,3,0,1
1736080963337,3,Update Rental Date,200,OK,Update Rental 3-3,text,true,,11,0,35,83,null,3,0,0
1736080963345,1,Select By Actor_ID,200,OK,Select Actor 1-14,text,true,,85,0,35,83,null,1,0,0
1736080963365,3,Update Rental Date,200,OK,Update Rental 3-27,text,true,,11,0,35,84,null,3,0,0
1736080963373,3,Update Rental Date,200,OK,Update Rental 3-29,text,true,,11,0,35,84,null,2,0,0
1736080963392,1,Select By Actor_ID,200,OK,Select Actor 1-33,text,true,,83,0,36,84,null,1,0,0
1736080963413,1,Select By Actor_ID,200,OK,Select Actor 1-9,text,true,,80,0,36,85,null,1,0,0
1736080963413,3,Insert Into City,200,OK,Insert City 2-16,text,true,,11,0,13,85,null,3,0,0
1736080963416,3,Update Rental Date,200,OK,Update Rental 3-18,text,true,,11,0,36,85,null,2,0,0
1736080963434,2,Insert Into City,200,OK,Insert City 2-15,text,true,,11,0,13,85,null,2,0,0
1736080963435,2,Update Rental Date,200,OK,Update Rental 3-2,text,true,,11,0,36,85,null,2,0,0
1736080963452,2,Update Rental Date,200,OK,Update Rental 3-23,text,true,,11,0,36,85,null,2,0,0
1736080963459,1,Select By Actor_ID,200,OK,Select Actor 1-7,text,true,,81,0,36,85,null,1,0,0
1736080963465,1,Select By Actor_ID,200,OK,Select Actor 1-23,text,true,,79,0,36,85,null,1,0,0
1736080963468,2,Update Rental Date,200,OK,Update Rental 3-9,text,true,,11,0,36,85,null,2,0,0
1736080963469,2,Update Rental Date,200,OK,Update Rental 3-33,text,true,,11,0,36,85,null,2,0,0
1736080963492,1,Select By Actor_ID,200,OK,Select Actor 1-15,text,true,,83,0,36,85,null,1,0,0
1736080963524,3,Update Rental Date,200,OK,Update Rental 3-31,text,true,,11,0,36,85,null,2,0,0
1736080963527,2,Update Rental Date,200,OK,Update Rental 3-17,text,true,,11,0,36,85,null,2,0,0
1736080963537,2,Update Rental Date,200,OK,Update Rental 3-7,text,true,,11,0,36,85,null,2,0,0
1736080963544,2,Insert Into City,200,OK,Insert City 2-9,text,true,,11,0,13,85,null,2,0,0
1736080963560,2,Update Rental Date,200,OK,Update Rental 3-14,text,true,,11,0,36,84,null,2,0,0
1736080963568,2,Insert Into City,200,OK,Insert City 2-6,text,true,,11,0,12,85,null,2,0,0
1736080963580,0,Select By Actor_ID,200,OK,Select Actor 1-21,text,true,,82,0,37,84,null,0,0,0
1736080963603,2,Update Rental Date,200,OK,Update Rental 3-6,text,true,,11,0,36,84,null,2,0,0
1736080963609,0,Select By Actor_ID,200,OK,Select Actor 1-11,text,true,,80,0,37,85,null,0,0,0
1736080963612,0,Select By Actor_ID,200,OK,Select Actor 1-20,text,true,,82,0,37,85,null,0,0,0
1736080963628,0,Select By Actor_ID,200,OK,Select Actor 1-1,text,true,,82,0,37,85,null,0,0,0
1736080963628,2,Insert Into City,200,OK,Insert City 2-14,text,true,,11,0,11,85,null,2,0,0
1736080963639,0,Select By Actor_ID,200,OK,Select Actor 1-19,text,true,,84,0,37,85,null,0,0,0
1736080963658,3,Insert Into City,200,OK,Insert City 2-13,text,true,,11,0,11,85,null,3,0,1
1736080963672,3,Update Rental Date,200,OK,Update Rental 3-20,text,true,,11,0,37,85,null,3,0,0
1736080963687,4,Update Rental Date,200,OK,Update Rental 3-19,text,true,,11,0,37,85,null,4,0,0
1736080963690,3,Update Rental Date,200,OK,Update Rental 3-15,text,true,,11,0,37,85,null,3,0,1
1736080963691,3,Update Rental Date,200,OK,Update Rental 3-34,text,true,,11,0,37,85,null,3,0,0
1736080963726,1,Select By Actor_ID,200,OK,Select Actor 1-22,text,true,,79,0,37,85,null,1,0,0
1736080963726,1,Select By Actor_ID,200,OK,Select Actor 1-28,text,true,,80,0,37,85,null,1,0,0
1736080963725,3,Update Rental Date,200,OK,Update Rental 3-8,text,true,,11,0,37,85,null,3,0,0
1736080963756,2,Update Rental Date,200,OK,Update Rental 3-21,text,true,,11,0,37,85,null,2,0,0
1736080963767,2,Insert Into City,200,OK,Insert City 2-8,text,true,,11,0,11,86,null,2,0,0
1736080963769,2,Insert Into City,200,OK,Insert City 2-18,text,true,,11,0,10,85,null,2,0,0
1736080963779,3,Update Rental Date,200,OK,Update Rental 3-35,text,true,,11,0,37,85,null,3,0,0
1736080963791,1,Select By Actor_ID,200,OK,Select Actor 1-13,text,true,,81,0,38,85,null,1,0,0
1736080963799,1,Select By Actor_ID,200,OK,Select Actor 1-32,text,true,,82,0,38,85,null,1,0,0
1736080963822,3,Insert Into City,200,OK,Insert City 2-12,text,true,,11,0,10,86,null,2,0,0
1736080963848,2,Update Rental Date,200,OK,Update Rental 3-28,text,true,,11,0,38,85,null,2,0,0
1736080963867,0,Select By Actor_ID,200,OK,Select Actor 1-5,text,true,,83,0,38,85,null,0,0,0
1736080963880,0,Select By Actor_ID,200,OK,Select Actor 1-27,text,true,,81,0,38,85,null,0,0,0
1736080963880,1,Select By Actor_ID,200,OK,Select Actor 1-2,text,true,,78,0,38,85,null,1,0,0
1736080963885,1,Select By Actor_ID,200,OK,Select Actor 1-3,text,true,,77,0,38,85,null,1,0,0
1736080963888,1,Select By Actor_ID,200,OK,Select Actor 1-4,text,true,,80,0,38,85,null,1,0,0
1736080963918,1,Select By Actor_ID,200,OK,Select Actor 1-10,text,true,,83,0,38,85,null,1,0,0
1736080963917,3,Update Rental Date,200,OK,Update Rental 3-30,text,true,,11,0,38,85,null,3,0,0
1736080964000,2,Insert Into City,200,OK,Insert City 2-15,text,true,,11,0,9,86,null,2,0,0
1736080964023,2,Update Rental Date,200,OK,Update Rental 3-25,text,true,,11,0,39,86,null,2,0,0
1736080964033,2,Update Rental Date,200,OK,Update Rental 3-32,text,true,,11,0,39,86,null,2,0,0
1736080964041,2,Update Rental Date,200,OK,Update Rental 3-24,text,true,,11,0,39,86,null,2,0,0
1736080964044,0,Select By Actor_ID,200,OK,Select Actor 1-6,text,true,,84,0,39,86,null,0,0,0
1736080964061,2,Update Rental Date,200,OK,Update Rental 3-29,text,true,,11,0,39,86,null,2,0,0
1736080964062,2,Update Rental Date,200,OK,Update Rental 3-13,text,true,,11,0,39,86,null,2,0,0
1736080964088,0,Select By Actor_ID,200,OK,Select Actor 1-25,text,true,,82,0,39,86,null,0,0,0
1736080964114,3,Update Rental Date,200,OK,Update Rental 3-27,text,true,,11,0,39,86,null,3,0,0
1736080964116,1,Select By Actor_ID,200,OK,Select Actor 1-20,text,true,,83,0,39,86,null,1,0,0
1736080964119,2,Select By Actor_ID,200,OK,Select Actor 1-30,text,true,,84,0,39,86,null,1,0,0
1736080964131,3,Insert Into City,200,OK,Insert City 2-11,text,true,,11,0,8,86,null,3,0,0
1736080964144,3,Update Rental Date,200,OK,Update Rental 3-16,text,true,,11,0,39,85,null,2,0,0
1736080964154,3,Update Rental Date,200,OK,Update Rental 3-2,text,true,,11,0,39,85,null,2,0,0
1736080964194,2,Insert Into City,200,OK,Insert City 2-14,text,true,,11,0,7,86,null,2,0,0
1736080964200,3,Update Rental Date,200,OK,Update Rental 3-3,text,true,,11,0,39,85,null,3,0,0
1736080964202,1,Select By Actor_ID,200,OK,Select Actor 1-18,text,true,,82,0,40,85,null,1,0,0
1736080964261,1,Select By Actor_ID,200,OK,Select Actor 1-29,text,true,,80,0,40,86,null,1,0,0
1736080964276,1,Select By Actor_ID,200,OK,Select Actor 1-24,text,true,,81,0,40,86,null,1,0,0
1736080964275,3,Update Rental Date,200,OK,Update Rental 3-9,text,true,,11,0,40,86,null,3,0,0
1736080964283,2,Update Rental Date,200,OK,Update Rental 3-17,text,true,,11,0,40,86,null,2,0,0
1736080964287,2,Update Rental Date,200,OK,Update Rental 3-26,text,true,,11,0,40,86,null,2,0,0
1736080964290,1,Select By Actor_ID,200,OK,Select Actor 1-34,text,true,,81,0,40,86,null,1,0,0
1736080964293,2,Update Rental Date,200,OK,Update Rental 3-34,text,true,,11,0,40,86,null,2,0,0
1736080964311,3,Update Rental Date,200,OK,Update Rental 3-22,text,true,,11,0,40,86,null,2,0,0
1736080964313,2,Update Rental Date,200,OK,Update Rental 3-12,text,true,,11,0,40,86,null,2,0,0
1736080964317,3,Update Rental Date,200,OK,Update Rental 3-36,text,true,,11,0,40,86,null,3,0,0
1736080964326,2,Insert Into City,200,OK,Insert City 2-13,text,true,,11,0,6,86,null,2,0,0
1736080964331,1,Select By Actor_ID,200,OK,Select Actor 1-35,text,true,,78,0,40,85,null,1,0,0
1736080964333,1,Select By Actor_ID,200,OK,Select Actor 1-15,text,true,,78,0,40,85,null,0,0,0
1736080964336,2,Insert Into City,200,OK,Insert City 2-19,text,true,,11,0,5,85,null,2,0,0
1736080964361,2,Update Rental Date,200,OK,Update Rental 3-5,text,true,,11,0,40,85,null,2,0,0
1736080964362,2,Update Rental Date,200,OK,Update Rental 3-35,text,true,,11,0,40,85,null,2,0,0
1736080964363,2,Update Rental Date,200,OK,Update Rental 3-4,text,true,,11,0,40,85,null,2,0,0
1736080964370,2,Update Rental Date,200,OK,Update Rental 3-1,text,true,,11,0,40,86,null,2,0,0
1736080964381,2,Update Rental Date,200,OK,Update Rental 3-11,text,true,,11,0,40,86,null,2,0,0
1736080964387,1,Select By Actor_ID,200,OK,Select Actor 1-16,text,true,,80,0,41,86,null,0,0,0
1736080964387,2,Update Rental Date,200,OK,Update Rental 3-19,text,true,,11,0,40,86,null,2,0,0
1736080964400,2,Insert Into City,200,OK,Insert City 2-20,text,true,,11,0,5,86,null,1,0,0
1736080964432,1,Select By Actor_ID,200,OK,Select Actor 1-36,text,true,,79,0,41,87,null,0,0,0
1736080964456,0,Select By Actor_ID,200,OK,Select Actor 1-17,text,true,,83,0,41,87,null,0,0,0
1736080964469,2,Update Rental Date,200,OK,Update Rental 3-8,text,true,,11,0,41,87,null,2,0,0
1736080964478,2,Select By Actor_ID,200,OK,Select Actor 1-38,text,true,,81,0,41,87,null,1,0,1
1736080964489,2,Select By Actor_ID,200,OK,Select Actor 1-33,text,true,,80,0,41,87,null,1,0,1
1736080964490,3,Update Rental Date,200,OK,Update Rental 3-7,text,true,,11,0,41,87,null,3,0,1
1736080964497,1,Select By Actor_ID,200,OK,Select Actor 1-32,text,true,,85,0,41,87,null,1,0,0
1736080964515,1,Select By Actor_ID,200,OK,Select Actor 1-26,text,true,,78,0,41,87,null,1,0,0
1736080964519,1,Select By Actor_ID,200,OK,Select Actor 1-8,text,true,,77,0,41,87,null,1,0,0
1736080964523,3,Update Rental Date,200,OK,Update Rental 3-6,text,true,,11,0,41,87,null,3,0,0
1736080964539,1,Select By Actor_ID,200,OK,Select Actor 1-14,text,true,,79,0,41,87,null,1,0,0
1736080964542,1,Select By Actor_ID,200,OK,Select Actor 1-1,text,true,,79,0,41,87,null,1,0,0
1736080964543,1,Select By Actor_ID,200,OK,Select Actor 1-7,text,true,,83,0,41,87,null,1,0,0
1736080964555,2,Update Rental Date,200,OK,Update Rental 3-31,text,true,,11,0,41,87,null,2,0,0
1736080964559,1,Select By Actor_ID,200,OK,Select Actor 1-2,text,true,,83,0,42,88,null,1,0,0
1736080964564,2,Update Rental Date,200,OK,Update Rental 3-10,text,true,,11,0,41,88,null,2,0,0
1736080964569,2,Update Rental Date,200,OK,Update Rental 3-33,text,true,,11,0,41,88,null,2,0,0
1736080964588,1,Select By Actor_ID,200,OK,Select Actor 1-12,text,true,,84,0,42,88,null,1,0,0
1736080964602,2,Insert Into City,200,OK,Insert City 2-16,text,true,,11,0,5,88,null,2,0,0
1736080964625,3,Update Rental Date,200,OK,Update Rental 3-37,text,true,,11,0,42,89,null,3,0,0
1736080964634,2,Update Rental Date,200,OK,Update Rental 3-28,text,true,,11,0,42,89,null,2,0,0
1736080964652,1,Select By Actor_ID,200,OK,Select Actor 1-19,text,true,,86,0,42,89,null,1,0,0
1736080964668,1,Select By Actor_ID,200,OK,Select Actor 1-37,text,true,,81,0,42,89,null,1,0,0
1736080964684,1,Select By Actor_ID,200,OK,Select Actor 1-6,text,true,,80,0,42,89,null,1,0,0
1736080964689,1,Select By Actor_ID,200,OK,Select Actor 1-3,text,true,,83,0,42,89,null,1,0,0
1736080964693,2,Insert Into City,200,OK,Insert City 2-18,text,true,,11,0,5,89,null,2,0,0
1736080964697,1,Select By Actor_ID,200,OK,Select Actor 1-27,text,true,,83,0,42,89,null,1,0,0
1736080964718,2,Update Rental Date,200,OK,Update Rental 3-14,text,true,,11,0,42,89,null,2,0,0
1736080964721,1,Select By Actor_ID,200,OK,Select Actor 1-21,text,true,,80,0,42,89,null,0,0,0
1736080964737,2,Update Rental Date,200,OK,Update Rental 3-30,text,true,,11,0,42,89,null,2,0,0
1736080964749,2,Update Rental Date,200,OK,Update Rental 3-20,text,true,,11,0,42,89,null,2,0,0
1736080964752,1,Select By Actor_ID,200,OK,Select Actor 1-18,text,true,,81,0,42,89,null,0,0,0
1736080964756,1,Select By Actor_ID,200,OK,Select Actor 1-31,text,true,,80,0,42,89,null,0,0,0
1736080964769,3,Update Rental Date,200,OK,Update Rental 3-15,text,true,,11,0,42,90,null,3,0,0
1736080964770,3,Update Rental Date,200,OK,Update Rental 3-16,text,true,,11,0,42,90,null,3,0,0
1736080964780,1,Select By Actor_ID,200,OK,Select Actor 1-30,text,true,,79,0,43,90,null,0,0,0
1736080964790,2,Update Rental Date,200,OK,Update Rental 3-18,text,true,,11,0,42,90,null,2,0,0
1736080964833,0,Select By Actor_ID,200,OK,Select Actor 1-9,text,true,,78,0,43,91,null,0,0,0
1736080964854,1,Select By Actor_ID,200,OK,Select Actor 1-28,text,true,,85,0,43,91,null,1,0,1
1736080964866,1,Select By Actor_ID,200,OK,Select Actor 1-23,text,true,,84,0,43,91,null,1,0,1
1736080964476,399,Insert Into City,42000 1064,"java.sql.SQLSyntaxErrorException: You have an error in your SQL syntax; check the manual that corresponds to your MySQL server version for the right syntax to use near 'on HaHadasha', 2, CURRENT_DATE())' at line 1",Insert City 2-17,text,false,,179,0,5,91,null,0,0,0
1736080964888,3,Update Rental Date,200,OK,Update Rental 3-23,text,true,,11,0,43,91,null,3,0,0
1736080964894,1,Select By Actor_ID,200,OK,Select Actor 1-5,text,true,,80,0,43,91,null,1,0,0
1736080964919,2,Update Rental Date,200,OK,Update Rental 3-1,text,true,,11,0,43,91,null,2,0,0
1736080964925,1,Select By Actor_ID,200,OK,Select Actor 1-29,text,true,,82,0,43,91,null,1,0,0
1736080964935,4,Update Rental Date,200,OK,Update Rental 3-9,text,true,,11,0,43,91,null,4,0,0
1736080964942,3,Insert Into City,200,OK,Insert City 2-19,text,true,,11,0,5,91,null,2,0,0
1736080964967,1,Select By Actor_ID,200,OK,Select Actor 1-16,text,true,,80,0,44,92,null,1,0,0
1736080964971,3,Update Rental Date,200,OK,Update Rental 3-26,text,true,,11,0,43,92,null,3,0,0
1736080965019,1,Select By Actor_ID,200,OK,Select Actor 1-32,text,true,,81,0,44,93,null,1,0,0
1736080965035,2,Update Rental Date,200,OK,Update Rental 3-5,text,true,,11,0,44,93,null,2,0,0
1736080965060,2,Update Rental Date,200,OK,Update Rental 3-29,text,true,,11,0,44,93,null,2,0,0
1736080965073,0,Select By Actor_ID,200,OK,Select Actor 1-22,text,true,,80,0,44,93,null,0,0,0
1736080965078,1,Select By Actor_ID,200,OK,Select Actor 1-11,text,true,,80,0,44,93,null,1,0,1
1736080965129,3,Update Rental Date,200,OK,Update Rental 3-38,text,true,,11,0,44,93,null,3,0,0
1736080965145,2,Update Rental Date,200,OK,Update Rental 3-21,text,true,,11,0,44,93,null,2,0,0
1736080965150,1,Select By Actor_ID,200,OK,Select Actor 1-35,text,true,,82,0,44,93,null,0,0,0
1736080965154,1,Select By Actor_ID,200,OK,Select Actor 1-41,text,true,,80,0,44,93,null,0,0,0
1736080965170,2,Update Rental Date,200,OK,Update Rental 3-40,text,true,,11,0,44,94,null,2,0,0
1736080965183,2,Update Rental Date,200,OK,Update Rental 3-13,text,true,,11,0,44,94,null,1,0,0
1736080965200,2,Update Rental Date,200,OK,Update Rental 3-8,text,true,,11,0,44,94,null,2,0,0
1736080965215,0,Select By Actor_ID,200,OK,Select Actor 1-25,text,true,,83,0,45,95,null,0,0,0
1736080965225,3,Update Rental Date,200,OK,Update Rental 3-31,text,true,,11,0,45,95,null,2,0,0
1736080965230,0,Select By Actor_ID,200,OK,Select Actor 1-26,text,true,,80,0,45,95,null,0,0,0
1736080965231,0,Select By Actor_ID,200,OK,Select Actor 1-15,text,true,,80,0,45,95,null,0,0,0
1736080965249,1,Update Rental Date,200,OK,Update Rental 3-39,text,true,,11,0,45,95,null,1,0,0
1736080965272,1,Select By Actor_ID,200,OK,Select Actor 1-33,text,true,,78,0,45,95,null,1,0,1
1736080965276,1,Select By Actor_ID,200,OK,Select Actor 1-13,text,true,,83,0,45,95,null,1,0,1
1736080965295,1,Select By Actor_ID,200,OK,Select Actor 1-4,text,true,,81,0,45,95,null,1,0,0
1736080965301,1,Select By Actor_ID,200,OK,Select Actor 1-17,text,true,,83,0,45,95,null,1,0,0
1736080965301,3,Update Rental Date,200,OK,Update Rental 3-27,text,true,,11,0,45,95,null,3,0,0
1736080965307,1,Select By Actor_ID,200,OK,Select Actor 1-34,text,true,,80,0,45,95,null,1,0,0
1736080965338,1,Select By Actor_ID,200,OK,Select Actor 1-7,text,true,,82,0,45,95,null,1,0,0
1736080965338,3,Update Rental Date,200,OK,Update Rental 3-32,text,true,,11,0,45,95,null,3,0,0
1736080965339,3,Insert Into City,200,OK,Insert City 2-20,text,true,,11,0,5,95,null,3,0,0
1736080965365,1,Select By Actor_ID,200,OK,Select Actor 1-31,text,true,,80,0,45,95,null,1,0,0
1736080965367,3,Update Rental Date,200,OK,Update Rental 3-10,text,true,,11,0,45,96,null,3,0,0
1736080965376,2,Update Rental Date,200,OK,Update Rental 3-25,text,true,,11,0,45,96,null,2,0,0
1736080965390,1,Select By Actor_ID,200,OK,Select Actor 1-39,text,true,,80,0,46,96,null,1,0,0
1736080965389,2,Update Rental Date,200,OK,Update Rental 3-24,text,true,,11,0,45,96,null,2,0,0
1736080965406,1,Select By Actor_ID,200,OK,Select Actor 1-2,text,true,,83,0,46,97,null,1,0,0
1736080965412,1,Select By Actor_ID,200,OK,Select Actor 1-10,text,true,,86,0,46,97,null,1,0,0
1736080965418,2,Update Rental Date,200,OK,Update Rental 3-33,text,true,,11,0,46,97,null,2,0,0
1736080965447,2,Update Rental Date,200,OK,Update Rental 3-41,text,true,,11,0,46,97,null,1,0,0
1736080965454,2,Update Rental Date,200,OK,Update Rental 3-3,text,true,,11,0,46,97,null,2,0,0
1736080965468,2,Update Rental Date,200,OK,Update Rental 3-23,text,true,,11,0,46,97,null,2,0,0
1736080965479,1,Select By Actor_ID,200,OK,Select Actor 1-36,text,true,,79,0,46,97,null,1,0,1
1736080965478,2,Update Rental Date,200,OK,Update Rental 3-14,text,true,,11,0,46,97,null,2,0,0
1736080965480,2,Update Rental Date,200,OK,Update Rental 3-2,text,true,,11,0,46,97,null,2,0,0
1736080965500,1,Select By Actor_ID,200,OK,Select Actor 1-16,text,true,,80,0,46,97,null,1,0,0
1736080965512,3,Update Rental Date,200,OK,Update Rental 3-34,text,true,,11,0,46,97,null,3,0,0
1736080965521,2,Update Rental Date,200,OK,Update Rental 3-36,text,true,,11,0,46,97,null,2,0,0
1736080965525,1,Select By Actor_ID,200,OK,Select Actor 1-20,text,true,,84,0,46,97,null,1,0,0
1736080965535,1,Select By Actor_ID,200,OK,Select Actor 1-21,text,true,,81,0,46,97,null,1,0,0
1736080965537,3,Update Rental Date,200,OK,Update Rental 3-17,text,true,,11,0,46,97,null,3,0,0
1736080965540,1,Select By Actor_ID,200,OK,Select Actor 1-6,text,true,,80,0,46,97,null,1,0,0
1736080965545,2,Update Rental Date,200,OK,Update Rental 3-43,text,true,,11,0,46,97,null,2,0,0
1736080965555,1,Select By Actor_ID,200,OK,Select Actor 1-43,text,true,,80,0,46,97,null,1,0,0
1736080965558,1,Select By Actor_ID,200,OK,Select Actor 1-42,text,true,,81,0,46,97,null,1,0,0
1736080965559,1,Select By Actor_ID,200,OK,Select Actor 1-28,text,true,,81,0,46,97,null,1,0,0
1736080965558,2,Update Rental Date,200,OK,Update Rental 3-44,text,true,,11,0,46,97,null,2,0,0
1736080965562,2,Insert Into City,200,OK,Insert City 2-16,text,true,,11,0,5,98,null,2,0,0
1736080965562,2,Update Rental Date,200,OK,Update Rental 3-1,text,true,,11,0,46,97,null,2,0,0
1736080965575,1,Select By Actor_ID,200,OK,Select Actor 1-3,text,true,,78,0,47,97,null,0,0,0
1736080965586,1,Select By Actor_ID,200,OK,Select Actor 1-40,text,true,,77,0,47,97,null,1,0,0
1736080965601,2,Update Rental Date,200,OK,Update Rental 3-35,text,true,,11,0,46,97,null,2,0,0
1736080965602,2,Update Rental Date,200,OK,Update Rental 3-11,text,true,,11,0,46,97,null,2,0,0
1736080965604,2,Update Rental Date,200,OK,Update Rental 3-19,text,true,,11,0,46,97,null,2,0,0
1736080965606,2,Update Rental Date,200,OK,Update Rental 3-12,text,true,,11,0,46,97,null,2,0,0
1736080965609,2,Update Rental Date,200,OK,Update Rental 3-42,text,true,,11,0,47,98,null,2,0,0
1736080965633,2,Update Rental Date,200,OK,Update Rental 3-7,text,true,,11,0,47,98,null,2,0,0
1736080965663,2,Update Rental Date,200,OK,Update Rental 3-28,text,true,,11,0,47,98,null,2,0,0
1736080965680,1,Select By Actor_ID,200,OK,Select Actor 1-19,text,true,,79,0,47,98,null,0,0,0
1736080965691,1,Select By Actor_ID,200,OK,Select Actor 1-12,text,true,,81,0,47,98,null,0,0,0
1736080965691,2,Update Rental Date,200,OK,Update Rental 3-26,text,true,,11,0,47,98,null,2,0,0
1736080965693,2,Update Rental Date,200,OK,Update Rental 3-15,text,true,,11,0,47,98,null,2,0,0
1736080965714,3,Update Rental Date,200,OK,Update Rental 3-4,text,true,,11,0,47,98,null,3,0,1
1736080965717,3,Update Rental Date,200,OK,Update Rental 3-6,text,true,,11,0,47,98,null,2,0,0
1736080965728,1,Select By Actor_ID,200,OK,Select Actor 1-29,text,true,,79,0,47,98,null,1,0,0
1736080965730,2,Update Rental Date,200,OK,Update Rental 3-9,text,true,,11,0,47,98,null,2,0,0
1736080965733,1,Select By Actor_ID,200,OK,Select Actor 1-14,text,true,,84,0,47,98,null,1,0,0
1736080965742,1,Select By Actor_ID,200,OK,Select Actor 1-37,text,true,,84,0,47,98,null,1,0,0
1736080965756,3,Update Rental Date,200,OK,Update Rental 3-22,text,true,,11,0,47,98,null,3,0,0
1736080965759,1,Select By Actor_ID,200,OK,Select Actor 1-24,text,true,,81,0,47,98,null,1,0,0
1736080965763,1,Select By Actor_ID,200,OK,Select Actor 1-15,text,true,,81,0,47,98,null,1,0,0
1736080965801,2,Select By Actor_ID,200,OK,Select Actor 1-1,text,true,,84,0,48,99,null,1,0,0
1736080965801,2,Select By Actor_ID,200,OK,Select Actor 1-27,text,true,,84,0,48,99,null,1,0,0
1736080965803,3,Update Rental Date,200,OK,Update Rental 3-16,text,true,,11,0,47,99,null,3,0,0
1736080965865,1,Select By Actor_ID,200,OK,Select Actor 1-23,text,true,,81,0,48,100,null,1,0,0
1736080965875,2,Select By Actor_ID,200,OK,Select Actor 1-44,text,true,,81,0,48,100,null,2,0,0
1736080965878,2,Select By Actor_ID,200,OK,Select Actor 1-8,text,true,,84,0,48,100,null,1,0,0
1736080965886,2,Select By Actor_ID,200,OK,Select Actor 1-9,text,true,,84,0,48,100,null,1,0,0
1736080965888,1,Select By Actor_ID,200,OK,Select Actor 1-7,text,true,,80,0,48,100,null,1,0,0
1736080965895,2,Select By Actor_ID,200,OK,Select Actor 1-38,text,true,,84,0,48,100,null,1,0,0
1736080965899,3,Update Rental Date,200,OK,Update Rental 3-27,text,true,,11,0,48,100,null,3,0,0
1736080965909,3,Update Rental Date,200,OK,Update Rental 3-40,text,true,,11,0,48,100,null,3,0,0
1736080965924,2,Insert Into City,200,OK,Insert City 2-18,text,true,,11,0,4,100,null,2,0,0
1736080965938,2,Insert Into City,200,OK,Insert City 2-19,text,true,,11,0,3,99,null,2,0,0
1736080965994,2,Update Rental Date,200,OK,Update Rental 3-39,text,true,,11,0,48,99,null,2,0,0
1736080965996,2,Update Rental Date,200,OK,Update Rental 3-37,text,true,,11,0,48,99,null,2,0,0
1736080965997,2,Insert Into City,200,OK,Insert City 2-20,text,true,,11,0,2,99,null,2,0,0
1736080966003,2,Update Rental Date,200,OK,Update Rental 3-29,text,true,,11,0,48,98,null,2,0,0
1736080966039,0,Select By Actor_ID,200,OK,Select Actor 1-39,text,true,,79,0,49,99,null,0,0,0
1736080966049,2,Update Rental Date,200,OK,Update Rental 3-34,text,true,,11,0,49,99,null,2,0,0
1736080966102,3,Update Rental Date,200,OK,Update Rental 3-21,text,true,,11,0,49,99,null,3,0,0
1736080966115,1,Select By Actor_ID,200,OK,Select Actor 1-25,text,true,,82,0,49,99,null,1,0,0
1736080966126,3,Update Rental Date,200,OK,Update Rental 3-20,text,true,,11,0,49,99,null,3,0,0
1736080966142,1,Select By Actor_ID,200,OK,Select Actor 1-41,text,true,,84,0,49,99,null,1,0,0
1736080966152,3,Update Rental Date,200,OK,Update Rental 3-18,text,true,,11,0,49,99,null,3,0,0
1736080966157,1,Select By Actor_ID,200,OK,Select Actor 1-35,text,true,,81,0,49,99,null,1,0,0
1736080966164,1,Select By Actor_ID,200,OK,Select Actor 1-32,text,true,,80,0,49,99,null,1,0,0
1736080966169,1,Select By Actor_ID,200,OK,Select Actor 1-36,text,true,,82,0,50,100,null,1,0,0
1736080966170,2,Update Rental Date,200,OK,Update Rental 3-5,text,true,,11,0,49,100,null,2,0,0
1736080966175,1,Select By Actor_ID,200,OK,Select Actor 1-18,text,true,,82,0,50,100,null,1,0,0
1736080966175,2,Insert Into City,200,OK,Insert City 2-17,text,true,,11,0,1,100,null,2,0,0
1736080966175,3,Update Rental Date,200,OK,Update Rental 3-13,text,true,,11,0,49,99,null,3,0,0
1736080966177,2,Update Rental Date,200,OK,Update Rental 3-23,text,true,,11,0,49,99,null,2,0,0
1736080966179,3,Update Rental Date,200,OK,Update Rental 3-30,text,true,,11,0,49,99,null,3,0,0
1736080966186,1,Select By Actor_ID,200,OK,Select Actor 1-4,text,true,,77,0,50,99,null,1,0,0
1736080966229,1,Select By Actor_ID,200,OK,Select Actor 1-5,text,true,,83,0,50,100,null,1,0,0
1736080966230,3,Update Rental Date,200,OK,Update Rental 3-24,text,true,,11,0,50,100,null,3,0,0
1736080966236,1,Select By Actor_ID,200,OK,Select Actor 1-30,text,true,,79,0,50,100,null,1,0,0
1736080966242,1,Select By Actor_ID,200,OK,Select Actor 1-21,text,true,,81,0,50,100,null,1,0,0
1736080966245,2,Update Rental Date,200,OK,Update Rental 3-7,text,true,,11,0,50,100,null,2,0,0
1736080966245,2,Update Rental Date,200,OK,Update Rental 3-47,text,true,,11,0,50,100,null,2,0,0
1736080966263,1,Select By Actor_ID,200,OK,Select Actor 1-46,text,true,,79,0,50,100,null,1,0,0
1736080966314,1,Select By Actor_ID,200,OK,Select Actor 1-33,text,true,,78,0,50,100,null,0,0,0
1736080966322,1,Select By Actor_ID,200,OK,Select Actor 1-11,text,true,,82,0,50,100,null,0,0,0
1736080966336,1,Select By Actor_ID,200,OK,Select Actor 1-22,text,true,,80,0,50,100,null,0,0,0
1736080966341,2,Update Rental Date,200,OK,Update Rental 3-4,text,true,,11,0,50,100,null,2,0,0
1736080966371,0,Select By Actor_ID,200,OK,Select Actor 1-15,text,true,,79,0,50,100,null,0,0,0
1736080966376,2,Update Rental Date,200,OK,Update Rental 3-35,text,true,,11,0,50,100,null,2,0,0
1736080966381,0,Select By Actor_ID,200,OK,Select Actor 1-3,text,true,,80,0,50,100,null,0,0,0
1736080966416,3,Update Rental Date,200,OK,Update Rental 3-19,text,true,,11,0,50,100,null,2,0,0
1736080966428,0,Select By Actor_ID,200,OK,Select Actor 1-17,text,true,,86,0,50,100,null,0,0,0
1736080966427,2,Update Rental Date,200,OK,Update Rental 3-8,text,true,,11,0,50,100,null,2,0,0
1736080966434,2,Update Rental Date,200,OK,Update Rental 3-12,text,true,,11,0,50,100,null,1,0,0
1736080966440,0,Select By Actor_ID,200,OK,Select Actor 1-34,text,true,,82,0,50,100,null,0,0,0
1736080966452,1,Update Rental Date,200,OK,Update Rental 3-33,text,true,,11,0,50,100,null,1,0,0
1736080966455,1,Select By Actor_ID,200,OK,Select Actor 1-37,text,true,,81,0,50,100,null,1,0,0
1736080966460,2,Update Rental Date,200,OK,Update Rental 3-31,text,true,,11,0,50,100,null,2,0,0
1736080966462,2,Select By Actor_ID,200,OK,Select Actor 1-42,text,true,,83,0,50,100,null,1,0,0
1736080966478,2,Update Rental Date,200,OK,Update Rental 3-45,text,true,,11,0,50,100,null,2,0,0
1736080966484,1,Select By Actor_ID,200,OK,Select Actor 1-23,text,true,,81,0,50,100,null,1,0,0
1736080966518,1,Select By Actor_ID,200,OK,Select Actor 1-38,text,true,,76,0,50,100,null,1,0,0
1736080966524,3,Update Rental Date,200,OK,Update Rental 3-17,text,true,,11,0,50,100,null,3,0,0
1736080966541,1,Select By Actor_ID,200,OK,Select Actor 1-45,text,true,,83,0,50,100,null,1,0,0
1736080966541,2,Update Rental Date,200,OK,Update Rental 3-10,text,true,,11,0,50,100,null,2,0,0
1736080966544,2,Update Rental Date,200,OK,Update Rental 3-36,text,true,,11,0,50,100,null,2,0,0
1736080966550,2,Update Rental Date,200,OK,Update Rental 3-38,text,true,,11,0,50,100,null,2,0,0
1736080966553,2,Update Rental Date,200,OK,Update Rental 3-2,text,true,,11,0,50,100,null,2,0,0
1736080966565,3,Update Rental Date,200,OK,Update Rental 3-3,text,true,,11,0,50,100,null,3,0,0
1736080966586,3,Update Rental Date,200,OK,Update Rental 3-49,text,true,,11,0,50,100,null,2,0,0
1736080966598,1,Select By Actor_ID,200,OK,Select Actor 1-26,text,true,,80,0,50,100,null,1,0,0
1736080966606,2,Update Rental Date,200,OK,Update Rental 3-11,text,true,,11,0,50,100,null,2,0,0
1736080966626,2,Update Rental Date,200,OK,Update Rental 3-28,text,true,,11,0,50,100,null,2,0,0
1736080966632,1,Select By Actor_ID,200,OK,Select Actor 1-19,text,true,,82,0,50,100,null,1,0,0
1736080966663,1,Select By Actor_ID,200,OK,Select Actor 1-28,text,true,,80,0,50,100,null,0,0,0
1736080966678,1,Select By Actor_ID,200,OK,Select Actor 1-31,text,true,,88,0,50,100,null,0,0,0
1736080966682,1,Select By Actor_ID,200,OK,Select Actor 1-43,text,true,,79,0,50,100,null,0,0,0
1736080966696,2,Update Rental Date,200,OK,Update Rental 3-46,text,true,,11,0,50,100,null,2,0,0
1736080966699,2,Update Rental Date,200,OK,Update Rental 3-43,text,true,,11,0,50,100,null,2,0,0
1736080966715,1,Select By Actor_ID,200,OK,Select Actor 1-1,text,true,,81,0,50,100,null,0,0,0
1736080966717,2,Update Rental Date,200,OK,Update Rental 3-44,text,true,,11,0,50,100,null,2,0,0
1736080966721,0,Select By Actor_ID,200,OK,Select Actor 1-13,text,true,,80,0,50,100,null,0,0,0
1736080966726,0,Select By Actor_ID,200,OK,Select Actor 1-2,text,true,,80,0,50,100,null,0,0,0
1736080966731,0,Select By Actor_ID,200,OK,Select Actor 1-14,text,true,,83,0,50,100,null,0,0,0
1736080966736,1,Select By Actor_ID,200,OK,Select Actor 1-18,text,true,,83,0,50,100,null,0,0,0
1736080966741,0,Select By Actor_ID,200,OK,Select Actor 1-32,text,true,,78,0,50,100,null,0,0,0
1736080966749,0,Select By Actor_ID,200,OK,Select Actor 1-29,text,true,,80,0,50,100,null,0,0,0
1736080966756,1,Select By Actor_ID,200,OK,Select Actor 1-50,text,true,,79,0,50,100,null,0,0,0
1736080966759,2,Update Rental Date,200,OK,Update Rental 3-39,text,true,,11,0,50,100,null,2,0,0
1736080966791,1,Select By Actor_ID,200,OK,Select Actor 1-46,text,true,,82,0,50,100,null,0,0,0
1736080966791,2,Update Rental Date,200,OK,Update Rental 3-32,text,true,,11,0,50,100,null,2,0,0
1736080966795,2,Update Rental Date,200,OK,Update Rental 3-25,text,true,,11,0,50,100,null,1,0,0
1736080966815,2,Update Rental Date,200,OK,Update Rental 3-14,text,true,,11,0,50,100,null,2,0,0
1736080966827,2,Update Rental Date,200,OK,Update Rental 3-6,text,true,,11,0,50,100,null,2,0,0
1736080966831,2,Update Rental Date,200,OK,Update Rental 3-1,text,true,,11,0,50,100,null,2,0,0
1736080966857,3,Update Rental Date,200,OK,Update Rental 3-16,text,true,,11,0,50,100,null,3,0,0
1736080966866,2,Update Rental Date,200,OK,Update Rental 3-41,text,true,,11,0,50,100,null,2,0,0
1736080966868,1,Select By Actor_ID,200,OK,Select Actor 1-10,text,true,,83,0,50,100,null,1,0,0
1736080966870,1,Select By Actor_ID,200,OK,Select Actor 1-16,text,true,,86,0,50,100,null,1,0,0
1736080966908,1,Select By Actor_ID,200,OK,Select Actor 1-33,text,true,,79,0,50,100,null,1,0,0
1736080966909,1,Select By Actor_ID,200,OK,Select Actor 1-39,text,true,,84,0,50,100,null,1,0,0
1736080966915,1,Select By Actor_ID,200,OK,Select Actor 1-8,text,true,,81,0,50,100,null,1,0,0
1736080966934,1,Select By Actor_ID,200,OK,Select Actor 1-30,text,true,,80,0,50,100,null,1,0,0
1736080966934,1,Select By Actor_ID,200,OK,Select Actor 1-9,text,true,,80,0,50,100,null,1,0,0
1736080966959,2,Update Rental Date,200,OK,Update Rental 3-40,text,true,,11,0,50,100,null,2,0,0
1736080966965,0,Select By Actor_ID,200,OK,Select Actor 1-5,text,true,,79,0,50,100,null,0,0,0
1736080966974,0,Select By Actor_ID,200,OK,Select Actor 1-27,text,true,,77,0,50,100,null,0,0,0
1736080966973,3,Update Rental Date,200,OK,Update Rental 3-29,text,true,,11,0,50,100,null,2,0,0
1736080966976,0,Select By Actor_ID,200,OK,Select Actor 1-22,text,true,,81,0,50,100,null,0,0,0
1736080966981,0,Select By Actor_ID,200,OK,Select Actor 1-20,text,true,,79,0,50,100,null,0,0,0
1736080966985,2,Update Rental Date,200,OK,Update Rental 3-15,text,true,,11,0,50,100,null,2,0,0
1736080966987,0,Select By Actor_ID,200,OK,Select Actor 1-7,text,true,,79,0,50,100,null,0,0,0
1736080966996,2,Update Rental Date,200,OK,Update Rental 3-26,text,true,,11,0,50,100,null,2,0,0
1736080967006,1,Select By Actor_ID,200,OK,Select Actor 1-47,text,true,,83,0,50,100,null,0,0,0
1736080967007,0,Select By Actor_ID,200,OK,Select Actor 1-4,text,true,,80,0,50,100,null,0,0,0
1736080967017,2,Update Rental Date,200,OK,Update Rental 3-23,text,true,,11,0,50,100,null,2,0,0
1736080967021,1,Select By Actor_ID,200,OK,Select Actor 1-6,text,true,,80,0,50,100,null,0,0,0
1736080967021,1,Select By Actor_ID,200,OK,Select Actor 1-24,text,true,,85,0,50,100,null,0,0,0
1736080967021,2,Update Rental Date,200,OK,Update Rental 3-30,text,true,,11,0,50,100,null,2,0,0
1736080967035,3,Update Rental Date,200,OK,Update Rental 3-42,text,true,,11,0,50,100,null,3,0,0
1736080967048,3,Update Rental Date,200,OK,Update Rental 3-12,text,true,,11,0,50,100,null,3,0,0
1736080967052,1,Select By Actor_ID,200,OK,Select Actor 1-12,text,true,,82,0,50,100,null,0,0,0
1736080967054,2,Update Rental Date,200,OK,Update Rental 3-34,text,true,,11,0,50,100,null,2,0,0
1736080967081,1,Select By Actor_ID,200,OK,Select Actor 1-40,text,true,,78,0,50,100,null,1,0,0
1736080967096,2,Select By Actor_ID,200,OK,Select Actor 1-15,text,true,,81,0,50,100,null,2,0,0
1736080967116,2,Update Rental Date,200,OK,Update Rental 3-47,text,true,,11,0,50,100,null,2,0,0
1736080967128,2,Update Rental Date,200,OK,Update Rental 3-48,text,true,,11,0,50,100,null,2,0,0
1736080967167,2,Update Rental Date,200,OK,Update Rental 3-9,text,true,,11,0,50,100,null,2,0,0
1736080967174,2,Update Rental Date,200,OK,Update Rental 3-24,text,true,,11,0,50,100,null,2,0,0
1736080967199,2,Update Rental Date,200,OK,Update Rental 3-27,text,true,,11,0,50,100,null,2,0,0
1736080967204,1,Update Rental Date,200,OK,Update Rental 3-22,text,true,,11,0,50,100,null,1,0,0
1736080967214,0,Select By Actor_ID,200,OK,Select Actor 1-41,text,true,,79,0,50,100,null,0,0,0
1736080967219,2,Update Rental Date,200,OK,Update Rental 3-3,text,true,,11,0,50,100,null,2,0,0
1736080967222,1,Select By Actor_ID,200,OK,Select Actor 1-26,text,true,,84,0,50,100,null,1,0,1
1736080967233,3,Update Rental Date,200,OK,Update Rental 3-35,text,true,,11,0,50,100,null,3,0,0
1736080967243,1,Select By Actor_ID,200,OK,Select Actor 1-44,text,true,,78,0,50,100,null,1,0,0
1736080967258,3,Update Rental Date,200,OK,Update Rental 3-10,text,true,,11,0,50,100,null,3,0,0
1736080967275,1,Select By Actor_ID,200,OK,Select Actor 1-48,text,true,,88,0,50,100,null,1,0,0
1736080967283,1,Select By Actor_ID,200,OK,Select Actor 1-13,text,true,,76,0,50,100,null,1,0,0
1736080967298,1,Select By Actor_ID,200,OK,Select Actor 1-21,text,true,,79,0,50,100,null,1,0,0
1736080967303,1,Select By Actor_ID,200,OK,Select Actor 1-36,text,true,,83,0,50,100,null,1,0,0
1736080967312,1,Select By Actor_ID,200,OK,Select Actor 1-19,text,true,,79,0,50,100,null,1,0,0
1736080967334,1,Select By Actor_ID,200,OK,Select Actor 1-49,text,true,,80,0,50,100,null,1,0,0
1736080967335,3,Update Rental Date,200,OK,Update Rental 3-4,text,true,,11,0,50,100,null,3,0,0
1736080967342,2,Update Rental Date,200,OK,Update Rental 3-18,text,true,,11,0,50,100,null,2,0,0
1736080967387,2,Update Rental Date,200,OK,Update Rental 3-17,text,true,,11,0,50,100,null,2,0,0
1736080967396,1,Select By Actor_ID,200,OK,Select Actor 1-35,text,true,,80,0,50,100,null,1,0,0
1736080967401,1,Select By Actor_ID,200,OK,Select Actor 1-14,text,true,,76,0,50,100,null,1,0,0
1736080967404,2,Update Rental Date,200,OK,Update Rental 3-41,text,true,,11,0,50,100,null,2,0,0
1736080967412,1,Select By Actor_ID,200,OK,Select Actor 1-17,text,true,,81,0,50,100,null,1,0,0
1736080967412,2,Update Rental Date,200,OK,Update Rental 3-50,text,true,,11,0,50,100,null,2,0,0
1736080967439,4,Update Rental Date,200,OK,Update Rental 3-39,text,true,,11,0,50,100,null,3,0,0
1736080967456,1,Select By Actor_ID,200,OK,Select Actor 1-43,text,true,,81,0,50,100,null,0,0,0
1736080967459,2,Update Rental Date,200,OK,Update Rental 3-45,text,true,,11,0,50,100,null,2,0,0
1736080967470,1,Select By Actor_ID,200,OK,Select Actor 1-37,text,true,,80,0,50,100,null,1,0,0
1736080967475,0,Select By Actor_ID,200,OK,Select Actor 1-25,text,true,,79,0,50,100,null,0,0,0
1736080967482,0,Select By Actor_ID,200,OK,Select Actor 1-3,text,true,,80,0,50,100,null,0,0,0
1736080967483,2,Update Rental Date,200,OK,Update Rental 3-37,text,true,,11,0,50,100,null,2,0,0
1736080967518,2,Update Rental Date,200,OK,Update Rental 3-13,text,true,,11,0,50,100,null,2,0,0
1736080967540,2,Update Rental Date,200,OK,Update Rental 3-8,text,true,,11,0,50,100,null,2,0,0
1736080967544,0,Select By Actor_ID,200,OK,Select Actor 1-47,text,true,,80,0,50,100,null,0,0,0
1736080967569,2,Update Rental Date,200,OK,Update Rental 3-20,text,true,,11,0,50,100,null,2,0,0
1736080967573,2,Update Rental Date,200,OK,Update Rental 3-21,text,true,,11,0,50,100,null,2,0,0
1736080967580,0,Select By Actor_ID,200,OK,Select Actor 1-18,text,true,,80,0,50,100,null,0,0,0
1736080967586,1,Update Rental Date,200,OK,Update Rental 3-19,text,true,,11,0,50,100,null,1,0,0
1736080967589,1,Update Rental Date,200,OK,Update Rental 3-5,text,true,,11,0,50,100,null,1,0,0
1736080967591,1,Update Rental Date,200,OK,Update Rental 3-7,text,true,,11,0,50,100,null,1,0,0
1736080967604,1,Select By Actor_ID,200,OK,Select Actor 1-7,text,true,,78,0,50,100,null,1,0,1
1736080967613,2,Select By Actor_ID,200,OK,Select Actor 1-34,text,true,,85,0,50,100,null,1,0,1
1736080967625,4,Update Rental Date,200,OK,Update Rental 3-44,text,true,,11,0,50,100,null,4,0,1
1736080967632,1,Select By Actor_ID,200,OK,Select Actor 1-2,text,true,,79,0,50,100,null,1,0,0
1736080967633,1,Select By Actor_ID,200,OK,Select Actor 1-28,text,true,,79,0,50,100,null,1,0,0
1736080967635,1,Select By Actor_ID,200,OK,Select Actor 1-39,text,true,,80,0,50,100,null,1,0,0
1736080967639,1,Select By Actor_ID,200,OK,Select Actor 1-23,text,true,,82,0,50,100,null,1,0,0
1736080967659,3,Update Rental Date,200,OK,Update Rental 3-32,text,true,,11,0,50,100,null,3,0,0
1736080967666,1,Select By Actor_ID,200,OK,Select Actor 1-33,text,true,,81,0,50,100,null,1,0,0
1736080967684,1,Select By Actor_ID,200,OK,Select Actor 1-38,text,true,,80,0,50,100,null,1,0,0
1736080967702,3,Update Rental Date,200,OK,Update Rental 3-36,text,true,,11,0,50,100,null,3,0,0
1736080967704,1,Select By Actor_ID,200,OK,Select Actor 1-10,text,true,,81,0,50,100,null,1,0,0
1736080967706,2,Update Rental Date,200,OK,Update Rental 3-11,text,true,,11,0,50,100,null,2,0,0
1736080967726,1,Select By Actor_ID,200,OK,Select Actor 1-42,text,true,,82,0,50,100,null,1,0,0
1736080967737,2,Update Rental Date,200,OK,Update Rental 3-16,text,true,,11,0,50,100,null,2,0,0
1736080967743,1,Select By Actor_ID,200,OK,Select Actor 1-11,text,true,,81,0,50,100,null,1,0,0
1736080967746,2,Update Rental Date,200,OK,Update Rental 3-29,text,true,,11,0,50,100,null,2,0,0
1736080967754,2,Update Rental Date,200,OK,Update Rental 3-31,text,true,,11,0,50,100,null,2,0,0
1736080967759,1,Select By Actor_ID,200,OK,Select Actor 1-46,text,true,,80,0,50,100,null,1,0,0
1736080967796,1,Select By Actor_ID,200,OK,Select Actor 1-22,text,true,,85,0,50,100,null,1,0,0
1736080967799,2,Update Rental Date,200,OK,Update Rental 3-28,text,true,,11,0,50,100,null,2,0,0
1736080967810,1,Select By Actor_ID,200,OK,Select Actor 1-13,text,true,,81,0,50,100,null,1,0,0
1736080967838,1,Select By Actor_ID,200,OK,Select Actor 1-1,text,true,,78,0,50,100,null,0,0,0
1736080967843,1,Select By Actor_ID,200,OK,Select Actor 1-50,text,true,,78,0,50,100,null,0,0,0
1736080967861,1,Select By Actor_ID,200,OK,Select Actor 1-41,text,true,,82,0,50,100,null,0,0,0
1736080967863,0,Select By Actor_ID,200,OK,Select Actor 1-12,text,true,,79,0,50,100,null,0,0,0
1736080967868,2,Update Rental Date,200,OK,Update Rental 3-33,text,true,,11,0,50,100,null,2,0,0
1736080967883,1,Select By Actor_ID,200,OK,Select Actor 1-8,text,true,,83,0,50,100,null,0,0,0
1736080967886,1,Select By Actor_ID,200,OK,Select Actor 1-27,text,true,,81,0,50,100,null,0,0,0
1736080967936,2,Update Rental Date,200,OK,Update Rental 3-18,text,true,,11,0,50,100,null,2,0,0
1736080967938,1,Select By Actor_ID,200,OK,Select Actor 1-20,text,true,,78,0,50,100,null,0,0,0
1736080967938,2,Update Rental Date,200,OK,Update Rental 3-35,text,true,,11,0,50,100,null,2,0,0
1736080967942,1,Select By Actor_ID,200,OK,Select Actor 1-32,text,true,,80,0,50,100,null,0,0,0
1736080967970,3,Update Rental Date,200,OK,Update Rental 3-43,text,true,,11,0,50,100,null,3,0,1
1736080967983,2,Update Rental Date,200,OK,Update Rental 3-49,text,true,,11,0,50,100,null,2,0,0
1736080967989,2,Update Rental Date,200,OK,Update Rental 3-6,text,true,,11,0,50,100,null,2,0,0
1736080968009,1,Select By Actor_ID,200,OK,Select Actor 1-45,text,true,,80,0,50,100,null,1,0,0
1736080968031,1,Select By Actor_ID,200,OK,Select Actor 1-16,text,true,,81,0,50,100,null,1,0,0
1736080968031,3,Update Rental Date,200,OK,Update Rental 3-2,text,true,,11,0,50,100,null,3,0,0
1736080968034,1,Select By Actor_ID,200,OK,Select Actor 1-35,text,true,,83,0,50,100,null,1,0,0
1736080968041,1,Select By Actor_ID,200,OK,Select Actor 1-31,text,true,,81,0,50,100,null,1,0,0
1736080968043,2,Update Rental Date,200,OK,Update Rental 3-34,text,true,,11,0,50,100,null,2,0,0
1736080968046,2,Update Rental Date,200,OK,Update Rental 3-38,text,true,,11,0,50,100,null,2,0,0
1736080968053,1,Select By Actor_ID,200,OK,Select Actor 1-44,text,true,,83,0,50,100,null,1,0,0
1736080968064,1,Select By Actor_ID,200,OK,Select Actor 1-9,text,true,,84,0,50,100,null,1,0,0
1736080968073,1,Select By Actor_ID,200,OK,Select Actor 1-17,text,true,,81,0,50,100,null,1,0,0
1736080968072,2,Update Rental Date,200,OK,Update Rental 3-1,text,true,,11,0,50,100,null,2,0,0
1736080968089,1,Select By Actor_ID,200,OK,Select Actor 1-5,text,true,,81,0,50,100,null,1,0,0
1736080968094,3,Update Rental Date,200,OK,Update Rental 3-46,text,true,,11,0,50,100,null,3,0,0
1736080968097,1,Select By Actor_ID,200,OK,Select Actor 1-29,text,true,,82,0,50,100,null,1,0,0
1736080968113,3,Update Rental Date,200,OK,Update Rental 3-23,text,true,,11,0,50,100,null,3,0,0
1736080968117,1,Select By Actor_ID,200,OK,Select Actor 1-21,text,true,,80,0,50,100,null,1,0,0
1736080968128,2,Update Rental Date,200,OK,Update Rental 3-26,text,true,,11,0,50,100,null,2,0,0
1736080968150,2,Update Rental Date,200,OK,Update Rental 3-14,text,true,,11,0,50,100,null,2,0,0
1736080968153,1,Select By Actor_ID,200,OK,Select Actor 1-43,text,true,,84,0,50,100,null,1,0,0
1736080968170,2,Update Rental Date,200,OK,Update Rental 3-30,text,true,,11,0,50,100,null,2,0,0
1736080968182,2,Update Rental Date,200,OK,Update Rental 3-27,text,true,,11,0,50,100,null,2,0,0
1736080968187,1,Select By Actor_ID,200,OK,Select Actor 1-48,text,true,,83,0,50,100,null,0,0,0
1736080968194,1,Select By Actor_ID,200,OK,Select Actor 1-6,text,true,,80,0,50,100,null,1,0,0
1736080968194,2,Update Rental Date,200,OK,Update Rental 3-25,text,true,,11,0,50,100,null,2,0,0
1736080968221,2,Update Rental Date,200,OK,Update Rental 3-50,text,true,,11,0,50,100,null,2,0,0
1736080968225,2,Update Rental Date,200,OK,Update Rental 3-3,text,true,,11,0,50,100,null,1,0,0
1736080968238,2,Update Rental Date,200,OK,Update Rental 3-47,text,true,,11,0,50,100,null,1,0,0
1736080968245,2,Update Rental Date,200,OK,Update Rental 3-37,text,true,,11,0,50,100,null,2,0,0
1736080968250,0,Select By Actor_ID,200,OK,Select Actor 1-33,text,true,,80,0,50,100,null,0,0,0
1736080968251,0,Select By Actor_ID,200,OK,Select Actor 1-18,text,true,,82,0,50,100,null,0,0,0
1736080968284,2,Update Rental Date,200,OK,Update Rental 3-48,text,true,,11,0,50,100,null,2,0,0
1736080968288,2,Update Rental Date,200,OK,Update Rental 3-40,text,true,,11,0,50,100,null,2,0,0
1736080968295,0,Select By Actor_ID,200,OK,Select Actor 1-15,text,true,,82,0,50,100,null,0,0,0
1736080968294,2,Update Rental Date,200,OK,Update Rental 3-29,text,true,,11,0,50,100,null,2,0,0
1736080968303,0,Select By Actor_ID,200,OK,Select Actor 1-30,text,true,,78,0,50,100,null,0,0,0
1736080968305,0,Select By Actor_ID,200,OK,Select Actor 1-40,text,true,,78,0,50,100,null,0,0,0
1736080968310,2,Update Rental Date,200,OK,Update Rental 3-4,text,true,,11,0,50,100,null,2,0,0
1736080968324,1,Update Rental Date,200,OK,Update Rental 3-42,text,true,,11,0,50,100,null,1,0,0
1736080968327,0,Select By Actor_ID,200,OK,Select Actor 1-2,text,true,,80,0,50,100,null,0,0,0
1736080968328,0,Select By Actor_ID,200,OK,Select Actor 1-46,text,true,,78,0,50,100,null,0,0,0
1736080968337,0,Select By Actor_ID,200,OK,Select Actor 1-24,text,true,,83,0,50,100,null,0,0,0
1736080968354,2,Update Rental Date,200,OK,Update Rental 3-12,text,true,,11,0,50,100,null,2,0,0
1736080968368,2,Update Rental Date,200,OK,Update Rental 3-9,text,true,,11,0,50,100,null,2,0,0
1736080968373,2,Update Rental Date,200,OK,Update Rental 3-20,text,true,,11,0,50,100,null,2,0,0
1736080968388,1,Select By Actor_ID,200,OK,Select Actor 1-42,text,true,,79,0,50,100,null,1,0,0
1736080968394,3,Update Rental Date,200,OK,Update Rental 3-13,text,true,,11,0,50,100,null,3,0,0
1736080968404,1,Select By Actor_ID,200,OK,Select Actor 1-19,text,true,,77,0,50,100,null,1,0,0
1736080968413,1,Select By Actor_ID,200,OK,Select Actor 1-50,text,true,,81,0,50,100,null,1,0,0
1736080968424,1,Select By Actor_ID,200,OK,Select Actor 1-14,text,true,,79,0,50,100,null,1,0,0
1736080968453,1,Select By Actor_ID,200,OK,Select Actor 1-23,text,true,,84,0,50,100,null,1,0,0
1736080968452,2,Update Rental Date,200,OK,Update Rental 3-15,text,true,,11,0,50,100,null,2,0,0
1736080968469,0,Select By Actor_ID,200,OK,Select Actor 1-47,text,true,,80,0,50,100,null,0,0,0
1736080968491,0,Select By Actor_ID,200,OK,Select Actor 1-7,text,true,,83,0,50,100,null,0,0,0
1736080968495,0,Select By Actor_ID,200,OK,Select Actor 1-4,text,true,,81,0,50,100,null,0,0,0
1736080968494,2,Update Rental Date,200,OK,Update Rental 3-22,text,true,,11,0,50,100,null,2,0,0
1736080968494,2,Update Rental Date,200,OK,Update Rental 3-24,text,true,,11,0,50,100,null,2,0,0
1736080968497,0,Select By Actor_ID,200,OK,Select Actor 1-39,text,true,,83,0,50,100,null,0,0,0
1736080968528,0,Select By Actor_ID,200,OK,Select Actor 1-45,text,true,,80,0,50,100,null,0,0,0
1736080968532,0,Select By Actor_ID,200,OK,Select Actor 1-49,text,true,,82,0,50,100,null,0,0,0
1736080968556,2,Update Rental Date,200,OK,Update Rental 3-32,text,true,,11,0,50,100,null,2,0,0
1736080968562,1,Select By Actor_ID,200,OK,Select Actor 1-10,text,true,,79,0,50,100,null,1,0,0
1736080968572,2,Update Rental Date,200,OK,Update Rental 3-10,text,true,,11,0,50,100,null,2,0,0
1736080968587,1,Select By Actor_ID,200,OK,Select Actor 1-26,text,true,,82,0,50,100,null,1,0,0
1736080968590,1,Select By Actor_ID,200,OK,Select Actor 1-41,text,true,,80,0,50,100,null,1,0,0
1736080968598,3,Update Rental Date,200,OK,Update Rental 3-17,text,true,,11,0,50,100,null,3,0,0
1736080968611,2,Update Rental Date,200,OK,Update Rental 3-41,text,true,,11,0,50,100,null,2,0,0
1736080968613,2,Update Rental Date,200,OK,Update Rental 3-34,text,true,,11,0,50,100,null,2,0,0
1736080968616,2,Update Rental Date,200,OK,Update Rental 3-7,text,true,,11,0,50,100,null,2,0,0
1736080968622,2,Update Rental Date,200,OK,Update Rental 3-2,text,true,,11,0,50,100,null,2,0,0
1736080968625,1,Select By Actor_ID,200,OK,Select Actor 1-28,text,true,,78,0,50,100,null,0,0,0
1736080968630,1,Select By Actor_ID,200,OK,Select Actor 1-36,text,true,,79,0,50,100,null,1,0,0
1736080968647,0,Select By Actor_ID,200,OK,Select Actor 1-22,text,true,,83,0,50,100,null,0,0,0
1736080968652,0,Select By Actor_ID,200,OK,Select Actor 1-12,text,true,,80,0,50,100,null,0,0,0
1736080968659,0,Select By Actor_ID,200,OK,Select Actor 1-29,text,true,,81,0,50,100,null,0,0,0
1736080968673,0,Select By Actor_ID,200,OK,Select Actor 1-16,text,true,,81,0,50,100,null,0,0,0
1736080968680,3,Update Rental Date,200,OK,Update Rental 3-45,text,true,,11,0,50,100,null,3,0,0
1736080968706,0,Select By Actor_ID,200,OK,Select Actor 1-1,text,true,,78,0,50,100,null,0,0,0
1736080968710,0,Select By Actor_ID,200,OK,Select Actor 1-6,text,true,,83,0,50,100,null,0,0,0
1736080968713,2,Update Rental Date,200,OK,Update Rental 3-19,text,true,,11,0,50,100,null,2,0,0
1736080968714,2,Update Rental Date,200,OK,Update Rental 3-25,text,true,,11,0,50,100,null,2,0,0
1736080968723,0,Select By Actor_ID,200,OK,Select Actor 1-8,text,true,,83,0,50,100,null,0,0,0
1736080968739,0,Select By Actor_ID,200,OK,Select Actor 1-37,text,true,,84,0,50,100,null,0,0,0
1736080968741,1,Select By Actor_ID,200,OK,Select Actor 1-48,text,true,,80,0,50,100,null,1,0,1
1736080968753,1,Update Rental Date,200,OK,Update Rental 3-49,text,true,,11,0,50,100,null,1,0,0
1736080968756,1,Select By Actor_ID,200,OK,Select Actor 1-20,text,true,,86,0,50,100,null,1,0,0
1736080968771,2,Update Rental Date,200,OK,Update Rental 3-5,text,true,,11,0,50,100,null,2,0,0
1736080968789,2,Update Rental Date,200,OK,Update Rental 3-28,text,true,,11,0,50,100,null,2,0,0
1736080968805,1,Select By Actor_ID,200,OK,Select Actor 1-11,text,true,,80,0,50,100,null,1,0,0
1736080968805,3,Update Rental Date,200,OK,Update Rental 3-16,text,true,,11,0,50,100,null,3,0,0
1736080968820,2,Update Rental Date,200,OK,Update Rental 3-8,text,true,,11,0,50,100,null,2,0,0
1736080968829,2,Update Rental Date,200,OK,Update Rental 3-1,text,true,,11,0,50,100,null,2,0,0
1736080968848,3,Update Rental Date,200,OK,Update Rental 3-47,text,true,,11,0,50,100,null,3,0,0
1736080968849,3,Update Rental Date,200,OK,Update Rental 3-39,text,true,,11,0,50,100,null,3,0,0
1736080968903,2,Update Rental Date,200,OK,Update Rental 3-6,text,true,,11,0,50,100,null,2,0,0
1736080968913,1,Select By Actor_ID,200,OK,Select Actor 1-43,text,true,,80,0,50,100,null,1,0,0
1736080968926,2,Update Rental Date,200,OK,Update Rental 3-36,text,true,,11,0,50,100,null,2,0,0
1736080968927,2,Update Rental Date,200,OK,Update Rental 3-23,text,true,,11,0,50,100,null,2,0,0
1736080968930,2,Update Rental Date,200,OK,Update Rental 3-21,text,true,,11,0,50,100,null,2,0,0
1736080968937,1,Select By Actor_ID,200,OK,Select Actor 1-3,text,true,,77,0,50,100,null,1,0,0
1736080968967,1,Select By Actor_ID,200,OK,Select Actor 1-25,text,true,,82,0,50,100,null,0,0,0
1736080968970,2,Update Rental Date,200,OK,Update Rental 3-35,text,true,,11,0,50,100,null,2,0,0
1736080968975,1,Select By Actor_ID,200,OK,Select Actor 1-34,text,true,,78,0,50,100,null,0,0,0
1736080968974,2,Update Rental Date,200,OK,Update Rental 3-27,text,true,,11,0,50,100,null,2,0,0
1736080968980,2,Update Rental Date,200,OK,Update Rental 3-11,text,true,,11,0,50,100,null,2,0,0
1736080968996,1,Select By Actor_ID,200,OK,Select Actor 1-5,text,true,,83,0,50,100,null,0,0,0
1736080969047,2,Update Rental Date,200,OK,Update Rental 3-44,text,true,,11,0,50,100,null,2,0,0
1736080969049,0,Select By Actor_ID,200,OK,Select Actor 1-45,text,true,,84,0,50,100,null,0,0,0
1736080969067,2,Update Rental Date,200,OK,Update Rental 3-31,text,true,,11,0,50,100,null,2,0,0
1736080969072,2,Update Rental Date,200,OK,Update Rental 3-3,text,true,,11,0,50,100,null,2,0,0
1736080969083,0,Select By Actor_ID,200,OK,Select Actor 1-13,text,true,,84,0,50,100,null,0,0,0
1736080969088,0,Select By Actor_ID,200,OK,Select Actor 1-46,text,true,,80,0,50,100,null,0,0,0
1736080969099,2,Update Rental Date,200,OK,Update Rental 3-43,text,true,,11,0,50,100,null,2,0,0
1736080969112,0,Select By Actor_ID,200,OK,Select Actor 1-49,text,true,,84,0,50,100,null,0,0,0
1736080969119,0,Select By Actor_ID,200,OK,Select Actor 1-44,text,true,,80,0,50,100,null,0,0,0
1736080969120,1,Select By Actor_ID,200,OK,Select Actor 1-38,text,true,,81,0,50,100,null,1,0,0
1736080969123,2,Update Rental Date,200,OK,Update Rental 3-48,text,true,,11,0,50,100,null,2,0,0
1736080969132,3,Update Rental Date,200,OK,Update Rental 3-10,text,true,,11,0,50,100,null,3,0,0
1736080969157,3,Update Rental Date,200,OK,Update Rental 3-9,text,true,,11,0,50,100,null,3,0,0
1736080969161,1,Select By Actor_ID,200,OK,Select Actor 1-41,text,true,,81,0,50,100,null,1,0,0
1736080969162,3,Update Rental Date,200,OK,Update Rental 3-24,text,true,,11,0,50,100,null,2,0,0
1736080969188,1,Select By Actor_ID,200,OK,Select Actor 1-9,text,true,,83,0,50,100,null,1,0,0
1736080969202,3,Update Rental Date,200,OK,Update Rental 3-18,text,true,,11,0,50,100,null,3,0,0
1736080969227,1,Select By Actor_ID,200,OK,Select Actor 1-39,text,true,,80,0,50,100,null,1,0,0
1736080969231,3,Update Rental Date,200,OK,Update Rental 3-12,text,true,,11,0,50,100,null,3,0,0
1736080969251,1,Select By Actor_ID,200,OK,Select Actor 1-35,text,true,,83,0,50,100,null,1,0,0
1736080969251,3,Update Rental Date,200,OK,Update Rental 3-14,text,true,,11,0,50,100,null,3,0,0
1736080969259,1,Select By Actor_ID,200,OK,Select Actor 1-27,text,true,,79,0,50,100,null,1,0,0
1736080969258,2,Update Rental Date,200,OK,Update Rental 3-15,text,true,,11,0,50,100,null,2,0,0
1736080969265,2,Update Rental Date,200,OK,Update Rental 3-33,text,true,,11,0,50,100,null,2,0,0
1736080969269,1,Select By Actor_ID,200,OK,Select Actor 1-23,text,true,,83,0,50,100,null,1,0,0
1736080969272,1,Select By Actor_ID,200,OK,Select Actor 1-21,text,true,,86,0,50,100,null,1,0,0
1736080969287,1,Select By Actor_ID,200,OK,Select Actor 1-16,text,true,,78,0,50,100,null,1,0,0
1736080969317,1,Select By Actor_ID,200,OK,Select Actor 1-7,text,true,,78,0,50,100,null,1,0,0
1736080969332,2,Update Rental Date,200,OK,Update Rental 3-45,text,true,,11,0,50,100,null,2,0,0
1736080969345,2,Update Rental Date,200,OK,Update Rental 3-37,text,true,,11,0,50,100,null,2,0,0
1736080969364,2,Update Rental Date,200,OK,Update Rental 3-22,text,true,,11,0,50,100,null,2,0,0
1736080969366,2,Update Rental Date,200,OK,Update Rental 3-17,text,true,,11,0,50,100,null,2,0,0
1736080969367,2,Update Rental Date,200,OK,Update Rental 3-38,text,true,,11,0,50,100,null,2,0,0
1736080969374,1,Select By Actor_ID,200,OK,Select Actor 1-32,text,true,,85,0,50,100,null,1,0,0
1736080969377,1,Select By Actor_ID,200,OK,Select Actor 1-2,text,true,,81,0,50,100,null,1,0,0
1736080969377,2,Update Rental Date,200,OK,Update Rental 3-26,text,true,,11,0,50,100,null,2,0,0
1736080969385,2,Update Rental Date,200,OK,Update Rental 3-34,text,true,,11,0,50,100,null,2,0,0
1736080969395,2,Update Rental Date,200,OK,Update Rental 3-13,text,true,,11,0,50,100,null,2,0,0
1736080969405,2,Update Rental Date,200,OK,Update Rental 3-50,text,true,,11,0,50,100,null,2,0,0
1736080969414,2,Update Rental Date,200,OK,Update Rental 3-20,text,true,,11,0,50,100,null,2,0,0
1736080969465,2,Update Rental Date,200,OK,Update Rental 3-23,text,true,,11,0,50,100,null,2,0,0
1736080969467,0,Select By Actor_ID,200,OK,Select Actor 1-6,text,true,,81,0,50,100,null,0,0,0
1736080969475,0,Select By Actor_ID,200,OK,Select Actor 1-15,text,true,,77,0,50,100,null,0,0,0
1736080969517,2,Select By Actor_ID,200,OK,Select Actor 1-17,text,true,,83,0,50,100,null,1,0,1
1736080969487,32,Update Rental Date,200,OK,Update Rental 3-46,text,true,,11,0,50,100,null,32,0,0
1736080969517,2,Select By Actor_ID,200,OK,Select Actor 1-48,text,true,,80,0,50,100,null,1,0,1
1736080969518,1,Select By Actor_ID,200,OK,Select Actor 1-31,text,true,,85,0,50,100,null,0,0,0
1736080969519,1,Select By Actor_ID,200,OK,Select Actor 1-1,text,true,,84,0,50,100,null,0,0,0
1736080969518,2,Select By Actor_ID,200,OK,Select Actor 1-24,text,true,,82,0,50,100,null,1,0,1
1736080969499,22,Update Rental Date,200,OK,Update Rental 3-2,text,true,,11,0,50,100,null,22,0,0
1736080969528,3,Update Rental Date,200,OK,Update Rental 3-30,text,true,,11,0,50,100,null,3,0,0
1736080969530,1,Select By Actor_ID,200,OK,Select Actor 1-29,text,true,,80,0,50,100,null,1,0,0
1736080969541,1,Select By Actor_ID,200,OK,Select Actor 1-33,text,true,,84,0,50,100,null,1,0,0
1736080969567,1,Select By Actor_ID,200,OK,Select Actor 1-43,text,true,,81,0,50,100,null,1,0,0
1736080969588,2,Select By Actor_ID,200,OK,Select Actor 1-4,text,true,,81,0,50,100,null,2,0,1
1736080969590,4,Update Rental Date,200,OK,Update Rental 3-42,text,true,,11,0,50,100,null,4,0,0
1736080969590,5,Update Rental Date,200,OK,Update Rental 3-47,text,true,,11,0,50,100,null,5,0,0
1736080969595,1,Select By Actor_ID,200,OK,Select Actor 1-30,text,true,,81,0,50,100,null,1,0,0
1736080969624,1,Select By Actor_ID,200,OK,Select Actor 1-10,text,true,,84,0,50,100,null,1,0,0
1736080969628,2,Update Rental Date,200,OK,Update Rental 3-21,text,true,,11,0,50,100,null,2,0,0
1736080969657,1,Select By Actor_ID,200,OK,Select Actor 1-26,text,true,,82,0,50,100,null,1,0,0
1736080969668,2,Update Rental Date,200,OK,Update Rental 3-40,text,true,,11,0,50,100,null,2,0,0
1736080969700,1,Select By Actor_ID,200,OK,Select Actor 1-18,text,true,,79,0,50,100,null,1,0,0
1736080969705,2,Update Rental Date,200,OK,Update Rental 3-49,text,true,,11,0,50,100,null,2,0,0
1736080969734,2,Update Rental Date,200,OK,Update Rental 3-4,text,true,,11,0,50,100,null,2,0,0
1736080969738,1,Select By Actor_ID,200,OK,Select Actor 1-14,text,true,,79,0,50,100,null,1,0,0
1736080969739,1,Select By Actor_ID,200,OK,Select Actor 1-40,text,true,,82,0,50,100,null,1,0,0
1736080969747,1,Select By Actor_ID,200,OK,Select Actor 1-42,text,true,,80,0,50,100,null,1,0,0
1736080969751,1,Select By Actor_ID,200,OK,Select Actor 1-47,text,true,,84,0,50,100,null,1,0,0
1736080969757,0,Select By Actor_ID,200,OK,Select Actor 1-19,text,true,,80,0,50,100,null,0,0,0
1736080969776,0,Select By Actor_ID,200,OK,Select Actor 1-35,text,true,,81,0,50,100,null,0,0,0
1736080969781,2,Update Rental Date,200,OK,Update Rental 3-29,text,true,,11,0,50,100,null,2,0,0
1736080969828,2,Update Rental Date,200,OK,Update Rental 3-32,text,true,,11,0,50,100,null,2,0,0
1736080969833,2,Update Rental Date,200,OK,Update Rental 3-28,text,true,,11,0,50,100,null,2,0,0
1736080969840,0,Select By Actor_ID,200,OK,Select Actor 1-41,text,true,,83,0,50,100,null,0,0,0
1736080969860,0,Select By Actor_ID,200,OK,Select Actor 1-28,text,true,,83,0,50,100,null,0,0,0
1736080969871,3,Update Rental Date,200,OK,Update Rental 3-16,text,true,,11,0,50,100,null,2,0,0
1736080969876,1,Select By Actor_ID,200,OK,Select Actor 1-22,text,true,,79,0,50,100,null,1,0,0
1736080969875,3,Update Rental Date,200,OK,Update Rental 3-7,text,true,,11,0,50,100,null,3,0,0
1736080969884,1,Select By Actor_ID,200,OK,Select Actor 1-8,text,true,,82,0,50,100,null,1,0,0
1736080969888,1,Select By Actor_ID,200,OK,Select Actor 1-50,text,true,,80,0,50,100,null,1,0,0
1736080969902,2,Update Rental Date,200,OK,Update Rental 3-9,text,true,,11,0,50,100,null,2,0,0
1736080969909,3,Update Rental Date,200,OK,Update Rental 3-25,text,true,,11,0,50,100,null,3,0,0
1736080969919,1,Select By Actor_ID,200,OK,Select Actor 1-3,text,true,,81,0,50,100,null,1,0,0
1736080969921,3,Update Rental Date,200,OK,Update Rental 3-8,text,true,,11,0,50,100,null,3,0,0
1736080969927,1,Select By Actor_ID,200,OK,Select Actor 1-11,text,true,,84,0,50,100,null,1,0,0
1736080969934,2,Update Rental Date,200,OK,Update Rental 3-5,text,true,,11,0,50,100,null,2,0,0
1736080969947,1,Select By Actor_ID,200,OK,Select Actor 1-46,text,true,,80,0,50,100,null,1,0,0
1736080969947,1,Select By Actor_ID,200,OK,Select Actor 1-20,text,true,,79,0,50,100,null,1,0,0
1736080969994,2,Update Rental Date,200,OK,Update Rental 3-22,text,true,,11,0,50,100,null,1,0,0
1736080970009,2,Update Rental Date,200,OK,Update Rental 3-31,text,true,,11,0,50,100,null,2,0,0
1736080970015,1,Select By Actor_ID,200,OK,Select Actor 1-45,text,true,,80,0,50,100,null,1,0,0
1736080970016,3,Update Rental Date,200,OK,Update Rental 3-17,text,true,,11,0,50,100,null,3,0,0
1736080970032,2,Update Rental Date,200,OK,Update Rental 3-1,text,true,,11,0,50,100,null,2,0,0
1736080970043,0,Select By Actor_ID,200,OK,Select Actor 1-25,text,true,,83,0,50,100,null,0,0,0
1736080970051,0,Select By Actor_ID,200,OK,Select Actor 1-36,text,true,,81,0,50,100,null,0,0,0
1736080970059,1,Select By Actor_ID,200,OK,Select Actor 1-12,text,true,,84,0,50,100,null,1,0,0
1736080970061,1,Select By Actor_ID,200,OK,Select Actor 1-17,text,true,,83,0,50,100,null,1,0,0
1736080970060,2,Update Rental Date,200,OK,Update Rental 3-41,text,true,,11,0,50,100,null,2,0,0
1736080970066,1,Select By Actor_ID,200,OK,Select Actor 1-39,text,true,,80,0,50,100,null,1,0,0
1736080970081,1,Select By Actor_ID,200,OK,Select Actor 1-34,text,true,,79,0,50,100,null,1,0,0
1736080970083,3,Update Rental Date,200,OK,Update Rental 3-35,text,true,,11,0,50,100,null,2,0,0
1736080970085,2,Update Rental Date,200,OK,Update Rental 3-10,text,true,,11,0,50,100,null,2,0,0
1736080970102,1,Select By Actor_ID,200,OK,Select Actor 1-31,text,true,,82,0,50,100,null,1,0,0
1736080970105,2,Update Rental Date,200,OK,Update Rental 3-6,text,true,,11,0,50,100,null,2,0,0
1736080970113,2,Update Rental Date,200,OK,Update Rental 3-11,text,true,,11,0,50,100,null,2,0,0
1736080970126,2,Update Rental Date,200,OK,Update Rental 3-36,text,true,,11,0,50,100,null,2,0,0
1736080970127,2,Update Rental Date,200,OK,Update Rental 3-33,text,true,,11,0,50,100,null,2,0,0
1736080970133,2,Update Rental Date,200,OK,Update Rental 3-45,text,true,,11,0,50,100,null,2,0,0
1736080970145,1,Select By Actor_ID,200,OK,Select Actor 1-37,text,true,,80,0,50,100,null,0,0,0
1736080970148,1,Select By Actor_ID,200,OK,Select Actor 1-49,text,true,,82,0,50,100,null,0,0,0
1736080970151,1,Select By Actor_ID,200,OK,Select Actor 1-44,text,true,,81,0,50,100,null,0,0,0
1736080970154,2,Update Rental Date,200,OK,Update Rental 3-19,text,true,,11,0,50,100,null,2,0,0
1736080970155,2,Update Rental Date,200,OK,Update Rental 3-39,text,true,,11,0,50,100,null,2,0,0
1736080970175,2,Update Rental Date,200,OK,Update Rental 3-2,text,true,,11,0,50,100,null,2,0,0
1736080970183,0,Select By Actor_ID,200,OK,Select Actor 1-5,text,true,,81,0,50,100,null,0,0,0
1736080970205,2,Update Rental Date,200,OK,Update Rental 3-44,text,true,,11,0,50,100,null,2,0,0
1736080970224,1,Update Rental Date,200,OK,Update Rental 3-12,text,true,,11,0,50,100,null,1,0,0
1736080970251,2,Update Rental Date,200,OK,Update Rental 3-21,text,true,,11,0,50,100,null,2,0,0
1736080970258,0,Select By Actor_ID,200,OK,Select Actor 1-33,text,true,,80,0,50,100,null,0,0,0
1736080970308,3,Update Rental Date,200,OK,Update Rental 3-24,text,true,,11,0,50,100,null,3,0,1
1736080970312,1,Select By Actor_ID,200,OK,Select Actor 1-14,text,true,,82,0,50,100,null,1,0,0
1736080970337,3,Update Rental Date,200,OK,Update Rental 3-50,text,true,,11,0,50,100,null,3,0,0
1736080970344,1,Select By Actor_ID,200,OK,Select Actor 1-9,text,true,,82,0,50,100,null,1,0,0
1736080970350,2,Update Rental Date,200,OK,Update Rental 3-34,text,true,,11,0,50,100,null,2,0,0
1736080970388,1,Select By Actor_ID,200,OK,Select Actor 1-16,text,true,,86,0,50,100,null,0,0,0
1736080970393,1,Select By Actor_ID,200,OK,Select Actor 1-30,text,true,,80,0,50,100,null,1,0,0
1736080970392,2,Update Rental Date,200,OK,Update Rental 3-27,text,true,,11,0,50,100,null,2,0,0
1736080970401,0,Select By Actor_ID,200,OK,Select Actor 1-13,text,true,,80,0,50,100,null,0,0,0
1736080970420,2,Update Rental Date,200,OK,Update Rental 3-18,text,true,,11,0,50,100,null,2,0,0
1736080970423,2,Update Rental Date,200,OK,Update Rental 3-28,text,true,,11,0,50,100,null,2,0,0
1736080970427,2,Update Rental Date,200,OK,Update Rental 3-49,text,true,,11,0,50,100,null,2,0,0
1736080970432,0,Select By Actor_ID,200,OK,Select Actor 1-21,text,true,,77,0,50,100,null,0,0,0
1736080970438,0,Select By Actor_ID,200,OK,Select Actor 1-41,text,true,,79,0,50,100,null,0,0,0
1736080970462,1,Select By Actor_ID,200,OK,Select Actor 1-27,text,true,,78,0,50,100,null,1,0,0
1736080970468,1,Select By Actor_ID,200,OK,Select Actor 1-32,text,true,,80,0,50,100,null,1,0,0
1736080970479,2,Update Rental Date,200,OK,Update Rental 3-48,text,true,,11,0,50,100,null,2,0,0
1736080970490,1,Select By Actor_ID,200,OK,Select Actor 1-38,text,true,,84,0,50,100,null,1,0,0
1736080970490,2,Update Rental Date,200,OK,Update Rental 3-29,text,true,,11,0,50,100,null,2,0,0
1736080970495,1,Select By Actor_ID,200,OK,Select Actor 1-24,text,true,,79,0,50,100,null,1,0,0
1736080970545,2,Update Rental Date,200,OK,Update Rental 3-8,text,true,,11,0,50,100,null,2,0,0
1736080970547,1,Select By Actor_ID,200,OK,Select Actor 1-15,text,true,,79,0,50,100,null,1,0,0
1736080970546,3,Update Rental Date,200,OK,Update Rental 3-7,text,true,,11,0,50,100,null,3,0,0
1736080970550,2,Update Rental Date,200,OK,Update Rental 3-30,text,true,,11,0,50,100,null,2,0,0
1736080970553,1,Select By Actor_ID,200,OK,Select Actor 1-35,text,true,,85,0,50,100,null,0,0,0
1736080970555,2,Update Rental Date,200,OK,Update Rental 3-43,text,true,,11,0,50,100,null,2,0,0
1736080970558,2,Update Rental Date,200,OK,Update Rental 3-37,text,true,,11,0,50,100,null,2,0,0
1736080970563,2,Update Rental Date,200,OK,Update Rental 3-3,text,true,,11,0,50,100,null,2,0,0
1736080970563,2,Update Rental Date,200,OK,Update Rental 3-38,text,true,,11,0,50,100,null,2,0,0
1736080970564,2,Update Rental Date,200,OK,Update Rental 3-23,text,true,,11,0,50,100,null,2,0,0
1736080970567,2,Update Rental Date,200,OK,Update Rental 3-26,text,true,,11,0,50,100,null,2,0,0
1736080970579,2,Update Rental Date,200,OK,Update Rental 3-1,text,true,,11,0,50,100,null,2,0,0
1736080970587,1,Select By Actor_ID,200,OK,Select Actor 1-29,text,true,,81,0,50,100,null,0,0,0
1736080970587,2,Update Rental Date,200,OK,Update Rental 3-14,text,true,,11,0,50,100,null,2,0,0
1736080970611,2,Update Rental Date,200,OK,Update Rental 3-20,text,true,,11,0,50,100,null,2,0,0
1736080970612,2,Update Rental Date,200,OK,Update Rental 3-15,text,true,,11,0,50,100,null,2,0,0
1736080970627,1,Select By Actor_ID,200,OK,Select Actor 1-23,text,true,,80,0,50,100,null,1,0,0
1736080970649,2,Update Rental Date,200,OK,Update Rental 3-33,text,true,,11,0,50,100,null,2,0,0
1736080970651,0,Select By Actor_ID,200,OK,Select Actor 1-11,text,true,,81,0,50,100,null,0,0,0
1736080970665,0,Select By Actor_ID,200,OK,Select Actor 1-20,text,true,,80,0,50,100,null,0,0,0
1736080970669,2,Update Rental Date,200,OK,Update Rental 3-36,text,true,,11,0,50,100,null,2,0,0
1736080970672,1,Select By Actor_ID,200,OK,Select Actor 1-4,text,true,,83,0,50,100,null,0,0,0
1736080970681,2,Select By Actor_ID,200,OK,Select Actor 1-48,text,true,,80,0,50,100,null,2,0,0
1736080970681,3,Update Rental Date,200,OK,Update Rental 3-5,text,true,,11,0,50,100,null,3,0,0
1736080970681,3,Update Rental Date,200,OK,Update Rental 3-35,text,true,,11,0,50,100,null,3,0,0
1736080970686,0,Select By Actor_ID,200,OK,Select Actor 1-1,text,true,,86,0,50,100,null,0,0,0
1736080970692,0,Select By Actor_ID,200,OK,Select Actor 1-44,text,true,,80,0,50,100,null,0,0,0
1736080970709,2,Update Rental Date,200,OK,Update Rental 3-31,text,true,,11,0,50,100,null,2,0,0
1736080970727,2,Update Rental Date,200,OK,Update Rental 3-32,text,true,,11,0,50,100,null,2,0,0
1736080970731,0,Select By Actor_ID,200,OK,Select Actor 1-28,text,true,,88,0,50,100,null,0,0,0
1736080970733,1,Select By Actor_ID,200,OK,Select Actor 1-22,text,true,,77,0,50,100,null,0,0,0
1736080970735,2,Update Rental Date,200,OK,Update Rental 3-47,text,true,,11,0,50,100,null,2,0,0
1736080970745,0,Select By Actor_ID,200,OK,Select Actor 1-19,text,true,,81,0,50,100,null,0,0,0
1736080970763,1,Select By Actor_ID,200,OK,Select Actor 1-8,text,true,,81,0,50,100,null,1,0,0
1736080970762,2,Update Rental Date,200,OK,Update Rental 3-13,text,true,,11,0,50,100,null,2,0,0
1736080970772,0,Select By Actor_ID,200,OK,Select Actor 1-2,text,true,,88,0,50,100,null,0,0,0
1736080970787,0,Select By Actor_ID,200,OK,Select Actor 1-39,text,true,,80,0,50,100,null,0,0,0
1736080970788,0,Select By Actor_ID,200,OK,Select Actor 1-7,text,true,,82,0,50,100,null,0,0,0
1736080970800,2,Update Rental Date,200,OK,Update Rental 3-46,text,true,,11,0,50,100,null,2,0,0
1736080970836,2,Update Rental Date,200,OK,Update Rental 3-4,text,true,,11,0,50,100,null,2,0,0
1736080970842,0,Select By Actor_ID,200,OK,Select Actor 1-5,text,true,,79,0,50,100,null,0,0,0
1736080970870,2,Update Rental Date,200,OK,Update Rental 3-17,text,true,,11,0,50,100,null,2,0,0
1736080970872,1,Select By Actor_ID,200,OK,Select Actor 1-6,text,true,,79,0,50,100,null,1,0,0
1736080970879,2,Update Rental Date,200,OK,Update Rental 3-24,text,true,,11,0,50,100,null,2,0,0
1736080970881,2,Update Rental Date,200,OK,Update Rental 3-10,text,true,,11,0,50,100,null,2,0,0
1736080970905,1,Select By Actor_ID,200,OK,Select Actor 1-9,text,true,,82,0,50,100,null,1,0,0
1736080970919,1,Select By Actor_ID,200,OK,Select Actor 1-18,text,true,,78,0,50,100,null,1,0,0
1736080970919,1,Select By Actor_ID,200,OK,Select Actor 1-43,text,true,,79,0,50,100,null,1,0,0
1736080970933,2,Update Rental Date,200,OK,Update Rental 3-25,text,true,,11,0,50,100,null,2,0,0
1736080970938,2,Update Rental Date,200,OK,Update Rental 3-27,text,true,,11,0,50,100,null,2,0,0
1736080970939,3,Update Rental Date,200,OK,Update Rental 3-16,text,true,,11,0,50,100,null,3,0,0
1736080970946,3,Update Rental Date,200,OK,Update Rental 3-45,text,true,,11,0,50,100,null,3,0,0
1736080970972,1,Select By Actor_ID,200,OK,Select Actor 1-42,text,true,,80,0,50,100,null,1,0,0
1736080970985,1,Select By Actor_ID,200,OK,Select Actor 1-34,text,true,,78,0,50,100,null,1,0,0
1736080970989,2,Update Rental Date,200,OK,Update Rental 3-12,text,true,,11,0,50,100,null,2,0,0
1736080970995,1,Select By Actor_ID,200,OK,Select Actor 1-17,text,true,,79,0,50,100,null,1,0,0
1736080971006,2,Update Rental Date,200,OK,Update Rental 3-19,text,true,,11,0,50,100,null,2,0,0
1736080971008,1,Select By Actor_ID,200,OK,Select Actor 1-3,text,true,,78,0,50,100,null,1,0,0
1736080971010,1,Select By Actor_ID,200,OK,Select Actor 1-21,text,true,,81,0,50,100,null,1,0,0
1736080971035,2,Update Rental Date,200,OK,Update Rental 3-50,text,true,,11,0,50,100,null,2,0,0
1736080971051,2,Update Rental Date,200,OK,Update Rental 3-9,text,true,,11,0,50,100,null,2,0,0
1736080971058,2,Update Rental Date,200,OK,Update Rental 3-42,text,true,,11,0,50,100,null,2,0,0
1736080971092,1,Select By Actor_ID,200,OK,Select Actor 1-10,text,true,,83,0,50,100,null,1,0,0
1736080971097,2,Update Rental Date,200,OK,Update Rental 3-2,text,true,,11,0,50,100,null,2,0,0
1736080971114,0,Select By Actor_ID,200,OK,Select Actor 1-36,text,true,,84,0,50,100,null,0,0,0
1736080971119,0,Select By Actor_ID,200,OK,Select Actor 1-26,text,true,,80,0,50,100,null,0,0,0
1736080971126,0,Select By Actor_ID,200,OK,Select Actor 1-37,text,true,,83,0,50,100,null,0,0,0
1736080971133,0,Select By Actor_ID,200,OK,Select Actor 1-41,text,true,,80,0,50,100,null,0,0,0
1736080971146,2,Update Rental Date,200,OK,Update Rental 3-6,text,true,,11,0,50,100,null,2,0,0
1736080971153,0,Select By Actor_ID,200,OK,Select Actor 1-47,text,true,,83,0,50,100,null,0,0,0
1736080971153,2,Update Rental Date,200,OK,Update Rental 3-40,text,true,,11,0,50,100,null,2,0,0
1736080971163,0,Select By Actor_ID,200,OK,Select Actor 1-40,text,true,,82,0,50,100,null,0,0,0
1736080971195,2,Update Rental Date,200,OK,Update Rental 3-30,text,true,,11,0,50,100,null,2,0,0
1736080971201,0,Select By Actor_ID,200,OK,Select Actor 1-12,text,true,,79,0,50,100,null,0,0,0
1736080971202,2,Update Rental Date,200,OK,Update Rental 3-3,text,true,,11,0,50,100,null,2,0,0
1736080971203,2,Update Rental Date,200,OK,Update Rental 3-8,text,true,,11,0,50,100,null,2,0,0
1736080971228,0,Select By Actor_ID,200,OK,Select Actor 1-25,text,true,,80,0,50,100,null,0,0,0
1736080971235,2,Update Rental Date,200,OK,Update Rental 3-7,text,true,,11,0,50,100,null,2,0,0
1736080971236,2,Update Rental Date,200,OK,Update Rental 3-41,text,true,,11,0,50,100,null,2,0,0
1736080971239,1,Update Rental Date,200,OK,Update Rental 3-43,text,true,,11,0,50,100,null,1,0,0
1736080971243,2,Update Rental Date,200,OK,Update Rental 3-22,text,true,,11,0,50,100,null,2,0,1
1736080971251,3,Update Rental Date,200,OK,Update Rental 3-23,text,true,,11,0,50,100,null,3,0,1
1736080971268,3,Update Rental Date,200,OK,Update Rental 3-29,text,true,,11,0,50,100,null,3,0,0
1736080971275,2,Update Rental Date,200,OK,Update Rental 3-28,text,true,,11,0,50,100,null,2,0,0
1736080971282,1,Select By Actor_ID,200,OK,Select Actor 1-28,text,true,,79,0,50,100,null,1,0,0
1736080971282,3,Update Rental Date,200,OK,Update Rental 3-49,text,true,,11,0,50,100,null,3,0,0
1736080971287,1,Select By Actor_ID,200,OK,Select Actor 1-50,text,true,,81,0,50,100,null,1,0,0
1736080971287,1,Select By Actor_ID,200,OK,Select Actor 1-49,text,true,,83,0,50,100,null,1,0,0
1736080971299,2,Update Rental Date,200,OK,Update Rental 3-39,text,true,,11,0,50,100,null,2,0,0
1736080971301,1,Select By Actor_ID,200,OK,Select Actor 1-31,text,true,,79,0,50,100,null,1,0,0
1736080971303,1,Select By Actor_ID,200,OK,Select Actor 1-11,text,true,,79,0,50,100,null,1,0,0
1736080971313,1,Select By Actor_ID,200,OK,Select Actor 1-45,text,true,,76,0,50,100,null,1,0,0
1736080971319,1,Select By Actor_ID,200,OK,Select Actor 1-35,text,true,,80,0,50,100,null,1,0,0
1736080971318,2,Update Rental Date,200,OK,Update Rental 3-48,text,true,,11,0,50,100,null,2,0,0
1736080971353,3,Update Rental Date,200,OK,Update Rental 3-18,text,true,,11,0,50,100,null,3,0,0
1736080971356,3,Update Rental Date,200,OK,Update Rental 3-15,text,true,,11,0,50,100,null,3,0,0
1736080971365,2,Update Rental Date,200,OK,Update Rental 3-33,text,true,,11,0,50,100,null,2,0,0
1736080971395,2,Update Rental Date,200,OK,Update Rental 3-37,text,true,,11,0,50,100,null,2,0,0
1736080971407,2,Update Rental Date,200,OK,Update Rental 3-34,text,true,,11,0,50,100,null,2,0,0
1736080971413,1,Select By Actor_ID,200,OK,Select Actor 1-46,text,true,,79,0,50,100,null,1,0,0
1736080971428,1,Select By Actor_ID,200,OK,Select Actor 1-27,text,true,,81,0,50,100,null,1,0,0
1736080971436,1,Select By Actor_ID,200,OK,Select Actor 1-32,text,true,,85,0,50,100,null,1,0,0
1736080971443,2,Update Rental Date,200,OK,Update Rental 3-1,text,true,,11,0,50,100,null,2,0,0
1736080971449,1,Select By Actor_ID,200,OK,Select Actor 1-20,text,true,,79,0,50,100,null,0,0,0
1736080971452,1,Select By Actor_ID,200,OK,Select Actor 1-1,text,true,,78,0,50,100,null,0,0,0
1736080971469,2,Update Rental Date,200,OK,Update Rental 3-44,text,true,,11,0,50,100,null,2,0,0
1736080971488,2,Update Rental Date,200,OK,Update Rental 3-45,text,true,,11,0,50,100,null,2,0,0
1736080971496,0,Select By Actor_ID,200,OK,Select Actor 1-16,text,true,,79,0,50,100,null,0,0,0
1736080971500,1,Select By Actor_ID,200,OK,Select Actor 1-4,text,true,,81,0,50,100,null,0,0,0
1736080971507,0,Select By Actor_ID,200,OK,Select Actor 1-2,text,true,,82,0,50,100,null,0,0,0
1736080971507,2,Update Rental Date,200,OK,Update Rental 3-31,text,true,,11,0,50,100,null,2,0,0
1736080971510,0,Select By Actor_ID,200,OK,Select Actor 1-9,text,true,,81,0,50,100,null,0,0,0
1736080971520,0,Select By Actor_ID,200,OK,Select Actor 1-13,text,true,,81,0,50,100,null,0,0,0
1736080971565,2,Update Rental Date,200,OK,Update Rental 3-32,text,true,,11,0,50,100,null,2,0,0
1736080971581,2,Update Rental Date,200,OK,Update Rental 3-14,text,true,,11,0,50,100,null,2,0,0
1736080971604,2,Update Rental Date,200,OK,Update Rental 3-11,text,true,,11,0,50,100,null,2,0,0
1736080971610,0,Select By Actor_ID,200,OK,Select Actor 1-30,text,true,,81,0,50,100,null,0,0,0
1736080971631,3,Update Rental Date,200,OK,Update Rental 3-21,text,true,,11,0,50,100,null,3,0,0
1736080971637,1,Select By Actor_ID,200,OK,Select Actor 1-48,text,true,,81,0,50,100,null,1,0,0
1736080971680,1,Select By Actor_ID,200,OK,Select Actor 1-38,text,true,,80,0,50,100,null,0,0,0
1736080971685,2,Update Rental Date,200,OK,Update Rental 3-4,text,true,,11,0,50,100,null,2,0,0
1736080971699,0,Select By Actor_ID,200,OK,Select Actor 1-14,text,true,,79,0,50,100,null,0,0,0
1736080971705,1,Select By Actor_ID,200,OK,Select Actor 1-44,text,true,,76,0,50,100,null,0,0,0
1736080971712,0,Select By Actor_ID,200,OK,Select Actor 1-17,text,true,,81,0,50,100,null,0,0,0
1736080971715,0,Select By Actor_ID,200,OK,Select Actor 1-12,text,true,,78,0,50,100,null,0,0,0
1736080971717,0,Select By Actor_ID,200,OK,Select Actor 1-33,text,true,,80,0,50,100,null,0,0,0
1736080971720,2,Update Rental Date,200,OK,Update Rental 3-10,text,true,,11,0,50,100,null,2,0,0
1736080971728,2,Update Rental Date,200,OK,Update Rental 3-36,text,true,,11,0,50,100,null,2,0,0
1736080971757,0,Select By Actor_ID,200,OK,Select Actor 1-29,text,true,,80,0,50,100,null,0,0,0
1736080971782,1,Select By Actor_ID,200,OK,Select Actor 1-8,text,true,,80,0,50,100,null,1,0,0
1736080971811,2,Update Rental Date,200,OK,Update Rental 3-20,text,true,,11,0,50,100,null,2,0,0
1736080971815,1,Select By Actor_ID,200,OK,Select Actor 1-18,text,true,,80,0,50,100,null,1,0,0
1736080971821,2,Update Rental Date,200,OK,Update Rental 3-5,text,true,,11,0,50,100,null,2,0,0
1736080971823,1,Select By Actor_ID,200,OK,Select Actor 1-22,text,true,,76,0,50,100,null,1,0,0
1736080971824,1,Select By Actor_ID,200,OK,Select Actor 1-7,text,true,,80,0,50,100,null,0,0,0
1736080971833,1,Select By Actor_ID,200,OK,Select Actor 1-42,text,true,,78,0,50,100,null,1,0,0
1736080971834,1,Select By Actor_ID,200,OK,Select Actor 1-24,text,true,,82,0,50,100,null,0,0,0
1736080971851,1,Select By Actor_ID,200,OK,Select Actor 1-40,text,true,,79,0,50,100,null,0,0,0
1736080971861,2,Update Rental Date,200,OK,Update Rental 3-38,text,true,,11,0,50,100,null,2,0,0
1736080971861,2,Update Rental Date,200,OK,Update Rental 3-39,text,true,,11,0,50,100,null,2,0,0
1736080971878,3,Update Rental Date,200,OK,Update Rental 3-42,text,true,,11,0,50,100,null,3,0,0
1736080971883,0,Select By Actor_ID,200,OK,Select Actor 1-35,text,true,,79,0,50,100,null,0,0,0
1736080971884,0,Select By Actor_ID,200,OK,Select Actor 1-49,text,true,,82,0,50,100,null,0,0,0
1736080971888,2,Update Rental Date,200,OK,Update Rental 3-8,text,true,,11,0,50,100,null,2,0,0
1736080971894,1,Select By Actor_ID,200,OK,Select Actor 1-3,text,true,,81,0,50,100,null,1,0,0
1736080971902,0,Select By Actor_ID,200,OK,Select Actor 1-5,text,true,,81,0,50,100,null,0,0,0
1736080971917,2,Update Rental Date,200,OK,Update Rental 3-16,text,true,,11,0,50,100,null,2,0,0
1736080971918,2,Update Rental Date,200,OK,Update Rental 3-26,text,true,,11,0,50,100,null,2,0,0
1736080971940,2,Update Rental Date,200,OK,Update Rental 3-13,text,true,,11,0,50,100,null,2,0,0
1736080971950,0,Select By Actor_ID,200,OK,Select Actor 1-15,text,true,,82,0,50,100,null,0,0,0
1736080971951,0,Select By Actor_ID,200,OK,Select Actor 1-39,text,true,,78,0,50,100,null,0,0,0
1736080971950,2,Update Rental Date,200,OK,Update Rental 3-12,text,true,,11,0,50,100,null,2,0,0
1736080971964,0,Select By Actor_ID,200,OK,Select Actor 1-6,text,true,,81,0,50,100,null,0,0,0
1736080971983,0,Select By Actor_ID,200,OK,Select Actor 1-23,text,true,,84,0,50,100,null,0,0,0
1736080971987,0,Select By Actor_ID,200,OK,Select Actor 1-41,text,true,,80,0,50,100,null,0,0,0
1736080971997,0,Select By Actor_ID,200,OK,Select Actor 1-34,text,true,,84,0,50,100,null,0,0,0
1736080972011,1,Update Rental Date,200,OK,Update Rental 3-44,text,true,,11,0,50,100,null,1,0,0
1736080972017,0,Select By Actor_ID,200,OK,Select Actor 1-9,text,true,,77,0,50,100,null,0,0,0
1736080972028,0,Select By Actor_ID,200,OK,Select Actor 1-45,text,true,,80,0,50,100,null,0,0,0
1736080972057,2,Update Rental Date,200,OK,Update Rental 3-27,text,true,,11,0,50,100,null,2,0,0
1736080972065,1,Select By Actor_ID,200,OK,Select Actor 1-50,text,true,,83,0,50,100,null,1,0,0
1736080972064,3,Update Rental Date,200,OK,Update Rental 3-31,text,true,,11,0,50,100,null,3,0,0
1736080972083,1,Select By Actor_ID,200,OK,Select Actor 1-10,text,true,,78,0,50,100,null,1,0,0
1736080972088,1,Select By Actor_ID,200,OK,Select Actor 1-28,text,true,,82,0,50,100,null,1,0,0
1736080972090,2,Update Rental Date,200,OK,Update Rental 3-35,text,true,,11,0,50,100,null,2,0,0
1736080972101,1,Select By Actor_ID,200,OK,Select Actor 1-19,text,true,,80,0,50,100,null,1,0,0
1736080972104,2,Update Rental Date,200,OK,Update Rental 3-18,text,true,,11,0,50,100,null,2,0,0
1736080972111,1,Select By Actor_ID,200,OK,Select Actor 1-21,text,true,,85,0,50,100,null,0,0,0
1736080972115,1,Select By Actor_ID,200,OK,Select Actor 1-37,text,true,,81,0,50,100,null,1,0,0
1736080972138,2,Update Rental Date,200,OK,Update Rental 3-6,text,true,,11,0,50,100,null,2,0,0
1736080972157,2,Update Rental Date,200,OK,Update Rental 3-33,text,true,,11,0,50,100,null,2,0,0
1736080972159,1,Select By Actor_ID,200,OK,Select Actor 1-1,text,true,,81,0,50,100,null,1,0,0
1736080972161,0,Select By Actor_ID,200,OK,Select Actor 1-47,text,true,,83,0,50,100,null,0,0,0
1736080972166,3,Update Rental Date,200,OK,Update Rental 3-17,text,true,,11,0,50,100,null,3,0,0
1736080972201,2,Update Rental Date,200,OK,Update Rental 3-47,text,true,,11,0,50,100,null,2,0,0
1736080972224,2,Update Rental Date,200,OK,Update Rental 3-41,text,true,,11,0,50,100,null,2,0,0
1736080972224,3,Update Rental Date,200,OK,Update Rental 3-29,text,true,,11,0,50,100,null,3,0,0
1736080972243,1,Select By Actor_ID,200,OK,Select Actor 1-30,text,true,,82,0,50,100,null,1,0,0
1736080972242,2,Update Rental Date,200,OK,Update Rental 3-43,text,true,,11,0,50,100,null,2,0,0
1736080972269,1,Select By Actor_ID,200,OK,Select Actor 1-43,text,true,,83,0,50,100,null,1,0,0
1736080972269,3,Update Rental Date,200,OK,Update Rental 3-34,text,true,,11,0,50,100,null,3,0,0
1736080972279,2,Update Rental Date,200,OK,Update Rental 3-40,text,true,,11,0,50,100,null,2,0,0
1736080972286,2,Update Rental Date,200,OK,Update Rental 3-46,text,true,,11,0,50,100,null,2,0,0
1736080972294,2,Update Rental Date,200,OK,Update Rental 3-9,text,true,,11,0,50,100,null,2,0,0
1736080972297,2,Update Rental Date,200,OK,Update Rental 3-4,text,true,,11,0,50,100,null,2,0,0
1736080972302,1,Select By Actor_ID,200,OK,Select Actor 1-48,text,true,,83,0,50,100,null,1,0,0
1736080972306,2,Update Rental Date,200,OK,Update Rental 3-37,text,true,,11,0,50,100,null,2,0,0
1736080972310,2,Update Rental Date,200,OK,Update Rental 3-25,text,true,,11,0,50,100,null,2,0,0
1736080972312,2,Update Rental Date,200,OK,Update Rental 3-21,text,true,,11,0,50,100,null,2,0,0
1736080972324,1,Select By Actor_ID,200,OK,Select Actor 1-26,text,true,,80,0,50,100,null,1,0,0
1736080972330,1,Select By Actor_ID,200,OK,Select Actor 1-4,text,true,,84,0,50,100,null,1,0,0
1736080972349,2,Update Rental Date,200,OK,Update Rental 3-24,text,true,,11,0,50,100,null,2,0,0
1736080972352,2,Update Rental Date,200,OK,Update Rental 3-30,text,true,,11,0,50,100,null,2,0,0
1736080972362,2,Update Rental Date,200,OK,Update Rental 3-2,text,true,,11,0,50,100,null,2,0,0
1736080972403,2,Update Rental Date,200,OK,Update Rental 3-42,text,true,,11,0,50,100,null,2,0,0
1736080972413,0,Select By Actor_ID,200,OK,Select Actor 1-31,text,true,,83,0,50,100,null,0,0,0
1736080972420,2,Update Rental Date,200,OK,Update Rental 3-28,text,true,,11,0,50,100,null,2,0,0
1736080972439,0,Select By Actor_ID,200,OK,Select Actor 1-16,text,true,,84,0,50,100,null,0,0,0
1736080972450,3,Update Rental Date,200,OK,Update Rental 3-50,text,true,,11,0,50,100,null,3,0,0
1736080972457,0,Select By Actor_ID,200,OK,Select Actor 1-24,text,true,,84,0,50,100,null,0,0,0
1736080972456,2,Update Rental Date,200,OK,Update Rental 3-3,text,true,,11,0,50,100,null,2,0,0
1736080972458,0,Select By Actor_ID,200,OK,Select Actor 1-13,text,true,,80,0,50,100,null,0,0,0
1736080972477,2,Update Rental Date,200,OK,Update Rental 3-16,text,true,,11,0,50,100,null,2,0,0
1736080972485,0,Select By Actor_ID,200,OK,Select Actor 1-38,text,true,,78,0,50,100,null,0,0,0
1736080972489,1,Update Rental Date,200,OK,Update Rental 3-49,text,true,,11,0,50,100,null,1,0,0
1736080972490,1,Update Rental Date,200,OK,Update Rental 3-20,text,true,,11,0,50,100,null,1,0,0
1736080972492,1,Update Rental Date,200,OK,Update Rental 3-15,text,true,,11,0,50,100,null,1,0,0
1736080972501,3,Update Rental Date,200,OK,Update Rental 3-19,text,true,,11,0,50,100,null,3,0,0
1736080972501,3,Update Rental Date,200,OK,Update Rental 3-48,text,true,,11,0,50,100,null,3,0,0
1736080972503,3,Update Rental Date,200,OK,Update Rental 3-22,text,true,,11,0,50,100,null,3,0,0
1736080972514,1,Select By Actor_ID,200,OK,Select Actor 1-12,text,true,,84,0,50,100,null,1,0,1
1736080972539,1,Select By Actor_ID,200,OK,Select Actor 1-36,text,true,,78,0,50,100,null,1,0,0
1736080972541,1,Select By Actor_ID,200,OK,Select Actor 1-11,text,true,,81,0,50,100,null,1,0,0
1736080972546,1,Select By Actor_ID,200,OK,Select Actor 1-15,text,true,,79,0,50,100,null,1,0,0
1736080972551,1,Select By Actor_ID,200,OK,Select Actor 1-29,text,true,,81,0,50,100,null,1,0,0
1736080972581,1,Update Rental Date,200,OK,Update Rental 3-7,text,true,,11,0,50,100,null,1,0,0
1736080972597,2,Update Rental Date,200,OK,Update Rental 3-32,text,true,,11,0,50,100,null,2,0,0
1736080972615,2,Update Rental Date,200,OK,Update Rental 3-31,text,true,,11,0,50,100,null,2,0,0
1736080972645,2,Update Rental Date,200,OK,Update Rental 3-39,text,true,,11,0,50,100,null,2,0,0
1736080972657,1,Select By Actor_ID,200,OK,Select Actor 1-39,text,true,,86,0,50,100,null,1,0,0
1736080972662,2,Update Rental Date,200,OK,Update Rental 3-23,text,true,,11,0,50,100,null,2,0,0
1736080972663,3,Update Rental Date,200,OK,Update Rental 3-12,text,true,,11,0,50,100,null,3,0,0
1736080972678,1,Select By Actor_ID,200,OK,Select Actor 1-25,text,true,,82,0,50,100,null,1,0,0
1736080972691,1,Select By Actor_ID,200,OK,Select Actor 1-27,text,true,,82,0,50,100,null,1,0,0
1736080972691,1,Select By Actor_ID,200,OK,Select Actor 1-33,text,true,,80,0,50,100,null,1,0,0
1736080972730,1,Select By Actor_ID,200,OK,Select Actor 1-20,text,true,,79,0,50,100,null,1,0,0
1736080972733,0,Select By Actor_ID,200,OK,Select Actor 1-19,text,true,,81,0,50,100,null,0,0,0
1736080972743,2,Update Rental Date,200,OK,Update Rental 3-45,text,true,,11,0,50,100,null,2,0,0
1736080972751,0,Select By Actor_ID,200,OK,Select Actor 1-46,text,true,,77,0,50,100,null,0,0,0
1736080972752,2,Update Rental Date,200,OK,Update Rental 3-1,text,true,,11,0,50,100,null,2,0,0
1736080972758,1,Select By Actor_ID,200,OK,Select Actor 1-2,text,true,,82,0,50,100,null,1,0,0
1736080972760,1,Select By Actor_ID,200,OK,Select Actor 1-3,text,true,,80,0,50,100,null,0,0,0
1736080972772,2,Update Rental Date,200,OK,Update Rental 3-17,text,true,,11,0,50,100,null,2,0,0
1736080972788,0,Select By Actor_ID,200,OK,Select Actor 1-44,text,true,,78,0,50,100,null,0,0,0
1736080972792,0,Select By Actor_ID,200,OK,Select Actor 1-8,text,true,,79,0,50,100,null,0,0,0
1736080972801,0,Select By Actor_ID,200,OK,Select Actor 1-37,text,true,,80,0,50,100,null,0,0,0
1736080972804,0,Select By Actor_ID,200,OK,Select Actor 1-9,text,true,,85,0,50,100,null,0,0,0
1736080972815,0,Select By Actor_ID,200,OK,Select Actor 1-42,text,true,,83,0,50,100,null,0,0,0
1736080972833,0,Select By Actor_ID,200,OK,Select Actor 1-32,text,true,,83,0,50,100,null,0,0,0
1736080972849,0,Select By Actor_ID,200,OK,Select Actor 1-7,text,true,,78,0,50,100,null,0,0,0
1736080972859,2,Update Rental Date,200,OK,Update Rental 3-26,text,true,,11,0,50,100,null,2,0,0
1736080972865,2,Update Rental Date,200,OK,Update Rental 3-11,text,true,,11,0,50,100,null,2,0,0
1736080972869,0,Select By Actor_ID,200,OK,Select Actor 1-22,text,true,,80,0,50,100,null,0,0,0
1736080972883,1,Select By Actor_ID,200,OK,Select Actor 1-14,text,true,,80,0,50,100,null,1,0,1
1736080972910,3,Update Rental Date,200,OK,Update Rental 3-43,text,true,,11,0,50,100,null,3,0,1
1736080972934,3,Update Rental Date,200,OK,Update Rental 3-13,text,true,,11,0,50,100,null,3,0,0
1736080972937,3,Update Rental Date,200,OK,Update Rental 3-5,text,true,,11,0,50,100,null,2,0,0
1736080972940,1,Select By Actor_ID,200,OK,Select Actor 1-40,text,true,,78,0,50,100,null,1,0,0
1736080972942,4,Update Rental Date,200,OK,Update Rental 3-14,text,true,,11,0,50,100,null,4,0,1
1736080972958,1,Select By Actor_ID,200,OK,Select Actor 1-35,text,true,,81,0,50,100,null,1,0,0
1736080972967,7,Update Rental Date,200,OK,Update Rental 3-47,text,true,,11,0,50,100,null,7,0,0
1736080972976,3,Update Rental Date,200,OK,Update Rental 3-46,text,true,,11,0,50,100,null,3,0,0
1736080972977,3,Update Rental Date,200,OK,Update Rental 3-34,text,true,,11,0,50,100,null,3,0,0
1736080972978,3,Update Rental Date,200,OK,Update Rental 3-9,text,true,,11,0,50,100,null,3,0,0
1736080972983,1,Select By Actor_ID,200,OK,Select Actor 1-17,text,true,,83,0,50,100,null,1,0,0
1736080972990,1,Select By Actor_ID,200,OK,Select Actor 1-10,text,true,,83,0,50,100,null,1,0,0
1736080972993,2,Update Rental Date,200,OK,Update Rental 3-38,text,true,,11,0,50,100,null,2,0,0
1736080973004,3,Update Rental Date,200,OK,Update Rental 3-8,text,true,,11,0,50,100,null,3,0,0
1736080973004,3,Update Rental Date,200,OK,Update Rental 3-27,text,true,,11,0,50,100,null,3,0,0
1736080973007,3,Update Rental Date,200,OK,Update Rental 3-18,text,true,,11,0,50,100,null,3,0,0
1736080973017,2,Update Rental Date,200,OK,Update Rental 3-24,text,true,,11,0,50,100,null,2,0,0
1736080973024,1,Select By Actor_ID,200,OK,Select Actor 1-13,text,true,,80,0,50,100,null,1,0,0
1736080973035,1,Select By Actor_ID,200,OK,Select Actor 1-31,text,true,,81,0,50,100,null,1,0,0
1736080973048,1,Select By Actor_ID,200,OK,Select Actor 1-18,text,true,,79,0,50,100,null,1,0,0
1736080973054,2,Update Rental Date,200,OK,Update Rental 3-40,text,true,,11,0,50,100,null,2,0,0
1736080973086,2,Update Rental Date,200,OK,Update Rental 3-50,text,true,,11,0,50,100,null,2,0,0
1736080973105,2,Update Rental Date,200,OK,Update Rental 3-19,text,true,,11,0,50,100,null,2,0,0
1736080973115,0,Select By Actor_ID,200,OK,Select Actor 1-23,text,true,,80,0,50,100,null,0,0,0
1736080973127,2,Update Rental Date,200,OK,Update Rental 3-37,text,true,,11,0,50,100,null,2,0,0
1736080973147,2,Update Rental Date,200,OK,Update Rental 3-36,text,true,,11,0,50,100,null,2,0,0
1736080973149,0,Select By Actor_ID,200,OK,Select Actor 1-5,text,true,,83,0,50,100,null,0,0,0
1736080973164,0,Select By Actor_ID,200,OK,Select Actor 1-45,text,true,,80,0,50,100,null,0,0,0
1736080973178,0,Select By Actor_ID,200,OK,Select Actor 1-6,text,true,,85,0,50,100,null,0,0,0
1736080973181,2,Update Rental Date,200,OK,Update Rental 3-25,text,true,,11,0,50,100,null,2,0,0
1736080973189,2,Update Rental Date,200,OK,Update Rental 3-10,text,true,,11,0,50,100,null,1,0,0
1736080973199,1,Select By Actor_ID,200,OK,Select Actor 1-4,text,true,,82,0,50,100,null,1,0,0
1736080973230,1,Select By Actor_ID,200,OK,Select Actor 1-50,text,true,,83,0,50,100,null,1,0,0
1736080973222,11,Update Rental Date,200,OK,Update Rental 3-29,text,true,,11,0,50,100,null,11,0,0
1736080973240,0,Select By Actor_ID,200,OK,Select Actor 1-12,text,true,,80,0,50,100,null,0,0,0
1736080973271,1,Select By Actor_ID,200,OK,Select Actor 1-41,text,true,,81,0,50,100,null,1,0,1
1736080973274,3,Update Rental Date,200,OK,Update Rental 3-4,text,true,,11,0,50,100,null,3,0,1
1736080973283,1,Select By Actor_ID,200,OK,Select Actor 1-48,text,true,,77,0,50,100,null,1,0,0
1736080973296,1,Select By Actor_ID,200,OK,Select Actor 1-49,text,true,,80,0,50,100,null,1,0,0
1736080973298,1,Select By Actor_ID,200,OK,Select Actor 1-11,text,true,,83,0,50,100,null,1,0,0
1736080973298,1,Select By Actor_ID,200,OK,Select Actor 1-34,text,true,,83,0,50,100,null,1,0,0
1736080973299,3,Update Rental Date,200,OK,Update Rental 3-17,text,true,,11,0,50,100,null,3,0,0
1736080973305,2,Select By Actor_ID,200,OK,Select Actor 1-39,text,true,,81,0,50,100,null,2,0,0
1736080973320,2,Select By Actor_ID,200,OK,Select Actor 1-21,text,true,,86,0,50,100,null,1,0,0
1736080973326,3,Update Rental Date,200,OK,Update Rental 3-6,text,true,,11,0,50,100,null,3,0,0
1736080973342,1,Select By Actor_ID,200,OK,Select Actor 1-30,text,true,,84,0,50,100,null,1,0,0
1736080973343,2,Update Rental Date,200,OK,Update Rental 3-31,text,true,,11,0,50,100,null,2,0,0
1736080973350,1,Select By Actor_ID,200,OK,Select Actor 1-28,text,true,,83,0,50,100,null,1,0,0
1736080973361,1,Select By Actor_ID,200,OK,Select Actor 1-19,text,true,,82,0,50,100,null,1,0,0
1736080973363,2,Update Rental Date,200,OK,Update Rental 3-45,text,true,,11,0,50,100,null,2,0,0
1736080973367,3,Update Rental Date,200,OK,Update Rental 3-44,text,true,,11,0,50,100,null,2,0,0
1736080973371,1,Select By Actor_ID,200,OK,Select Actor 1-43,text,true,,79,0,50,100,null,1,0,0
1736080973370,3,Update Rental Date,200,OK,Update Rental 3-39,text,true,,11,0,50,100,null,2,0,0
1736080973420,2,Update Rental Date,200,OK,Update Rental 3-48,text,true,,11,0,50,100,null,2,0,0
1736080973424,1,Select By Actor_ID,200,OK,Select Actor 1-46,text,true,,81,0,50,100,null,1,0,0
1736080973425,2,Update Rental Date,200,OK,Update Rental 3-3,text,true,,11,0,50,100,null,2,0,0
1736080973427,1,Select By Actor_ID,200,OK,Select Actor 1-33,text,true,,84,0,50,100,null,1,0,0
1736080973437,2,Update Rental Date,200,OK,Update Rental 3-30,text,true,,11,0,50,100,null,2,0,0
1736080973444,2,Update Rental Date,200,OK,Update Rental 3-22,text,true,,11,0,50,100,null,2,0,0
1736080973453,2,Update Rental Date,200,OK,Update Rental 3-13,text,true,,11,0,50,100,null,2,0,0
1736080973455,3,Update Rental Date,200,OK,Update Rental 3-21,text,true,,11,0,50,100,null,3,0,0
1736080973457,1,Select By Actor_ID,200,OK,Select Actor 1-14,text,true,,80,0,50,100,null,1,0,0
1736080973462,3,Update Rental Date,200,OK,Update Rental 3-35,text,true,,11,0,50,100,null,3,0,0
1736080973475,1,Select By Actor_ID,200,OK,Select Actor 1-38,text,true,,80,0,50,100,null,1,0,0
1736080973510,2,Update Rental Date,200,OK,Update Rental 3-20,text,true,,11,0,50,100,null,2,0,0
1736080973518,2,Update Rental Date,200,OK,Update Rental 3-23,text,true,,11,0,50,100,null,2,0,0
1736080973546,2,Update Rental Date,200,OK,Update Rental 3-27,text,true,,11,0,50,100,null,2,0,0
1736080973561,2,Update Rental Date,200,OK,Update Rental 3-16,text,true,,11,0,50,100,null,2,0,0
1736080973568,0,Select By Actor_ID,200,OK,Select Actor 1-1,text,true,,80,0,50,100,null,0,0,0
1736080973581,1,Select By Actor_ID,200,OK,Select Actor 1-42,text,true,,84,0,50,100,null,1,0,0
1736080973587,2,Update Rental Date,200,OK,Update Rental 3-32,text,true,,11,0,50,100,null,2,0,0
1736080973594,2,Update Rental Date,200,OK,Update Rental 3-41,text,true,,11,0,50,100,null,2,0,0
1736080973607,2,Update Rental Date,200,OK,Update Rental 3-38,text,true,,11,0,50,100,null,2,0,0
1736080973642,2,Update Rental Date,200,OK,Update Rental 3-40,text,true,,11,0,50,100,null,2,0,0
1736080973644,2,Update Rental Date,200,OK,Update Rental 3-33,text,true,,11,0,50,100,null,2,0,0
1736080973647,1,Select By Actor_ID,200,OK,Select Actor 1-47,text,true,,83,0,50,100,null,0,0,0
1736080973655,2,Update Rental Date,200,OK,Update Rental 3-36,text,true,,11,0,50,100,null,2,0,0
1736080973659,1,Select By Actor_ID,200,OK,Select Actor 1-27,text,true,,84,0,50,100,null,1,0,0
1736080973673,1,Select By Actor_ID,200,OK,Select Actor 1-45,text,true,,80,0,50,100,null,0,0,0
1736080973678,2,Update Rental Date,200,OK,Update Rental 3-9,text,true,,11,0,50,100,null,2,0,0
1736080973685,0,Select By Actor_ID,200,OK,Select Actor 1-7,text,true,,82,0,50,100,null,0,0,0
1736080973710,1,Select By Actor_ID,200,OK,Select Actor 1-15,text,true,,84,0,50,100,null,1,0,1
1736080973711,1,Select By Actor_ID,200,OK,Select Actor 1-29,text,true,,78,0,50,100,null,1,0,1
1736080973723,1,Select By Actor_ID,200,OK,Select Actor 1-17,text,true,,81,0,50,100,null,1,0,0
1736080973732,3,Update Rental Date,200,OK,Update Rental 3-37,text,true,,11,0,50,100,null,3,0,0
1736080973737,3,Update Rental Date,200,OK,Update Rental 3-49,text,true,,11,0,50,100,null,3,0,0
1736080973743,1,Select By Actor_ID,200,OK,Select Actor 1-31,text,true,,79,0,50,100,null,1,0,0
1736080973748,2,Update Rental Date,200,OK,Update Rental 3-1,text,true,,11,0,50,100,null,2,0,0
1736080973751,1,Select By Actor_ID,200,OK,Select Actor 1-16,text,true,,80,0,50,100,null,1,0,0
1736080973750,2,Update Rental Date,200,OK,Update Rental 3-47,text,true,,11,0,50,100,null,2,0,0
1736080973758,1,Select By Actor_ID,200,OK,Select Actor 1-50,text,true,,84,0,50,100,null,1,0,0
1736080973768,2,Update Rental Date,200,OK,Update Rental 3-11,text,true,,11,0,50,100,null,2,0,0
1736080973773,2,Update Rental Date,200,OK,Update Rental 3-18,text,true,,11,0,50,100,null,2,0,0
1736080973773,3,Update Rental Date,200,OK,Update Rental 3-24,text,true,,11,0,50,100,null,3,0,0
1736080973784,2,Update Rental Date,200,OK,Update Rental 3-26,text,true,,11,0,50,100,null,2,0,0
1736080973801,1,Select By Actor_ID,200,OK,Select Actor 1-24,text,true,,82,0,50,100,null,1,0,0
1736080973803,2,Update Rental Date,200,OK,Update Rental 3-2,text,true,,11,0,50,100,null,2,0,0
1736080973810,1,Select By Actor_ID,200,OK,Select Actor 1-40,text,true,,79,0,50,100,null,1,0,0
1736080973822,1,Select By Actor_ID,200,OK,Select Actor 1-26,text,true,,81,0,50,100,null,1,0,0
1736080973827,1,Select By Actor_ID,200,OK,Select Actor 1-9,text,true,,78,0,50,100,null,1,0,0
1736080973833,2,Update Rental Date,200,OK,Update Rental 3-28,text,true,,11,0,50,100,null,2,0,0
1736080973837,1,Select By Actor_ID,200,OK,Select Actor 1-25,text,true,,80,0,50,100,null,1,0,0
1736080973856,2,Update Rental Date,200,OK,Update Rental 3-42,text,true,,11,0,50,100,null,2,0,0
1736080973936,1,Select By Actor_ID,200,OK,Select Actor 1-44,text,true,,79,0,50,100,null,1,0,0
1736080973936,2,Update Rental Date,200,OK,Update Rental 3-19,text,true,,11,0,50,100,null,2,0,0
1736080973942,1,Select By Actor_ID,200,OK,Select Actor 1-20,text,true,,84,0,50,100,null,0,0,0
1736080973942,1,Select By Actor_ID,200,OK,Select Actor 1-11,text,true,,78,0,50,100,null,0,0,0
1736080973956,1,Select By Actor_ID,200,OK,Select Actor 1-10,text,true,,81,0,50,100,null,1,0,0
1736080973962,1,Select By Actor_ID,200,OK,Select Actor 1-37,text,true,,80,0,50,100,null,1,0,0
1736080973976,2,Update Rental Date,200,OK,Update Rental 3-15,text,true,,11,0,50,100,null,2,0,0
1736080974007,2,Update Rental Date,200,OK,Update Rental 3-8,text,true,,11,0,50,100,null,2,0,0
1736080974016,1,Select By Actor_ID,200,OK,Select Actor 1-2,text,true,,83,0,50,100,null,1,0,0
1736080974019,0,Select By Actor_ID,200,OK,Select Actor 1-36,text,true,,79,0,50,100,null,0,0,0
1736080974020,1,Select By Actor_ID,200,OK,Select Actor 1-6,text,true,,82,0,50,100,null,1,0,0
1736080974033,3,Update Rental Date,200,OK,Update Rental 3-7,text,true,,11,0,50,100,null,3,0,0
1736080974046,2,Update Rental Date,200,OK,Update Rental 3-12,text,true,,11,0,50,100,null,2,0,0
1736080974053,0,Select By Actor_ID,200,OK,Select Actor 1-32,text,true,,81,0,50,100,null,0,0,0
1736080974090,1,Select By Actor_ID,200,OK,Select Actor 1-3,text,true,,81,0,50,100,null,1,0,0
1736080974093,3,Update Rental Date,200,OK,Update Rental 3-46,text,true,,11,0,50,100,null,3,0,1
1736080974104,2,Update Rental Date,200,OK,Update Rental 3-14,text,true,,11,0,50,100,null,2,0,0
1736080974129,1,Select By Actor_ID,200,OK,Select Actor 1-41,text,true,,82,0,50,100,null,1,0,0
1736080974129,1,Select By Actor_ID,200,OK,Select Actor 1-12,text,true,,83,0,50,100,null,1,0,0
1736080974128,2,Update Rental Date,200,OK,Update Rental 3-39,text,true,,11,0,50,100,null,2,0,0
1736080974162,1,Select By Actor_ID,200,OK,Select Actor 1-18,text,true,,81,0,50,100,null,1,0,0
1736080974171,1,Select By Actor_ID,200,OK,Select Actor 1-35,text,true,,84,0,50,100,null,1,0,0
1736080974189,2,Update Rental Date,200,OK,Update Rental 3-16,text,true,,11,0,50,100,null,2,0,0
1736080974192,1,Select By Actor_ID,200,OK,Select Actor 1-43,text,true,,79,0,50,100,null,1,0,0
1736080974191,2,Update Rental Date,200,OK,Update Rental 3-44,text,true,,11,0,50,100,null,2,0,0
1736080974192,2,Update Rental Date,200,OK,Update Rental 3-50,text,true,,11,0,50,100,null,2,0,0
1736080974218,2,Update Rental Date,200,OK,Update Rental 3-5,text,true,,11,0,50,100,null,2,0,0
1736080974229,1,Select By Actor_ID,200,OK,Select Actor 1-23,text,true,,80,0,50,100,null,1,0,0
1736080974238,1,Select By Actor_ID,200,OK,Select Actor 1-17,text,true,,80,0,50,100,null,1,0,0
1736080974241,2,Update Rental Date,200,OK,Update Rental 3-49,text,true,,11,0,50,100,null,2,0,0
1736080974249,1,Select By Actor_ID,200,OK,Select Actor 1-33,text,true,,80,0,50,100,null,1,0,0
1736080974249,2,Update Rental Date,200,OK,Update Rental 3-48,text,true,,11,0,50,100,null,2,0,0
1736080974253,1,Select By Actor_ID,200,OK,Select Actor 1-5,text,true,,80,0,50,100,null,1,0,0
1736080974264,1,Select By Actor_ID,200,OK,Select Actor 1-1,text,true,,86,0,50,100,null,1,0,0
1736080974269,1,Select By Actor_ID,200,OK,Select Actor 1-8,text,true,,84,0,50,100,null,1,0,0
1736080974273,1,Select By Actor_ID,200,OK,Select Actor 1-39,text,true,,77,0,50,100,null,1,0,0
1736080974274,1,Select By Actor_ID,200,OK,Select Actor 1-50,text,true,,82,0,50,100,null,1,0,0
1736080974275,2,Update Rental Date,200,OK,Update Rental 3-1,text,true,,11,0,50,100,null,2,0,0
1736080974278,2,Update Rental Date,200,OK,Update Rental 3-20,text,true,,11,0,50,100,null,2,0,0
1736080974285,1,Select By Actor_ID,200,OK,Select Actor 1-22,text,true,,80,0,50,100,null,0,0,0
1736080974296,2,Update Rental Date,200,OK,Update Rental 3-43,text,true,,11,0,50,100,null,2,0,0
1736080974301,2,Update Rental Date,200,OK,Update Rental 3-45,text,true,,11,0,50,100,null,2,0,0
1736080974349,2,Update Rental Date,200,OK,Update Rental 3-4,text,true,,11,0,50,100,null,2,0,0
1736080974361,0,Select By Actor_ID,200,OK,Select Actor 1-38,text,true,,82,0,50,100,null,0,0,0
1736080974370,0,Select By Actor_ID,200,OK,Select Actor 1-31,text,true,,78,0,50,100,null,0,0,0
1736080974370,0,Select By Actor_ID,200,OK,Select Actor 1-25,text,true,,79,0,50,100,null,0,0,0
1736080974377,0,Select By Actor_ID,200,OK,Select Actor 1-21,text,true,,86,0,50,100,null,0,0,0
1736080974407,2,Update Rental Date,200,OK,Update Rental 3-34,text,true,,11,0,50,100,null,2,0,0
1736080974422,0,Select By Actor_ID,200,OK,Select Actor 1-48,text,true,,80,0,50,100,null,0,0,0
1736080974421,2,Update Rental Date,200,OK,Update Rental 3-27,text,true,,11,0,50,100,null,2,0,0
1736080974425,1,Update Rental Date,200,OK,Update Rental 3-6,text,true,,11,0,50,100,null,1,0,0
1736080974426,1,Update Rental Date,200,OK,Update Rental 3-22,text,true,,11,0,50,100,null,1,0,0
1736080974448,0,Select By Actor_ID,200,OK,Select Actor 1-19,text,true,,88,0,50,100,null,0,0,0
1736080974483,2,Update Rental Date,200,OK,Update Rental 3-37,text,true,,11,0,50,100,null,2,0,0
1736080974487,1,Select By Actor_ID,200,OK,Select Actor 1-13,text,true,,83,0,50,100,null,1,0,0
1736080974498,1,Select By Actor_ID,200,OK,Select Actor 1-14,text,true,,83,0,50,100,null,1,0,0
1736080974506,1,Select By Actor_ID,200,OK,Select Actor 1-4,text,true,,81,0,50,100,null,1,0,0
1736080974512,1,Select By Actor_ID,200,OK,Select Actor 1-11,text,true,,81,0,50,100,null,1,0,0
1736080974514,1,Select By Actor_ID,200,OK,Select Actor 1-7,text,true,,83,0,50,100,null,1,0,0
1736080974526,1,Select By Actor_ID,200,OK,Select Actor 1-42,text,true,,79,0,50,100,null,1,0,0
1736080974527,1,Select By Actor_ID,200,OK,Select Actor 1-30,text,true,,82,0,50,100,null,1,0,0
1736080974532,3,Update Rental Date,200,OK,Update Rental 3-42,text,true,,11,0,50,100,null,3,0,0
1736080974535,3,Update Rental Date,200,OK,Update Rental 3-13,text,true,,11,0,50,100,null,2,0,0
1736080974561,2,Update Rental Date,200,OK,Update Rental 3-26,text,true,,11,0,50,100,null,2,0,0
1736080974571,2,Update Rental Date,200,OK,Update Rental 3-12,text,true,,11,0,50,100,null,2,0,0
1736080974573,1,Select By Actor_ID,200,OK,Select Actor 1-28,text,true,,80,0,50,100,null,1,0,0
1736080974579,2,Update Rental Date,200,OK,Update Rental 3-40,text,true,,11,0,50,100,null,2,0,0
1736080974587,2,Update Rental Date,200,OK,Update Rental 3-25,text,true,,11,0,50,100,null,2,0,0
1736080974600,2,Update Rental Date,200,OK,Update Rental 3-10,text,true,,11,0,50,100,null,2,0,0
1736080974605,2,Update Rental Date,200,OK,Update Rental 3-23,text,true,,11,0,50,100,null,2,0,0
1736080974627,2,Update Rental Date,200,OK,Update Rental 3-32,text,true,,11,0,50,100,null,2,0,0
1736080974636,1,Select By Actor_ID,200,OK,Select Actor 1-36,text,true,,80,0,50,100,null,1,0,0
1736080974643,1,Select By Actor_ID,200,OK,Select Actor 1-34,text,true,,80,0,50,100,null,1,0,0
1736080974644,2,Update Rental Date,200,OK,Update Rental 3-17,text,true,,11,0,50,100,null,2,0,0
1736080974655,2,Update Rental Date,200,OK,Update Rental 3-47,text,true,,11,0,50,100,null,2,0,0
1736080974666,1,Select By Actor_ID,200,OK,Select Actor 1-41,text,true,,84,0,50,100,null,0,0,0
1736080974668,0,Select By Actor_ID,200,OK,Select Actor 1-2,text,true,,81,0,50,100,null,0,0,0
1736080974672,2,Update Rental Date,200,OK,Update Rental 3-9,text,true,,11,0,50,100,null,2,0,0
1736080974691,0,Select By Actor_ID,200,OK,Select Actor 1-46,text,true,,79,0,50,100,null,0,0,0
1736080974707,2,Update Rental Date,200,OK,Update Rental 3-33,text,true,,11,0,50,100,null,2,0,0
1736080974709,0,Select By Actor_ID,200,OK,Select Actor 1-10,text,true,,81,0,50,100,null,0,0,0
1736080974729,2,Update Rental Date,200,OK,Update Rental 3-29,text,true,,11,0,50,100,null,2,0,0
1736080974737,1,Update Rental Date,200,OK,Update Rental 3-21,text,true,,11,0,50,100,null,1,0,0
1736080974742,0,Select By Actor_ID,200,OK,Select Actor 1-15,text,true,,80,0,50,100,null,0,0,0
1736080974746,2,Update Rental Date,200,OK,Update Rental 3-24,text,true,,11,0,50,100,null,2,0,0
1736080974748,2,Update Rental Date,200,OK,Update Rental 3-30,text,true,,11,0,50,100,null,2,0,0
1736080974766,0,Select By Actor_ID,200,OK,Select Actor 1-49,text,true,,81,0,50,100,null,0,0,0
1736080974766,0,Select By Actor_ID,200,OK,Select Actor 1-37,text,true,,78,0,50,100,null,0,0,0
1736080974769,0,Select By Actor_ID,200,OK,Select Actor 1-20,text,true,,77,0,50,100,null,0,0,0
1736080974782,0,Select By Actor_ID,200,OK,Select Actor 1-18,text,true,,79,0,50,100,null,0,0,0
1736080974782,2,Update Rental Date,200,OK,Update Rental 3-8,text,true,,11,0,50,100,null,2,0,0
1736080974785,2,Update Rental Date,200,OK,Update Rental 3-3,text,true,,11,0,50,100,null,2,0,0
1736080974794,1,Select By Actor_ID,200,OK,Select Actor 1-33,text,true,,83,0,50,100,null,1,0,0
1736080974793,2,Update Rental Date,200,OK,Update Rental 3-31,text,true,,11,0,50,100,null,2,0,0
1736080974799,1,Select By Actor_ID,200,OK,Select Actor 1-47,text,true,,81,0,50,100,null,1,0,0
1736080974831,2,Update Rental Date,200,OK,Update Rental 3-49,text,true,,11,0,50,100,null,2,0,0
1736080974890,3,Update Rental Date,200,OK,Update Rental 3-19,text,true,,11,0,50,100,null,3,0,0
1736080974903,1,Select By Actor_ID,200,OK,Select Actor 1-40,text,true,,83,0,50,100,null,1,0,0
1736080974906,3,Update Rental Date,200,OK,Update Rental 3-28,text,true,,11,0,50,100,null,3,0,0
1736080974922,1,Select By Actor_ID,200,OK,Select Actor 1-23,text,true,,79,0,50,100,null,1,0,0
1736080974925,2,Update Rental Date,200,OK,Update Rental 3-35,text,true,,11,0,50,100,null,2,0,0
1736080974940,2,Update Rental Date,200,OK,Update Rental 3-38,text,true,,11,0,50,100,null,2,0,0
1736080974945,2,Update Rental Date,200,OK,Update Rental 3-16,text,true,,11,0,50,100,null,2,0,0
1736080974950,1,Select By Actor_ID,200,OK,Select Actor 1-9,text,true,,85,0,50,100,null,1,0,0
1736080974957,1,Select By Actor_ID,200,OK,Select Actor 1-29,text,true,,83,0,50,100,null,1,0,0
1736080974970,1,Select By Actor_ID,200,OK,Select Actor 1-45,text,true,,79,0,50,100,null,1,0,0
1736080974973,1,Select By Actor_ID,200,OK,Select Actor 1-21,text,true,,80,0,50,100,null,1,0,0
1736080974977,1,Select By Actor_ID,200,OK,Select Actor 1-27,text,true,,80,0,50,100,null,1,0,0
1736080974977,3,Update Rental Date,200,OK,Update Rental 3-45,text,true,,11,0,50,100,null,3,0,0
1736080974982,2,Update Rental Date,200,OK,Update Rental 3-14,text,true,,11,0,50,100,null,2,0,0
1736080974991,2,Update Rental Date,200,OK,Update Rental 3-48,text,true,,11,0,50,100,null,2,0,0
1736080974999,1,Select By Actor_ID,200,OK,Select Actor 1-24,text,true,,80,0,50,100,null,1,0,0
1736080975008,1,Select By Actor_ID,200,OK,Select Actor 1-13,text,true,,80,0,50,100,null,1,0,0
1736080975020,1,Select By Actor_ID,200,OK,Select Actor 1-7,text,true,,80,0,50,100,null,1,0,0
1736080975055,1,Select By Actor_ID,200,OK,Select Actor 1-32,text,true,,76,0,50,100,null,1,0,0
1736080975056,1,Select By Actor_ID,200,OK,Select Actor 1-48,text,true,,81,0,50,100,null,0,0,0
1736080975063,2,Update Rental Date,200,OK,Update Rental 3-41,text,true,,11,0,50,100,null,2,0,0
1736080975075,2,Update Rental Date,200,OK,Update Rental 3-50,text,true,,11,0,50,100,null,2,0,0
1736080975088,2,Update Rental Date,200,OK,Update Rental 3-36,text,true,,11,0,50,100,null,2,0,0
1736080975095,2,Update Rental Date,200,OK,Update Rental 3-20,text,true,,11,0,50,100,null,2,0,0
1736080975116,1,Select By Actor_ID,200,OK,Select Actor 1-39,text,true,,79,0,50,100,null,0,0,0
1736080975118,0,Select By Actor_ID,200,OK,Select Actor 1-31,text,true,,81,0,50,100,null,0,0,0
1736080975122,0,Select By Actor_ID,200,OK,Select Actor 1-3,text,true,,80,0,50,100,null,0,0,0
1736080975129,2,Update Rental Date,200,OK,Update Rental 3-11,text,true,,11,0,50,100,null,2,0,0
1736080975132,2,Update Rental Date,200,OK,Update Rental 3-2,text,true,,11,0,50,100,null,2,0,0
1736080975151,0,Select By Actor_ID,200,OK,Select Actor 1-16,text,true,,82,0,50,100,null,0,0,0
1736080975170,2,Update Rental Date,200,OK,Update Rental 3-23,text,true,,11,0,50,100,null,2,0,0
1736080975182,2,Update Rental Date,200,OK,Update Rental 3-39,text,true,,11,0,50,100,null,2,0,0
1736080975183,2,Update Rental Date,200,OK,Update Rental 3-34,text,true,,11,0,50,100,null,2,0,0
1736080975230,3,Update Rental Date,200,OK,Update Rental 3-18,text,true,,11,0,50,100,null,3,0,0
1736080975252,2,Update Rental Date,200,OK,Update Rental 3-1,text,true,,11,0,50,100,null,2,0,0
1736080975261,1,Select By Actor_ID,200,OK,Select Actor 1-26,text,true,,81,0,50,100,null,1,0,0
1736080975295,0,Select By Actor_ID,200,OK,Select Actor 1-34,text,true,,81,0,50,100,null,0,0,0
1736080975307,0,Select By Actor_ID,200,OK,Select Actor 1-6,text,true,,79,0,50,100,null,0,0,0
1736080975315,0,Select By Actor_ID,200,OK,Select Actor 1-4,text,true,,82,0,50,100,null,0,0,0
1736080975330,2,Update Rental Date,200,OK,Update Rental 3-7,text,true,,11,0,50,100,null,2,0,0
1736080975333,3,Update Rental Date,200,OK,Update Rental 3-46,text,true,,11,0,50,100,null,3,0,1
1736080975336,3,Update Rental Date,200,OK,Update Rental 3-4,text,true,,11,0,50,100,null,2,0,1
1736080975344,4,Update Rental Date,200,OK,Update Rental 3-9,text,true,,11,0,50,100,null,4,0,0
1736080975355,0,Select By Actor_ID,200,OK,Select Actor 1-30,text,true,,79,0,50,100,null,0,0,0
1736080975366,3,Update Rental Date,200,OK,Update Rental 3-33,text,true,,11,0,50,100,null,3,0,0
1736080975370,1,Select By Actor_ID,200,OK,Select Actor 1-44,text,true,,88,0,50,100,null,1,0,0
1736080975377,1,Select By Actor_ID,200,OK,Select Actor 1-8,text,true,,80,0,50,100,null,1,0,0
1736080975379,2,Update Rental Date,200,OK,Update Rental 3-47,text,true,,11,0,50,100,null,2,0,0
1736080975404,3,Update Rental Date,200,OK,Update Rental 3-40,text,true,,11,0,50,100,null,2,0,0
1736080975411,2,Update Rental Date,200,OK,Update Rental 3-37,text,true,,11,0,50,100,null,2,0,0
1736080975424,1,Select By Actor_ID,200,OK,Select Actor 1-38,text,true,,81,0,50,100,null,1,0,0
1736080975425,1,Select By Actor_ID,200,OK,Select Actor 1-1,text,true,,79,0,50,100,null,1,0,0
1736080975430,2,Update Rental Date,200,OK,Update Rental 3-15,text,true,,11,0,50,100,null,2,0,0
1736080975439,1,Select By Actor_ID,200,OK,Select Actor 1-10,text,true,,76,0,50,100,null,1,0,0
1736080975438,2,Update Rental Date,200,OK,Update Rental 3-29,text,true,,11,0,50,100,null,2,0,0
1736080975457,1,Select By Actor_ID,200,OK,Select Actor 1-15,text,true,,80,0,50,100,null,1,0,0
1736080975457,2,Update Rental Date,200,OK,Update Rental 3-43,text,true,,11,0,50,100,null,2,0,0
1736080975460,1,Select By Actor_ID,200,OK,Select Actor 1-33,text,true,,81,0,50,100,null,1,0,0
1736080975466,1,Select By Actor_ID,200,OK,Select Actor 1-9,text,true,,83,0,50,100,null,1,0,0
1736080975469,1,Select By Actor_ID,200,OK,Select Actor 1-25,text,true,,81,0,50,100,null,1,0,0
1736080975468,2,Update Rental Date,200,OK,Update Rental 3-16,text,true,,11,0,50,100,null,2,0,0
1736080975473,2,Update Rental Date,200,OK,Update Rental 3-6,text,true,,11,0,50,100,null,2,0,0
1736080975475,1,Select By Actor_ID,200,OK,Select Actor 1-35,text,true,,80,0,50,100,null,1,0,0
1736080975493,2,Update Rental Date,200,OK,Update Rental 3-21,text,true,,11,0,50,100,null,2,0,0
1736080975499,1,Select By Actor_ID,200,OK,Select Actor 1-5,text,true,,80,0,50,100,null,1,0,0
1736080975517,1,Select By Actor_ID,200,OK,Select Actor 1-43,text,true,,78,0,50,100,null,1,0,0
1736080975525,2,Update Rental Date,200,OK,Update Rental 3-31,text,true,,11,0,50,100,null,2,0,0
1736080975554,2,Update Rental Date,200,OK,Update Rental 3-32,text,true,,11,0,50,100,null,2,0,0
1736080975570,1,Select By Actor_ID,200,OK,Select Actor 1-14,text,true,,82,0,50,100,null,0,0,0
1736080975572,0,Select By Actor_ID,200,OK,Select Actor 1-41,text,true,,78,0,50,100,null,0,0,0
1736080975581,2,Update Rental Date,200,OK,Update Rental 3-50,text,true,,11,0,50,100,null,2,0,0
1736080975597,0,Select By Actor_ID,200,OK,Select Actor 1-12,text,true,,79,0,50,100,null,0,0,0
1736080975604,0,Select By Actor_ID,200,OK,Select Actor 1-37,text,true,,80,0,50,100,null,0,0,0
1736080975605,0,Select By Actor_ID,200,OK,Select Actor 1-46,text,true,,79,0,50,100,null,0,0,0
1736080975621,0,Select By Actor_ID,200,OK,Select Actor 1-49,text,true,,82,0,50,100,null,0,0,0
1736080975624,0,Select By Actor_ID,200,OK,Select Actor 1-36,text,true,,81,0,50,100,null,0,0,0
1736080975637,2,Update Rental Date,200,OK,Update Rental 3-44,text,true,,11,0,50,100,null,2,0,0
1736080975648,1,Update Rental Date,200,OK,Update Rental 3-5,text,true,,11,0,50,100,null,1,0,0
1736080975651,2,Update Rental Date,200,OK,Update Rental 3-25,text,true,,11,0,50,100,null,2,0,0
1736080975659,0,Select By Actor_ID,200,OK,Select Actor 1-11,text,true,,80,0,50,100,null,0,0,0
1736080975667,2,Update Rental Date,200,OK,Update Rental 3-12,text,true,,11,0,50,100,null,2,0,0
1736080975715,1,Select By Actor_ID,200,OK,Select Actor 1-17,text,true,,83,0,50,100,null,1,0,0
1736080975722,3,Update Rental Date,200,OK,Update Rental 3-28,text,true,,11,0,50,100,null,3,0,0
1736080975732,1,Select By Actor_ID,200,OK,Select Actor 1-19,text,true,,85,0,50,100,null,1,0,0
1736080975733,1,Select By Actor_ID,200,OK,Select Actor 1-50,text,true,,82,0,50,100,null,1,0,0
1736080975735,2,Update Rental Date,200,OK,Update Rental 3-38,text,true,,11,0,50,100,null,2,0,0
1736080975744,2,Update Rental Date,200,OK,Update Rental 3-48,text,true,,11,0,50,100,null,2,0,0
1736080975751,1,Select By Actor_ID,200,OK,Select Actor 1-22,text,true,,79,0,50,100,null,1,0,0
1736080975752,2,Update Rental Date,200,OK,Update Rental 3-27,text,true,,11,0,50,100,null,2,0,0
1736080975780,1,Select By Actor_ID,200,OK,Select Actor 1-42,text,true,,84,0,50,100,null,1,0,0
1736080975779,2,Update Rental Date,200,OK,Update Rental 3-26,text,true,,11,0,50,100,null,2,0,0
1736080975795,2,Update Rental Date,200,OK,Update Rental 3-13,text,true,,11,0,50,100,null,2,0,0
1736080975805,3,Update Rental Date,200,OK,Update Rental 3-8,text,true,,11,0,50,100,null,3,0,0
1736080975830,1,Select By Actor_ID,200,OK,Select Actor 1-28,text,true,,79,0,50,100,null,1,0,0
1736080975829,2,Update Rental Date,200,OK,Update Rental 3-19,text,true,,11,0,50,100,null,2,0,0
1736080975859,2,Update Rental Date,200,OK,Update Rental 3-23,text,true,,11,0,50,100,null,2,0,0
1736080975862,2,Update Rental Date,200,OK,Update Rental 3-4,text,true,,11,0,50,100,null,2,0,0
1736080975865,2,Update Rental Date,200,OK,Update Rental 3-17,text,true,,11,0,50,100,null,2,0,0
1736080975886,1,Select By Actor_ID,200,OK,Select Actor 1-2,text,true,,76,0,50,100,null,1,0,0
1736080975891,2,Update Rental Date,200,OK,Update Rental 3-22,text,true,,11,0,50,100,null,2,0,0
1736080975893,2,Update Rental Date,200,OK,Update Rental 3-10,text,true,,11,0,50,100,null,2,0,0
1736080975941,3,Update Rental Date,200,OK,Update Rental 3-3,text,true,,11,0,50,100,null,3,0,0
1736080975950,2,Update Rental Date,200,OK,Update Rental 3-47,text,true,,11,0,50,100,null,2,0,0
1736080975975,1,Select By Actor_ID,200,OK,Select Actor 1-39,text,true,,80,0,50,100,null,1,0,0
1736080975976,0,Select By Actor_ID,200,OK,Select Actor 1-10,text,true,,82,0,50,100,null,0,0,0
1736080975989,2,Update Rental Date,200,OK,Update Rental 3-37,text,true,,11,0,50,100,null,2,0,0
1736080975992,1,Select By Actor_ID,200,OK,Select Actor 1-21,text,true,,81,0,50,100,null,0,0,0
1736080976005,2,Update Rental Date,200,OK,Update Rental 3-42,text,true,,11,0,50,100,null,2,0,0
1736080976033,0,Select By Actor_ID,200,OK,Select Actor 1-9,text,true,,81,0,50,100,null,0,0,0
1736080976040,2,Update Rental Date,200,OK,Update Rental 3-14,text,true,,11,0,50,100,null,2,0,0
1736080976056,0,Select By Actor_ID,200,OK,Select Actor 1-13,text,true,,78,0,50,100,null,0,0,0
1736080976058,1,Update Rental Date,200,OK,Update Rental 3-21,text,true,,11,0,50,100,null,1,0,0
1736080976065,1,Update Rental Date,200,OK,Update Rental 3-46,text,true,,11,0,50,100,null,1,0,0
1736080976071,1,Update Rental Date,200,OK,Update Rental 3-43,text,true,,11,0,50,100,null,1,0,0
1736080976079,0,Select By Actor_ID,200,OK,Select Actor 1-25,text,true,,84,0,50,100,null,0,0,0
1736080976089,1,Select By Actor_ID,200,OK,Select Actor 1-40,text,true,,81,0,50,100,null,1,0,1
1736080976101,3,Update Rental Date,200,OK,Update Rental 3-30,text,true,,11,0,50,100,null,3,0,0
1736080976112,2,Select By Actor_ID,200,OK,Select Actor 1-6,text,true,,82,0,50,100,null,1,0,0
1736080976133,3,Update Rental Date,200,OK,Update Rental 3-35,text,true,,11,0,50,100,null,3,0,0
1736080976134,3,Update Rental Date,200,OK,Update Rental 3-49,text,true,,11,0,50,100,null,3,0,0
1736080976146,1,Select By Actor_ID,200,OK,Select Actor 1-32,text,true,,80,0,50,100,null,1,0,0
1736080976155,2,Update Rental Date,200,OK,Update Rental 3-45,text,true,,11,0,50,100,null,2,0,0
1736080976159,1,Select By Actor_ID,200,OK,Select Actor 1-31,text,true,,83,0,50,100,null,1,0,0
1736080976163,1,Select By Actor_ID,200,OK,Select Actor 1-23,text,true,,80,0,50,100,null,1,0,0
1736080976164,2,Update Rental Date,200,OK,Update Rental 3-36,text,true,,11,0,50,100,null,2,0,0
1736080976169,1,Select By Actor_ID,200,OK,Select Actor 1-3,text,true,,79,0,50,100,null,1,0,0
1736080976175,1,Select By Actor_ID,200,OK,Select Actor 1-48,text,true,,81,0,50,100,null,1,0,0
1736080976190,1,Select By Actor_ID,200,OK,Select Actor 1-18,text,true,,80,0,50,100,null,1,0,0
1736080976209,1,Select By Actor_ID,200,OK,Select Actor 1-12,text,true,,83,0,50,100,null,1,0,0
1736080976214,1,Select By Actor_ID,200,OK,Select Actor 1-20,text,true,,78,0,50,100,null,1,0,0
1736080976214,3,Update Rental Date,200,OK,Update Rental 3-33,text,true,,11,0,50,100,null,2,0,0
1736080976214,3,Update Rental Date,200,OK,Update Rental 3-24,text,true,,11,0,50,100,null,2,0,0
1736080976236,1,Select By Actor_ID,200,OK,Select Actor 1-33,text,true,,79,0,50,100,null,1,0,0
1736080976243,1,Select By Actor_ID,200,OK,Select Actor 1-34,text,true,,82,0,50,100,null,1,0,0
1736080976244,1,Select By Actor_ID,200,OK,Select Actor 1-37,text,true,,78,0,50,100,null,1,0,0
1736080976275,1,Select By Actor_ID,200,OK,Select Actor 1-47,text,true,,81,0,50,100,null,0,0,0
1736080976280,1,Select By Actor_ID,200,OK,Select Actor 1-29,text,true,,78,0,50,100,null,0,0,0
1736080976281,2,Update Rental Date,200,OK,Update Rental 3-41,text,true,,11,0,50,100,null,2,0,0
1736080976282,3,Update Rental Date,200,OK,Update Rental 3-18,text,true,,11,0,50,100,null,3,0,0
1736080976301,1,Select By Actor_ID,200,OK,Select Actor 1-7,text,true,,78,0,50,100,null,0,0,0
1736080976319,0,Select By Actor_ID,200,OK,Select Actor 1-44,text,true,,81,0,50,100,null,0,0,0
1736080976347,0,Select By Actor_ID,200,OK,Select Actor 1-8,text,true,,80,0,50,100,null,0,0,0
1736080976351,2,Update Rental Date,200,OK,Update Rental 3-7,text,true,,11,0,50,100,null,2,0,0
1736080976367,2,Update Rental Date,200,OK,Update Rental 3-44,text,true,,11,0,50,100,null,2,0,0
1736080976378,1,Select By Actor_ID,200,OK,Select Actor 1-27,text,true,,81,0,50,100,null,0,0,0
1736080976377,2,Update Rental Date,200,OK,Update Rental 3-12,text,true,,11,0,50,100,null,2,0,0
1736080976382,0,Select By Actor_ID,200,OK,Select Actor 1-35,text,true,,84,0,50,100,null,0,0,0
1736080976382,0,Select By Actor_ID,200,OK,Select Actor 1-45,text,true,,84,0,50,100,null,0,0,0
1736080976385,0,Select By Actor_ID,200,OK,Select Actor 1-36,text,true,,83,0,50,100,null,0,0,0
1736080976391,2,Update Rental Date,200,OK,Update Rental 3-39,text,true,,11,0,50,100,null,2,0,0
1736080976409,1,Select By Actor_ID,200,OK,Select Actor 1-4,text,true,,83,0,50,100,null,1,0,0
1736080976414,2,Update Rental Date,200,OK,Update Rental 3-16,text,true,,11,0,50,100,null,2,0,0
1736080976424,1,Select By Actor_ID,200,OK,Select Actor 1-11,text,true,,84,0,50,100,null,1,0,0
1736080976424,1,Select By Actor_ID,200,OK,Select Actor 1-15,text,true,,83,0,50,100,null,1,0,0
1736080976442,1,Select By Actor_ID,200,OK,Select Actor 1-24,text,true,,85,0,50,100,null,1,0,0
1736080976467,2,Update Rental Date,200,OK,Update Rental 3-2,text,true,,11,0,50,100,null,2,0,0
1736080976470,2,Update Rental Date,200,OK,Update Rental 3-48,text,true,,11,0,50,100,null,2,0,0
1736080976477,1,Select By Actor_ID,200,OK,Select Actor 1-46,text,true,,80,0,50,100,null,1,0,0
1736080976478,2,Update Rental Date,200,OK,Update Rental 3-29,text,true,,11,0,50,100,null,2,0,0
1736080976487,1,Select By Actor_ID,200,OK,Select Actor 1-1,text,true,,77,0,50,100,null,1,0,0
1736080976491,1,Select By Actor_ID,200,OK,Select Actor 1-26,text,true,,82,0,50,100,null,1,0,0
1736080976510,2,Update Rental Date,200,OK,Update Rental 3-27,text,true,,11,0,50,100,null,2,0,0
1736080976514,2,Update Rental Date,200,OK,Update Rental 3-26,text,true,,11,0,50,100,null,2,0,1
1736080976539,1,Select By Actor_ID,200,OK,Select Actor 1-19,text,true,,81,0,50,100,null,1,0,0
1736080976552,3,Update Rental Date,200,OK,Update Rental 3-20,text,true,,11,0,50,100,null,3,0,0
1736080976556,3,Update Rental Date,200,OK,Update Rental 3-10,text,true,,11,0,50,100,null,3,0,0
1736080976567,2,Update Rental Date,200,OK,Update Rental 3-14,text,true,,11,0,50,100,null,2,0,0
1736080976578,1,Select By Actor_ID,200,OK,Select Actor 1-38,text,true,,79,0,50,100,null,1,0,0
1736080976577,2,Update Rental Date,200,OK,Update Rental 3-11,text,true,,11,0,50,100,null,2,0,0
1736080976595,1,Select By Actor_ID,200,OK,Select Actor 1-41,text,true,,82,0,50,100,null,1,0,0
1736080976602,2,Update Rental Date,200,OK,Update Rental 3-1,text,true,,11,0,50,100,null,2,0,0
1736080976629,2,Update Rental Date,200,OK,Update Rental 3-34,text,true,,11,0,50,100,null,2,0,0
1736080976632,1,Select By Actor_ID,200,OK,Select Actor 1-16,text,true,,78,0,50,100,null,1,0,0
1736080976641,3,Update Rental Date,200,OK,Update Rental 3-46,text,true,,11,0,50,100,null,3,0,0
1736080976647,2,Update Rental Date,200,OK,Update Rental 3-6,text,true,,11,0,50,100,null,2,0,0
1736080976653,2,Update Rental Date,200,OK,Update Rental 3-8,text,true,,11,0,50,100,null,2,0,0
1736080976658,1,Select By Actor_ID,200,OK,Select Actor 1-49,text,true,,78,0,50,100,null,1,0,0
1736080976695,2,Update Rental Date,200,OK,Update Rental 3-38,text,true,,11,0,50,100,null,2,0,0
1736080976704,3,Update Rental Date,200,OK,Update Rental 3-5,text,true,,11,0,50,100,null,3,0,0
1736080976707,1,Select By Actor_ID,200,OK,Select Actor 1-14,text,true,,80,0,50,100,null,1,0,0
1736080976732,1,Select By Actor_ID,200,OK,Select Actor 1-20,text,true,,83,0,50,100,null,0,0,0
1736080976739,0,Select By Actor_ID,200,OK,Select Actor 1-13,text,true,,80,0,50,100,null,0,0,0
1736080976746,0,Select By Actor_ID,200,OK,Select Actor 1-18,text,true,,80,0,50,100,null,0,0,0
1736080976749,2,Update Rental Date,200,OK,Update Rental 3-31,text,true,,11,0,50,100,null,2,0,0
1736080976763,2,Update Rental Date,200,OK,Update Rental 3-15,text,true,,11,0,50,100,null,2,0,0
1736080976765,0,Select By Actor_ID,200,OK,Select Actor 1-22,text,true,,79,0,50,100,null,0,0,0
1736080976774,0,Select By Actor_ID,200,OK,Select Actor 1-40,text,true,,79,0,50,100,null,0,0,0
1736080976787,2,Update Rental Date,200,OK,Update Rental 3-13,text,true,,11,0,50,100,null,2,0,0
1736080976796,2,Update Rental Date,200,OK,Update Rental 3-9,text,true,,11,0,50,100,null,2,0,0
1736080976811,2,Update Rental Date,200,OK,Update Rental 3-37,text,true,,11,0,50,100,null,2,0,0
1736080976814,1,Select By Actor_ID,200,OK,Select Actor 1-30,text,true,,83,0,50,100,null,1,0,0
1736080976817,1,Select By Actor_ID,200,OK,Select Actor 1-34,text,true,,81,0,50,100,null,1,0,0
1736080976821,2,Update Rental Date,200,OK,Update Rental 3-43,text,true,,11,0,50,100,null,2,0,0
1736080976829,1,Select By Actor_ID,200,OK,Select Actor 1-43,text,true,,77,0,50,100,null,1,0,0
1736080976841,1,Select By Actor_ID,200,OK,Select Actor 1-23,text,true,,81,0,50,100,null,1,0,0
1736080976841,3,Update Rental Date,200,OK,Update Rental 3-40,text,true,,11,0,50,100,null,3,0,0
1736080976894,1,Select By Actor_ID,200,OK,Select Actor 1-50,text,true,,79,0,50,100,null,1,0,0
1736080976895,2,Update Rental Date,200,OK,Update Rental 3-17,text,true,,11,0,50,100,null,2,0,0
1736080976910,0,Select By Actor_ID,200,OK,Select Actor 1-17,text,true,,80,0,50,100,null,0,0,0
1736080976914,0,Select By Actor_ID,200,OK,Select Actor 1-33,text,true,,83,0,50,100,null,0,0,0
1736080976917,1,Update Rental Date,200,OK,Update Rental 3-4,text,true,,11,0,50,100,null,1,0,0
1736080976950,3,Update Rental Date,200,OK,Update Rental 3-32,text,true,,11,0,50,100,null,2,0,0
1736080976951,3,Update Rental Date,200,OK,Update Rental 3-19,text,true,,11,0,50,100,null,2,0,0
1736080976962,1,Select By Actor_ID,200,OK,Select Actor 1-5,text,true,,82,0,50,100,null,1,0,0
1736080976970,1,Select By Actor_ID,200,OK,Select Actor 1-35,text,true,,82,0,50,100,null,1,0,0
1736080977011,1,Select By Actor_ID,200,OK,Select Actor 1-2,text,true,,83,0,50,100,null,1,0,0
1736080977024,1,Select By Actor_ID,200,OK,Select Actor 1-39,text,true,,84,0,50,100,null,1,0,0
1736080977072,3,Update Rental Date,200,OK,Update Rental 3-50,text,true,,11,0,50,100,null,3,0,0
1736080977084,2,Update Rental Date,200,OK,Update Rental 3-3,text,true,,11,0,50,100,null,2,0,0
1736080977096,2,Update Rental Date,200,OK,Update Rental 3-28,text,true,,11,0,50,100,null,2,0,0
1736080977102,1,Select By Actor_ID,200,OK,Select Actor 1-29,text,true,,80,0,50,100,null,1,0,0
1736080977109,2,Update Rental Date,200,OK,Update Rental 3-44,text,true,,11,0,50,100,null,2,0,0
1736080977113,2,Update Rental Date,200,OK,Update Rental 3-25,text,true,,11,0,50,100,null,2,0,0
1736080977116,2,Update Rental Date,200,OK,Update Rental 3-20,text,true,,11,0,50,100,null,2,0,0
1736080977125,2,Update Rental Date,200,OK,Update Rental 3-21,text,true,,11,0,50,100,null,2,0,0
1736080977135,1,Select By Actor_ID,200,OK,Select Actor 1-37,text,true,,86,0,50,100,null,1,0,0
1736080977139,2,Update Rental Date,200,OK,Update Rental 3-1,text,true,,11,0,50,100,null,2,0,0
1736080977141,1,Select By Actor_ID,200,OK,Select Actor 1-1,text,true,,79,0,50,100,null,1,0,0
1736080977144,2,Update Rental Date,200,OK,Update Rental 3-2,text,true,,11,0,50,100,null,2,0,0
1736080977146,1,Select By Actor_ID,200,OK,Select Actor 1-36,text,true,,81,0,50,100,null,1,0,0
1736080977156,1,Select By Actor_ID,200,OK,Select Actor 1-21,text,true,,81,0,50,100,null,1,0,0
1736080977161,1,Select By Actor_ID,200,OK,Select Actor 1-28,text,true,,78,0,50,100,null,1,0,0
1736080977164,1,Select By Actor_ID,200,OK,Select Actor 1-9,text,true,,80,0,50,100,null,0,0,0
1736080977184,0,Select By Actor_ID,200,OK,Select Actor 1-45,text,true,,81,0,50,100,null,0,0,0
1736080977185,0,Select By Actor_ID,200,OK,Select Actor 1-26,text,true,,83,0,50,100,null,0,0,0
1736080977189,2,Update Rental Date,200,OK,Update Rental 3-42,text,true,,11,0,50,100,null,2,0,0
1736080977197,0,Select By Actor_ID,200,OK,Select Actor 1-42,text,true,,80,0,50,100,null,0,0,0
1736080977213,0,Select By Actor_ID,200,OK,Select Actor 1-16,text,true,,80,0,50,100,null,0,0,0
1736080977219,2,Update Rental Date,200,OK,Update Rental 3-23,text,true,,11,0,50,100,null,2,0,0
1736080977222,2,Update Rental Date,200,OK,Update Rental 3-10,text,true,,11,0,50,100,null,2,0,0
1736080977224,0,Select By Actor_ID,200,OK,Select Actor 1-10,text,true,,78,0,50,100,null,0,0,0
1736080977231,2,Update Rental Date,200,OK,Update Rental 3-46,text,true,,11,0,50,100,null,2,0,0
1736080977233,0,Select By Actor_ID,200,OK,Select Actor 1-11,text,true,,80,0,50,100,null,0,0,0
1736080977238,3,Update Rental Date,200,OK,Update Rental 3-12,text,true,,11,0,50,100,null,3,0,0
1736080977241,1,Select By Actor_ID,200,OK,Select Actor 1-25,text,true,,83,0,50,100,null,0,0,0
1736080977241,1,Select By Actor_ID,200,OK,Select Actor 1-47,text,true,,80,0,50,100,null,0,0,0
1736080977271,2,Update Rental Date,200,OK,Update Rental 3-34,text,true,,11,0,50,100,null,2,0,0
1736080977287,1,Update Rental Date,200,OK,Update Rental 3-36,text,true,,11,0,50,100,null,1,0,0
1736080977291,1,Update Rental Date,200,OK,Update Rental 3-27,text,true,,11,0,50,100,null,1,0,0
1736080977305,2,Update Rental Date,200,OK,Update Rental 3-15,text,true,,11,0,50,100,null,2,0,0
1736080977311,0,Select By Actor_ID,200,OK,Select Actor 1-8,text,true,,79,0,50,100,null,0,0,0
1736080977319,3,Update Rental Date,200,OK,Update Rental 3-45,text,true,,11,0,50,100,null,2,0,1
1736080977319,3,Update Rental Date,200,OK,Update Rental 3-22,text,true,,11,0,50,100,null,3,0,1
1736080977322,0,Select By Actor_ID,200,OK,Select Actor 1-32,text,true,,85,0,50,100,null,0,0,0
1736080977323,1,Select By Actor_ID,200,OK,Select Actor 1-22,text,true,,83,0,50,100,null,1,0,1
1736080977336,2,Update Rental Date,200,OK,Update Rental 3-30,text,true,,11,0,50,100,null,2,0,0
1736080977338,2,Update Rental Date,200,OK,Update Rental 3-29,text,true,,11,0,50,100,null,2,0,0
1736080977388,1,Select By Actor_ID,200,OK,Select Actor 1-6,text,true,,86,0,50,100,null,1,0,0
1736080977396,2,Update Rental Date,200,OK,Update Rental 3-47,text,true,,11,0,50,100,null,2,0,0
1736080977445,1,Select By Actor_ID,200,OK,Select Actor 1-13,text,true,,82,0,50,100,null,1,0,0
1736080977444,2,Update Rental Date,200,OK,Update Rental 3-8,text,true,,11,0,50,100,null,2,0,0
1736080977454,2,Update Rental Date,200,OK,Update Rental 3-38,text,true,,11,0,50,100,null,2,0,0
1736080977480,2,Update Rental Date,200,OK,Update Rental 3-33,text,true,,11,0,50,100,null,2,0,0
1736080977482,1,Select By Actor_ID,200,OK,Select Actor 1-31,text,true,,80,0,50,100,null,1,0,0
1736080977489,1,Select By Actor_ID,200,OK,Select Actor 1-30,text,true,,79,0,50,100,null,1,0,0
1736080977488,2,Update Rental Date,200,OK,Update Rental 3-7,text,true,,11,0,50,100,null,2,0,0
1736080977491,2,Update Rental Date,200,OK,Update Rental 3-18,text,true,,11,0,50,100,null,2,0,0
1736080977562,2,Update Rental Date,200,OK,Update Rental 3-49,text,true,,11,0,50,100,null,2,0,0
1736080977565,0,Select By Actor_ID,200,OK,Select Actor 1-12,text,true,,83,0,50,100,null,0,0,0
1736080977567,2,Update Rental Date,200,OK,Update Rental 3-17,text,true,,11,0,50,100,null,2,0,0
1736080977573,2,Update Rental Date,200,OK,Update Rental 3-41,text,true,,11,0,50,100,null,2,0,0
1736080977579,2,Update Rental Date,200,OK,Update Rental 3-24,text,true,,11,0,50,100,null,2,0,0
1736080977582,2,Update Rental Date,200,OK,Update Rental 3-5,text,true,,11,0,50,100,null,2,0,0
1736080977584,0,Select By Actor_ID,200,OK,Select Actor 1-48,text,true,,85,0,50,100,null,0,0,0
1736080977591,0,Select By Actor_ID,200,OK,Select Actor 1-44,text,true,,84,0,50,100,null,0,0,0
1736080977602,1,Update Rental Date,200,OK,Update Rental 3-35,text,true,,11,0,50,100,null,1,0,0
1736080977612,0,Select By Actor_ID,200,OK,Select Actor 1-41,text,true,,81,0,50,100,null,0,0,0
1736080977620,0,Select By Actor_ID,200,OK,Select Actor 1-3,text,true,,83,0,50,100,null,0,0,0
1736080977641,2,Update Rental Date,200,OK,Update Rental 3-11,text,true,,11,0,50,100,null,2,0,0
1736080977647,0,Select By Actor_ID,200,OK,Select Actor 1-29,text,true,,81,0,50,100,null,0,0,0
1736080977650,0,Select By Actor_ID,200,OK,Select Actor 1-2,text,true,,79,0,50,100,null,0,0,0
1736080977666,2,Update Rental Date,200,OK,Update Rental 3-21,text,true,,11,0,50,100,null,2,0,0
1736080977671,1,Update Rental Date,200,OK,Update Rental 3-39,text,true,,11,0,50,100,null,1,0,0
1736080977684,1,Update Rental Date,200,OK,Update Rental 3-50,text,true,,11,0,50,100,null,1,0,0
1736080977686,1,Select By Actor_ID,200,OK,Select Actor 1-1,text,true,,83,0,50,100,null,1,0,1
1736080977688,1,Select By Actor_ID,200,OK,Select Actor 1-50,text,true,,84,0,50,100,null,1,0,1
1736080977698,1,Select By Actor_ID,200,OK,Select Actor 1-18,text,true,,81,0,50,100,null,1,0,0
1736080977704,1,Select By Actor_ID,200,OK,Select Actor 1-7,text,true,,83,0,50,100,null,1,0,0
1736080977726,1,Select By Actor_ID,200,OK,Select Actor 1-15,text,true,,82,0,50,100,null,1,0,0
1736080977738,1,Select By Actor_ID,200,OK,Select Actor 1-27,text,true,,77,0,50,100,null,1,0,0
1736080977739,2,Update Rental Date,200,OK,Update Rental 3-4,text,true,,11,0,50,100,null,2,0,0
1736080977754,1,Select By Actor_ID,200,OK,Select Actor 1-14,text,true,,84,0,50,100,null,1,0,0
1736080977751,8,Update Rental Date,200,OK,Update Rental 3-48,text,true,,11,0,50,100,null,8,0,0
1736080977766,1,Select By Actor_ID,200,OK,Select Actor 1-49,text,true,,84,0,50,100,null,1,0,0
1736080977769,3,Update Rental Date,200,OK,Update Rental 3-26,text,true,,11,0,50,100,null,3,0,0
1736080977779,1,Select By Actor_ID,200,OK,Select Actor 1-24,text,true,,80,0,50,100,null,1,0,0
1736080977790,1,Select By Actor_ID,200,OK,Select Actor 1-26,text,true,,82,0,50,100,null,1,0,0
1736080977791,1,Select By Actor_ID,200,OK,Select Actor 1-4,text,true,,80,0,50,100,null,1,0,0
1736080977813,2,Update Rental Date,200,OK,Update Rental 3-16,text,true,,11,0,50,100,null,2,0,0
1736080977852,2,Update Rental Date,200,OK,Update Rental 3-45,text,true,,11,0,50,100,null,2,0,0
1736080977874,1,Select By Actor_ID,200,OK,Select Actor 1-20,text,true,,84,0,50,100,null,0,0,0
1736080977896,1,Select By Actor_ID,200,OK,Select Actor 1-16,text,true,,84,0,50,100,null,1,0,0
1736080977897,2,Update Rental Date,200,OK,Update Rental 3-36,text,true,,11,0,50,100,null,2,0,0
1736080977902,1,Select By Actor_ID,200,OK,Select Actor 1-11,text,true,,82,0,50,100,null,0,0,0
1736080977910,0,Select By Actor_ID,200,OK,Select Actor 1-9,text,true,,80,0,50,100,null,0,0,0
1736080977912,2,Update Rental Date,200,OK,Update Rental 3-6,text,true,,11,0,50,100,null,2,0,0
1736080977930,1,Select By Actor_ID,200,OK,Select Actor 1-46,text,true,,80,0,50,100,null,1,0,0
1736080977936,1,Select By Actor_ID,200,OK,Select Actor 1-19,text,true,,84,0,50,100,null,0,0,0
1736080977935,2,Update Rental Date,200,OK,Update Rental 3-14,text,true,,11,0,50,100,null,2,0,0
1736080977939,2,Update Rental Date,200,OK,Update Rental 3-10,text,true,,11,0,50,100,null,2,0,0
1736080977951,0,Select By Actor_ID,200,OK,Select Actor 1-36,text,true,,79,0,50,100,null,0,0,0
1736080977961,1,Select By Actor_ID,200,OK,Select Actor 1-28,text,true,,80,0,50,100,null,0,0,0
1736080977974,2,Update Rental Date,200,OK,Update Rental 3-2,text,true,,11,0,50,100,null,2,0,0
1736080977984,0,Select By Actor_ID,200,OK,Select Actor 1-40,text,true,,81,0,50,100,null,0,0,0
1736080978001,0,Select By Actor_ID,200,OK,Select Actor 1-21,text,true,,81,0,50,100,null,0,0,0
1736080978011,2,Update Rental Date,200,OK,Update Rental 3-25,text,true,,11,0,50,100,null,2,0,0
1736080978026,1,Select By Actor_ID,200,OK,Select Actor 1-43,text,true,,80,0,50,100,null,1,0,0
1736080978025,2,Update Rental Date,200,OK,Update Rental 3-23,text,true,,11,0,50,100,null,2,0,0
1736080978031,1,Select By Actor_ID,200,OK,Select Actor 1-38,text,true,,78,0,50,100,null,1,0,0
1736080978032,1,Select By Actor_ID,200,OK,Select Actor 1-45,text,true,,80,0,50,100,null,1,0,0
1736080978043,1,Select By Actor_ID,200,OK,Select Actor 1-35,text,true,,80,0,50,100,null,1,0,0
1736080978058,2,Update Rental Date,200,OK,Update Rental 3-3,text,true,,11,0,50,100,null,2,0,0
1736080978064,2,Update Rental Date,200,OK,Update Rental 3-42,text,true,,11,0,50,100,null,2,0,0
1736080978082,1,Select By Actor_ID,200,OK,Select Actor 1-47,text,true,,80,0,50,100,null,0,0,0
1736080978091,1,Select By Actor_ID,200,OK,Select Actor 1-37,text,true,,81,0,50,100,null,1,0,0
1736080978090,2,Update Rental Date,200,OK,Update Rental 3-37,text,true,,11,0,50,100,null,2,0,0
1736080978099,1,Select By Actor_ID,200,OK,Select Actor 1-5,text,true,,80,0,50,100,null,0,0,0
1736080978114,2,Update Rental Date,200,OK,Update Rental 3-8,text,true,,11,0,50,100,null,2,0,0
1736080978119,1,Select By Actor_ID,200,OK,Select Actor 1-39,text,true,,84,0,50,100,null,1,0,0
1736080978139,3,Update Rental Date,200,OK,Update Rental 3-27,text,true,,11,0,50,100,null,2,0,0
1736080978141,3,Update Rental Date,200,OK,Update Rental 3-40,text,true,,11,0,50,100,null,3,0,0
1736080978149,3,Update Rental Date,200,OK,Update Rental 3-13,text,true,,11,0,50,100,null,3,0,0
1736080978166,2,Update Rental Date,200,OK,Update Rental 3-19,text,true,,11,0,50,100,null,2,0,0
1736080978169,1,Select By Actor_ID,200,OK,Select Actor 1-31,text,true,,80,0,50,100,null,1,0,0
1736080978171,2,Update Rental Date,200,OK,Update Rental 3-7,text,true,,11,0,50,100,null,2,0,0
1736080978186,2,Update Rental Date,200,OK,Update Rental 3-39,text,true,,11,0,50,100,null,2,0,0
1736080978199,1,Select By Actor_ID,200,OK,Select Actor 1-1,text,true,,81,0,50,100,null,1,0,0
1736080978202,2,Update Rental Date,200,OK,Update Rental 3-38,text,true,,11,0,50,100,null,2,0,0
1736080978211,2,Update Rental Date,200,OK,Update Rental 3-35,text,true,,11,0,50,100,null,2,0,0
1736080978212,3,Update Rental Date,200,OK,Update Rental 3-44,text,true,,11,0,50,100,null,3,0,0
1736080978217,2,Update Rental Date,200,OK,Update Rental 3-31,text,true,,11,0,50,100,null,2,0,0
1736080978224,1,Select By Actor_ID,200,OK,Select Actor 1-22,text,true,,77,0,50,100,null,1,0,0
1736080978227,1,Select By Actor_ID,200,OK,Select Actor 1-33,text,true,,82,0,50,100,null,1,0,0
1736080978239,2,Update Rental Date,200,OK,Update Rental 3-32,text,true,,11,0,50,100,null,2,0,0
1736080978244,1,Select By Actor_ID,200,OK,Select Actor 1-8,text,true,,78,0,50,100,null,0,0,0
1736080978255,2,Update Rental Date,200,OK,Update Rental 3-9,text,true,,11,0,50,100,null,2,0,0
1736080978258,0,Select By Actor_ID,200,OK,Select Actor 1-23,text,true,,78,0,50,100,null,0,0,0
1736080978266,2,Update Rental Date,200,OK,Update Rental 3-18,text,true,,11,0,50,100,null,2,0,0
1736080978279,1,Select By Actor_ID,200,OK,Select Actor 1-17,text,true,,81,0,50,100,null,0,0,0
1736080978298,2,Update Rental Date,200,OK,Update Rental 3-24,text,true,,11,0,50,100,null,2,0,0
1736080978299,3,Update Rental Date,200,OK,Update Rental 3-43,text,true,,11,0,50,100,null,3,0,0
1736080978314,2,Update Rental Date,200,OK,Update Rental 3-50,text,true,,11,0,50,100,null,2,0,0
1736080978317,0,Select By Actor_ID,200,OK,Select Actor 1-34,text,true,,84,0,50,100,null,0,0,0
1736080978329,0,Select By Actor_ID,200,OK,Select Actor 1-41,text,true,,83,0,50,100,null,0,0,0
1736080978352,2,Update Rental Date,200,OK,Update Rental 3-29,text,true,,11,0,50,100,null,2,0,0
1736080978362,0,Select By Actor_ID,200,OK,Select Actor 1-44,text,true,,80,0,50,100,null,0,0,0
1736080978363,2,Update Rental Date,200,OK,Update Rental 3-47,text,true,,11,0,50,100,null,2,0,0
1736080978383,2,Update Rental Date,200,OK,Update Rental 3-1,text,true,,11,0,50,100,null,1,0,0
1736080978390,0,Select By Actor_ID,200,OK,Select Actor 1-26,text,true,,82,0,50,100,null,0,0,0
1736080978393,2,Update Rental Date,200,OK,Update Rental 3-21,text,true,,11,0,50,100,null,2,0,0
1736080978405,0,Select By Actor_ID,200,OK,Select Actor 1-48,text,true,,79,0,50,100,null,0,0,0
1736080978405,2,Update Rental Date,200,OK,Update Rental 3-33,text,true,,11,0,50,100,null,2,0,0
1736080978410,1,Select By Actor_ID,200,OK,Select Actor 1-42,text,true,,81,0,50,100,null,1,0,0
1736080978430,1,Select By Actor_ID,200,OK,Select Actor 1-14,text,true,,80,0,50,100,null,1,0,0
1736080978467,0,Select By Actor_ID,200,OK,Select Actor 1-25,text,true,,81,0,50,100,null,0,0,0
1736080978489,0,Select By Actor_ID,200,OK,Select Actor 1-32,text,true,,80,0,50,100,null,0,0,0
1736080978495,0,Select By Actor_ID,200,OK,Select Actor 1-46,text,true,,88,0,50,100,null,0,0,0
1736080978500,2,Update Rental Date,200,OK,Update Rental 3-20,text,true,,11,0,50,100,null,2,0,0
1736080978513,3,Update Rental Date,200,OK,Update Rental 3-22,text,true,,11,0,50,100,null,3,0,0
1736080978543,2,Update Rental Date,200,OK,Update Rental 3-46,text,true,,11,0,50,100,null,2,0,0
1736080978552,3,Update Rental Date,200,OK,Update Rental 3-28,text,true,,11,0,50,100,null,3,0,0
1736080978562,2,Update Rental Date,200,OK,Update Rental 3-34,text,true,,11,0,50,100,null,2,0,0
1736080978575,1,Select By Actor_ID,200,OK,Select Actor 1-24,text,true,,82,0,50,100,null,1,0,0
1736080978601,2,Update Rental Date,200,OK,Update Rental 3-42,text,true,,11,0,50,100,null,2,0,0
1736080978605,1,Select By Actor_ID,200,OK,Select Actor 1-10,text,true,,83,0,50,100,null,1,0,0
1736080978614,1,Select By Actor_ID,200,OK,Select Actor 1-29,text,true,,86,0,50,100,null,0,0,0
1736080978630,2,Update Rental Date,200,OK,Update Rental 3-17,text,true,,11,0,50,100,null,2,0,0
1736080978643,0,Select By Actor_ID,200,OK,Select Actor 1-7,text,true,,83,0,50,100,null,0,0,0
1736080978644,0,Select By Actor_ID,200,OK,Select Actor 1-28,text,true,,81,0,50,100,null,0,0,0
1736080978657,2,Update Rental Date,200,OK,Update Rental 3-16,text,true,,11,0,50,100,null,2,0,0
1736080978681,2,Update Rental Date,200,OK,Update Rental 3-49,text,true,,11,0,50,100,null,2,0,0
1736080978687,2,Update Rental Date,200,OK,Update Rental 3-7,text,true,,11,0,50,100,null,2,0,0
1736080978696,2,Update Rental Date,200,OK,Update Rental 3-30,text,true,,11,0,50,100,null,2,0,0
1736080978709,0,Select By Actor_ID,200,OK,Select Actor 1-6,text,true,,86,0,50,100,null,0,0,0
1736080978715,0,Select By Actor_ID,200,OK,Select Actor 1-37,text,true,,79,0,50,100,null,0,0,0
1736080978726,2,Update Rental Date,200,OK,Update Rental 3-39,text,true,,11,0,50,100,null,2,0,0
1736080978728,2,Update Rental Date,200,OK,Update Rental 3-12,text,true,,11,0,50,100,null,2,0,0
1736080978731,1,Update Rental Date,200,OK,Update Rental 3-3,text,true,,11,0,50,100,null,1,0,0
1736080978744,0,Select By Actor_ID,200,OK,Select Actor 1-4,text,true,,80,0,50,100,null,0,0,0
1736080978751,0,Select By Actor_ID,200,OK,Select Actor 1-9,text,true,,79,0,50,100,null,0,0,0
1736080978757,0,Select By Actor_ID,200,OK,Select Actor 1-33,text,true,,83,0,50,100,null,0,0,0
1736080978755,2,Update Rental Date,200,OK,Update Rental 3-26,text,true,,11,0,50,100,null,2,0,0
1736080978760,2,Update Rental Date,200,OK,Update Rental 3-15,text,true,,11,0,50,100,null,2,0,0
1736080978774,3,Update Rental Date,200,OK,Update Rental 3-31,text,true,,11,0,50,100,null,3,0,1
1736080978775,3,Update Rental Date,200,OK,Update Rental 3-5,text,true,,11,0,50,100,null,3,0,1
1736080978784,1,Select By Actor_ID,200,OK,Select Actor 1-40,text,true,,78,0,50,100,null,1,0,0
1736080978785,1,Select By Actor_ID,200,OK,Select Actor 1-2,text,true,,79,0,50,100,null,1,0,0
1736080978792,2,Update Rental Date,200,OK,Update Rental 3-6,text,true,,11,0,50,100,null,2,0,0
1736080978801,1,Select By Actor_ID,200,OK,Select Actor 1-27,text,true,,83,0,50,100,null,1,0,0
1736080978806,2,Update Rental Date,200,OK,Update Rental 3-14,text,true,,11,0,50,100,null,2,0,0
1736080978809,1,Select By Actor_ID,200,OK,Select Actor 1-45,text,true,,76,0,50,100,null,1,0,0
1736080978829,4,Update Rental Date,200,OK,Update Rental 3-25,text,true,,11,0,50,100,null,3,0,0
1736080978844,1,Select By Actor_ID,200,OK,Select Actor 1-30,text,true,,88,0,50,100,null,1,0,0
1736080978847,3,Update Rental Date,200,OK,Update Rental 3-10,text,true,,11,0,50,100,null,3,0,0
1736080978848,3,Update Rental Date,200,OK,Update Rental 3-45,text,true,,11,0,50,100,null,3,0,0
1736080978862,2,Update Rental Date,200,OK,Update Rental 3-37,text,true,,11,0,50,100,null,2,0,0
1736080978874,1,Select By Actor_ID,200,OK,Select Actor 1-3,text,true,,82,0,50,100,null,1,0,0
1736080978902,1,Select By Actor_ID,200,OK,Select Actor 1-49,text,true,,78,0,50,100,null,1,0,0
1736080978906,1,Select By Actor_ID,200,OK,Select Actor 1-13,text,true,,82,0,50,100,null,1,0,0
1736080978930,1,Select By Actor_ID,200,OK,Select Actor 1-5,text,true,,79,0,50,100,null,1,0,0
1736080978939,1,Select By Actor_ID,200,OK,Select Actor 1-14,text,true,,80,0,50,100,null,1,0,0
1736080978950,1,Select By Actor_ID,200,OK,Select Actor 1-35,text,true,,80,0,50,100,null,1,0,0
1736080978954,2,Update Rental Date,200,OK,Update Rental 3-11,text,true,,11,0,50,100,null,2,0,0
1736080978961,1,Select By Actor_ID,200,OK,Select Actor 1-11,text,true,,85,0,50,100,null,1,0,0
1736080978975,2,Update Rental Date,200,OK,Update Rental 3-50,text,true,,11,0,50,100,null,2,0,0
1736080978978,0,Select By Actor_ID,200,OK,Select Actor 1-18,text,true,,79,0,50,100,null,0,0,0
1736080978988,0,Select By Actor_ID,200,OK,Select Actor 1-12,text,true,,79,0,50,100,null,0,0,0
1736080978993,0,Select By Actor_ID,200,OK,Select Actor 1-1,text,true,,79,0,50,100,null,0,0,0
1736080978996,0,Select By Actor_ID,200,OK,Select Actor 1-25,text,true,,81,0,50,100,null,0,0,0
1736080978997,2,Update Rental Date,200,OK,Update Rental 3-38,text,true,,11,0,50,100,null,2,0,0
1736080979002,2,Update Rental Date,200,OK,Update Rental 3-19,text,true,,11,0,50,100,null,2,0,0
1736080979004,0,Select By Actor_ID,200,OK,Select Actor 1-15,text,true,,80,0,50,100,null,0,0,0
1736080979037,0,Select By Actor_ID,200,OK,Select Actor 1-50,text,true,,80,0,50,100,null,0,0,0
1736080979045,0,Select By Actor_ID,200,OK,Select Actor 1-16,text,true,,81,0,50,100,null,0,0,0
1736080979054,2,Update Rental Date,200,OK,Update Rental 3-41,text,true,,11,0,50,100,null,2,0,0
1736080979057,0,Select By Actor_ID,200,OK,Select Actor 1-36,text,true,,81,0,50,100,null,0,0,0
1736080979056,2,Update Rental Date,200,OK,Update Rental 3-13,text,true,,11,0,50,100,null,2,0,0
1736080979084,0,Select By Actor_ID,200,OK,Select Actor 1-19,text,true,,77,0,50,100,null,0,0,0
1736080979103,2,Update Rental Date,200,OK,Update Rental 3-9,text,true,,11,0,50,100,null,2,0,0
1736080979120,0,Select By Actor_ID,200,OK,Select Actor 1-42,text,true,,81,0,50,100,null,0,0,0
1736080979119,2,Update Rental Date,200,OK,Update Rental 3-2,text,true,,11,0,50,100,null,2,0,0
1736080979133,1,Update Rental Date,200,OK,Update Rental 3-42,text,true,,11,0,50,100,null,1,0,0
1736080979150,1,Select By Actor_ID,200,OK,Select Actor 1-38,text,true,,79,0,50,100,null,1,0,0
1736080979149,2,Update Rental Date,200,OK,Update Rental 3-48,text,true,,11,0,50,100,null,2,0,0
1736080979157,2,Update Rental Date,200,OK,Update Rental 3-36,text,true,,11,0,50,100,null,2,0,0
1736080979163,1,Select By Actor_ID,200,OK,Select Actor 1-21,text,true,,81,0,50,100,null,1,0,0
1736080979162,2,Update Rental Date,200,OK,Update Rental 3-29,text,true,,11,0,50,100,null,2,0,0
1736080979180,1,Select By Actor_ID,200,OK,Select Actor 1-20,text,true,,83,0,50,100,null,1,0,0
1736080979198,1,Select By Actor_ID,200,OK,Select Actor 1-24,text,true,,82,0,50,100,null,1,0,0
1736080979207,3,Update Rental Date,200,OK,Update Rental 3-4,text,true,,11,0,50,100,null,3,0,0
1736080979215,1,Select By Actor_ID,200,OK,Select Actor 1-34,text,true,,79,0,50,100,null,1,0,0
1736080979216,1,Select By Actor_ID,200,OK,Select Actor 1-17,text,true,,80,0,50,100,null,1,0,0
1736080979224,2,Update Rental Date,200,OK,Update Rental 3-22,text,true,,11,0,50,100,null,2,0,0
1736080979235,1,Select By Actor_ID,200,OK,Select Actor 1-43,text,true,,80,0,50,100,null,1,0,0
1736080979257,1,Select By Actor_ID,200,OK,Select Actor 1-26,text,true,,81,0,50,100,null,1,0,0
1736080979286,2,Update Rental Date,200,OK,Update Rental 3-12,text,true,,11,0,50,100,null,2,0,0
1736080979293,2,Update Rental Date,200,OK,Update Rental 3-27,text,true,,11,0,50,100,null,2,0,0
1736080979294,2,Update Rental Date,200,OK,Update Rental 3-46,text,true,,11,0,50,100,null,2,0,0
1736080979297,1,Select By Actor_ID,200,OK,Select Actor 1-31,text,true,,78,0,50,100,null,1,0,0
1736080979309,1,Select By Actor_ID,200,OK,Select Actor 1-47,text,true,,84,0,50,100,null,1,0,0
1736080979326,1,Select By Actor_ID,200,OK,Select Actor 1-44,text,true,,79,0,50,100,null,0,0,0
1736080979344,3,Update Rental Date,200,OK,Update Rental 3-32,text,true,,11,0,50,100,null,3,0,0
1736080979355,1,Select By Actor_ID,200,OK,Select Actor 1-32,text,true,,85,0,50,100,null,1,0,0
1736080979354,2,Update Rental Date,200,OK,Update Rental 3-47,text,true,,11,0,50,100,null,2,0,0
1736080979366,2,Update Rental Date,200,OK,Update Rental 3-28,text,true,,11,0,50,100,null,2,0,0
1736080979366,3,Update Rental Date,200,OK,Update Rental 3-15,text,true,,11,0,50,100,null,3,0,0
1736080979394,2,Update Rental Date,200,OK,Update Rental 3-24,text,true,,11,0,50,100,null,2,0,0
1736080979402,0,Select By Actor_ID,200,OK,Select Actor 1-8,text,true,,80,0,50,100,null,0,0,0
1736080979410,1,Select By Actor_ID,200,OK,Select Actor 1-22,text,true,,83,0,50,100,null,0,0,0
1736080979410,2,Update Rental Date,200,OK,Update Rental 3-44,text,true,,11,0,50,100,null,2,0,0
1736080979432,0,Select By Actor_ID,200,OK,Select Actor 1-46,text,true,,80,0,50,100,null,0,0,0
1736080979446,2,Update Rental Date,200,OK,Update Rental 3-49,text,true,,11,0,50,100,null,2,0,0
1736080979453,0,Select By Actor_ID,200,OK,Select Actor 1-49,text,true,,78,0,50,100,null,0,0,0
1736080979453,2,Update Rental Date,200,OK,Update Rental 3-23,text,true,,11,0,50,100,null,2,0,0
1736080979459,0,Select By Actor_ID,200,OK,Select Actor 1-14,text,true,,81,0,50,100,null,0,0,0
1736080979469,0,Select By Actor_ID,200,OK,Select Actor 1-10,text,true,,82,0,50,100,null,0,0,0
1736080979479,0,Select By Actor_ID,200,OK,Select Actor 1-2,text,true,,79,0,50,100,null,0,0,0
1736080979481,2,Update Rental Date,200,OK,Update Rental 3-1,text,true,,11,0,50,100,null,2,0,0
1736080979509,1,Update Rental Date,200,OK,Update Rental 3-31,text,true,,11,0,50,100,null,1,0,0
1736080979521,2,Update Rental Date,200,OK,Update Rental 3-20,text,true,,11,0,50,100,null,2,0,0
1736080979542,1,Select By Actor_ID,200,OK,Select Actor 1-39,text,true,,80,0,50,100,null,1,0,0
1736080979550,2,Update Rental Date,200,OK,Update Rental 3-8,text,true,,11,0,50,100,null,2,0,0
1736080979552,1,Select By Actor_ID,200,OK,Select Actor 1-27,text,true,,76,0,50,100,null,1,0,0
1736080979554,2,Update Rental Date,200,OK,Update Rental 3-43,text,true,,11,0,50,100,null,2,0,0
1736080979573,3,Update Rental Date,200,OK,Update Rental 3-11,text,true,,11,0,50,100,null,3,0,0
1736080979580,3,Update Rental Date,200,OK,Update Rental 3-18,text,true,,11,0,50,100,null,3,0,0
1736080979599,1,Select By Actor_ID,200,OK,Select Actor 1-23,text,true,,79,0,50,100,null,1,0,0
1736080979598,3,Update Rental Date,200,OK,Update Rental 3-35,text,true,,11,0,50,100,null,3,0,0
1736080979615,1,Select By Actor_ID,200,OK,Select Actor 1-48,text,true,,81,0,50,100,null,1,0,0
1736080979616,1,Select By Actor_ID,200,OK,Select Actor 1-29,text,true,,80,0,50,100,null,1,0,0
1736080979618,3,Update Rental Date,200,OK,Update Rental 3-40,text,true,,11,0,50,100,null,3,0,0
1736080979618,3,Update Rental Date,200,OK,Update Rental 3-17,text,true,,11,0,50,100,null,3,0,0
1736080979628,3,Update Rental Date,200,OK,Update Rental 3-21,text,true,,11,0,50,100,null,3,0,0
1736080979682,1,Select By Actor_ID,200,OK,Select Actor 1-6,text,true,,79,0,50,100,null,1,0,0
1736080979711,1,Select By Actor_ID,200,OK,Select Actor 1-13,text,true,,80,0,50,100,null,0,0,0
1736080979725,1,Select By Actor_ID,200,OK,Select Actor 1-41,text,true,,82,0,50,100,null,1,0,0
1736080979743,3,Update Rental Date,200,OK,Update Rental 3-7,text,true,,11,0,50,100,null,3,0,0
1736080979764,3,Update Rental Date,200,OK,Update Rental 3-14,text,true,,11,0,50,100,null,3,0,0
1736080979768,1,Select By Actor_ID,200,OK,Select Actor 1-1,text,true,,84,0,50,100,null,1,0,0
1736080979769,2,Update Rental Date,200,OK,Update Rental 3-5,text,true,,11,0,50,100,null,2,0,0
1736080979787,1,Select By Actor_ID,200,OK,Select Actor 1-3,text,true,,82,0,50,100,null,1,0,0
1736080979797,1,Select By Actor_ID,200,OK,Select Actor 1-24,text,true,,78,0,50,100,null,1,0,0
1736080979810,1,Select By Actor_ID,200,OK,Select Actor 1-4,text,true,,81,0,50,100,null,1,0,0
1736080979842,0,Select By Actor_ID,200,OK,Select Actor 1-20,text,true,,79,0,50,100,null,0,0,0
1736080979846,2,Update Rental Date,200,OK,Update Rental 3-33,text,true,,11,0,50,100,null,2,0,0
1736080979868,2,Update Rental Date,200,OK,Update Rental 3-27,text,true,,11,0,50,100,null,2,0,0
1736080979871,0,Select By Actor_ID,200,OK,Select Actor 1-43,text,true,,82,0,50,100,null,0,0,0
1736080979879,1,Select By Actor_ID,200,OK,Select Actor 1-37,text,true,,79,0,50,100,null,0,0,0
1736080979916,2,Select By Actor_ID,200,OK,Select Actor 1-31,text,true,,83,0,50,100,null,1,0,1
1736080979911,8,Update Rental Date,200,OK,Update Rental 3-16,text,true,,11,0,50,100,null,8,0,0
1736080979916,4,Update Rental Date,200,OK,Update Rental 3-34,text,true,,11,0,50,100,null,4,0,0
1736080979911,9,Update Rental Date,200,OK,Update Rental 3-28,text,true,,11,0,50,100,null,9,0,0
1736080979923,0,Select By Actor_ID,200,OK,Select Actor 1-42,text,true,,81,0,50,100,null,0,0,0
1736080979926,3,Update Rental Date,200,OK,Update Rental 3-3,text,true,,11,0,50,100,null,3,0,1
1736080979931,3,Update Rental Date,200,OK,Update Rental 3-15,text,true,,11,0,50,100,null,3,0,0
1736080979936,3,Update Rental Date,200,OK,Update Rental 3-30,text,true,,11,0,50,100,null,3,0,1
1736080979936,3,Update Rental Date,200,OK,Update Rental 3-25,text,true,,11,0,50,100,null,3,0,0
1736080979953,1,Select By Actor_ID,200,OK,Select Actor 1-28,text,true,,84,0,50,100,null,1,0,0
1736080979962,3,Update Rental Date,200,OK,Update Rental 3-10,text,true,,11,0,50,100,null,3,0,0
1736080979976,3,Update Rental Date,200,OK,Update Rental 3-50,text,true,,11,0,50,100,null,3,0,0
1736080979987,2,Select By Actor_ID,200,OK,Select Actor 1-33,text,true,,78,0,50,100,null,1,0,0
1736080979988,3,Update Rental Date,200,OK,Update Rental 3-37,text,true,,11,0,50,100,null,3,0,0
1736080979991,1,Select By Actor_ID,200,OK,Select Actor 1-7,text,true,,80,0,50,100,null,1,0,0
1736080979994,1,Select By Actor_ID,200,OK,Select Actor 1-50,text,true,,85,0,50,100,null,1,0,0
1736080979993,2,Update Rental Date,200,OK,Update Rental 3-13,text,true,,11,0,50,100,null,2,0,0
1736080980006,1,Select By Actor_ID,200,OK,Select Actor 1-32,text,true,,79,0,50,100,null,1,0,0
1736080980011,1,Select By Actor_ID,200,OK,Select Actor 1-9,text,true,,81,0,50,100,null,1,0,0
1736080980014,3,Update Rental Date,200,OK,Update Rental 3-48,text,true,,11,0,50,100,null,3,0,0
1736080980019,3,Update Rental Date,200,OK,Update Rental 3-32,text,true,,11,0,50,100,null,3,0,0
1736080980028,1,Select By Actor_ID,200,OK,Select Actor 1-44,text,true,,80,0,50,100,null,1,0,0
1736080980032,1,Select By Actor_ID,200,OK,Select Actor 1-21,text,true,,83,0,50,100,null,1,0,0
1736080980036,3,Update Rental Date,200,OK,Update Rental 3-9,text,true,,11,0,50,100,null,3,0,0
1736080980041,3,Update Rental Date,200,OK,Update Rental 3-39,text,true,,11,0,50,100,null,2,0,0
1736080980044,1,Select By Actor_ID,200,OK,Select Actor 1-30,text,true,,80,0,50,100,null,1,0,0
1736080980048,1,Select By Actor_ID,200,OK,Select Actor 1-16,text,true,,78,0,50,100,null,1,0,0
1736080980050,2,Update Rental Date,200,OK,Update Rental 3-41,text,true,,11,0,50,100,null,2,0,0
1736080980057,1,Select By Actor_ID,200,OK,Select Actor 1-15,text,true,,81,0,50,100,null,1,0,0
1736080980057,1,Select By Actor_ID,200,OK,Select Actor 1-10,text,true,,84,0,50,100,null,1,0,0
1736080980070,1,Select By Actor_ID,200,OK,Select Actor 1-40,text,true,,76,0,50,100,null,1,0,0
1736080980076,2,Update Rental Date,200,OK,Update Rental 3-26,text,true,,11,0,50,100,null,2,0,0
1736080980088,2,Update Rental Date,200,OK,Update Rental 3-45,text,true,,11,0,50,100,null,2,0,0
1736080980093,0,Select By Actor_ID,200,OK,Select Actor 1-2,text,true,,84,0,50,100,null,0,0,0
1736080980092,2,Update Rental Date,200,OK,Update Rental 3-49,text,true,,11,0,50,100,null,2,0,0
1736080980098,1,Update Rental Date,200,OK,Update Rental 3-36,text,true,,11,0,50,100,null,1,0,0
1736080980148,1,Select By Actor_ID,200,OK,Select Actor 1-45,text,true,,80,0,50,100,null,1,0,0
1736080980149,3,Update Rental Date,200,OK,Update Rental 3-24,text,true,,11,0,50,100,null,3,0,0
1736080980174,1,Select By Actor_ID,200,OK,Select Actor 1-17,text,true,,82,0,50,100,null,1,0,0
1736080980186,1,Select By Actor_ID,200,OK,Select Actor 1-34,text,true,,82,0,50,100,null,1,0,0
1736080980214,1,Select By Actor_ID,200,OK,Select Actor 1-11,text,true,,80,0,50,100,null,1,0,0
1736080980216,2,Update Rental Date,200,OK,Update Rental 3-6,text,true,,11,0,50,100,null,2,0,0
1736080980219,1,Select By Actor_ID,200,OK,Select Actor 1-26,text,true,,83,0,50,100,null,1,0,0
1736080980246,3,Update Rental Date,200,OK,Update Rental 3-22,text,true,,11,0,50,100,null,3,0,0
1736080980265,3,Update Rental Date,200,OK,Update Rental 3-7,text,true,,11,0,50,100,null,3,0,0
1736080980278,1,Select By Actor_ID,200,OK,Select Actor 1-29,text,true,,83,0,50,100,null,1,0,0
1736080980285,1,Select By Actor_ID,200,OK,Select Actor 1-5,text,true,,81,0,50,100,null,1,0,0
1736080980291,2,Update Rental Date,200,OK,Update Rental 3-11,text,true,,11,0,50,100,null,2,0,0
1736080980293,2,Update Rental Date,200,OK,Update Rental 3-47,text,true,,11,0,50,100,null,2,0,0
1736080980304,2,Update Rental Date,200,OK,Update Rental 3-2,text,true,,11,0,50,100,null,2,0,0
1736080980305,2,Update Rental Date,200,OK,Update Rental 3-29,text,true,,11,0,50,100,null,2,0,0
1736080980312,1,Select By Actor_ID,200,OK,Select Actor 1-25,text,true,,81,0,50,100,null,1,0,0
1736080980314,1,Select By Actor_ID,200,OK,Select Actor 1-1,text,true,,83,0,50,100,null,1,0,0
1736080980315,1,Select By Actor_ID,200,OK,Select Actor 1-47,text,true,,81,0,50,100,null,1,0,0
1736080980326,2,Update Rental Date,200,OK,Update Rental 3-8,text,true,,11,0,50,100,null,2,0,0
1736080980328,2,Update Rental Date,200,OK,Update Rental 3-12,text,true,,11,0,50,100,null,2,0,0
1736080980342,0,Select By Actor_ID,200,OK,Select Actor 1-35,text,true,,81,0,50,100,null,0,0,0
1736080980348,2,Update Rental Date,200,OK,Update Rental 3-46,text,true,,11,0,50,100,null,2,0,0
1736080980367,1,Select By Actor_ID,200,OK,Select Actor 1-36,text,true,,78,0,50,100,null,1,0,0
1736080980386,2,Update Rental Date,200,OK,Update Rental 3-19,text,true,,11,0,50,100,null,2,0,0
1736080980400,0,Select By Actor_ID,200,OK,Select Actor 1-12,text,true,,78,0,50,100,null,0,0,0
1736080980401,2,Update Rental Date,200,OK,Update Rental 3-14,text,true,,11,0,50,100,null,2,0,0
1736080980404,2,Update Rental Date,200,OK,Update Rental 3-40,text,true,,11,0,50,100,null,2,0,0
1736080980417,2,Update Rental Date,200,OK,Update Rental 3-42,text,true,,11,0,50,100,null,2,0,0
1736080980435,2,Update Rental Date,200,OK,Update Rental 3-44,text,true,,11,0,50,100,null,2,0,0
1736080980441,1,Update Rental Date,200,OK,Update Rental 3-38,text,true,,11,0,50,100,null,1,0,0
1736080980451,1,Update Rental Date,200,OK,Update Rental 3-4,text,true,,11,0,50,100,null,1,0,0
1736080980464,1,Update Rental Date,200,OK,Update Rental 3-1,text,true,,11,0,50,100,null,1,0,0
1736080980474,0,Select By Actor_ID,200,OK,Select Actor 1-18,text,true,,83,0,50,100,null,0,0,0
1736080980479,1,Update Rental Date,200,OK,Update Rental 3-15,text,true,,11,0,50,100,null,1,0,0
1736080980487,0,Select By Actor_ID,200,OK,Select Actor 1-3,text,true,,84,0,50,100,null,0,0,0
1736080980488,0,Select By Actor_ID,200,OK,Select Actor 1-27,text,true,,77,0,50,100,null,0,0,0
1736080980490,1,Select By Actor_ID,200,OK,Select Actor 1-22,text,true,,82,0,50,100,null,1,0,1
1736080980508,1,Select By Actor_ID,200,OK,Select Actor 1-19,text,true,,80,0,50,100,null,1,0,0
1736080980529,3,Update Rental Date,200,OK,Update Rental 3-34,text,true,,11,0,50,100,null,3,0,0
1736080980537,1,Select By Actor_ID,200,OK,Select Actor 1-13,text,true,,80,0,50,100,null,1,0,0
1736080980569,1,Select By Actor_ID,200,OK,Select Actor 1-37,text,true,,80,0,50,100,null,1,0,0
1736080980575,2,Update Rental Date,200,OK,Update Rental 3-10,text,true,,11,0,50,100,null,2,0,0
1736080980579,1,Select By Actor_ID,200,OK,Select Actor 1-38,text,true,,80,0,50,100,null,1,0,0
1736080980586,1,Select By Actor_ID,200,OK,Select Actor 1-30,text,true,,85,0,50,100,null,1,0,0
1736080980636,2,Update Rental Date,200,OK,Update Rental 3-21,text,true,,11,0,50,100,null,2,0,0
1736080980654,1,Select By Actor_ID,200,OK,Select Actor 1-14,text,true,,81,0,50,100,null,1,0,0
1736080980654,1,Select By Actor_ID,200,OK,Select Actor 1-50,text,true,,80,0,50,100,null,1,0,0
1736080980664,1,Select By Actor_ID,200,OK,Select Actor 1-49,text,true,,79,0,50,100,null,0,0,0
1736080980690,2,Update Rental Date,200,OK,Update Rental 3-43,text,true,,11,0,50,100,null,2,0,0
1736080980723,3,Update Rental Date,200,OK,Update Rental 3-39,text,true,,11,0,50,100,null,3,0,0
1736080980727,0,Select By Actor_ID,200,OK,Select Actor 1-4,text,true,,81,0,50,100,null,0,0,0
1736080980731,0,Select By Actor_ID,200,OK,Select Actor 1-24,text,true,,80,0,50,100,null,0,0,0
1736080980766,6,Update Rental Date,200,OK,Update Rental 3-18,text,true,,11,0,50,100,null,6,0,0
1736080980779,2,Update Rental Date,200,OK,Update Rental 3-5,text,true,,11,0,50,100,null,2,0,0
1736080980781,0,Select By Actor_ID,200,OK,Select Actor 1-48,text,true,,82,0,50,100,null,0,0,0
1736080980782,1,Update Rental Date,200,OK,Update Rental 3-27,text,true,,11,0,50,100,null,1,0,0
1736080980812,0,Select By Actor_ID,200,OK,Select Actor 1-46,text,true,,83,0,50,100,null,0,0,0
1736080980816,2,Update Rental Date,200,OK,Update Rental 3-29,text,true,,11,0,50,100,null,2,0,0
1736080980840,0,Select By Actor_ID,200,OK,Select Actor 1-10,text,true,,83,0,50,100,null,0,0,0
1736080980865,0,Select By Actor_ID,200,OK,Select Actor 1-32,text,true,,80,0,50,100,null,0,0,0
1736080980865,1,Select By Actor_ID,200,OK,Select Actor 1-28,text,true,,84,0,50,100,null,1,0,1
1736080980865,2,Update Rental Date,200,OK,Update Rental 3-23,text,true,,11,0,50,100,null,2,0,0
1736080980873,2,Update Rental Date,200,OK,Update Rental 3-31,text,true,,11,0,50,100,null,2,0,0
1736080980874,3,Update Rental Date,200,OK,Update Rental 3-35,text,true,,11,0,50,100,null,3,0,0
1736080980883,2,Update Rental Date,200,OK,Update Rental 3-16,text,true,,11,0,50,100,null,2,0,0
1736080980892,1,Select By Actor_ID,200,OK,Select Actor 1-8,text,true,,77,0,50,100,null,1,0,0
1736080980897,2,Update Rental Date,200,OK,Update Rental 3-26,text,true,,11,0,50,100,null,2,0,0
1736080980899,1,Select By Actor_ID,200,OK,Select Actor 1-31,text,true,,78,0,50,100,null,1,0,0
1736080980919,1,Select By Actor_ID,200,OK,Select Actor 1-12,text,true,,82,0,50,100,null,1,0,0
1736080980934,1,Select By Actor_ID,200,OK,Select Actor 1-42,text,true,,83,0,50,100,null,1,0,0
1736080980933,2,Update Rental Date,200,OK,Update Rental 3-30,text,true,,11,0,50,100,null,2,0,0
1736080980935,1,Select By Actor_ID,200,OK,Select Actor 1-45,text,true,,83,0,50,100,null,1,0,0
1736080980954,1,Select By Actor_ID,200,OK,Select Actor 1-15,text,true,,81,0,50,100,null,1,0,0
1736080980955,1,Select By Actor_ID,200,OK,Select Actor 1-20,text,true,,79,0,50,100,null,1,0,0
1736080980980,2,Update Rental Date,200,OK,Update Rental 3-50,text,true,,11,0,50,100,null,2,0,0
1736080980988,1,Select By Actor_ID,200,OK,Select Actor 1-25,text,true,,83,0,50,100,null,1,0,0
1736080981005,1,Select By Actor_ID,200,OK,Select Actor 1-43,text,true,,79,0,50,100,null,1,0,0
1736080981007,2,Update Rental Date,200,OK,Update Rental 3-49,text,true,,11,0,50,100,null,2,0,0
1736080981014,2,Update Rental Date,200,OK,Update Rental 3-1,text,true,,11,0,50,100,null,2,0,0
1736080981016,2,Update Rental Date,200,OK,Update Rental 3-20,text,true,,11,0,50,100,null,2,0,0
1736080981016,2,Update Rental Date,200,OK,Update Rental 3-17,text,true,,11,0,50,100,null,2,0,0
1736080981025,1,Select By Actor_ID,200,OK,Select Actor 1-39,text,true,,82,0,50,100,null,1,0,0
1736080981043,2,Update Rental Date,200,OK,Update Rental 3-36,text,true,,11,0,50,100,null,2,0,0
1736080981048,2,Update Rental Date,200,OK,Update Rental 3-33,text,true,,11,0,50,100,null,2,0,0
1736080981050,1,Select By Actor_ID,200,OK,Select Actor 1-41,text,true,,78,0,50,100,null,1,0,0
1736080981054,1,Select By Actor_ID,200,OK,Select Actor 1-23,text,true,,80,0,50,100,null,0,0,0
1736080981060,1,Select By Actor_ID,200,OK,Select Actor 1-26,text,true,,86,0,50,100,null,1,0,0
1736080981059,2,Update Rental Date,200,OK,Update Rental 3-32,text,true,,11,0,50,100,null,2,0,0
1736080981064,1,Select By Actor_ID,200,OK,Select Actor 1-9,text,true,,83,0,50,100,null,0,0,0
1736080981070,0,Select By Actor_ID,200,OK,Select Actor 1-19,text,true,,80,0,50,100,null,0,0,0
1736080981083,2,Update Rental Date,200,OK,Update Rental 3-38,text,true,,11,0,50,100,null,2,0,0
1736080981109,0,Select By Actor_ID,200,OK,Select Actor 1-29,text,true,,80,0,50,100,null,0,0,0
1736080981121,0,Select By Actor_ID,200,OK,Select Actor 1-6,text,true,,78,0,50,100,null,0,0,0
1736080981141,2,Update Rental Date,200,OK,Update Rental 3-48,text,true,,11,0,50,100,null,2,0,0
1736080981148,0,Select By Actor_ID,200,OK,Select Actor 1-3,text,true,,80,0,50,100,null,0,0,0
1736080981160,2,Update Rental Date,200,OK,Update Rental 3-34,text,true,,11,0,50,100,null,2,0,0
1736080981165,2,Update Rental Date,200,OK,Update Rental 3-21,text,true,,11,0,50,100,null,2,0,0
1736080981184,2,Update Rental Date,200,OK,Update Rental 3-11,text,true,,11,0,50,100,null,2,0,0
1736080981189,2,Update Rental Date,200,OK,Update Rental 3-25,text,true,,11,0,50,100,null,2,0,0
1736080981199,0,Select By Actor_ID,200,OK,Select Actor 1-35,text,true,,77,0,50,100,null,0,0,0
1736080981202,2,Update Rental Date,200,OK,Update Rental 3-24,text,true,,11,0,50,100,null,2,0,0
1736080981239,0,Select By Actor_ID,200,OK,Select Actor 1-1,text,true,,84,0,50,100,null,0,0,0
1736080981238,1,Select By Actor_ID,200,OK,Select Actor 1-16,text,true,,80,0,50,100,null,1,0,1
1736080981238,2,Update Rental Date,200,OK,Update Rental 3-28,text,true,,11,0,50,100,null,2,0,0
1736080981251,1,Select By Actor_ID,200,OK,Select Actor 1-21,text,true,,86,0,50,100,null,1,0,0
1736080981268,1,Select By Actor_ID,200,OK,Select Actor 1-34,text,true,,83,0,50,100,null,1,0,0
1736080981274,1,Select By Actor_ID,200,OK,Select Actor 1-37,text,true,,79,0,50,100,null,1,0,0
1736080981283,3,Update Rental Date,200,OK,Update Rental 3-41,text,true,,11,0,50,100,null,2,0,0
1736080981285,1,Select By Actor_ID,200,OK,Select Actor 1-11,text,true,,81,0,50,100,null,1,0,0
1736080981299,1,Select By Actor_ID,200,OK,Select Actor 1-18,text,true,,81,0,50,100,null,1,0,0
1736080981315,3,Update Rental Date,200,OK,Update Rental 3-5,text,true,,11,0,50,100,null,3,0,0
1736080981337,1,Select By Actor_ID,200,OK,Select Actor 1-33,text,true,,78,0,50,100,null,1,0,0
1736080981339,1,Select By Actor_ID,200,OK,Select Actor 1-27,text,true,,82,0,50,100,null,1,0,0
1736080981340,2,Update Rental Date,200,OK,Update Rental 3-3,text,true,,11,0,50,100,null,2,0,0
1736080981345,1,Select By Actor_ID,200,OK,Select Actor 1-46,text,true,,82,0,50,100,null,1,0,0
1736080981344,2,Update Rental Date,200,OK,Update Rental 3-39,text,true,,11,0,50,100,null,2,0,0
1736080981370,2,Update Rental Date,200,OK,Update Rental 3-19,text,true,,11,0,50,100,null,2,0,0
1736080981378,1,Select By Actor_ID,200,OK,Select Actor 1-24,text,true,,84,0,50,100,null,1,0,0
1736080981380,2,Update Rental Date,200,OK,Update Rental 3-9,text,true,,11,0,50,100,null,2,0,0
1736080981395,2,Update Rental Date,200,OK,Update Rental 3-13,text,true,,11,0,50,100,null,2,0,0
1736080981407,1,Select By Actor_ID,200,OK,Select Actor 1-7,text,true,,81,0,50,100,null,1,0,0
1736080981410,2,Update Rental Date,200,OK,Update Rental 3-16,text,true,,11,0,50,100,null,2,0,0
1736080981412,2,Update Rental Date,200,OK,Update Rental 3-37,text,true,,11,0,50,100,null,2,0,0
1736080981427,1,Select By Actor_ID,200,OK,Select Actor 1-44,text,true,,79,0,50,100,null,0,0,0
1736080981430,0,Select By Actor_ID,200,OK,Select Actor 1-10,text,true,,81,0,50,100,null,0,0,0
1736080981431,2,Update Rental Date,200,OK,Update Rental 3-7,text,true,,11,0,50,100,null,2,0,0
1736080981435,2,Update Rental Date,200,OK,Update Rental 3-45,text,true,,11,0,50,100,null,2,0,0
1736080981440,1,Select By Actor_ID,200,OK,Select Actor 1-40,text,true,,85,0,50,100,null,1,0,0
1736080981447,2,Update Rental Date,200,OK,Update Rental 3-6,text,true,,11,0,50,100,null,2,0,0
1736080981458,2,Update Rental Date,200,OK,Update Rental 3-47,text,true,,11,0,50,100,null,2,0,0
1736080981460,0,Select By Actor_ID,200,OK,Select Actor 1-31,text,true,,84,0,50,100,null,0,0,0
1736080981467,2,Update Rental Date,200,OK,Update Rental 3-15,text,true,,11,0,50,100,null,2,0,0
1736080981513,1,Select By Actor_ID,200,OK,Select Actor 1-48,text,true,,84,0,50,100,null,1,0,0
1736080981512,3,Update Rental Date,200,OK,Update Rental 3-14,text,true,,11,0,50,100,null,3,0,0
1736080981517,2,Update Rental Date,200,OK,Update Rental 3-35,text,true,,11,0,50,100,null,2,0,0
1736080981519,1,Select By Actor_ID,200,OK,Select Actor 1-47,text,true,,79,0,50,100,null,1,0,0
1736080981530,1,Select By Actor_ID,200,OK,Select Actor 1-43,text,true,,80,0,50,100,null,1,0,0
1736080981544,1,Select By Actor_ID,200,OK,Select Actor 1-14,text,true,,81,0,50,100,null,1,0,0
1736080981546,1,Select By Actor_ID,200,OK,Select Actor 1-2,text,true,,80,0,50,100,null,1,0,0
1736080981609,0,Select By Actor_ID,200,OK,Select Actor 1-36,text,true,,81,0,50,100,null,0,0,0
1736080981616,2,Update Rental Date,200,OK,Update Rental 3-33,text,true,,11,0,50,100,null,2,0,0
1736080981623,0,Select By Actor_ID,200,OK,Select Actor 1-17,text,true,,83,0,50,100,null,0,0,0
1736080981635,0,Select By Actor_ID,200,OK,Select Actor 1-22,text,true,,80,0,50,100,null,0,0,0
1736080981636,1,Update Rental Date,200,OK,Update Rental 3-12,text,true,,11,0,50,100,null,1,0,0
1736080981650,0,Select By Actor_ID,200,OK,Select Actor 1-38,text,true,,83,0,50,100,null,0,0,0
1736080981662,1,Select By Actor_ID,200,OK,Select Actor 1-50,text,true,,78,0,50,100,null,1,0,0
1736080981667,1,Select By Actor_ID,200,OK,Select Actor 1-26,text,true,,81,0,50,100,null,1,0,0
1736080981670,1,Select By Actor_ID,200,OK,Select Actor 1-20,text,true,,82,0,50,100,null,1,0,0
1736080981672,1,Select By Actor_ID,200,OK,Select Actor 1-23,text,true,,81,0,50,100,null,1,0,0
1736080981687,3,Update Rental Date,200,OK,Update Rental 3-27,text,true,,11,0,50,100,null,3,0,0
1736080981703,3,Update Rental Date,200,OK,Update Rental 3-50,text,true,,11,0,50,100,null,3,0,0
1736080981704,3,Update Rental Date,200,OK,Update Rental 3-8,text,true,,11,0,50,100,null,3,0,0
1736080981707,1,Select By Actor_ID,200,OK,Select Actor 1-4,text,true,,84,0,50,100,null,1,0,0
1736080981706,2,Update Rental Date,200,OK,Update Rental 3-44,text,true,,11,0,50,100,null,2,0,0
1736080981721,1,Select By Actor_ID,200,OK,Select Actor 1-41,text,true,,84,0,50,100,null,1,0,0
1736080981720,2,Update Rental Date,200,OK,Update Rental 3-2,text,true,,11,0,50,100,null,2,0,0
1736080981742,1,Select By Actor_ID,200,OK,Select Actor 1-19,text,true,,79,0,50,100,null,1,0,0
1736080981742,3,Update Rental Date,200,OK,Update Rental 3-22,text,true,,11,0,50,100,null,3,0,0
1736080981747,3,Update Rental Date,200,OK,Update Rental 3-43,text,true,,11,0,50,100,null,2,0,0
1736080981748,3,Update Rental Date,200,OK,Update Rental 3-4,text,true,,11,0,50,100,null,3,0,0
1736080981750,1,Select By Actor_ID,200,OK,Select Actor 1-5,text,true,,80,0,50,100,null,1,0,0
1736080981764,1,Select By Actor_ID,200,OK,Select Actor 1-25,text,true,,80,0,50,100,null,1,0,0
1736080981763,2,Update Rental Date,200,OK,Update Rental 3-23,text,true,,11,0,50,100,null,2,0,0
1736080981764,2,Update Rental Date,200,OK,Update Rental 3-36,text,true,,11,0,50,100,null,2,0,0
1736080981798,2,Update Rental Date,200,OK,Update Rental 3-24,text,true,,11,0,50,100,null,2,0,0
1736080981801,2,Update Rental Date,200,OK,Update Rental 3-46,text,true,,11,0,50,100,null,2,0,0
1736080981813,1,Select By Actor_ID,200,OK,Select Actor 1-30,text,true,,84,0,50,100,null,1,0,0
1736080981818,1,Select By Actor_ID,200,OK,Select Actor 1-42,text,true,,78,0,50,100,null,1,0,0
1736080981844,1,Select By Actor_ID,200,OK,Select Actor 1-3,text,true,,80,0,50,100,null,0,0,0
1736080981859,1,Select By Actor_ID,200,OK,Select Actor 1-12,text,true,,80,0,50,100,null,0,0,0
1736080981863,2,Update Rental Date,200,OK,Update Rental 3-25,text,true,,11,0,50,100,null,2,0,0
1736080981870,2,Update Rental Date,200,OK,Update Rental 3-42,text,true,,11,0,50,100,null,2,0,0
1736080981871,3,Update Rental Date,200,OK,Update Rental 3-32,text,true,,11,0,50,100,null,2,0,0
1736080981875,0,Select By Actor_ID,200,OK,Select Actor 1-13,text,true,,80,0,50,100,null,0,0,0
1736080981890,0,Select By Actor_ID,200,OK,Select Actor 1-9,text,true,,83,0,50,100,null,0,0,0
1736080981894,1,Select By Actor_ID,200,OK,Select Actor 1-29,text,true,,81,0,50,100,null,1,0,0
1736080981893,2,Update Rental Date,200,OK,Update Rental 3-40,text,true,,11,0,50,100,null,2,0,0
1736080981897,2,Update Rental Date,200,OK,Update Rental 3-49,text,true,,11,0,50,100,null,1,0,0
1736080981904,0,Select By Actor_ID,200,OK,Select Actor 1-21,text,true,,84,0,50,100,null,0,0,0
1736080981947,0,Select By Actor_ID,200,OK,Select Actor 1-32,text,true,,83,0,50,100,null,0,0,0
1736080981958,0,Select By Actor_ID,200,OK,Select Actor 1-15,text,true,,81,0,50,100,null,0,0,0
1736080981959,2,Update Rental Date,200,OK,Update Rental 3-18,text,true,,11,0,50,100,null,1,0,0
1736080981961,1,Update Rental Date,200,OK,Update Rental 3-45,text,true,,11,0,50,100,null,1,0,0
1736080981970,2,Update Rental Date,200,OK,Update Rental 3-31,text,true,,11,0,50,100,null,2,0,0
1736080981980,2,Update Rental Date,200,OK,Update Rental 3-10,text,true,,11,0,50,100,null,2,0,0
1736080981993,1,Update Rental Date,200,OK,Update Rental 3-21,text,true,,11,0,50,100,null,1,0,0
1736080982023,1,Update Rental Date,200,OK,Update Rental 3-19,text,true,,11,0,50,100,null,1,0,0
1736080982063,3,Update Rental Date,200,OK,Update Rental 3-11,text,true,,11,0,50,100,null,3,0,0
1736080982066,3,Update Rental Date,200,OK,Update Rental 3-20,text,true,,11,0,50,100,null,3,0,0
1736080982068,1,Select By Actor_ID,200,OK,Select Actor 1-33,text,true,,78,0,50,100,null,1,0,0
1736080982085,2,Update Rental Date,200,OK,Update Rental 3-38,text,true,,11,0,50,100,null,2,0,0
1736080982130,3,Update Rental Date,200,OK,Update Rental 3-26,text,true,,11,0,50,100,null,2,0,0
1736080982134,2,Update Rental Date,200,OK,Update Rental 3-30,text,true,,11,0,50,100,null,2,0,0
1736080982141,2,Update Rental Date,200,OK,Update Rental 3-29,text,true,,11,0,50,100,null,2,0,0
1736080982147,1,Select By Actor_ID,200,OK,Select Actor 1-49,text,true,,80,0,50,100,null,1,0,0
1736080982158,3,Update Rental Date,200,OK,Update Rental 3-9,text,true,,11,0,50,100,null,3,0,0
1736080982160,1,Select By Actor_ID,200,OK,Select Actor 1-39,text,true,,79,0,50,100,null,1,0,0
1736080982173,1,Select By Actor_ID,200,OK,Select Actor 1-45,text,true,,84,0,50,100,null,1,0,0
1736080982186,1,Select By Actor_ID,200,OK,Select Actor 1-1,text,true,,82,0,50,100,null,1,0,0
1736080982233,2,Update Rental Date,200,OK,Update Rental 3-44,text,true,,11,0,50,100,null,2,0,0
1736080982256,0,Select By Actor_ID,200,OK,Select Actor 1-18,text,true,,81,0,50,100,null,0,0,0
1736080982262,2,Update Rental Date,200,OK,Update Rental 3-3,text,true,,11,0,50,100,null,2,0,0
1736080982270,0,Select By Actor_ID,200,OK,Select Actor 1-28,text,true,,81,0,50,100,null,0,0,0
1736080982274,0,Select By Actor_ID,200,OK,Select Actor 1-20,text,true,,80,0,50,100,null,0,0,0
1736080982282,2,Update Rental Date,200,OK,Update Rental 3-1,text,true,,11,0,50,100,null,2,0,0
1736080982295,2,Update Rental Date,200,OK,Update Rental 3-34,text,true,,11,0,50,100,null,2,0,0
1736080982320,0,Select By Actor_ID,200,OK,Select Actor 1-8,text,true,,79,0,50,100,null,0,0,0
1736080982323,0,Select By Actor_ID,200,OK,Select Actor 1-34,text,true,,83,0,50,100,null,0,0,0
1736080982322,2,Update Rental Date,200,OK,Update Rental 3-39,text,true,,11,0,50,100,null,2,0,0
1736080982322,3,Update Rental Date,200,OK,Update Rental 3-16,text,true,,11,0,50,100,null,3,0,0
1736080982325,2,Update Rental Date,200,OK,Update Rental 3-37,text,true,,11,0,50,100,null,2,0,0
1736080982329,2,Update Rental Date,200,OK,Update Rental 3-33,text,true,,11,0,50,100,null,1,0,0
1736080982333,1,Update Rental Date,200,OK,Update Rental 3-5,text,true,,11,0,50,100,null,1,0,0
1736080982334,2,Update Rental Date,200,OK,Update Rental 3-35,text,true,,11,0,50,100,null,2,0,0
1736080982340,0,Select By Actor_ID,200,OK,Select Actor 1-25,text,true,,81,0,50,100,null,0,0,0
1736080982340,1,Update Rental Date,200,OK,Update Rental 3-14,text,true,,11,0,50,100,null,1,0,0
1736080982376,0,Select By Actor_ID,200,OK,Select Actor 1-6,text,true,,80,0,50,100,null,0,0,0
1736080982398,0,Select By Actor_ID,200,OK,Select Actor 1-37,text,true,,82,0,50,100,null,0,0,0
1736080982398,0,Select By Actor_ID,200,OK,Select Actor 1-5,text,true,,83,0,50,100,null,0,0,0
1736080982400,2,Update Rental Date,200,OK,Update Rental 3-46,text,true,,11,0,50,100,null,2,0,0
1736080982411,1,Select By Actor_ID,200,OK,Select Actor 1-4,text,true,,82,0,50,100,null,1,0,0
1736080982430,3,Update Rental Date,200,OK,Update Rental 3-48,text,true,,11,0,50,100,null,3,0,0
1736080982457,2,Update Rental Date,200,OK,Update Rental 3-17,text,true,,11,0,50,100,null,2,0,0
1736080982462,1,Select By Actor_ID,200,OK,Select Actor 1-11,text,true,,80,0,50,100,null,1,0,0
1736080982461,2,Update Rental Date,200,OK,Update Rental 3-7,text,true,,11,0,50,100,null,2,0,0
1736080982464,1,Select By Actor_ID,200,OK,Select Actor 1-27,text,true,,80,0,50,100,null,1,0,0
1736080982497,2,Update Rental Date,200,OK,Update Rental 3-31,text,true,,11,0,50,100,null,2,0,0
1736080982503,2,Update Rental Date,200,OK,Update Rental 3-28,text,true,,11,0,50,100,null,2,0,0
1736080982507,1,Select By Actor_ID,200,OK,Select Actor 1-22,text,true,,79,0,50,100,null,1,0,0
1736080982523,3,Update Rental Date,200,OK,Update Rental 3-18,text,true,,11,0,50,100,null,3,0,0
1736080982530,2,Update Rental Date,200,OK,Update Rental 3-41,text,true,,11,0,50,100,null,2,0,0
1736080982536,2,Update Rental Date,200,OK,Update Rental 3-47,text,true,,11,0,50,100,null,2,0,0
1736080982539,1,Select By Actor_ID,200,OK,Select Actor 1-31,text,true,,79,0,50,100,null,1,0,0
1736080982570,1,Select By Actor_ID,200,OK,Select Actor 1-44,text,true,,80,0,50,100,null,1,0,0
1736080982594,2,Update Rental Date,200,OK,Update Rental 3-12,text,true,,11,0,50,100,null,2,0,0
1736080982605,2,Update Rental Date,200,OK,Update Rental 3-22,text,true,,11,0,50,100,null,2,0,0
1736080982620,1,Select By Actor_ID,200,OK,Select Actor 1-15,text,true,,79,0,50,100,null,1,0,0
1736080982619,3,Update Rental Date,200,OK,Update Rental 3-32,text,true,,11,0,50,100,null,3,0,0
1736080982622,0,Select By Actor_ID,200,OK,Select Actor 1-43,text,true,,82,0,50,100,null,0,0,0
1736080982634,0,Select By Actor_ID,200,OK,Select Actor 1-40,text,true,,79,0,50,100,null,0,0,0
1736080982635,0,Select By Actor_ID,200,OK,Select Actor 1-35,text,true,,80,0,50,100,null,0,0,0
1736080982643,2,Update Rental Date,200,OK,Update Rental 3-24,text,true,,11,0,50,100,null,2,0,0
1736080982660,1,Select By Actor_ID,200,OK,Select Actor 1-16,text,true,,81,0,50,100,null,1,0,0
1736080982675,1,Select By Actor_ID,200,OK,Select Actor 1-46,text,true,,77,0,50,100,null,0,0,0
1736080982706,0,Select By Actor_ID,200,OK,Select Actor 1-10,text,true,,88,0,50,100,null,0,0,0
1736080982708,0,Select By Actor_ID,200,OK,Select Actor 1-9,text,true,,81,0,50,100,null,0,0,0
1736080982708,2,Update Rental Date,200,OK,Update Rental 3-26,text,true,,11,0,50,100,null,2,0,0
1736080982711,0,Select By Actor_ID,200,OK,Select Actor 1-24,text,true,,86,0,50,100,null,0,0,0
1736080982713,2,Update Rental Date,200,OK,Update Rental 3-36,text,true,,11,0,50,100,null,2,0,0
1736080982716,2,Update Rental Date,200,OK,Update Rental 3-42,text,true,,11,0,50,100,null,2,0,0
1736080982727,0,Select By Actor_ID,200,OK,Select Actor 1-14,text,true,,86,0,50,100,null,0,0,0
1736080982755,2,Update Rental Date,200,OK,Update Rental 3-4,text,true,,11,0,50,100,null,2,0,0
1736080982758,0,Select By Actor_ID,200,OK,Select Actor 1-3,text,true,,88,0,50,100,null,0,0,0
1736080982760,2,Update Rental Date,200,OK,Update Rental 3-6,text,true,,11,0,50,100,null,2,0,0
1736080982778,1,Update Rental Date,200,OK,Update Rental 3-50,text,true,,11,0,50,100,null,1,0,0
1736080982780,0,Select By Actor_ID,200,OK,Select Actor 1-13,text,true,,81,0,50,100,null,0,0,0
1736080982788,1,Select By Actor_ID,200,OK,Select Actor 1-21,text,true,,81,0,50,100,null,1,0,0
1736080982806,1,Select By Actor_ID,200,OK,Select Actor 1-48,text,true,,80,0,50,100,null,1,0,0
1736080982807,3,Update Rental Date,200,OK,Update Rental 3-38,text,true,,11,0,50,100,null,3,0,0
1736080982813,2,Update Rental Date,200,OK,Update Rental 3-8,text,true,,11,0,50,100,null,2,0,0
1736080982823,1,Select By Actor_ID,200,OK,Select Actor 1-36,text,true,,81,0,50,100,null,1,0,0
1736080982834,1,Select By Actor_ID,200,OK,Select Actor 1-7,text,true,,82,0,50,100,null,1,0,0
1736080982848,2,Update Rental Date,200,OK,Update Rental 3-43,text,true,,11,0,50,100,null,2,0,0
1736080982848,3,Update Rental Date,200,OK,Update Rental 3-21,text,true,,11,0,50,100,null,3,0,0
1736080982868,1,Select By Actor_ID,200,OK,Select Actor 1-33,text,true,,76,0,50,100,null,1,0,0
1736080982870,1,Select By Actor_ID,200,OK,Select Actor 1-2,text,true,,79,0,50,100,null,1,0,0
1736080982873,2,Update Rental Date,200,OK,Update Rental 3-13,text,true,,11,0,50,100,null,2,0,0
1736080982886,1,Select By Actor_ID,200,OK,Select Actor 1-17,text,true,,80,0,50,100,null,1,0,0
1736080982889,2,Update Rental Date,200,OK,Update Rental 3-9,text,true,,11,0,50,100,null,2,0,0
1736080982892,1,Select By Actor_ID,200,OK,Select Actor 1-50,text,true,,80,0,50,100,null,1,0,0
1736080982905,2,Update Rental Date,200,OK,Update Rental 3-27,text,true,,11,0,50,100,null,2,0,0
1736080982925,1,Select By Actor_ID,200,OK,Select Actor 1-25,text,true,,80,0,50,100,null,1,0,0
1736080982925,2,Update Rental Date,200,OK,Update Rental 3-15,text,true,,11,0,50,100,null,2,0,0
1736080982938,1,Select By Actor_ID,200,OK,Select Actor 1-29,text,true,,78,0,50,100,null,1,0,0
1736080982963,2,Update Rental Date,200,OK,Update Rental 3-5,text,true,,11,0,50,100,null,2,0,0
1736080982998,1,Select By Actor_ID,200,OK,Select Actor 1-47,text,true,,83,0,50,100,null,1,0,0
1736080983015,1,Select By Actor_ID,200,OK,Select Actor 1-30,text,true,,85,0,50,100,null,1,0,0
1736080983024,1,Select By Actor_ID,200,OK,Select Actor 1-18,text,true,,80,0,50,100,null,1,0,0
1736080983023,3,Update Rental Date,200,OK,Update Rental 3-23,text,true,,11,0,50,100,null,3,0,0
1736080983025,3,Update Rental Date,200,OK,Update Rental 3-35,text,true,,11,0,50,100,null,3,0,0
1736080983029,1,Select By Actor_ID,200,OK,Select Actor 1-23,text,true,,78,0,50,100,null,1,0,0
1736080983028,2,Update Rental Date,200,OK,Update Rental 3-28,text,true,,11,0,50,100,null,2,0,0
1736080983030,2,Update Rental Date,200,OK,Update Rental 3-16,text,true,,11,0,50,100,null,2,0,0
1736080983033,3,Update Rental Date,200,OK,Update Rental 3-37,text,true,,11,0,50,100,null,3,0,0
1736080983035,1,Select By Actor_ID,200,OK,Select Actor 1-38,text,true,,83,0,50,100,null,1,0,0
1736080983045,2,Update Rental Date,200,OK,Update Rental 3-19,text,true,,11,0,50,100,null,2,0,0
1736080983083,1,Select By Actor_ID,200,OK,Select Actor 1-8,text,true,,83,0,50,100,null,1,0,0
1736080983084,1,Select By Actor_ID,200,OK,Select Actor 1-12,text,true,,77,0,50,100,null,1,0,0
1736080983093,3,Update Rental Date,200,OK,Update Rental 3-47,text,true,,11,0,50,100,null,3,0,0
1736080983105,1,Select By Actor_ID,200,OK,Select Actor 1-28,text,true,,78,0,50,100,null,1,0,0
1736080983105,2,Update Rental Date,200,OK,Update Rental 3-10,text,true,,11,0,50,100,null,2,0,0
1736080983109,0,Select By Actor_ID,200,OK,Select Actor 1-41,text,true,,82,0,50,100,null,0,0,0
1736080983118,0,Select By Actor_ID,200,OK,Select Actor 1-26,text,true,,83,0,50,100,null,0,0,0
1736080983125,0,Select By Actor_ID,200,OK,Select Actor 1-42,text,true,,79,0,50,100,null,0,0,0
1736080983134,0,Select By Actor_ID,200,OK,Select Actor 1-27,text,true,,81,0,50,100,null,0,0,0
1736080983146,2,Update Rental Date,200,OK,Update Rental 3-14,text,true,,11,0,50,100,null,2,0,0
1736080983158,0,Select By Actor_ID,200,OK,Select Actor 1-49,text,true,,80,0,50,100,null,0,0,0
1736080983162,0,Select By Actor_ID,200,OK,Select Actor 1-19,text,true,,80,0,50,100,null,0,0,0
1736080983165,2,Update Rental Date,200,OK,Update Rental 3-39,text,true,,11,0,50,100,null,2,0,0
1736080983165,2,Update Rental Date,200,OK,Update Rental 3-29,text,true,,11,0,50,100,null,2,0,0
1736080983199,0,Select By Actor_ID,200,OK,Select Actor 1-39,text,true,,84,0,50,100,null,0,0,0
1736080983199,2,Update Rental Date,200,OK,Update Rental 3-25,text,true,,11,0,50,100,null,2,0,0
1736080983208,2,Update Rental Date,200,OK,Update Rental 3-2,text,true,,11,0,50,100,null,2,0,0
1736080983228,1,Select By Actor_ID,200,OK,Select Actor 1-16,text,true,,82,0,50,100,null,1,0,1
1736080983231,2,Update Rental Date,200,OK,Update Rental 3-45,text,true,,11,0,50,100,null,2,0,0
1736080983236,2,Update Rental Date,200,OK,Update Rental 3-42,text,true,,11,0,50,100,null,2,0,0
1736080983252,1,Select By Actor_ID,200,OK,Select Actor 1-1,text,true,,79,0,50,100,null,1,0,0
1736080983261,1,Select By Actor_ID,200,OK,Select Actor 1-46,text,true,,80,0,50,100,null,1,0,0
1736080983271,2,Update Rental Date,200,OK,Update Rental 3-32,text,true,,11,0,50,100,null,2,0,0
1736080983275,1,Select By Actor_ID,200,OK,Select Actor 1-24,text,true,,79,0,50,100,null,1,0,0
1736080983306,2,Update Rental Date,200,OK,Update Rental 3-48,text,true,,11,0,50,100,null,2,0,0
1736080983314,1,Select By Actor_ID,200,OK,Select Actor 1-32,text,true,,80,0,50,100,null,1,0,0
1736080983364,1,Select By Actor_ID,200,OK,Select Actor 1-45,text,true,,79,0,50,100,null,1,0,0
1736080983372,1,Select By Actor_ID,200,OK,Select Actor 1-5,text,true,,80,0,50,100,null,1,0,0
1736080983380,1,Select By Actor_ID,200,OK,Select Actor 1-48,text,true,,76,0,50,100,null,1,0,0
1736080983392,1,Select By Actor_ID,200,OK,Select Actor 1-13,text,true,,81,0,50,100,null,1,0,0
1736080983390,3,Update Rental Date,200,OK,Update Rental 3-40,text,true,,11,0,50,100,null,3,0,0
1736080983393,2,Update Rental Date,200,OK,Update Rental 3-49,text,true,,11,0,50,100,null,2,0,0
1736080983407,2,Update Rental Date,200,OK,Update Rental 3-36,text,true,,11,0,50,100,null,2,0,0
1736080983427,2,Update Rental Date,200,OK,Update Rental 3-24,text,true,,11,0,50,100,null,2,0,0
1736080983440,1,Select By Actor_ID,200,OK,Select Actor 1-10,text,true,,80,0,50,100,null,1,0,0
1736080983443,1,Select By Actor_ID,200,OK,Select Actor 1-17,text,true,,82,0,50,100,null,1,0,0
1736080983447,2,Update Rental Date,200,OK,Update Rental 3-3,text,true,,11,0,50,100,null,2,0,0
1736080983448,2,Update Rental Date,200,OK,Update Rental 3-6,text,true,,11,0,50,100,null,2,0,0
1736080983452,2,Update Rental Date,200,OK,Update Rental 3-30,text,true,,11,0,50,100,null,2,0,0
1736080983455,0,Select By Actor_ID,200,OK,Select Actor 1-21,text,true,,78,0,50,100,null,0,0,0
1736080983470,3,Update Rental Date,200,OK,Update Rental 3-8,text,true,,11,0,50,100,null,2,0,0
1736080983470,3,Update Rental Date,200,OK,Update Rental 3-20,text,true,,11,0,50,100,null,3,0,0
1736080983473,2,Update Rental Date,200,OK,Update Rental 3-7,text,true,,11,0,50,100,null,2,0,0
1736080983488,0,Select By Actor_ID,200,OK,Select Actor 1-11,text,true,,79,0,50,100,null,0,0,0
1736080983491,0,Select By Actor_ID,200,OK,Select Actor 1-33,text,true,,80,0,50,100,null,0,0,0
1736080983515,2,Update Rental Date,200,OK,Update Rental 3-46,text,true,,11,0,50,100,null,2,0,0
1736080983518,2,Update Rental Date,200,OK,Update Rental 3-11,text,true,,11,0,50,100,null,2,0,0
1736080983520,2,Update Rental Date,200,OK,Update Rental 3-44,text,true,,11,0,50,100,null,2,0,0
1736080983534,0,Select By Actor_ID,200,OK,Select Actor 1-4,text,true,,82,0,50,100,null,0,0,0
1736080983549,1,Select By Actor_ID,200,OK,Select Actor 1-3,text,true,,81,0,50,100,null,1,0,0
1736080983563,0,Select By Actor_ID,200,OK,Select Actor 1-37,text,true,,79,0,50,100,null,0,0,0
1736080983570,0,Select By Actor_ID,200,OK,Select Actor 1-44,text,true,,80,0,50,100,null,0,0,0
1736080983581,0,Select By Actor_ID,200,OK,Select Actor 1-22,text,true,,81,0,50,100,null,0,0,0
1736080983590,2,Update Rental Date,200,OK,Update Rental 3-15,text,true,,11,0,50,100,null,2,0,0
1736080983602,2,Update Rental Date,200,OK,Update Rental 3-9,text,true,,11,0,50,100,null,2,0,0
1736080983607,2,Update Rental Date,200,OK,Update Rental 3-21,text,true,,11,0,50,100,null,2,0,0
1736080983625,20,Update Rental Date,200,OK,Update Rental 3-22,text,true,,11,0,50,100,null,20,0,1
1736080983629,18,Update Rental Date,200,OK,Update Rental 3-34,text,true,,11,0,50,100,null,18,0,0
1736080983644,3,Update Rental Date,200,OK,Update Rental 3-33,text,true,,11,0,50,100,null,3,0,0
1736080983646,3,Update Rental Date,200,OK,Update Rental 3-4,text,true,,11,0,50,100,null,3,0,0
1736080983685,1,Select By Actor_ID,200,OK,Select Actor 1-34,text,true,,83,0,50,100,null,1,0,0
1736080983690,1,Select By Actor_ID,200,OK,Select Actor 1-6,text,true,,79,0,50,100,null,1,0,0
1736080983695,1,Select By Actor_ID,200,OK,Select Actor 1-38,text,true,,78,0,50,100,null,1,0,0
1736080983697,1,Select By Actor_ID,200,OK,Select Actor 1-27,text,true,,80,0,50,100,null,1,0,0
1736080983704,1,Select By Actor_ID,200,OK,Select Actor 1-23,text,true,,83,0,50,100,null,1,0,0
1736080983729,4,Update Rental Date,200,OK,Update Rental 3-2,text,true,,11,0,50,100,null,3,0,0
1736080983737,1,Select By Actor_ID,200,OK,Select Actor 1-20,text,true,,79,0,50,100,null,1,0,0
1736080983748,3,Update Rental Date,200,OK,Update Rental 3-1,text,true,,11,0,50,100,null,3,0,0
1736080983750,3,Update Rental Date,200,OK,Update Rental 3-17,text,true,,11,0,50,100,null,3,0,0
1736080983753,2,Update Rental Date,200,OK,Update Rental 3-50,text,true,,11,0,50,100,null,2,0,0
1736080983759,2,Update Rental Date,200,OK,Update Rental 3-31,text,true,,11,0,50,100,null,2,0,0
1736080983765,1,Select By Actor_ID,200,OK,Select Actor 1-40,text,true,,80,0,50,100,null,0,0,0
1736080983799,2,Update Rental Date,200,OK,Update Rental 3-37,text,true,,11,0,50,100,null,2,0,0
1736080983826,0,Select By Actor_ID,200,OK,Select Actor 1-19,text,true,,80,0,50,100,null,0,0,0
1736080983827,0,Select By Actor_ID,200,OK,Select Actor 1-29,text,true,,81,0,50,100,null,0,0,0
1736080983828,0,Select By Actor_ID,200,OK,Select Actor 1-8,text,true,,84,0,50,100,null,0,0,0
1736080983835,0,Select By Actor_ID,200,OK,Select Actor 1-36,text,true,,79,0,50,100,null,0,0,0
1736080983854,0,Select By Actor_ID,200,OK,Select Actor 1-35,text,true,,82,0,50,100,null,0,0,0
1736080983855,2,Update Rental Date,200,OK,Update Rental 3-27,text,true,,11,0,50,100,null,2,0,0
1736080983875,0,Select By Actor_ID,200,OK,Select Actor 1-18,text,true,,80,0,50,100,null,0,0,0
1736080983876,0,Select By Actor_ID,200,OK,Select Actor 1-14,text,true,,79,0,50,100,null,0,0,0
1736080983876,2,Update Rental Date,200,OK,Update Rental 3-14,text,true,,11,0,50,100,null,2,0,0
1736080983891,0,Select By Actor_ID,200,OK,Select Actor 1-15,text,true,,81,0,50,100,null,0,0,0
1736080983914,0,Select By Actor_ID,200,OK,Select Actor 1-49,text,true,,81,0,50,100,null,0,0,0
1736080983917,2,Update Rental Date,200,OK,Update Rental 3-38,text,true,,11,0,50,100,null,1,0,0
1736080983986,2,Update Rental Date,200,OK,Update Rental 3-23,text,true,,11,0,50,100,null,2,0,0
1736080983988,1,Select By Actor_ID,200,OK,Select Actor 1-5,text,true,,83,0,50,100,null,1,0,0
1736080983994,2,Update Rental Date,200,OK,Update Rental 3-18,text,true,,11,0,50,100,null,2,0,0
1736080984008,1,Select By Actor_ID,200,OK,Select Actor 1-45,text,true,,83,0,50,100,null,1,0,0
1736080984009,1,Select By Actor_ID,200,OK,Select Actor 1-42,text,true,,78,0,50,100,null,1,0,0
1736080984009,2,Update Rental Date,200,OK,Update Rental 3-41,text,true,,11,0,50,100,null,2,0,0
1736080984012,1,Select By Actor_ID,200,OK,Select Actor 1-12,text,true,,81,0,50,100,null,1,0,0
1736080984013,2,Update Rental Date,200,OK,Update Rental 3-12,text,true,,11,0,50,100,null,2,0,0
1736080984013,2,Update Rental Date,200,OK,Update Rental 3-35,text,true,,11,0,50,100,null,2,0,0
1736080984020,1,Select By Actor_ID,200,OK,Select Actor 1-31,text,true,,81,0,50,100,null,1,0,0
1736080984022,2,Update Rental Date,200,OK,Update Rental 3-40,text,true,,11,0,50,100,null,2,0,0
1736080984037,3,Update Rental Date,200,OK,Update Rental 3-43,text,true,,11,0,50,100,null,3,0,0
1736080984043,1,Select By Actor_ID,200,OK,Select Actor 1-41,text,true,,85,0,50,100,null,1,0,0
1736080984044,1,Select By Actor_ID,200,OK,Select Actor 1-2,text,true,,80,0,50,100,null,1,0,0
1736080984080,2,Update Rental Date,200,OK,Update Rental 3-26,text,true,,11,0,50,100,null,2,0,0
1736080984097,1,Select By Actor_ID,200,OK,Select Actor 1-43,text,true,,85,0,50,100,null,1,0,0
1736080984114,1,Select By Actor_ID,200,OK,Select Actor 1-30,text,true,,81,0,50,100,null,1,0,0
1736080984117,2,Update Rental Date,200,OK,Update Rental 3-36,text,true,,11,0,50,100,null,2,0,0
1736080984125,2,Update Rental Date,200,OK,Update Rental 3-19,text,true,,11,0,50,100,null,2,0,0
1736080984137,1,Select By Actor_ID,200,OK,Select Actor 1-9,text,true,,84,0,50,100,null,1,0,0
1736080984137,3,Update Rental Date,200,OK,Update Rental 3-45,text,true,,11,0,50,100,null,3,0,0
1736080984176,1,Select By Actor_ID,200,OK,Select Actor 1-13,text,true,,80,0,50,100,null,0,0,0
1736080984184,2,Update Rental Date,200,OK,Update Rental 3-24,text,true,,11,0,50,100,null,2,0,0
1736080984188,1,Select By Actor_ID,200,OK,Select Actor 1-26,text,true,,78,0,50,100,null,0,0,0
1736080984209,0,Select By Actor_ID,200,OK,Select Actor 1-46,text,true,,82,0,50,100,null,0,0,0
1736080984224,2,Update Rental Date,200,OK,Update Rental 3-32,text,true,,11,0,50,100,null,2,0,0
1736080984243,0,Select By Actor_ID,200,OK,Select Actor 1-24,text,true,,82,0,50,100,null,0,0,0
1736080984278,2,Update Rental Date,200,OK,Update Rental 3-16,text,true,,11,0,50,100,null,2,0,0
1736080984280,0,Select By Actor_ID,200,OK,Select Actor 1-7,text,true,,76,0,50,100,null,0,0,0
1736080984282,0,Select By Actor_ID,200,OK,Select Actor 1-47,text,true,,81,0,50,100,null,0,0,0
1736080984287,2,Update Rental Date,200,OK,Update Rental 3-5,text,true,,11,0,50,100,null,2,0,0
1736080984288,2,Update Rental Date,200,OK,Update Rental 3-39,text,true,,11,0,50,100,null,2,0,0
1736080984298,2,Update Rental Date,200,OK,Update Rental 3-13,text,true,,11,0,50,100,null,2,0,0
1736080984319,2,Update Rental Date,200,OK,Update Rental 3-29,text,true,,11,0,50,100,null,2,0,0
1736080984324,0,Select By Actor_ID,200,OK,Select Actor 1-50,text,true,,78,0,50,100,null,0,0,0
1736080984357,1,Select By Actor_ID,200,OK,Select Actor 1-10,text,true,,79,0,50,100,null,1,0,0
1736080984360,1,Select By Actor_ID,200,OK,Select Actor 1-3,text,true,,84,0,50,100,null,1,0,0
1736080984374,1,Select By Actor_ID,200,OK,Select Actor 1-25,text,true,,80,0,50,100,null,1,0,0
1736080984374,1,Select By Actor_ID,200,OK,Select Actor 1-28,text,true,,81,0,50,100,null,1,0,0
1736080984373,2,Update Rental Date,200,OK,Update Rental 3-6,text,true,,11,0,50,100,null,2,0,0
1736080984399,2,Update Rental Date,200,OK,Update Rental 3-42,text,true,,11,0,50,100,null,2,0,0
1736080984403,1,Select By Actor_ID,200,OK,Select Actor 1-23,text,true,,80,0,50,100,null,1,0,0
1736080984421,0,Select By Actor_ID,200,OK,Select Actor 1-36,text,true,,79,0,50,100,null,0,0,0
1736080984426,0,Select By Actor_ID,200,OK,Select Actor 1-22,text,true,,77,0,50,100,null,0,0,0
1736080984432,2,Update Rental Date,200,OK,Update Rental 3-10,text,true,,11,0,50,100,null,2,0,0
1736080984439,0,Select By Actor_ID,200,OK,Select Actor 1-20,text,true,,78,0,50,100,null,0,0,0
1736080984472,2,Update Rental Date,200,OK,Update Rental 3-31,text,true,,11,0,50,100,null,2,0,0
1736080984476,0,Select By Actor_ID,200,OK,Select Actor 1-16,text,true,,79,0,50,100,null,0,0,0
1736080984482,0,Select By Actor_ID,200,OK,Select Actor 1-37,text,true,,84,0,50,100,null,0,0,0
1736080984494,0,Select By Actor_ID,200,OK,Select Actor 1-4,text,true,,81,0,50,100,null,0,0,0
1736080984501,0,Select By Actor_ID,200,OK,Select Actor 1-35,text,true,,79,0,50,100,null,0,0,0
1736080984505,1,Update Rental Date,200,OK,Update Rental 3-37,text,true,,11,0,50,100,null,1,0,0
1736080984508,0,Select By Actor_ID,200,OK,Select Actor 1-6,text,true,,82,0,50,100,null,0,0,0
1736080984516,2,Update Rental Date,200,OK,Update Rental 3-28,text,true,,11,0,50,100,null,1,0,0
1736080984516,2,Update Rental Date,200,OK,Update Rental 3-11,text,true,,11,0,50,100,null,1,0,0
1736080984524,0,Select By Actor_ID,200,OK,Select Actor 1-40,text,true,,83,0,50,100,null,0,0,0
1736080984530,1,Update Rental Date,200,OK,Update Rental 3-48,text,true,,11,0,50,100,null,1,0,0
1736080984539,2,Update Rental Date,200,OK,Update Rental 3-20,text,true,,11,0,50,100,null,2,0,0
1736080984541,0,Select By Actor_ID,200,OK,Select Actor 1-39,text,true,,83,0,50,100,null,0,0,0
1736080984545,0,Select By Actor_ID,200,OK,Select Actor 1-19,text,true,,84,0,50,100,null,0,0,0
1736080984550,1,Update Rental Date,200,OK,Update Rental 3-25,text,true,,11,0,50,100,null,1,0,0
1736080984555,0,Select By Actor_ID,200,OK,Select Actor 1-33,text,true,,79,0,50,100,null,0,0,0
1736080984584,1,Select By Actor_ID,200,OK,Select Actor 1-8,text,true,,81,0,50,100,null,1,0,0
1736080984585,3,Update Rental Date,200,OK,Update Rental 3-3,text,true,,11,0,50,100,null,3,0,0
1736080984589,2,Update Rental Date,200,OK,Update Rental 3-1,text,true,,11,0,50,100,null,2,0,0
1736080984595,2,Update Rental Date,200,OK,Update Rental 3-47,text,true,,11,0,50,100,null,2,0,0
1736080984597,2,Update Rental Date,200,OK,Update Rental 3-46,text,true,,11,0,50,100,null,2,0,0
1736080984602,2,Update Rental Date,200,OK,Update Rental 3-21,text,true,,11,0,50,100,null,2,0,0
1736080984630,2,Update Rental Date,200,OK,Update Rental 3-49,text,true,,11,0,50,100,null,2,0,0
1736080984652,1,Select By Actor_ID,200,OK,Select Actor 1-21,text,true,,82,0,50,100,null,1,0,0
1736080984670,1,Select By Actor_ID,200,OK,Select Actor 1-1,text,true,,78,0,50,100,null,1,0,0
1736080984684,0,Select By Actor_ID,200,OK,Select Actor 1-48,text,true,,81,0,50,100,null,0,0,0
1736080984689,0,Select By Actor_ID,200,OK,Select Actor 1-27,text,true,,78,0,50,100,null,0,0,0
1736080984692,0,Select By Actor_ID,200,OK,Select Actor 1-13,text,true,,83,0,50,100,null,0,0,0
1736080984692,2,Update Rental Date,200,OK,Update Rental 3-26,text,true,,11,0,50,100,null,2,0,0
1736080984718,0,Select By Actor_ID,200,OK,Select Actor 1-44,text,true,,82,0,50,100,null,0,0,0
1736080984724,0,Select By Actor_ID,200,OK,Select Actor 1-41,text,true,,79,0,50,100,null,0,0,0
1736080984744,0,Select By Actor_ID,200,OK,Select Actor 1-30,text,true,,80,0,50,100,null,0,0,0
1736080984754,1,Update Rental Date,200,OK,Update Rental 3-33,text,true,,11,0,50,100,null,1,0,0
1736080984765,3,Update Rental Date,200,OK,Update Rental 3-15,text,true,,11,0,50,100,null,3,0,1
1736080984774,2,Update Rental Date,200,OK,Update Rental 3-22,text,true,,11,0,50,100,null,2,0,0
1736080984780,1,Select By Actor_ID,200,OK,Select Actor 1-9,text,true,,81,0,50,100,null,0,0,0
1736080984783,1,Select By Actor_ID,200,OK,Select Actor 1-17,text,true,,77,0,50,100,null,1,0,0
1736080984793,1,Select By Actor_ID,200,OK,Select Actor 1-32,text,true,,82,0,50,100,null,1,0,0
1736080984801,1,Select By Actor_ID,200,OK,Select Actor 1-34,text,true,,80,0,50,100,null,0,0,0
1736080984833,0,Select By Actor_ID,200,OK,Select Actor 1-46,text,true,,80,0,50,100,null,0,0,0
1736080984876,2,Update Rental Date,200,OK,Update Rental 3-14,text,true,,11,0,50,100,null,2,0,0
1736080984876,2,Update Rental Date,200,OK,Update Rental 3-8,text,true,,11,0,50,100,null,2,0,0
1736080984889,2,Update Rental Date,200,OK,Update Rental 3-27,text,true,,11,0,50,100,null,2,0,0
1736080984894,0,Select By Actor_ID,200,OK,Select Actor 1-38,text,true,,83,0,50,100,null,0,0,0
1736080984898,2,Update Rental Date,200,OK,Update Rental 3-35,text,true,,11,0,50,100,null,2,0,0
1736080984902,1,Update Rental Date,200,OK,Update Rental 3-17,text,true,,11,0,50,100,null,1,0,0
1736080984906,2,Update Rental Date,200,OK,Update Rental 3-50,text,true,,11,0,50,100,null,2,0,0
1736080984918,0,Select By Actor_ID,200,OK,Select Actor 1-2,text,true,,86,0,50,100,null,0,0,0
1736080984925,0,Select By Actor_ID,200,OK,Select Actor 1-11,text,true,,83,0,50,100,null,0,0,0
1736080984926,0,Select By Actor_ID,200,OK,Select Actor 1-10,text,true,,86,0,50,100,null,0,0,0
1736080984925,2,Update Rental Date,200,OK,Update Rental 3-7,text,true,,11,0,50,100,null,2,0,0
1736080984935,0,Select By Actor_ID,200,OK,Select Actor 1-42,text,true,,80,0,50,100,null,0,0,0
1736080984934,2,Update Rental Date,200,OK,Update Rental 3-30,text,true,,11,0,50,100,null,2,0,0
1736080984943,2,Update Rental Date,200,OK,Update Rental 3-40,text,true,,11,0,50,100,null,2,0,0
1736080984949,2,Update Rental Date,200,OK,Update Rental 3-44,text,true,,11,0,50,100,null,2,0,0
1736080984966,2,Update Rental Date,200,OK,Update Rental 3-9,text,true,,11,0,50,100,null,2,0,0
1736080984989,1,Select By Actor_ID,200,OK,Select Actor 1-29,text,true,,80,0,50,100,null,1,0,0
1736080984991,1,Select By Actor_ID,200,OK,Select Actor 1-5,text,true,,78,0,50,100,null,1,0,0
1736080984998,2,Update Rental Date,200,OK,Update Rental 3-4,text,true,,11,0,50,100,null,2,0,0
1736080985002,1,Select By Actor_ID,200,OK,Select Actor 1-47,text,true,,83,0,50,100,null,1,0,0
1736080985026,2,Update Rental Date,200,OK,Update Rental 3-28,text,true,,11,0,50,100,null,2,0,0
1736080985028,1,Select By Actor_ID,200,OK,Select Actor 1-18,text,true,,80,0,50,100,null,1,0,0
1736080985033,2,Update Rental Date,200,OK,Update Rental 3-43,text,true,,11,0,50,100,null,2,0,0
1736080985048,2,Update Rental Date,200,OK,Update Rental 3-32,text,true,,11,0,50,100,null,2,0,0
1736080985049,3,Update Rental Date,200,OK,Update Rental 3-34,text,true,,11,0,50,100,null,2,0,0
1736080985053,2,Update Rental Date,200,OK,Update Rental 3-36,text,true,,11,0,50,100,null,2,0,0
1736080985059,2,Update Rental Date,200,OK,Update Rental 3-19,text,true,,11,0,50,100,null,2,0,0
1736080985065,1,Select By Actor_ID,200,OK,Select Actor 1-14,text,true,,78,0,50,100,null,1,0,0
1736080985070,1,Select By Actor_ID,200,OK,Select Actor 1-43,text,true,,85,0,50,100,null,1,0,0
1736080985072,1,Select By Actor_ID,200,OK,Select Actor 1-45,text,true,,81,0,50,100,null,1,0,0
1736080985079,1,Select By Actor_ID,200,OK,Select Actor 1-33,text,true,,83,0,50,100,null,1,0,0
1736080985106,1,Select By Actor_ID,200,OK,Select Actor 1-37,text,true,,81,0,50,100,null,1,0,0
1736080985171,2,Update Rental Date,200,OK,Update Rental 3-12,text,true,,11,0,50,100,null,2,0,0
1736080985173,2,Update Rental Date,200,OK,Update Rental 3-5,text,true,,11,0,50,100,null,2,0,0
1736080985182,2,Update Rental Date,200,OK,Update Rental 3-37,text,true,,11,0,50,100,null,2,0,0
1736080985191,2,Update Rental Date,200,OK,Update Rental 3-2,text,true,,11,0,50,100,null,2,0,0
1736080985200,0,Select By Actor_ID,200,OK,Select Actor 1-23,text,true,,84,0,50,100,null,0,0,0
1736080985211,1,Select By Actor_ID,200,OK,Select Actor 1-26,text,true,,85,0,50,100,null,0,0,0
1736080985210,2,Update Rental Date,200,OK,Update Rental 3-23,text,true,,11,0,50,100,null,2,0,0
1736080985221,2,Update Rental Date,200,OK,Update Rental 3-18,text,true,,11,0,50,100,null,2,0,0
1736080985222,2,Update Rental Date,200,OK,Update Rental 3-24,text,true,,11,0,50,100,null,2,0,0
1736080985226,2,Update Rental Date,200,OK,Update Rental 3-38,text,true,,11,0,50,100,null,2,0,0
1736080985229,2,Update Rental Date,200,OK,Update Rental 3-39,text,true,,11,0,50,100,null,2,0,0
1736080985234,0,Select By Actor_ID,200,OK,Select Actor 1-1,text,true,,81,0,50,100,null,0,0,0
1736080985237,0,Select By Actor_ID,200,OK,Select Actor 1-31,text,true,,83,0,50,100,null,0,0,0
1736080985247,0,Select By Actor_ID,200,OK,Select Actor 1-49,text,true,,84,0,50,100,null,0,0,0
1736080985260,0,Select By Actor_ID,200,OK,Select Actor 1-48,text,true,,80,0,50,100,null,0,0,0
1736080985266,0,Select By Actor_ID,200,OK,Select Actor 1-13,text,true,,84,0,50,100,null,0,0,0
1736080985267,0,Select By Actor_ID,200,OK,Select Actor 1-28,text,true,,83,0,50,100,null,0,0,0
1736080985283,0,Select By Actor_ID,200,OK,Select Actor 1-15,text,true,,83,0,50,100,null,0,0,0
1736080985317,0,Select By Actor_ID,200,OK,Select Actor 1-16,text,true,,82,0,50,100,null,0,0,0
1736080985336,0,Select By Actor_ID,200,OK,Select Actor 1-3,text,true,,80,0,50,100,null,0,0,0
1736080985359,1,Select By Actor_ID,200,OK,Select Actor 1-30,text,true,,81,0,50,100,null,1,0,0
1736080985367,2,Update Rental Date,200,OK,Update Rental 3-45,text,true,,11,0,50,100,null,2,0,0
1736080985367,2,Update Rental Date,200,OK,Update Rental 3-47,text,true,,11,0,50,100,null,2,0,0
1736080985381,1,Select By Actor_ID,200,OK,Select Actor 1-8,text,true,,84,0,50,100,null,1,0,0
1736080985392,1,Select By Actor_ID,200,OK,Select Actor 1-22,text,true,,77,0,50,100,null,1,0,0
1736080985398,1,Select By Actor_ID,200,OK,Select Actor 1-46,text,true,,80,0,50,100,null,1,0,0
1736080985401,1,Select By Actor_ID,200,OK,Select Actor 1-25,text,true,,80,0,50,100,null,1,0,0
1736080985400,2,Update Rental Date,200,OK,Update Rental 3-42,text,true,,11,0,50,100,null,2,0,0
1736080985400,2,Update Rental Date,200,OK,Update Rental 3-41,text,true,,11,0,50,100,null,2,0,0
1736080985413,2,Update Rental Date,200,OK,Update Rental 3-27,text,true,,11,0,50,100,null,2,0,0
1736080985420,1,Select By Actor_ID,200,OK,Select Actor 1-12,text,true,,80,0,50,100,null,1,0,0
1736080985427,2,Update Rental Date,200,OK,Update Rental 3-29,text,true,,11,0,50,100,null,2,0,0
1736080985432,2,Update Rental Date,200,OK,Update Rental 3-6,text,true,,11,0,50,100,null,2,0,0
1736080985465,2,Update Rental Date,200,OK,Update Rental 3-3,text,true,,11,0,50,100,null,2,0,0
1736080985469,1,Select By Actor_ID,200,OK,Select Actor 1-9,text,true,,83,0,50,100,null,1,0,0
1736080985473,1,Select By Actor_ID,200,OK,Select Actor 1-39,text,true,,80,0,50,100,null,1,0,0
1736080985476,2,Update Rental Date,200,OK,Update Rental 3-1,text,true,,11,0,50,100,null,2,0,0
1736080985510,2,Update Rental Date,200,OK,Update Rental 3-11,text,true,,11,0,50,100,null,2,0,0
1736080985514,1,Select By Actor_ID,200,OK,Select Actor 1-40,text,true,,80,0,50,100,null,0,0,0
1736080985526,1,Select By Actor_ID,200,OK,Select Actor 1-50,text,true,,81,0,50,100,null,0,0,0
1736080985531,2,Update Rental Date,200,OK,Update Rental 3-31,text,true,,11,0,50,100,null,2,0,0
1736080985537,0,Select By Actor_ID,200,OK,Select Actor 1-38,text,true,,78,0,50,100,null,0,0,0
1736080985544,2,Update Rental Date,200,OK,Update Rental 3-25,text,true,,11,0,50,100,null,2,0,0
1736080985583,2,Update Rental Date,200,OK,Update Rental 3-15,text,true,,11,0,50,100,null,2,0,0
1736080985588,2,Update Rental Date,200,OK,Update Rental 3-20,text,true,,11,0,50,100,null,2,0,0
1736080985602,2,Update Rental Date,200,OK,Update Rental 3-26,text,true,,11,0,50,100,null,2,0,0
1736080985614,0,Select By Actor_ID,200,OK,Select Actor 1-24,text,true,,83,0,50,100,null,0,0,0
1736080985622,0,Select By Actor_ID,200,OK,Select Actor 1-36,text,true,,79,0,50,100,null,0,0,0
1736080985627,0,Select By Actor_ID,200,OK,Select Actor 1-34,text,true,,84,0,50,100,null,0,0,0
1736080985651,0,Select By Actor_ID,200,OK,Select Actor 1-20,text,true,,81,0,50,100,null,0,0,0
1736080985657,2,Update Rental Date,200,OK,Update Rental 3-33,text,true,,11,0,50,100,null,2,0,0
1736080985675,2,Update Rental Date,200,OK,Update Rental 3-46,text,true,,11,0,50,100,null,2,0,0
1736080985717,3,Update Rental Date,200,OK,Update Rental 3-50,text,true,,11,0,50,100,null,3,0,1
1736080985726,3,Update Rental Date,200,OK,Update Rental 3-28,text,true,,11,0,50,100,null,3,0,0
1736080985726,3,Update Rental Date,200,OK,Update Rental 3-16,text,true,,11,0,50,100,null,3,0,0
1736080985757,1,Select By Actor_ID,200,OK,Select Actor 1-7,text,true,,83,0,50,100,null,1,0,0
1736080985765,1,Select By Actor_ID,200,OK,Select Actor 1-4,text,true,,80,0,50,100,null,1,0,0
1736080985765,1,Select By Actor_ID,200,OK,Select Actor 1-21,text,true,,78,0,50,100,null,1,0,0
1736080985774,1,Select By Actor_ID,200,OK,Select Actor 1-49,text,true,,84,0,50,100,null,1,0,0
1736080985788,2,Update Rental Date,200,OK,Update Rental 3-13,text,true,,11,0,50,100,null,2,0,0
1736080985814,2,Update Rental Date,200,OK,Update Rental 3-21,text,true,,11,0,50,100,null,2,0,0
1736080985825,1,Select By Actor_ID,200,OK,Select Actor 1-28,text,true,,80,0,50,100,null,1,0,0
1736080985827,1,Select By Actor_ID,200,OK,Select Actor 1-18,text,true,,81,0,50,100,null,1,0,0
1736080985827,3,Update Rental Date,200,OK,Update Rental 3-44,text,true,,11,0,50,100,null,3,0,0
1736080985831,1,Select By Actor_ID,200,OK,Select Actor 1-14,text,true,,81,0,50,100,null,1,0,0
1736080985832,1,Select By Actor_ID,200,OK,Select Actor 1-29,text,true,,80,0,50,100,null,1,0,0
1736080985850,3,Update Rental Date,200,OK,Update Rental 3-10,text,true,,11,0,50,100,null,3,0,0
1736080985856,1,Select By Actor_ID,200,OK,Select Actor 1-10,text,true,,82,0,50,100,null,1,0,0
1736080985861,1,Select By Actor_ID,200,OK,Select Actor 1-6,text,true,,80,0,50,100,null,1,0,0
1736080985861,2,Update Rental Date,200,OK,Update Rental 3-35,text,true,,11,0,50,100,null,2,0,0
1736080985880,1,Select By Actor_ID,200,OK,Select Actor 1-11,text,true,,81,0,50,100,null,1,0,0
1736080985884,0,Select By Actor_ID,200,OK,Select Actor 1-27,text,true,,84,0,50,100,null,0,0,0
1736080985896,0,Select By Actor_ID,200,OK,Select Actor 1-19,text,true,,79,0,50,100,null,0,0,0
1736080985897,0,Select By Actor_ID,200,OK,Select Actor 1-41,text,true,,82,0,50,100,null,0,0,0
1736080985900,1,Update Rental Date,200,OK,Update Rental 3-45,text,true,,11,0,50,100,null,1,0,0
1736080985916,0,Select By Actor_ID,200,OK,Select Actor 1-32,text,true,,79,0,50,100,null,0,0,0
1736080985932,1,Select By Actor_ID,200,OK,Select Actor 1-23,text,true,,80,0,50,100,null,1,0,0
1736080985943,1,Select By Actor_ID,200,OK,Select Actor 1-5,text,true,,79,0,50,100,null,1,0,0
1736080985944,1,Select By Actor_ID,200,OK,Select Actor 1-22,text,true,,82,0,50,100,null,1,0,0
1736080985952,1,Select By Actor_ID,200,OK,Select Actor 1-35,text,true,,82,0,50,100,null,1,0,0
1736080985955,1,Select By Actor_ID,200,OK,Select Actor 1-47,text,true,,84,0,50,100,null,1,0,0
1736080985967,2,Update Rental Date,200,OK,Update Rental 3-8,text,true,,11,0,50,100,null,2,0,0
1736080985978,1,Select By Actor_ID,200,OK,Select Actor 1-8,text,true,,86,0,50,100,null,1,0,0
1736080985998,0,Select By Actor_ID,200,OK,Select Actor 1-17,text,true,,81,0,50,100,null,0,0,0
1736080986015,3,Update Rental Date,200,OK,Update Rental 3-48,text,true,,11,0,50,100,null,3,0,0
1736080986016,3,Update Rental Date,200,OK,Update Rental 3-14,text,true,,11,0,50,100,null,3,0,0
1736080986027,0,Select By Actor_ID,200,OK,Select Actor 1-45,text,true,,79,0,50,100,null,0,0,0
1736080986043,2,Update Rental Date,200,OK,Update Rental 3-49,text,true,,11,0,50,100,null,2,0,0
1736080986046,0,Select By Actor_ID,200,OK,Select Actor 1-2,text,true,,84,0,50,100,null,0,0,0
1736080986054,0,Select By Actor_ID,200,OK,Select Actor 1-39,text,true,,80,0,50,100,null,0,0,0
1736080986070,0,Select By Actor_ID,200,OK,Select Actor 1-9,text,true,,79,0,50,100,null,0,0,0
1736080986075,2,Update Rental Date,200,OK,Update Rental 3-12,text,true,,11,0,50,100,null,2,0,0
1736080986080,2,Update Rental Date,200,OK,Update Rental 3-19,text,true,,11,0,50,100,null,2,0,0
1736080986113,2,Update Rental Date,200,OK,Update Rental 3-32,text,true,,11,0,50,100,null,2,0,0
1736080986120,1,Update Rental Date,200,OK,Update Rental 3-30,text,true,,11,0,50,100,null,1,0,0
1736080986141,0,Select By Actor_ID,200,OK,Select Actor 1-3,text,true,,80,0,50,100,null,0,0,0
1736080986145,1,Select By Actor_ID,200,OK,Select Actor 1-12,text,true,,79,0,50,100,null,1,0,1
1736080986151,1,Select By Actor_ID,200,OK,Select Actor 1-44,text,true,,84,0,50,100,null,1,0,1
1736080986153,1,Select By Actor_ID,200,OK,Select Actor 1-46,text,true,,80,0,50,100,null,1,0,0
1736080986160,1,Select By Actor_ID,200,OK,Select Actor 1-15,text,true,,81,0,50,100,null,1,0,0
1736080986178,2,Update Rental Date,200,OK,Update Rental 3-39,text,true,,11,0,50,100,null,2,0,0
1736080986187,2,Update Rental Date,200,OK,Update Rental 3-40,text,true,,11,0,50,100,null,2,0,0
1736080986202,2,Update Rental Date,200,OK,Update Rental 3-17,text,true,,11,0,50,100,null,2,0,0
1736080986209,3,Update Rental Date,200,OK,Update Rental 3-18,text,true,,11,0,50,100,null,3,0,0
1736080986212,3,Update Rental Date,200,OK,Update Rental 3-3,text,true,,11,0,50,100,null,3,0,0
1736080986215,1,Select By Actor_ID,200,OK,Select Actor 1-33,text,true,,81,0,50,100,null,1,0,0
1736080986220,1,Select By Actor_ID,200,OK,Select Actor 1-42,text,true,,80,0,50,100,null,1,0,0
1736080986225,2,Update Rental Date,200,OK,Update Rental 3-29,text,true,,11,0,50,100,null,2,0,0
1736080986237,1,Select By Actor_ID,200,OK,Select Actor 1-16,text,true,,78,0,50,100,null,1,0,0
1736080986246,2,Update Rental Date,200,OK,Update Rental 3-38,text,true,,11,0,50,100,null,2,0,0
1736080986246,2,Update Rental Date,200,OK,Update Rental 3-34,text,true,,11,0,50,100,null,2,0,0
1736080986253,2,Update Rental Date,200,OK,Update Rental 3-41,text,true,,11,0,50,100,null,2,0,0
1736080986256,2,Update Rental Date,200,OK,Update Rental 3-37,text,true,,11,0,50,100,null,2,0,0
1736080986259,2,Update Rental Date,200,OK,Update Rental 3-22,text,true,,11,0,50,100,null,2,0,0
1736080986264,2,Update Rental Date,200,OK,Update Rental 3-23,text,true,,11,0,50,100,null,2,0,0
1736080986295,0,Select By Actor_ID,200,OK,Select Actor 1-26,text,true,,80,0,50,100,null,0,0,0
1736080986307,2,Update Rental Date,200,OK,Update Rental 3-42,text,true,,11,0,50,100,null,2,0,0
1736080986319,1,Update Rental Date,200,OK,Update Rental 3-7,text,true,,11,0,50,100,null,1,0,0
1736080986328,1,Update Rental Date,200,OK,Update Rental 3-9,text,true,,11,0,50,100,null,1,0,0
1736080986347,2,Update Rental Date,200,OK,Update Rental 3-31,text,true,,11,0,50,100,null,2,0,1
1736080986350,2,Update Rental Date,200,OK,Update Rental 3-5,text,true,,11,0,50,100,null,2,0,0
1736080986357,2,Update Rental Date,200,OK,Update Rental 3-13,text,true,,11,0,50,100,null,2,0,0
1736080986360,0,Select By Actor_ID,200,OK,Select Actor 1-49,text,true,,80,0,50,100,null,0,0,0
1736080986375,3,Update Rental Date,200,OK,Update Rental 3-43,text,true,,11,0,50,100,null,3,0,0
1736080986380,1,Select By Actor_ID,200,OK,Select Actor 1-30,text,true,,77,0,50,100,null,1,0,0
1736080986384,2,Update Rental Date,200,OK,Update Rental 3-36,text,true,,11,0,50,100,null,2,0,0
1736080986388,0,Select By Actor_ID,200,OK,Select Actor 1-31,text,true,,81,0,50,100,null,0,0,0
1736080986388,0,Select By Actor_ID,200,OK,Select Actor 1-34,text,true,,80,0,50,100,null,0,0,0
1736080986403,0,Select By Actor_ID,200,OK,Select Actor 1-43,text,true,,83,0,50,100,null,0,0,0
1736080986402,2,Update Rental Date,200,OK,Update Rental 3-4,text,true,,11,0,50,100,null,2,0,0
1736080986422,0,Select By Actor_ID,200,OK,Select Actor 1-1,text,true,,82,0,50,100,null,0,0,0
1736080986454,2,Update Rental Date,200,OK,Update Rental 3-33,text,true,,11,0,50,100,null,2,0,0
1736080986456,0,Select By Actor_ID,200,OK,Select Actor 1-25,text,true,,88,0,50,100,null,0,0,0
1736080986462,1,Update Rental Date,200,OK,Update Rental 3-26,text,true,,11,0,50,100,null,1,0,0
1736080986470,0,Select By Actor_ID,200,OK,Select Actor 1-37,text,true,,80,0,50,100,null,0,0,0
1736080986478,0,Select By Actor_ID,200,OK,Select Actor 1-13,text,true,,82,0,50,100,null,0,0,0
1736080986477,2,Update Rental Date,200,OK,Update Rental 3-35,text,true,,11,0,50,100,null,2,0,0
1736080986495,2,Update Rental Date,200,OK,Update Rental 3-2,text,true,,11,0,50,100,null,2,0,0
1736080986527,0,Select By Actor_ID,200,OK,Select Actor 1-22,text,true,,81,0,50,100,null,0,0,0
1736080986550,2,Update Rental Date,200,OK,Update Rental 3-16,text,true,,11,0,50,100,null,2,0,0
1736080986554,1,Select By Actor_ID,200,OK,Select Actor 1-2,text,true,,79,0,50,100,null,1,0,0
1736080986555,1,Select By Actor_ID,200,OK,Select Actor 1-21,text,true,,83,0,50,100,null,1,0,0
1736080986563,1,Select By Actor_ID,200,OK,Select Actor 1-20,text,true,,79,0,50,100,null,1,0,0
1736080986568,1,Select By Actor_ID,200,OK,Select Actor 1-6,text,true,,81,0,50,100,null,1,0,0
1736080986568,1,Select By Actor_ID,200,OK,Select Actor 1-40,text,true,,83,0,50,100,null,1,0,0
1736080986573,1,Select By Actor_ID,200,OK,Select Actor 1-9,text,true,,80,0,50,100,null,1,0,0
1736080986593,2,Update Rental Date,200,OK,Update Rental 3-24,text,true,,11,0,50,100,null,2,0,0
1736080986615,1,Select By Actor_ID,200,OK,Select Actor 1-48,text,true,,83,0,50,100,null,1,0,0
1736080986620,1,Select By Actor_ID,200,OK,Select Actor 1-29,text,true,,80,0,50,100,null,1,0,0
1736080986633,2,Update Rental Date,200,OK,Update Rental 3-14,text,true,,11,0,50,100,null,2,0,0
1736080986644,1,Select By Actor_ID,200,OK,Select Actor 1-19,text,true,,88,0,50,100,null,1,0,0
1736080986650,3,Update Rental Date,200,OK,Update Rental 3-47,text,true,,11,0,50,100,null,2,0,0
1736080986650,3,Update Rental Date,200,OK,Update Rental 3-25,text,true,,11,0,50,100,null,3,0,0
1736080986664,2,Update Rental Date,200,OK,Update Rental 3-11,text,true,,11,0,50,100,null,2,0,0
1736080986672,1,Select By Actor_ID,200,OK,Select Actor 1-41,text,true,,77,0,50,100,null,1,0,0
1736080986675,2,Update Rental Date,200,OK,Update Rental 3-10,text,true,,11,0,50,100,null,2,0,0
1736080986688,1,Select By Actor_ID,200,OK,Select Actor 1-27,text,true,,79,0,50,100,null,1,0,0
1736080986687,2,Update Rental Date,200,OK,Update Rental 3-19,text,true,,11,0,50,100,null,2,0,0
1736080986699,2,Update Rental Date,200,OK,Update Rental 3-1,text,true,,11,0,50,100,null,2,0,0
1736080986701,1,Select By Actor_ID,200,OK,Select Actor 1-44,text,true,,83,0,50,100,null,0,0,0
1736080986703,2,Update Rental Date,200,OK,Update Rental 3-46,text,true,,11,0,50,100,null,2,0,0
1736080986718,1,Select By Actor_ID,200,OK,Select Actor 1-50,text,true,,82,0,50,100,null,0,0,0
1736080986730,1,Select By Actor_ID,200,OK,Select Actor 1-32,text,true,,81,0,50,100,null,1,0,0
1736080986738,1,Select By Actor_ID,200,OK,Select Actor 1-10,text,true,,83,0,50,100,null,1,0,0
1736080986736,3,Update Rental Date,200,OK,Update Rental 3-44,text,true,,11,0,50,100,null,3,0,0
1736080986740,0,Select By Actor_ID,200,OK,Select Actor 1-39,text,true,,79,0,50,100,null,0,0,0
1736080986773,0,Select By Actor_ID,200,OK,Select Actor 1-4,text,true,,80,0,50,100,null,0,0,0
1736080986788,0,Select By Actor_ID,200,OK,Select Actor 1-47,text,true,,79,0,50,100,null,0,0,0
1736080986792,2,Update Rental Date,200,OK,Update Rental 3-18,text,true,,11,0,50,100,null,2,0,0
1736080986819,2,Update Rental Date,200,OK,Update Rental 3-6,text,true,,11,0,50,100,null,2,0,0
1736080986825,1,Select By Actor_ID,200,OK,Select Actor 1-42,text,true,,80,0,50,100,null,0,0,0
1736080986832,1,Select By Actor_ID,200,OK,Select Actor 1-5,text,true,,78,0,50,100,null,1,0,0
1736080986843,0,Select By Actor_ID,200,OK,Select Actor 1-33,text,true,,79,0,50,100,null,0,0,0
1736080986848,2,Update Rental Date,200,OK,Update Rental 3-28,text,true,,11,0,50,100,null,2,0,0
1736080986859,2,Update Rental Date,200,OK,Update Rental 3-27,text,true,,11,0,50,100,null,2,0,0
1736080986862,2,Update Rental Date,200,OK,Update Rental 3-20,text,true,,11,0,50,100,null,2,0,0
1736080986870,1,Update Rental Date,200,OK,Update Rental 3-37,text,true,,11,0,50,100,null,1,0,0
1736080986879,1,Update Rental Date,200,OK,Update Rental 3-45,text,true,,11,0,50,100,null,1,0,0
1736080986890,0,Select By Actor_ID,200,OK,Select Actor 1-45,text,true,,84,0,50,100,null,0,0,0
1736080986898,1,Update Rental Date,200,OK,Update Rental 3-12,text,true,,11,0,50,100,null,1,0,0
1736080986908,1,Update Rental Date,200,OK,Update Rental 3-23,text,true,,11,0,50,100,null,1,0,0
1736080986911,2,Update Rental Date,200,OK,Update Rental 3-21,text,true,,11,0,50,100,null,2,0,0
1736080986915,3,Update Rental Date,200,OK,Update Rental 3-48,text,true,,11,0,50,100,null,3,0,1
1736080986917,2,Update Rental Date,200,OK,Update Rental 3-8,text,true,,11,0,50,100,null,2,0,0
1736080986932,2,Update Rental Date,200,OK,Update Rental 3-43,text,true,,11,0,50,100,null,2,0,0
1736080986941,1,Select By Actor_ID,200,OK,Select Actor 1-11,text,true,,85,0,50,100,null,1,0,0
1736080986961,2,Update Rental Date,200,OK,Update Rental 3-32,text,true,,11,0,50,100,null,2,0,0
1736080986989,1,Select By Actor_ID,200,OK,Select Actor 1-38,text,true,,86,0,50,100,null,1,0,0
1736080987016,1,Select By Actor_ID,200,OK,Select Actor 1-36,text,true,,81,0,50,100,null,1,0,0
1736080987032,1,Select By Actor_ID,200,OK,Select Actor 1-8,text,true,,76,0,50,100,null,1,0,0
1736080987035,1,Select By Actor_ID,200,OK,Select Actor 1-18,text,true,,82,0,50,100,null,1,0,0
1736080987058,1,Select By Actor_ID,200,OK,Select Actor 1-24,text,true,,79,0,50,100,null,1,0,0
1736080987065,3,Update Rental Date,200,OK,Update Rental 3-15,text,true,,11,0,50,100,null,3,0,0
1736080987075,1,Select By Actor_ID,200,OK,Select Actor 1-40,text,true,,79,0,50,100,null,1,0,0
1736080987098,1,Select By Actor_ID,200,OK,Select Actor 1-7,text,true,,83,0,50,100,null,0,0,0
1736080987102,0,Select By Actor_ID,200,OK,Select Actor 1-31,text,true,,81,0,50,100,null,0,0,0
1736080987103,0,Select By Actor_ID,200,OK,Select Actor 1-16,text,true,,79,0,50,100,null,0,0,0
1736080987109,0,Select By Actor_ID,200,OK,Select Actor 1-17,text,true,,80,0,50,100,null,0,0,0
1736080987113,2,Update Rental Date,200,OK,Update Rental 3-34,text,true,,11,0,50,100,null,2,0,0
1736080987143,2,Update Rental Date,200,OK,Update Rental 3-16,text,true,,11,0,50,100,null,2,0,0
1736080987155,2,Update Rental Date,200,OK,Update Rental 3-50,text,true,,11,0,50,100,null,2,0,0
1736080987166,2,Update Rental Date,200,OK,Update Rental 3-39,text,true,,11,0,50,100,null,2,0,0
1736080987168,0,Select By Actor_ID,200,OK,Select Actor 1-30,text,true,,81,0,50,100,null,0,0,0
1736080987172,0,Select By Actor_ID,200,OK,Select Actor 1-22,text,true,,82,0,50,100,null,0,0,0
1736080987183,0,Select By Actor_ID,200,OK,Select Actor 1-3,text,true,,78,0,50,100,null,0,0,0
1736080987183,2,Update Rental Date,200,OK,Update Rental 3-49,text,true,,11,0,50,100,null,2,0,0
1736080987185,0,Select By Actor_ID,200,OK,Select Actor 1-34,text,true,,81,0,50,100,null,0,0,0
1736080987191,2,Update Rental Date,200,OK,Update Rental 3-2,text,true,,11,0,50,100,null,2,0,0
1736080987197,2,Update Rental Date,200,OK,Update Rental 3-42,text,true,,11,0,50,100,null,2,0,0
1736080987203,2,Update Rental Date,200,OK,Update Rental 3-33,text,true,,11,0,50,100,null,2,0,0
1736080987225,0,Select By Actor_ID,200,OK,Select Actor 1-27,text,true,,76,0,50,100,null,0,0,0
1736080987237,0,Select By Actor_ID,200,OK,Select Actor 1-48,text,true,,81,0,50,100,null,0,0,0
1736080987242,0,Select By Actor_ID,200,OK,Select Actor 1-35,text,true,,80,0,50,100,null,0,0,0
1736080987244,0,Select By Actor_ID,200,OK,Select Actor 1-50,text,true,,80,0,50,100,null,0,0,0
1736080987248,2,Update Rental Date,200,OK,Update Rental 3-11,text,true,,11,0,50,100,null,2,0,0
1736080987263,0,Select By Actor_ID,200,OK,Select Actor 1-13,text,true,,82,0,50,100,null,0,0,0
1736080987278,0,Select By Actor_ID,200,OK,Select Actor 1-39,text,true,,80,0,50,100,null,0,0,0
1736080987282,0,Select By Actor_ID,200,OK,Select Actor 1-4,text,true,,81,0,50,100,null,0,0,0
1736080987286,2,Update Rental Date,200,OK,Update Rental 3-10,text,true,,11,0,50,100,null,2,0,0
1736080987290,2,Update Rental Date,200,OK,Update Rental 3-25,text,true,,11,0,50,100,null,2,0,0
1736080987294,1,Select By Actor_ID,200,OK,Select Actor 1-43,text,true,,80,0,50,100,null,1,0,0
1736080987296,0,Select By Actor_ID,200,OK,Select Actor 1-19,text,true,,76,0,50,100,null,0,0,0
1736080987296,1,Select By Actor_ID,200,OK,Select Actor 1-14,text,true,,82,0,50,100,null,1,0,0
1736080987297,3,Update Rental Date,200,OK,Update Rental 3-30,text,true,,11,0,50,100,null,3,0,0
1736080987302,1,Select By Actor_ID,200,OK,Select Actor 1-28,text,true,,78,0,50,100,null,1,0,1
1736080987305,1,Select By Actor_ID,200,OK,Select Actor 1-29,text,true,,78,0,50,100,null,1,0,0
1736080987314,3,Update Rental Date,200,OK,Update Rental 3-13,text,true,,11,0,50,100,null,3,0,0
1736080987331,1,Select By Actor_ID,200,OK,Select Actor 1-21,text,true,,80,0,50,100,null,1,0,0
1736080987366,1,Select By Actor_ID,200,OK,Select Actor 1-23,text,true,,81,0,50,100,null,1,0,0
1736080987384,1,Select By Actor_ID,200,OK,Select Actor 1-26,text,true,,82,0,50,100,null,1,0,0
1736080987390,1,Select By Actor_ID,200,OK,Select Actor 1-25,text,true,,85,0,50,100,null,1,0,0
1736080987418,2,Update Rental Date,200,OK,Update Rental 3-5,text,true,,11,0,50,100,null,2,0,0
1736080987431,2,Update Rental Date,200,OK,Update Rental 3-4,text,true,,11,0,50,100,null,2,0,0
1736080987471,2,Update Rental Date,200,OK,Update Rental 3-24,text,true,,11,0,50,100,null,2,0,0
1736080987475,0,Select By Actor_ID,200,OK,Select Actor 1-12,text,true,,79,0,50,100,null,0,0,0
1736080987480,0,Select By Actor_ID,200,OK,Select Actor 1-37,text,true,,80,0,50,100,null,0,0,0
1736080987483,2,Update Rental Date,200,OK,Update Rental 3-14,text,true,,11,0,50,100,null,2,0,0
1736080987493,1,Select By Actor_ID,200,OK,Select Actor 1-2,text,true,,80,0,50,100,null,1,0,0
1736080987496,2,Update Rental Date,200,OK,Update Rental 3-37,text,true,,11,0,50,100,null,2,0,0
1736080987516,3,Update Rental Date,200,OK,Update Rental 3-9,text,true,,11,0,50,100,null,3,0,0
1736080987516,3,Update Rental Date,200,OK,Update Rental 3-17,text,true,,11,0,50,100,null,3,0,0
1736080987527,1,Select By Actor_ID,200,OK,Select Actor 1-36,text,true,,81,0,50,100,null,1,0,0
1736080987529,2,Update Rental Date,200,OK,Update Rental 3-40,text,true,,11,0,50,100,null,2,0,0
1736080987536,1,Select By Actor_ID,200,OK,Select Actor 1-41,text,true,,79,0,50,100,null,1,0,0
1736080987573,1,Select By Actor_ID,200,OK,Select Actor 1-15,text,true,,80,0,50,100,null,1,0,0
1736080987582,2,Update Rental Date,200,OK,Update Rental 3-36,text,true,,11,0,50,100,null,2,0,0
1736080987585,1,Select By Actor_ID,200,OK,Select Actor 1-46,text,true,,83,0,50,100,null,1,0,0
1736080987586,2,Update Rental Date,200,OK,Update Rental 3-29,text,true,,11,0,50,100,null,2,0,0
1736080987597,0,Select By Actor_ID,200,OK,Select Actor 1-8,text,true,,85,0,50,100,null,0,0,0
1736080987612,2,Update Rental Date,200,OK,Update Rental 3-31,text,true,,11,0,50,100,null,2,0,0
1736080987615,0,Select By Actor_ID,200,OK,Select Actor 1-49,text,true,,79,0,50,100,null,0,0,0
1736080987618,0,Select By Actor_ID,200,OK,Select Actor 1-1,text,true,,81,0,50,100,null,0,0,0
1736080987634,1,Update Rental Date,200,OK,Update Rental 3-21,text,true,,11,0,50,100,null,1,0,0
1736080987653,1,Update Rental Date,200,OK,Update Rental 3-1,text,true,,11,0,50,100,null,1,0,0
1736080987657,1,Update Rental Date,200,OK,Update Rental 3-44,text,true,,11,0,50,100,null,1,0,0
1736080987666,1,Update Rental Date,200,OK,Update Rental 3-22,text,true,,11,0,50,100,null,1,0,0
1736080987671,1,Update Rental Date,200,OK,Update Rental 3-45,text,true,,11,0,50,100,null,1,0,0
1736080987671,1,Update Rental Date,200,OK,Update Rental 3-41,text,true,,11,0,50,100,null,1,0,0
1736080987673,0,Select By Actor_ID,200,OK,Select Actor 1-17,text,true,,79,0,50,100,null,0,0,0
1736080987674,1,Select By Actor_ID,200,OK,Select Actor 1-24,text,true,,78,0,50,100,null,1,0,1
1736080987674,3,Update Rental Date,200,OK,Update Rental 3-19,text,true,,11,0,50,100,null,3,0,1
1736080987674,3,Update Rental Date,200,OK,Update Rental 3-38,text,true,,11,0,50,100,null,3,0,1
1736080987688,2,Update Rental Date,200,OK,Update Rental 3-47,text,true,,11,0,50,100,null,2,0,0
1736080987696,2,Update Rental Date,200,OK,Update Rental 3-34,text,true,,11,0,50,100,null,2,0,0
1736080987699,1,Select By Actor_ID,200,OK,Select Actor 1-33,text,true,,83,0,50,100,null,1,0,0
1736080987703,1,Select By Actor_ID,200,OK,Select Actor 1-9,text,true,,81,0,50,100,null,1,0,0
1736080987702,2,Update Rental Date,200,OK,Update Rental 3-3,text,true,,11,0,50,100,null,2,0,0
1736080987707,1,Select By Actor_ID,200,OK,Select Actor 1-45,text,true,,78,0,50,100,null,1,0,0
1736080987731,2,Update Rental Date,200,OK,Update Rental 3-7,text,true,,11,0,50,100,null,2,0,0
1736080987748,1,Select By Actor_ID,200,OK,Select Actor 1-47,text,true,,81,0,50,100,null,1,0,0
1736080987761,3,Update Rental Date,200,OK,Update Rental 3-43,text,true,,11,0,50,100,null,2,0,0
1736080987769,2,Update Rental Date,200,OK,Update Rental 3-27,text,true,,11,0,50,100,null,2,0,0
1736080987775,2,Update Rental Date,200,OK,Update Rental 3-26,text,true,,11,0,50,100,null,2,0,0
1736080987800,0,Select By Actor_ID,200,OK,Select Actor 1-20,text,true,,84,0,50,100,null,0,0,0
1736080987810,2,Update Rental Date,200,OK,Update Rental 3-23,text,true,,11,0,50,100,null,2,0,0
1736080987819,2,Update Rental Date,200,OK,Update Rental 3-8,text,true,,11,0,50,100,null,2,0,0
1736080987821,2,Update Rental Date,200,OK,Update Rental 3-48,text,true,,11,0,50,100,null,1,0,0
1736080987862,2,Update Rental Date,200,OK,Update Rental 3-35,text,true,,11,0,50,100,null,2,0,0
1736080987895,0,Select By Actor_ID,200,OK,Select Actor 1-34,text,true,,82,0,50,100,null,0,0,0
1736080987914,2,Update Rental Date,200,OK,Update Rental 3-13,text,true,,11,0,50,100,null,2,0,0
1736080987935,1,Select By Actor_ID,200,OK,Select Actor 1-32,text,true,,82,0,50,100,null,1,0,0
1736080987948,1,Select By Actor_ID,200,OK,Select Actor 1-35,text,true,,81,0,50,100,null,1,0,0
1736080987960,1,Select By Actor_ID,200,OK,Select Actor 1-7,text,true,,81,0,50,100,null,1,0,0
1736080987973,1,Select By Actor_ID,200,OK,Select Actor 1-6,text,true,,79,0,50,100,null,1,0,0
1736080987976,2,Update Rental Date,200,OK,Update Rental 3-24,text,true,,11,0,50,100,null,2,0,0
1736080987995,1,Select By Actor_ID,200,OK,Select Actor 1-31,text,true,,80,0,50,100,null,1,0,0
1736080987996,1,Select By Actor_ID,200,OK,Select Actor 1-44,text,true,,80,0,50,100,null,1,0,0
1736080988001,0,Select By Actor_ID,200,OK,Select Actor 1-14,text,true,,81,0,50,100,null,0,0,0
1736080988004,0,Select By Actor_ID,200,OK,Select Actor 1-10,text,true,,78,0,50,100,null,0,0,0
1736080988039,2,Update Rental Date,200,OK,Update Rental 3-46,text,true,,11,0,50,100,null,2,0,0
1736080988058,1,Update Rental Date,200,OK,Update Rental 3-2,text,true,,11,0,50,100,null,1,0,0
1736080988060,0,Select By Actor_ID,200,OK,Select Actor 1-3,text,true,,82,0,50,100,null,0,0,0
1736080988079,0,Select By Actor_ID,200,OK,Select Actor 1-11,text,true,,84,0,50,100,null,0,0,0
1736080988078,2,Update Rental Date,200,OK,Update Rental 3-49,text,true,,11,0,50,100,null,1,0,0
1736080988088,1,Update Rental Date,200,OK,Update Rental 3-12,text,true,,11,0,50,100,null,1,0,0
1736080988089,2,Update Rental Date,200,OK,Update Rental 3-39,text,true,,11,0,50,100,null,2,0,0
1736080988090,2,Update Rental Date,200,OK,Update Rental 3-5,text,true,,11,0,50,100,null,2,0,0
1736080988098,2,Update Rental Date,200,OK,Update Rental 3-20,text,true,,11,0,50,100,null,2,0,0
1736080988099,3,Update Rental Date,200,OK,Update Rental 3-9,text,true,,11,0,50,100,null,3,0,0
1736080988101,1,Select By Actor_ID,200,OK,Select Actor 1-22,text,true,,82,0,50,100,null,1,0,0
1736080988107,2,Update Rental Date,200,OK,Update Rental 3-15,text,true,,11,0,50,100,null,2,0,0
1736080988112,1,Select By Actor_ID,200,OK,Select Actor 1-48,text,true,,83,0,50,100,null,1,0,0
1736080988127,1,Select By Actor_ID,200,OK,Select Actor 1-18,text,true,,78,0,50,100,null,1,0,0
1736080988144,1,Select By Actor_ID,200,OK,Select Actor 1-42,text,true,,81,0,50,100,null,1,0,0
1736080988148,1,Select By Actor_ID,200,OK,Select Actor 1-19,text,true,,79,0,50,100,null,1,0,0
1736080988148,2,Update Rental Date,200,OK,Update Rental 3-18,text,true,,11,0,50,100,null,2,0,0
1736080988151,1,Select By Actor_ID,200,OK,Select Actor 1-38,text,true,,81,0,50,100,null,1,0,0
1736080988160,1,Select By Actor_ID,200,OK,Select Actor 1-37,text,true,,78,0,50,100,null,1,0,0
1736080988172,1,Select By Actor_ID,200,OK,Select Actor 1-40,text,true,,80,0,50,100,null,1,0,0
1736080988182,2,Update Rental Date,200,OK,Update Rental 3-33,text,true,,11,0,50,100,null,2,0,0
1736080988207,2,Update Rental Date,200,OK,Update Rental 3-6,text,true,,11,0,50,100,null,2,0,0
1736080988226,0,Select By Actor_ID,200,OK,Select Actor 1-46,text,true,,80,0,50,100,null,0,0,0
1736080988231,0,Select By Actor_ID,200,OK,Select Actor 1-16,text,true,,83,0,50,100,null,0,0,0
1736080988238,0,Select By Actor_ID,200,OK,Select Actor 1-36,text,true,,78,0,50,100,null,0,0,0
1736080988279,2,Update Rental Date,200,OK,Update Rental 3-25,text,true,,11,0,50,100,null,2,0,0
1736080988282,2,Update Rental Date,200,OK,Update Rental 3-17,text,true,,11,0,50,100,null,2,0,0
1736080988290,1,Update Rental Date,200,OK,Update Rental 3-22,text,true,,11,0,50,100,null,1,0,0
1736080988290,1,Update Rental Date,200,OK,Update Rental 3-32,text,true,,11,0,50,100,null,1,0,0
1736080988316,2,Update Rental Date,200,OK,Update Rental 3-28,text,true,,11,0,50,100,null,2,0,0
1736080988334,0,Select By Actor_ID,200,OK,Select Actor 1-5,text,true,,80,0,50,100,null,0,0,0
1736080988345,2,Update Rental Date,200,OK,Update Rental 3-42,text,true,,11,0,50,100,null,2,0,0
1736080988347,0,Select By Actor_ID,200,OK,Select Actor 1-12,text,true,,83,0,50,100,null,0,0,0
1736080988358,2,Update Rental Date,200,OK,Update Rental 3-40,text,true,,11,0,50,100,null,2,0,0
1736080988385,0,Select By Actor_ID,200,OK,Select Actor 1-45,text,true,,78,0,50,100,null,0,0,0
1736080988398,3,Update Rental Date,200,OK,Update Rental 3-3,text,true,,11,0,50,100,null,3,0,1
1736080988413,2,Update Rental Date,200,OK,Update Rental 3-29,text,true,,11,0,50,100,null,2,0,0
1736080988416,2,Update Rental Date,200,OK,Update Rental 3-27,text,true,,11,0,50,100,null,2,0,0
1736080988418,2,Update Rental Date,200,OK,Update Rental 3-44,text,true,,11,0,50,100,null,2,0,0
1736080988436,1,Select By Actor_ID,200,OK,Select Actor 1-17,text,true,,80,0,50,100,null,1,0,0
1736080988442,1,Select By Actor_ID,200,OK,Select Actor 1-43,text,true,,83,0,50,100,null,1,0,0
1736080988451,2,Update Rental Date,200,OK,Update Rental 3-50,text,true,,11,0,50,100,null,2,0,0
1736080988474,1,Select By Actor_ID,200,OK,Select Actor 1-26,text,true,,80,0,50,100,null,1,0,0
1736080988483,1,Select By Actor_ID,200,OK,Select Actor 1-23,text,true,,77,0,50,100,null,1,0,0
1736080988488,3,Update Rental Date,200,OK,Update Rental 3-16,text,true,,11,0,50,100,null,2,0,0
1736080988502,1,Select By Actor_ID,200,OK,Select Actor 1-41,text,true,,83,0,50,100,null,1,0,0
1736080988515,1,Select By Actor_ID,200,OK,Select Actor 1-30,text,true,,78,0,50,100,null,1,0,0
1736080988532,2,Update Rental Date,200,OK,Update Rental 3-19,text,true,,11,0,50,100,null,2,0,0
1736080988569,1,Select By Actor_ID,200,OK,Select Actor 1-29,text,true,,84,0,50,100,null,1,0,0
1736080988571,2,Update Rental Date,200,OK,Update Rental 3-7,text,true,,11,0,50,100,null,2,0,0
1736080988578,0,Select By Actor_ID,200,OK,Select Actor 1-27,text,true,,83,0,50,100,null,0,0,0
1736080988579,0,Select By Actor_ID,200,OK,Select Actor 1-21,text,true,,82,0,50,100,null,0,0,0
1736080988579,0,Select By Actor_ID,200,OK,Select Actor 1-25,text,true,,82,0,50,100,null,0,0,0
1736080988582,0,Select By Actor_ID,200,OK,Select Actor 1-7,text,true,,86,0,50,100,null,0,0,0
1736080988584,1,Select By Actor_ID,200,OK,Select Actor 1-50,text,true,,80,0,50,100,null,1,0,0
1736080988583,2,Update Rental Date,200,OK,Update Rental 3-23,text,true,,11,0,50,100,null,2,0,0
1736080988592,2,Update Rental Date,200,OK,Update Rental 3-10,text,true,,11,0,50,100,null,2,0,0
1736080988602,0,Select By Actor_ID,200,OK,Select Actor 1-2,text,true,,80,0,50,100,null,0,0,0
1736080988617,1,Select By Actor_ID,200,OK,Select Actor 1-24,text,true,,78,0,50,100,null,0,0,0
1736080988625,2,Update Rental Date,200,OK,Update Rental 3-35,text,true,,11,0,50,100,null,2,0,0
1736080988627,0,Select By Actor_ID,200,OK,Select Actor 1-1,text,true,,79,0,50,100,null,0,0,0
1736080988628,0,Select By Actor_ID,200,OK,Select Actor 1-13,text,true,,79,0,50,100,null,0,0,0
1736080988645,0,Select By Actor_ID,200,OK,Select Actor 1-35,text,true,,79,0,50,100,null,0,0,0
1736080988644,2,Update Rental Date,200,OK,Update Rental 3-37,text,true,,11,0,50,100,null,2,0,0
1736080988665,0,Select By Actor_ID,200,OK,Select Actor 1-47,text,true,,81,0,50,100,null,0,0,0
1736080988694,2,Update Rental Date,200,OK,Update Rental 3-36,text,true,,11,0,50,100,null,2,0,0
1736080988704,0,Select By Actor_ID,200,OK,Select Actor 1-39,text,true,,77,0,50,100,null,0,0,0
1736080988713,1,Update Rental Date,200,OK,Update Rental 3-1,text,true,,11,0,50,100,null,1,0,0
1736080988728,0,Select By Actor_ID,200,OK,Select Actor 1-48,text,true,,83,0,50,100,null,0,0,0
1736080988735,2,Update Rental Date,200,OK,Update Rental 3-18,text,true,,11,0,50,100,null,1,0,0
1736080988743,1,Update Rental Date,200,OK,Update Rental 3-34,text,true,,11,0,50,100,null,1,0,0
1736080988745,0,Select By Actor_ID,200,OK,Select Actor 1-31,text,true,,80,0,50,100,null,0,0,0
1736080988750,1,Update Rental Date,200,OK,Update Rental 3-11,text,true,,11,0,50,100,null,1,0,0
1736080988753,0,Select By Actor_ID,200,OK,Select Actor 1-9,text,true,,84,0,50,100,null,0,0,0
1736080988758,0,Select By Actor_ID,200,OK,Select Actor 1-28,text,true,,84,0,50,100,null,0,0,0
1736080988758,2,Update Rental Date,200,OK,Update Rental 3-20,text,true,,11,0,50,100,null,2,0,0
1736080988758,2,Update Rental Date,200,OK,Update Rental 3-48,text,true,,11,0,50,100,null,2,0,0
1736080988761,0,Select By Actor_ID,200,OK,Select Actor 1-4,text,true,,82,0,50,100,null,0,0,0
1736080988767,3,Update Rental Date,200,OK,Update Rental 3-39,text,true,,11,0,50,100,null,3,0,1
1736080988768,3,Update Rental Date,200,OK,Update Rental 3-45,text,true,,11,0,50,100,null,3,0,1
1736080988769,3,Update Rental Date,200,OK,Update Rental 3-2,text,true,,11,0,50,100,null,3,0,1
1736080988776,2,Update Rental Date,200,OK,Update Rental 3-30,text,true,,11,0,50,100,null,2,0,0
1736080988798,3,Update Rental Date,200,OK,Update Rental 3-47,text,true,,11,0,50,100,null,2,0,0
1736080988813,2,Update Rental Date,200,OK,Update Rental 3-41,text,true,,11,0,50,100,null,2,0,0
1736080988820,2,Update Rental Date,200,OK,Update Rental 3-4,text,true,,11,0,50,100,null,2,0,0
1736080988825,2,Update Rental Date,200,OK,Update Rental 3-15,text,true,,11,0,50,100,null,2,0,0
1736080988837,2,Update Rental Date,200,OK,Update Rental 3-21,text,true,,11,0,50,100,null,2,0,0
1736080988849,1,Select By Actor_ID,200,OK,Select Actor 1-15,text,true,,84,0,50,100,null,1,0,0
1736080988894,2,Update Rental Date,200,OK,Update Rental 3-5,text,true,,11,0,50,100,null,2,0,0
1736080988906,1,Select By Actor_ID,200,OK,Select Actor 1-45,text,true,,80,0,50,100,null,1,0,0
1736080988918,1,Select By Actor_ID,200,OK,Select Actor 1-42,text,true,,86,0,50,100,null,1,0,0
1736080988919,1,Select By Actor_ID,200,OK,Select Actor 1-6,text,true,,85,0,50,100,null,1,0,0
1736080988919,2,Update Rental Date,200,OK,Update Rental 3-26,text,true,,11,0,50,100,null,2,0,0
1736080988945,1,Select By Actor_ID,200,OK,Select Actor 1-32,text,true,,83,0,50,100,null,0,0,0
1736080988948,0,Select By Actor_ID,200,OK,Select Actor 1-37,text,true,,83,0,50,100,null,0,0,0
1736080988959,3,Update Rental Date,200,OK,Update Rental 3-38,text,true,,11,0,50,100,null,3,0,0
1736080988963,0,Select By Actor_ID,200,OK,Select Actor 1-8,text,true,,81,0,50,100,null,0,0,0
1736080988967,2,Update Rental Date,200,OK,Update Rental 3-14,text,true,,11,0,50,100,null,2,0,0
1736080988978,2,Update Rental Date,200,OK,Update Rental 3-49,text,true,,11,0,50,100,null,2,0,0
1736080989007,0,Select By Actor_ID,200,OK,Select Actor 1-33,text,true,,83,0,50,100,null,0,0,0
1736080989009,2,Update Rental Date,200,OK,Update Rental 3-31,text,true,,11,0,50,100,null,2,0,0
1736080989018,0,Select By Actor_ID,200,OK,Select Actor 1-38,text,true,,80,0,50,100,null,0,0,0
1736080989020,2,Update Rental Date,200,OK,Update Rental 3-17,text,true,,11,0,50,100,null,2,0,0
1736080989024,1,Select By Actor_ID,200,OK,Select Actor 1-16,text,true,,77,0,50,100,null,1,0,0
1736080989056,0,Select By Actor_ID,200,OK,Select Actor 1-26,text,true,,80,0,50,100,null,0,0,0
1736080989067,0,Select By Actor_ID,200,OK,Select Actor 1-3,text,true,,80,0,50,100,null,0,0,0
1736080989090,0,Select By Actor_ID,200,OK,Select Actor 1-14,text,true,,83,0,50,100,null,0,0,0
1736080989097,0,Select By Actor_ID,200,OK,Select Actor 1-49,text,true,,79,0,50,100,null,0,0,0
1736080989099,2,Update Rental Date,200,OK,Update Rental 3-8,text,true,,11,0,50,100,null,2,0,0
1736080989104,1,Update Rental Date,200,OK,Update Rental 3-13,text,true,,11,0,50,100,null,1,0,0
1736080989120,1,Update Rental Date,200,OK,Update Rental 3-12,text,true,,11,0,50,100,null,1,0,0
1736080989125,0,Select By Actor_ID,200,OK,Select Actor 1-10,text,true,,85,0,50,100,null,0,0,0
1736080989131,1,Update Rental Date,200,OK,Update Rental 3-7,text,true,,11,0,50,100,null,1,0,0
1736080989134,2,Update Rental Date,200,OK,Update Rental 3-44,text,true,,11,0,50,100,null,2,0,0
1736080989142,3,Update Rental Date,200,OK,Update Rental 3-19,text,true,,11,0,50,100,null,3,0,1
1736080989149,2,Update Rental Date,200,OK,Update Rental 3-22,text,true,,11,0,50,100,null,2,0,0
1736080989165,1,Select By Actor_ID,200,OK,Select Actor 1-20,text,true,,80,0,50,100,null,1,0,0
1736080989171,1,Select By Actor_ID,200,OK,Select Actor 1-2,text,true,,84,0,50,100,null,1,0,0
1736080989171,2,Update Rental Date,200,OK,Update Rental 3-43,text,true,,11,0,50,100,null,2,0,0
1736080989177,1,Select By Actor_ID,200,OK,Select Actor 1-22,text,true,,83,0,50,100,null,1,0,0
1736080989176,2,Update Rental Date,200,OK,Update Rental 3-27,text,true,,11,0,50,100,null,2,0,0
1736080989191,2,Update Rental Date,200,OK,Update Rental 3-6,text,true,,11,0,50,100,null,2,0,0
1736080989204,4,Update Rental Date,200,OK,Update Rental 3-25,text,true,,11,0,50,100,null,4,0,0
1736080989216,1,Select By Actor_ID,200,OK,Select Actor 1-1,text,true,,81,0,50,100,null,1,0,0
1736080989239,2,Update Rental Date,200,OK,Update Rental 3-32,text,true,,11,0,50,100,null,2,0,0
1736080989242,0,Select By Actor_ID,200,OK,Select Actor 1-34,text,true,,80,0,50,100,null,0,0,0
1736080989261,1,Update Rental Date,200,OK,Update Rental 3-24,text,true,,11,0,50,100,null,1,0,0
1736080989278,1,Update Rental Date,200,OK,Update Rental 3-42,text,true,,11,0,50,100,null,1,0,0
1736080989279,1,Select By Actor_ID,200,OK,Select Actor 1-40,text,true,,84,0,50,100,null,1,0,1
1736080989338,0,Select By Actor_ID,200,OK,Select Actor 1-30,text,true,,83,0,50,100,null,0,0,0
1736080989344,0,Select By Actor_ID,200,OK,Select Actor 1-44,text,true,,81,0,50,100,null,0,0,0
1736080989346,0,Select By Actor_ID,200,OK,Select Actor 1-28,text,true,,81,0,50,100,null,0,0,0
1736080989353,0,Select By Actor_ID,200,OK,Select Actor 1-11,text,true,,83,0,50,100,null,0,0,0
1736080989355,2,Update Rental Date,200,OK,Update Rental 3-47,text,true,,11,0,50,100,null,2,0,0
1736080989356,2,Update Rental Date,200,OK,Update Rental 3-3,text,true,,11,0,50,100,null,2,0,0
1736080989360,0,Select By Actor_ID,200,OK,Select Actor 1-36,text,true,,81,0,50,100,null,0,0,0
1736080989377,0,Select By Actor_ID,200,OK,Select Actor 1-24,text,true,,82,0,50,100,null,0,0,0
1736080989401,2,Update Rental Date,200,OK,Update Rental 3-40,text,true,,11,0,50,100,null,2,0,0
1736080989423,2,Update Rental Date,200,OK,Update Rental 3-11,text,true,,11,0,50,100,null,2,0,0
1736080989425,2,Update Rental Date,200,OK,Update Rental 3-5,text,true,,11,0,50,100,null,2,0,0
1736080989433,2,Update Rental Date,200,OK,Update Rental 3-9,text,true,,11,0,50,100,null,2,0,0
1736080989461,2,Update Rental Date,200,OK,Update Rental 3-1,text,true,,11,0,50,100,null,2,0,0
1736080989467,1,Select By Actor_ID,200,OK,Select Actor 1-19,text,true,,80,0,50,100,null,1,0,0
1736080989477,1,Select By Actor_ID,200,OK,Select Actor 1-18,text,true,,81,0,50,100,null,0,0,0
1736080989488,2,Update Rental Date,200,OK,Update Rental 3-14,text,true,,11,0,50,100,null,2,0,0
1736080989494,2,Update Rental Date,200,OK,Update Rental 3-39,text,true,,11,0,50,100,null,2,0,0
1736080989501,1,Select By Actor_ID,200,OK,Select Actor 1-32,text,true,,81,0,50,100,null,0,0,0
1736080989501,2,Update Rental Date,200,OK,Update Rental 3-46,text,true,,11,0,50,100,null,2,0,0
1736080989509,0,Select By Actor_ID,200,OK,Select Actor 1-5,text,true,,82,0,50,100,null,0,0,0
1736080989532,0,Select By Actor_ID,200,OK,Select Actor 1-17,text,true,,82,0,50,100,null,0,0,0
1736080989531,2,Update Rental Date,200,OK,Update Rental 3-34,text,true,,11,0,50,100,null,2,0,0
1736080989534,0,Select By Actor_ID,200,OK,Select Actor 1-38,text,true,,81,0,50,100,null,0,0,0
1736080989577,2,Update Rental Date,200,OK,Update Rental 3-33,text,true,,11,0,50,100,null,2,0,0
1736080989580,0,Select By Actor_ID,200,OK,Select Actor 1-23,text,true,,80,0,50,100,null,0,0,0
1736080989582,0,Select By Actor_ID,200,OK,Select Actor 1-12,text,true,,81,0,50,100,null,0,0,0
1736080989590,1,Update Rental Date,200,OK,Update Rental 3-37,text,true,,11,0,50,100,null,1,0,0
1736080989596,0,Select By Actor_ID,200,OK,Select Actor 1-16,text,true,,80,0,50,100,null,0,0,0
1736080989616,0,Select By Actor_ID,200,OK,Select Actor 1-15,text,true,,80,0,50,100,null,0,0,0
1736080989646,0,Select By Actor_ID,200,OK,Select Actor 1-46,text,true,,79,0,50,100,null,0,0,0
1736080989672,0,Select By Actor_ID,200,OK,Select Actor 1-50,text,true,,84,0,50,100,null,0,0,0
1736080989676,0,Select By Actor_ID,200,OK,Select Actor 1-27,text,true,,78,0,50,100,null,0,0,0
1736080989675,2,Update Rental Date,200,OK,Update Rental 3-7,text,true,,11,0,50,100,null,2,0,0
1736080989688,0,Select By Actor_ID,200,OK,Select Actor 1-48,text,true,,80,0,50,100,null,0,0,0
1736080989698,1,Select By Actor_ID,200,OK,Select Actor 1-9,text,true,,84,0,50,100,null,1,0,0
1736080989719,2,Update Rental Date,200,OK,Update Rental 3-10,text,true,,11,0,50,100,null,2,0,0
1736080989741,0,Select By Actor_ID,200,OK,Select Actor 1-45,text,true,,80,0,50,100,null,0,0,0
1736080989753,0,Select By Actor_ID,200,OK,Select Actor 1-14,text,true,,82,0,50,100,null,0,0,0
1736080989753,0,Select By Actor_ID,200,OK,Select Actor 1-7,text,true,,84,0,50,100,null,0,0,0
1736080989761,2,Update Rental Date,200,OK,Update Rental 3-25,text,true,,11,0,50,100,null,2,0,0
1736080989765,0,Select By Actor_ID,200,OK,Select Actor 1-25,text,true,,81,0,50,100,null,0,0,0
1736080989779,0,Select By Actor_ID,200,OK,Select Actor 1-20,text,true,,83,0,50,100,null,0,0,0
1736080989794,2,Update Rental Date,200,OK,Update Rental 3-31,text,true,,11,0,50,100,null,1,0,0
1736080989800,1,Update Rental Date,200,OK,Update Rental 3-28,text,true,,11,0,50,100,null,1,0,0
1736080989807,0,Select By Actor_ID,200,OK,Select Actor 1-34,text,true,,78,0,50,100,null,0,0,0
1736080989815,1,Select By Actor_ID,200,OK,Select Actor 1-2,text,true,,82,0,50,100,null,1,0,0
1736080989824,2,Update Rental Date,200,OK,Update Rental 3-48,text,true,,11,0,50,100,null,2,0,0
1736080989827,2,Update Rental Date,200,OK,Update Rental 3-16,text,true,,11,0,50,100,null,2,0,0
1736080989832,1,Select By Actor_ID,200,OK,Select Actor 1-29,text,true,,84,0,50,100,null,1,0,0
1736080989846,2,Update Rental Date,200,OK,Update Rental 3-50,text,true,,11,0,50,100,null,2,0,0
1736080989850,1,Select By Actor_ID,200,OK,Select Actor 1-31,text,true,,78,0,50,100,null,1,0,0
1736080989862,1,Select By Actor_ID,200,OK,Select Actor 1-43,text,true,,80,0,50,100,null,1,0,0
1736080989865,2,Update Rental Date,200,OK,Update Rental 3-3,text,true,,11,0,50,100,null,2,0,0
1736080989883,2,Update Rental Date,200,OK,Update Rental 3-29,text,true,,11,0,50,100,null,2,0,0
1736080989885,0,Select By Actor_ID,200,OK,Select Actor 1-6,text,true,,84,0,50,100,null,0,0,0
1736080989905,0,Select By Actor_ID,200,OK,Select Actor 1-44,text,true,,86,0,50,100,null,0,0,0
1736080989917,0,Select By Actor_ID,200,OK,Select Actor 1-24,text,true,,79,0,50,100,null,0,0,0
1736080989916,2,Update Rental Date,200,OK,Update Rental 3-22,text,true,,11,0,50,100,null,2,0,0
1736080989922,2,Update Rental Date,200,OK,Update Rental 3-44,text,true,,11,0,50,100,null,2,0,0
1736080989944,2,Update Rental Date,200,OK,Update Rental 3-20,text,true,,11,0,50,100,null,2,0,0
1736080989956,0,Select By Actor_ID,200,OK,Select Actor 1-41,text,true,,79,0,50,100,null,0,0,0
1736080989985,2,Update Rental Date,200,OK,Update Rental 3-4,text,true,,11,0,50,100,null,2,0,0
1736080989986,2,Update Rental Date,200,OK,Update Rental 3-23,text,true,,11,0,50,100,null,2,0,0
1736080989991,0,Select By Actor_ID,200,OK,Select Actor 1-13,text,true,,83,0,50,100,null,0,0,0
1736080989998,2,Update Rental Date,200,OK,Update Rental 3-12,text,true,,11,0,50,100,null,2,0,0
1736080990001,2,Update Rental Date,200,OK,Update Rental 3-15,text,true,,11,0,50,100,null,2,0,0
1736080990007,2,Update Rental Date,200,OK,Update Rental 3-38,text,true,,11,0,50,100,null,2,0,0
1736080990012,2,Update Rental Date,200,OK,Update Rental 3-30,text,true,,11,0,50,100,null,2,0,0
1736080990017,2,Update Rental Date,200,OK,Update Rental 3-36,text,true,,11,0,50,100,null,2,0,0
1736080990024,0,Select By Actor_ID,200,OK,Select Actor 1-39,text,true,,84,0,50,100,null,0,0,0
1736080990031,0,Select By Actor_ID,200,OK,Select Actor 1-21,text,true,,80,0,50,100,null,0,0,0
1736080990040,2,Update Rental Date,200,OK,Update Rental 3-14,text,true,,11,0,50,100,null,2,0,0
1736080990042,0,Select By Actor_ID,200,OK,Select Actor 1-4,text,true,,82,0,50,100,null,0,0,0
1736080990045,1,Update Rental Date,200,OK,Update Rental 3-13,text,true,,11,0,50,100,null,1,0,0
1736080990066,2,Update Rental Date,200,OK,Update Rental 3-40,text,true,,11,0,50,100,null,2,0,0
1736080990093,2,Update Rental Date,200,OK,Update Rental 3-35,text,true,,11,0,50,100,null,2,0,1
1736080990095,1,Select By Actor_ID,200,OK,Select Actor 1-35,text,true,,81,0,50,100,null,1,0,0
1736080990095,2,Update Rental Date,200,OK,Update Rental 3-41,text,true,,11,0,50,100,null,2,0,0
1736080990098,2,Update Rental Date,200,OK,Update Rental 3-33,text,true,,11,0,50,100,null,2,0,0
1736080990105,3,Update Rental Date,200,OK,Update Rental 3-34,text,true,,11,0,50,100,null,3,0,0
1736080990112,3,Update Rental Date,200,OK,Update Rental 3-45,text,true,,11,0,50,100,null,3,0,1
1736080990155,1,Select By Actor_ID,200,OK,Select Actor 1-47,text,true,,79,0,50,100,null,1,0,0
1736080990165,1,Select By Actor_ID,200,OK,Select Actor 1-42,text,true,,79,0,50,100,null,1,0,0
1736080990174,2,Update Rental Date,200,OK,Update Rental 3-18,text,true,,11,0,50,100,null,2,0,0
1736080990180,2,Update Rental Date,200,OK,Update Rental 3-2,text,true,,11,0,50,100,null,2,0,0
1736080990200,2,Update Rental Date,200,OK,Update Rental 3-49,text,true,,11,0,50,100,null,2,0,0
1736080990202,1,Select By Actor_ID,200,OK,Select Actor 1-30,text,true,,77,0,50,100,null,1,0,0
1736080990205,1,Select By Actor_ID,200,OK,Select Actor 1-33,text,true,,79,0,50,100,null,1,0,0
1736080990208,2,Update Rental Date,200,OK,Update Rental 3-26,text,true,,11,0,50,100,null,2,0,0
1736080990213,1,Select By Actor_ID,200,OK,Select Actor 1-8,text,true,,83,0,50,100,null,1,0,0
1736080990219,2,Update Rental Date,200,OK,Update Rental 3-11,text,true,,11,0,50,100,null,2,0,0
1736080990231,1,Select By Actor_ID,200,OK,Select Actor 1-10,text,true,,84,0,50,100,null,1,0,0
1736080990246,1,Select By Actor_ID,200,OK,Select Actor 1-49,text,true,,81,0,50,100,null,1,0,0
1736080990256,1,Select By Actor_ID,200,OK,Select Actor 1-7,text,true,,80,0,50,100,null,1,0,0
1736080990258,1,Select By Actor_ID,200,OK,Select Actor 1-3,text,true,,80,0,50,100,null,1,0,0
1736080990260,1,Select By Actor_ID,200,OK,Select Actor 1-14,text,true,,83,0,50,100,null,1,0,0
1736080990261,1,Select By Actor_ID,200,OK,Select Actor 1-38,text,true,,79,0,50,100,null,1,0,0
1736080990260,3,Update Rental Date,200,OK,Update Rental 3-27,text,true,,11,0,50,100,null,3,0,0
1736080990284,0,Select By Actor_ID,200,OK,Select Actor 1-28,text,true,,82,0,50,100,null,0,0,0
1736080990287,0,Select By Actor_ID,200,OK,Select Actor 1-12,text,true,,80,0,50,100,null,0,0,0
1736080990290,0,Select By Actor_ID,200,OK,Select Actor 1-40,text,true,,80,0,50,100,null,0,0,0
1736080990325,2,Update Rental Date,200,OK,Update Rental 3-21,text,true,,11,0,50,100,null,2,0,0
1736080990330,2,Update Rental Date,200,OK,Update Rental 3-17,text,true,,11,0,50,100,null,2,0,0
1736080990343,0,Select By Actor_ID,200,OK,Select Actor 1-36,text,true,,88,0,50,100,null,0,0,0
1736080990360,0,Select By Actor_ID,200,OK,Select Actor 1-26,text,true,,80,0,50,100,null,0,0,0
1736080990371,0,Select By Actor_ID,200,OK,Select Actor 1-17,text,true,,86,0,50,100,null,0,0,0
1736080990374,0,Select By Actor_ID,200,OK,Select Actor 1-1,text,true,,81,0,50,100,null,0,0,0
1736080990385,0,Select By Actor_ID,200,OK,Select Actor 1-37,text,true,,81,0,50,100,null,0,0,0
1736080990407,2,Update Rental Date,200,OK,Update Rental 3-43,text,true,,11,0,50,100,null,2,0,0
1736080990418,0,Select By Actor_ID,200,OK,Select Actor 1-29,text,true,,77,0,50,100,null,0,0,0
1736080990442,2,Update Rental Date,200,OK,Update Rental 3-39,text,true,,11,0,50,100,null,2,0,0
1736080990446,0,Select By Actor_ID,200,OK,Select Actor 1-50,text,true,,83,0,50,100,null,0,0,0
1736080990450,2,Update Rental Date,200,OK,Update Rental 3-29,text,true,,11,0,50,100,null,2,0,0
1736080990473,1,Select By Actor_ID,200,OK,Select Actor 1-15,text,true,,83,0,50,100,null,1,0,0
1736080990476,2,Update Rental Date,200,OK,Update Rental 3-6,text,true,,11,0,50,100,null,2,0,0
1736080990479,1,Select By Actor_ID,200,OK,Select Actor 1-20,text,true,,85,0,50,100,null,1,0,0
1736080990497,2,Update Rental Date,200,OK,Update Rental 3-1,text,true,,11,0,50,100,null,2,0,0
1736080990500,1,Select By Actor_ID,200,OK,Select Actor 1-22,text,true,,80,0,50,100,null,1,0,0
1736080990519,1,Select By Actor_ID,200,OK,Select Actor 1-11,text,true,,80,0,50,100,null,1,0,0
1736080990565,1,Select By Actor_ID,200,OK,Select Actor 1-46,text,true,,80,0,50,100,null,1,0,0
1736080990566,2,Update Rental Date,200,OK,Update Rental 3-44,text,true,,11,0,50,100,null,2,0,0
1736080990571,2,Update Rental Date,200,OK,Update Rental 3-8,text,true,,11,0,50,100,null,2,0,0
1736080990572,2,Update Rental Date,200,OK,Update Rental 3-42,text,true,,11,0,50,100,null,2,0,0
1736080990580,2,Update Rental Date,200,OK,Update Rental 3-25,text,true,,11,0,50,100,null,2,0,0
1736080990587,1,Select By Actor_ID,200,OK,Select Actor 1-5,text,true,,82,0,50,100,null,1,0,0
1736080990588,2,Update Rental Date,200,OK,Update Rental 3-15,text,true,,11,0,50,100,null,2,0,0
1736080990592,2,Update Rental Date,200,OK,Update Rental 3-47,text,true,,11,0,50,100,null,2,0,0
1736080990606,2,Update Rental Date,200,OK,Update Rental 3-9,text,true,,11,0,50,100,null,2,0,0
1736080990609,2,Update Rental Date,200,OK,Update Rental 3-19,text,true,,11,0,50,100,null,2,0,0
1736080990622,1,Select By Actor_ID,200,OK,Select Actor 1-18,text,true,,80,0,50,100,null,1,0,0
1736080990658,2,Update Rental Date,200,OK,Update Rental 3-23,text,true,,11,0,50,100,null,2,0,0
1736080990661,2,Update Rental Date,200,OK,Update Rental 3-32,text,true,,11,0,50,100,null,2,0,0
1736080990668,2,Update Rental Date,200,OK,Update Rental 3-3,text,true,,11,0,50,100,null,2,0,0
1736080990670,0,Select By Actor_ID,200,OK,Select Actor 1-32,text,true,,83,0,50,100,null,0,0,0
1736080990706,2,Update Rental Date,200,OK,Update Rental 3-2,text,true,,11,0,50,100,null,2,0,0
1736080990722,2,Update Rental Date,200,OK,Update Rental 3-36,text,true,,11,0,50,100,null,2,0,0
1736080990734,2,Update Rental Date,200,OK,Update Rental 3-24,text,true,,11,0,50,100,null,2,0,0
1736080990740,0,Select By Actor_ID,200,OK,Select Actor 1-31,text,true,,81,0,50,100,null,0,0,0
1736080990747,0,Select By Actor_ID,200,OK,Select Actor 1-30,text,true,,79,0,50,100,null,0,0,0
1736080990747,2,Update Rental Date,200,OK,Update Rental 3-46,text,true,,11,0,50,100,null,2,0,0
1736080990758,0,Select By Actor_ID,200,OK,Select Actor 1-24,text,true,,80,0,50,100,null,0,0,0
1736080990773,0,Select By Actor_ID,200,OK,Select Actor 1-45,text,true,,82,0,50,100,null,0,0,0
1736080990803,0,Select By Actor_ID,200,OK,Select Actor 1-19,text,true,,79,0,50,100,null,0,0,0
1736080990802,2,Update Rental Date,200,OK,Update Rental 3-7,text,true,,11,0,50,100,null,2,0,0
1736080990804,0,Select By Actor_ID,200,OK,Select Actor 1-6,text,true,,78,0,50,100,null,0,0,0
1736080990808,2,Update Rental Date,200,OK,Update Rental 3-5,text,true,,11,0,50,100,null,2,0,0
1736080990809,2,Update Rental Date,200,OK,Update Rental 3-38,text,true,,11,0,50,100,null,2,0,0
1736080990824,0,Select By Actor_ID,200,OK,Select Actor 1-33,text,true,,83,0,50,100,null,0,0,0
1736080990824,0,Select By Actor_ID,200,OK,Select Actor 1-21,text,true,,84,0,50,100,null,0,0,0
1736080990825,0,Select By Actor_ID,200,OK,Select Actor 1-25,text,true,,81,0,50,100,null,0,0,0
1736080990849,2,Update Rental Date,200,OK,Update Rental 3-31,text,true,,11,0,50,100,null,2,0,0
1736080990878,1,Select By Actor_ID,200,OK,Select Actor 1-9,text,true,,82,0,50,100,null,1,0,0
1736080990893,1,Select By Actor_ID,200,OK,Select Actor 1-39,text,true,,80,0,50,100,null,1,0,0
1736080990900,2,Update Rental Date,200,OK,Update Rental 3-16,text,true,,11,0,50,100,null,2,0,0
1736080990904,1,Select By Actor_ID,200,OK,Select Actor 1-38,text,true,,79,0,50,100,null,1,0,0
1736080990918,2,Update Rental Date,200,OK,Update Rental 3-27,text,true,,11,0,50,100,null,2,0,0
1736080990933,0,Select By Actor_ID,200,OK,Select Actor 1-2,text,true,,88,0,50,100,null,0,0,0
1736080990938,0,Select By Actor_ID,200,OK,Select Actor 1-23,text,true,,81,0,50,100,null,0,0,0
1736080990964,0,Select By Actor_ID,200,OK,Select Actor 1-29,text,true,,82,0,50,100,null,0,0,0
1736080990971,2,Update Rental Date,200,OK,Update Rental 3-45,text,true,,11,0,50,100,null,2,0,0
1736080991008,0,Select By Actor_ID,200,OK,Select Actor 1-3,text,true,,79,0,50,100,null,0,0,0
1736080991010,0,Select By Actor_ID,200,OK,Select Actor 1-16,text,true,,79,0,50,100,null,0,0,0
1736080991019,2,Update Rental Date,200,OK,Update Rental 3-37,text,true,,11,0,50,100,null,2,0,0
1736080991028,1,Select By Actor_ID,200,OK,Select Actor 1-22,text,true,,79,0,50,100,null,1,0,0
1736080991044,1,Select By Actor_ID,200,OK,Select Actor 1-48,text,true,,78,0,50,100,null,1,0,0
1736080991092,1,Select By Actor_ID,200,OK,Select Actor 1-35,text,true,,79,0,50,100,null,1,0,0
1736080991093,0,Select By Actor_ID,200,OK,Select Actor 1-41,text,true,,79,0,50,100,null,0,0,0
1736080991093,2,Update Rental Date,200,OK,Update Rental 3-20,text,true,,11,0,50,100,null,2,0,0
1736080991118,1,Select By Actor_ID,200,OK,Select Actor 1-28,text,true,,81,0,50,100,null,0,0,0
1736080991118,2,Update Rental Date,200,OK,Update Rental 3-33,text,true,,11,0,50,100,null,2,0,0
1736080991119,3,Update Rental Date,200,OK,Update Rental 3-26,text,true,,11,0,50,100,null,3,0,0
1736080991123,2,Update Rental Date,200,OK,Update Rental 3-35,text,true,,11,0,50,100,null,2,0,0
1736080991125,2,Update Rental Date,200,OK,Update Rental 3-43,text,true,,11,0,50,100,null,2,0,0
1736080991130,2,Update Rental Date,200,OK,Update Rental 3-39,text,true,,11,0,50,100,null,2,0,0
1736080991138,1,Select By Actor_ID,200,OK,Select Actor 1-20,text,true,,84,0,50,100,null,1,0,0
1736080991139,2,Update Rental Date,200,OK,Update Rental 3-9,text,true,,11,0,50,100,null,2,0,0
1736080991150,1,Select By Actor_ID,200,OK,Select Actor 1-8,text,true,,83,0,50,100,null,1,0,0
1736080991153,1,Select By Actor_ID,200,OK,Select Actor 1-27,text,true,,80,0,50,100,null,1,0,0
1736080991159,2,Update Rental Date,200,OK,Update Rental 3-10,text,true,,11,0,50,100,null,2,0,0
1736080991171,1,Select By Actor_ID,200,OK,Select Actor 1-44,text,true,,81,0,50,100,null,1,0,0
1736080991178,3,Update Rental Date,200,OK,Update Rental 3-12,text,true,,11,0,50,100,null,3,0,0
1736080991183,2,Update Rental Date,200,OK,Update Rental 3-4,text,true,,11,0,50,100,null,2,0,0
1736080991188,0,Select By Actor_ID,200,OK,Select Actor 1-36,text,true,,80,0,50,100,null,0,0,0
1736080991206,2,Update Rental Date,200,OK,Update Rental 3-13,text,true,,11,0,50,100,null,2,0,0
1736080991214,0,Select By Actor_ID,200,OK,Select Actor 1-43,text,true,,81,0,50,100,null,0,0,0
1736080991238,2,Update Rental Date,200,OK,Update Rental 3-44,text,true,,11,0,50,100,null,2,0,0
1736080991249,0,Select By Actor_ID,200,OK,Select Actor 1-34,text,true,,79,0,50,100,null,0,0,0
1736080991248,1,Update Rental Date,200,OK,Update Rental 3-22,text,true,,11,0,50,100,null,1,0,0
1736080991255,1,Update Rental Date,200,OK,Update Rental 3-30,text,true,,11,0,50,100,null,1,0,0
1736080991260,0,Select By Actor_ID,200,OK,Select Actor 1-13,text,true,,76,0,50,100,null,0,0,0
1736080991266,1,Select By Actor_ID,200,OK,Select Actor 1-14,text,true,,82,0,50,100,null,1,0,0
1736080991286,3,Update Rental Date,200,OK,Update Rental 3-36,text,true,,11,0,50,100,null,3,0,0
1736080991294,2,Update Rental Date,200,OK,Update Rental 3-48,text,true,,11,0,50,100,null,2,0,0
1736080991294,2,Update Rental Date,200,OK,Update Rental 3-28,text,true,,11,0,50,100,null,2,0,0
1736080991312,2,Update Rental Date,200,OK,Update Rental 3-11,text,true,,11,0,50,100,null,2,0,0
1736080991328,1,Select By Actor_ID,200,OK,Select Actor 1-45,text,true,,80,0,50,100,null,1,0,0
1736080991330,3,Update Rental Date,200,OK,Update Rental 3-50,text,true,,11,0,50,100,null,3,0,0
1736080991339,2,Update Rental Date,200,OK,Update Rental 3-1,text,true,,11,0,50,100,null,2,0,0
1736080991342,1,Select By Actor_ID,200,OK,Select Actor 1-10,text,true,,80,0,50,100,null,1,0,0
1736080991359,3,Update Rental Date,200,OK,Update Rental 3-25,text,true,,11,0,50,100,null,3,0,0
1736080991362,1,Select By Actor_ID,200,OK,Select Actor 1-50,text,true,,80,0,50,100,null,1,0,0
1736080991360,3,Update Rental Date,200,OK,Update Rental 3-34,text,true,,11,0,50,100,null,3,0,0
1736080991407,1,Select By Actor_ID,200,OK,Select Actor 1-17,text,true,,85,0,50,100,null,1,0,0
1736080991428,1,Select By Actor_ID,200,OK,Select Actor 1-32,text,true,,76,0,50,100,null,1,0,0
1736080991435,2,Update Rental Date,200,OK,Update Rental 3-40,text,true,,11,0,50,100,null,2,0,0
1736080991440,2,Update Rental Date,200,OK,Update Rental 3-2,text,true,,11,0,50,100,null,2,0,0
1736080991443,0,Select By Actor_ID,200,OK,Select Actor 1-47,text,true,,80,0,50,100,null,0,0,0
1736080991457,1,Select By Actor_ID,200,OK,Select Actor 1-46,text,true,,81,0,50,100,null,0,0,0
1736080991469,0,Select By Actor_ID,200,OK,Select Actor 1-6,text,true,,78,0,50,100,null,0,0,0
1736080991469,0,Select By Actor_ID,200,OK,Select Actor 1-31,text,true,,79,0,50,100,null,0,0,0
1736080991473,0,Select By Actor_ID,200,OK,Select Actor 1-4,text,true,,79,0,50,100,null,0,0,0
1736080991472,2,Update Rental Date,200,OK,Update Rental 3-14,text,true,,11,0,50,100,null,2,0,0
1736080991478,0,Select By Actor_ID,200,OK,Select Actor 1-49,text,true,,79,0,50,100,null,0,0,0
1736080991479,0,Select By Actor_ID,200,OK,Select Actor 1-29,text,true,,81,0,50,100,null,0,0,0
1736080991484,2,Update Rental Date,200,OK,Update Rental 3-41,text,true,,11,0,50,100,null,2,0,0
1736080991513,0,Select By Actor_ID,200,OK,Select Actor 1-1,text,true,,80,0,50,100,null,0,0,0
1736080991515,0,Select By Actor_ID,200,OK,Select Actor 1-42,text,true,,78,0,50,100,null,0,0,0
1736080991526,2,Update Rental Date,200,OK,Update Rental 3-18,text,true,,11,0,50,100,null,2,0,0
1736080991532,0,Select By Actor_ID,200,OK,Select Actor 1-21,text,true,,81,0,50,100,null,0,0,0
1736080991540,0,Select By Actor_ID,200,OK,Select Actor 1-5,text,true,,81,0,50,100,null,0,0,0
1736080991541,0,Select By Actor_ID,200,OK,Select Actor 1-38,text,true,,83,0,50,100,null,0,0,0
1736080991545,2,Update Rental Date,200,OK,Update Rental 3-7,text,true,,11,0,50,100,null,2,0,0
1736080991566,2,Update Rental Date,200,OK,Update Rental 3-49,text,true,,11,0,50,100,null,2,0,0
1736080991570,0,Select By Actor_ID,200,OK,Select Actor 1-40,text,true,,81,0,50,100,null,0,0,0
1736080991592,2,Update Rental Date,200,OK,Update Rental 3-16,text,true,,11,0,50,100,null,2,0,0
1736080991592,2,Update Rental Date,200,OK,Update Rental 3-8,text,true,,11,0,50,100,null,2,0,0
1736080991600,1,Update Rental Date,200,OK,Update Rental 3-29,text,true,,11,0,50,100,null,1,0,0
1736080991610,0,Select By Actor_ID,200,OK,Select Actor 1-12,text,true,,81,0,50,100,null,0,0,0
1736080991645,1,Select By Actor_ID,200,OK,Select Actor 1-23,text,true,,84,0,50,100,null,1,0,0
1736080991656,4,Update Rental Date,200,OK,Update Rental 3-17,text,true,,11,0,50,100,null,4,0,0
1736080991661,1,Select By Actor_ID,200,OK,Select Actor 1-33,text,true,,80,0,50,100,null,1,0,0
1736080991688,1,Select By Actor_ID,200,OK,Select Actor 1-25,text,true,,81,0,50,100,null,1,0,0
1736080991693,3,Update Rental Date,200,OK,Update Rental 3-3,text,true,,11,0,50,100,null,3,0,0
1736080991718,2,Update Rental Date,200,OK,Update Rental 3-15,text,true,,11,0,50,100,null,2,0,0
1736080991730,1,Select By Actor_ID,200,OK,Select Actor 1-7,text,true,,80,0,50,100,null,1,0,0
1736080991736,1,Select By Actor_ID,200,OK,Select Actor 1-26,text,true,,81,0,50,100,null,1,0,0
1736080991745,1,Select By Actor_ID,200,OK,Select Actor 1-37,text,true,,82,0,50,100,null,1,0,0
1736080991762,2,Update Rental Date,200,OK,Update Rental 3-21,text,true,,11,0,50,100,null,2,0,0
1736080991765,2,Update Rental Date,200,OK,Update Rental 3-5,text,true,,11,0,50,100,null,2,0,0
1736080991773,2,Update Rental Date,200,OK,Update Rental 3-27,text,true,,11,0,50,100,null,2,0,0
1736080991808,1,Select By Actor_ID,200,OK,Select Actor 1-27,text,true,,78,0,50,100,null,1,0,0
1736080991810,2,Update Rental Date,200,OK,Update Rental 3-19,text,true,,11,0,50,100,null,2,0,0
1736080991813,1,Select By Actor_ID,200,OK,Select Actor 1-20,text,true,,83,0,50,100,null,0,0,0
1736080991813,1,Select By Actor_ID,200,OK,Select Actor 1-11,text,true,,79,0,50,100,null,0,0,0
1736080991847,0,Select By Actor_ID,200,OK,Select Actor 1-41,text,true,,81,0,50,100,null,0,0,0
1736080991846,2,Update Rental Date,200,OK,Update Rental 3-47,text,true,,11,0,50,100,null,2,0,0
1736080991874,2,Update Rental Date,200,OK,Update Rental 3-32,text,true,,11,0,50,100,null,2,0,0
1736080991876,1,Update Rental Date,200,OK,Update Rental 3-24,text,true,,11,0,50,100,null,1,0,0
1736080991886,0,Select By Actor_ID,200,OK,Select Actor 1-18,text,true,,78,0,50,100,null,0,0,0
1736080991897,2,Update Rental Date,200,OK,Update Rental 3-6,text,true,,11,0,50,100,null,2,0,0
1736080991900,0,Select By Actor_ID,200,OK,Select Actor 1-50,text,true,,77,0,50,100,null,0,0,0
1736080991910,0,Select By Actor_ID,200,OK,Select Actor 1-34,text,true,,83,0,50,100,null,0,0,0
1736080991913,2,Update Rental Date,200,OK,Update Rental 3-44,text,true,,11,0,50,100,null,2,0,0
1736080991917,2,Update Rental Date,200,OK,Update Rental 3-46,text,true,,11,0,50,100,null,2,0,0
1736080991960,2,Update Rental Date,200,OK,Update Rental 3-23,text,true,,11,0,50,100,null,2,0,0
1736080991962,0,Select By Actor_ID,200,OK,Select Actor 1-15,text,true,,80,0,50,100,null,0,0,0
1736080991961,2,Update Rental Date,200,OK,Update Rental 3-26,text,true,,11,0,50,100,null,2,0,0
1736080991968,0,Select By Actor_ID,200,OK,Select Actor 1-19,text,true,,82,0,50,100,null,0,0,0
1736080991975,0,Select By Actor_ID,200,OK,Select Actor 1-39,text,true,,80,0,50,100,null,0,0,0
1736080991982,0,Select By Actor_ID,200,OK,Select Actor 1-3,text,true,,81,0,50,100,null,0,0,0
1736080992011,1,Select By Actor_ID,200,OK,Select Actor 1-30,text,true,,76,0,50,100,null,1,0,1
1736080992011,3,Update Rental Date,200,OK,Update Rental 3-48,text,true,,11,0,50,100,null,3,0,1
1736080992027,3,Update Rental Date,200,OK,Update Rental 3-42,text,true,,11,0,50,100,null,3,0,0
1736080992041,2,Update Rental Date,200,OK,Update Rental 3-38,text,true,,11,0,50,100,null,2,0,0
1736080992053,3,Update Rental Date,200,OK,Update Rental 3-20,text,true,,11,0,50,100,null,3,0,0
1736080992062,3,Update Rental Date,200,OK,Update Rental 3-22,text,true,,11,0,50,100,null,3,0,0
1736080992076,1,Select By Actor_ID,200,OK,Select Actor 1-32,text,true,,83,0,50,100,null,1,0,0
1736080992094,1,Select By Actor_ID,200,OK,Select Actor 1-24,text,true,,80,0,50,100,null,1,0,0
1736080992095,2,Update Rental Date,200,OK,Update Rental 3-35,text,true,,11,0,50,100,null,2,0,0
1736080992107,1,Select By Actor_ID,200,OK,Select Actor 1-17,text,true,,82,0,50,100,null,1,0,0
1736080992109,1,Select By Actor_ID,200,OK,Select Actor 1-21,text,true,,78,0,50,100,null,1,0,0
1736080992134,1,Select By Actor_ID,200,OK,Select Actor 1-29,text,true,,80,0,50,100,null,1,0,0
1736080992139,1,Select By Actor_ID,200,OK,Select Actor 1-9,text,true,,81,0,50,100,null,1,0,0
1736080992143,1,Select By Actor_ID,200,OK,Select Actor 1-14,text,true,,81,0,50,100,null,1,0,0
1736080992168,2,Update Rental Date,200,OK,Update Rental 3-2,text,true,,11,0,50,100,null,2,0,0
1736080992169,3,Update Rental Date,200,OK,Update Rental 3-31,text,true,,11,0,50,100,null,3,0,0
1736080992174,1,Select By Actor_ID,200,OK,Select Actor 1-2,text,true,,78,0,50,100,null,0,0,0
1736080992190,1,Select By Actor_ID,200,OK,Select Actor 1-4,text,true,,82,0,50,100,null,0,0,0
1736080992233,0,Select By Actor_ID,200,OK,Select Actor 1-10,text,true,,79,0,50,100,null,0,0,0
1736080992233,0,Select By Actor_ID,200,OK,Select Actor 1-47,text,true,,79,0,50,100,null,0,0,0
1736080992243,2,Update Rental Date,200,OK,Update Rental 3-9,text,true,,11,0,50,100,null,2,0,0
1736080992243,2,Update Rental Date,200,OK,Update Rental 3-33,text,true,,11,0,50,100,null,2,0,0
1736080992246,0,Select By Actor_ID,200,OK,Select Actor 1-28,text,true,,80,0,50,100,null,0,0,0
1736080992256,0,Select By Actor_ID,200,OK,Select Actor 1-13,text,true,,83,0,50,100,null,0,0,0
1736080992261,0,Select By Actor_ID,200,OK,Select Actor 1-38,text,true,,78,0,50,100,null,0,0,0
1736080992263,1,Update Rental Date,200,OK,Update Rental 3-39,text,true,,11,0,50,100,null,1,0,0
1736080992264,2,Update Rental Date,200,OK,Update Rental 3-45,text,true,,11,0,50,100,null,1,0,0
1736080992293,0,Select By Actor_ID,200,OK,Select Actor 1-12,text,true,,84,0,50,100,null,0,0,0
1736080992295,2,Update Rental Date,200,OK,Update Rental 3-21,text,true,,11,0,50,100,null,2,0,0
1736080992309,0,Select By Actor_ID,200,OK,Select Actor 1-33,text,true,,81,0,50,100,null,0,0,0
1736080992309,0,Select By Actor_ID,200,OK,Select Actor 1-43,text,true,,82,0,50,100,null,0,0,0
1736080992317,0,Select By Actor_ID,200,OK,Select Actor 1-31,text,true,,84,0,50,100,null,0,0,0
1736080992322,0,Select By Actor_ID,200,OK,Select Actor 1-8,text,true,,79,0,50,100,null,0,0,0
1736080992331,1,Select By Actor_ID,200,OK,Select Actor 1-22,text,true,,78,0,50,100,null,1,0,0
1736080992336,2,Update Rental Date,200,OK,Update Rental 3-12,text,true,,11,0,50,100,null,2,0,0
1736080992337,3,Update Rental Date,200,OK,Update Rental 3-27,text,true,,11,0,50,100,null,3,0,0
1736080992338,3,Update Rental Date,200,OK,Update Rental 3-18,text,true,,11,0,50,100,null,3,0,0
1736080992339,3,Update Rental Date,200,OK,Update Rental 3-37,text,true,,11,0,50,100,null,3,0,0
1736080992344,1,Select By Actor_ID,200,OK,Select Actor 1-35,text,true,,80,0,50,100,null,0,0,0
1736080992358,1,Select By Actor_ID,200,OK,Select Actor 1-41,text,true,,81,0,50,100,null,1,0,0
1736080992388,2,Update Rental Date,200,OK,Update Rental 3-4,text,true,,11,0,50,100,null,2,0,0
1736080992396,1,Select By Actor_ID,200,OK,Select Actor 1-48,text,true,,78,0,50,100,null,1,0,0
1736080992415,2,Update Rental Date,200,OK,Update Rental 3-14,text,true,,11,0,50,100,null,2,0,0
1736080992424,2,Update Rental Date,200,OK,Update Rental 3-43,text,true,,11,0,50,100,null,2,0,0
1736080992429,0,Select By Actor_ID,200,OK,Select Actor 1-16,text,true,,85,0,50,100,null,0,0,0
1736080992432,2,Update Rental Date,200,OK,Update Rental 3-36,text,true,,11,0,50,100,null,2,0,0
1736080992461,0,Select By Actor_ID,200,OK,Select Actor 1-42,text,true,,83,0,50,100,null,0,0,0
1736080992467,2,Update Rental Date,200,OK,Update Rental 3-32,text,true,,11,0,50,100,null,2,0,0
1736080992476,0,Select By Actor_ID,200,OK,Select Actor 1-49,text,true,,77,0,50,100,null,0,0,0
1736080992479,1,Update Rental Date,200,OK,Update Rental 3-49,text,true,,11,0,50,100,null,1,0,0
1736080992505,2,Update Rental Date,200,OK,Update Rental 3-13,text,true,,11,0,50,100,null,2,0,0
1736080992524,0,Select By Actor_ID,200,OK,Select Actor 1-3,text,true,,80,0,50,100,null,0,0,0
1736080992537,3,Update Rental Date,200,OK,Update Rental 3-1,text,true,,11,0,50,100,null,3,0,1
1736080992544,3,Update Rental Date,200,OK,Update Rental 3-25,text,true,,11,0,50,100,null,2,0,0
1736080992572,1,Select By Actor_ID,200,OK,Select Actor 1-44,text,true,,82,0,50,100,null,1,0,0
1736080992573,2,Update Rental Date,200,OK,Update Rental 3-41,text,true,,11,0,50,100,null,2,0,0
1736080992585,2,Update Rental Date,200,OK,Update Rental 3-28,text,true,,11,0,50,100,null,2,0,0
1736080992588,1,Select By Actor_ID,200,OK,Select Actor 1-45,text,true,,80,0,50,100,null,1,0,0
1736080992592,2,Update Rental Date,200,OK,Update Rental 3-16,text,true,,11,0,50,100,null,2,0,0
1736080992595,2,Update Rental Date,200,OK,Update Rental 3-10,text,true,,11,0,50,100,null,2,0,0
1736080992616,1,Select By Actor_ID,200,OK,Select Actor 1-50,text,true,,80,0,50,100,null,1,0,0
1736080992616,2,Update Rental Date,200,OK,Update Rental 3-44,text,true,,11,0,50,100,null,2,0,0
1736080992622,3,Update Rental Date,200,OK,Update Rental 3-8,text,true,,11,0,50,100,null,3,0,0
1736080992624,1,Select By Actor_ID,200,OK,Select Actor 1-17,text,true,,80,0,50,100,null,1,0,0
1736080992636,1,Select By Actor_ID,200,OK,Select Actor 1-34,text,true,,83,0,50,100,null,1,0,0
1736080992639,2,Update Rental Date,200,OK,Update Rental 3-38,text,true,,11,0,50,100,null,2,0,0
1736080992659,2,Update Rental Date,200,OK,Update Rental 3-29,text,true,,11,0,50,100,null,2,0,0
1736080992663,1,Select By Actor_ID,200,OK,Select Actor 1-37,text,true,,78,0,50,100,null,1,0,0
1736080992669,1,Select By Actor_ID,200,OK,Select Actor 1-36,text,true,,82,0,50,100,null,1,0,0
1736080992681,1,Select By Actor_ID,200,OK,Select Actor 1-46,text,true,,81,0,50,100,null,0,0,0
1736080992695,1,Select By Actor_ID,200,OK,Select Actor 1-14,text,true,,81,0,50,100,null,0,0,0
1736080992694,2,Update Rental Date,200,OK,Update Rental 3-2,text,true,,11,0,50,100,null,2,0,0
1736080992695,2,Update Rental Date,200,OK,Update Rental 3-42,text,true,,11,0,50,100,null,2,0,0
1736080992741,2,Update Rental Date,200,OK,Update Rental 3-30,text,true,,11,0,50,100,null,2,0,0
1736080992748,2,Update Rental Date,200,OK,Update Rental 3-7,text,true,,11,0,50,100,null,2,0,0
1736080992751,0,Update Rental Date,200,OK,Update Rental 3-34,text,true,,11,0,50,100,null,0,0,0
1736080992750,2,Update Rental Date,200,OK,Update Rental 3-11,text,true,,11,0,50,100,null,2,0,0
1736080992758,2,Update Rental Date,200,OK,Update Rental 3-5,text,true,,11,0,50,100,null,2,0,0
1736080992761,2,Update Rental Date,200,OK,Update Rental 3-24,text,true,,11,0,50,100,null,2,0,0
1736080992763,1,Select By Actor_ID,200,OK,Select Actor 1-26,text,true,,80,0,50,100,null,1,0,0
1736080992774,2,Update Rental Date,200,OK,Update Rental 3-17,text,true,,11,0,50,100,null,2,0,0
1736080992781,1,Select By Actor_ID,200,OK,Select Actor 1-24,text,true,,85,0,50,100,null,1,0,0
1736080992801,2,Update Rental Date,200,OK,Update Rental 3-50,text,true,,11,0,50,100,null,2,0,0
1736080992811,2,Update Rental Date,200,OK,Update Rental 3-46,text,true,,11,0,50,100,null,2,0,0
1736080992818,1,Select By Actor_ID,200,OK,Select Actor 1-5,text,true,,80,0,50,100,null,1,0,0
1736080992818,1,Select By Actor_ID,200,OK,Select Actor 1-6,text,true,,84,0,50,100,null,1,0,0
1736080992825,2,Update Rental Date,200,OK,Update Rental 3-23,text,true,,11,0,50,100,null,2,0,0
1736080992850,0,Select By Actor_ID,200,OK,Select Actor 1-10,text,true,,80,0,50,100,null,0,0,0
1736080992867,0,Select By Actor_ID,200,OK,Select Actor 1-40,text,true,,83,0,50,100,null,0,0,0
1736080992873,0,Select By Actor_ID,200,OK,Select Actor 1-1,text,true,,82,0,50,100,null,0,0,0
1736080992876,0,Select By Actor_ID,200,OK,Select Actor 1-27,text,true,,83,0,50,100,null,0,0,0
1736080992877,0,Select By Actor_ID,200,OK,Select Actor 1-9,text,true,,83,0,50,100,null,0,0,0
1736080992876,2,Update Rental Date,200,OK,Update Rental 3-3,text,true,,11,0,50,100,null,2,0,0
1736080992884,2,Update Rental Date,200,OK,Update Rental 3-22,text,true,,11,0,50,100,null,2,0,0
1736080992898,0,Select By Actor_ID,200,OK,Select Actor 1-25,text,true,,79,0,50,100,null,0,0,0
1736080992900,0,Select By Actor_ID,200,OK,Select Actor 1-28,text,true,,84,0,50,100,null,0,0,0
1736080992899,1,Update Rental Date,200,OK,Update Rental 3-40,text,true,,11,0,50,100,null,1,0,0
1736080992912,4,Update Rental Date,200,OK,Update Rental 3-6,text,true,,11,0,50,100,null,4,0,0
1736080992917,0,Select By Actor_ID,200,OK,Select Actor 1-7,text,true,,79,0,50,100,null,0,0,0
1736080992921,0,Select By Actor_ID,200,OK,Select Actor 1-18,text,true,,80,0,50,100,null,0,0,0
1736080992922,0,Select By Actor_ID,200,OK,Select Actor 1-2,text,true,,86,0,50,100,null,0,0,0
1736080992942,1,Select By Actor_ID,200,OK,Select Actor 1-47,text,true,,83,0,50,100,null,1,0,0
1736080992947,2,Update Rental Date,200,OK,Update Rental 3-45,text,true,,11,0,50,100,null,2,0,0
1736080992960,1,Update Rental Date,200,OK,Update Rental 3-9,text,true,,11,0,50,100,null,1,0,0
1736080992988,1,Select By Actor_ID,200,OK,Select Actor 1-19,text,true,,86,0,50,100,null,0,0,0
1736080992989,2,Update Rental Date,200,OK,Update Rental 3-19,text,true,,11,0,50,100,null,2,0,0
1736080992992,2,Update Rental Date,200,OK,Update Rental 3-20,text,true,,11,0,50,100,null,2,0,0
1736080993011,0,Select By Actor_ID,200,OK,Select Actor 1-8,text,true,,82,0,50,100,null,0,0,0
1736080993027,1,Select By Actor_ID,200,OK,Select Actor 1-48,text,true,,79,0,50,100,null,1,0,0
1736080993028,0,Select By Actor_ID,200,OK,Select Actor 1-12,text,true,,81,0,50,100,null,0,0,0
1736080993032,2,Update Rental Date,200,OK,Update Rental 3-15,text,true,,11,0,50,100,null,2,0,0
1736080993050,0,Select By Actor_ID,200,OK,Select Actor 1-3,text,true,,81,0,50,100,null,0,0,0
1736080993089,2,Update Rental Date,200,OK,Update Rental 3-41,text,true,,11,0,50,100,null,2,0,0
1736080993093,0,Select By Actor_ID,200,OK,Select Actor 1-16,text,true,,83,0,50,100,null,0,0,0
1736080993093,2,Update Rental Date,200,OK,Update Rental 3-26,text,true,,11,0,50,100,null,2,0,0
1736080993094,2,Update Rental Date,200,OK,Update Rental 3-4,text,true,,11,0,50,100,null,2,0,0
1736080993095,2,Update Rental Date,200,OK,Update Rental 3-31,text,true,,11,0,50,100,null,2,0,0
1736080993120,0,Select By Actor_ID,200,OK,Select Actor 1-15,text,true,,79,0,50,100,null,0,0,0
1736080993146,0,Select By Actor_ID,200,OK,Select Actor 1-23,text,true,,80,0,50,100,null,0,0,0
1736080993178,0,Select By Actor_ID,200,OK,Select Actor 1-11,text,true,,78,0,50,100,null,0,0,0
1736080993204,2,Update Rental Date,200,OK,Update Rental 3-43,text,true,,11,0,50,100,null,2,0,0
1736080993218,2,Update Rental Date,200,OK,Update Rental 3-47,text,true,,11,0,50,100,null,2,0,0
1736080993222,1,Select By Actor_ID,200,OK,Select Actor 1-39,text,true,,85,0,50,100,null,1,0,0
1736080993225,2,Update Rental Date,200,OK,Update Rental 3-44,text,true,,11,0,50,100,null,2,0,0
1736080993232,1,Select By Actor_ID,200,OK,Select Actor 1-32,text,true,,83,0,50,100,null,1,0,0
1736080993234,1,Select By Actor_ID,200,OK,Select Actor 1-42,text,true,,84,0,50,100,null,1,0,0
1736080993240,1,Select By Actor_ID,200,OK,Select Actor 1-38,text,true,,77,0,50,100,null,1,0,0
1736080993241,1,Select By Actor_ID,200,OK,Select Actor 1-43,text,true,,82,0,50,100,null,1,0,0
1736080993248,2,Update Rental Date,200,OK,Update Rental 3-28,text,true,,11,0,50,100,null,2,0,0
1736080993256,1,Select By Actor_ID,200,OK,Select Actor 1-20,text,true,,84,0,50,100,null,1,0,0
1736080993264,1,Select By Actor_ID,200,OK,Select Actor 1-26,text,true,,84,0,50,100,null,1,0,0
1736080993264,1,Select By Actor_ID,200,OK,Select Actor 1-49,text,true,,78,0,50,100,null,1,0,0
1736080993266,1,Select By Actor_ID,200,OK,Select Actor 1-50,text,true,,84,0,50,100,null,1,0,0
1736080993278,1,Select By Actor_ID,200,OK,Select Actor 1-21,text,true,,83,0,50,100,null,1,0,0
1736080993291,1,Select By Actor_ID,200,OK,Select Actor 1-29,text,true,,83,0,50,100,null,1,0,0
1736080993301,1,Select By Actor_ID,200,OK,Select Actor 1-4,text,true,,80,0,50,100,null,1,0,0
1736080993320,2,Update Rental Date,200,OK,Update Rental 3-25,text,true,,11,0,50,100,null,2,0,0
1736080993327,2,Update Rental Date,200,OK,Update Rental 3-36,text,true,,11,0,50,100,null,2,0,0
1736080993329,2,Update Rental Date,200,OK,Update Rental 3-13,text,true,,11,0,50,100,null,2,0,0
1736080993377,2,Update Rental Date,200,OK,Update Rental 3-14,text,true,,11,0,50,100,null,2,0,0
1736080993379,1,Select By Actor_ID,200,OK,Select Actor 1-35,text,true,,80,0,50,100,null,1,0,0
1736080993414,0,Select By Actor_ID,200,OK,Select Actor 1-31,text,true,,80,0,50,100,null,0,0,0
1736080993424,2,Update Rental Date,200,OK,Update Rental 3-27,text,true,,11,0,50,100,null,2,0,0
1736080993430,2,Update Rental Date,200,OK,Update Rental 3-8,text,true,,11,0,50,100,null,2,0,0
1736080993432,2,Update Rental Date,200,OK,Update Rental 3-18,text,true,,11,0,50,100,null,2,0,0
1736080993442,2,Update Rental Date,200,OK,Update Rental 3-5,text,true,,11,0,50,100,null,2,0,0
1736080993473,0,Select By Actor_ID,200,OK,Select Actor 1-33,text,true,,81,0,50,100,null,0,0,0
1736080993472,2,Update Rental Date,200,OK,Update Rental 3-48,text,true,,11,0,50,100,null,2,0,0
1736080993474,0,Select By Actor_ID,200,OK,Select Actor 1-30,text,true,,81,0,50,100,null,0,0,0
1736080993492,2,Update Rental Date,200,OK,Update Rental 3-33,text,true,,11,0,50,100,null,2,0,0
1736080993495,2,Update Rental Date,200,OK,Update Rental 3-35,text,true,,11,0,50,100,null,2,0,0
1736080993508,0,Select By Actor_ID,200,OK,Select Actor 1-18,text,true,,83,0,50,100,null,0,0,0
1736080993510,2,Update Rental Date,200,OK,Update Rental 3-49,text,true,,11,0,50,100,null,2,0,0
1736080993512,1,Update Rental Date,200,OK,Update Rental 3-39,text,true,,11,0,50,100,null,1,0,0
1736080993524,0,Select By Actor_ID,200,OK,Select Actor 1-13,text,true,,79,0,50,100,null,0,0,0
1736080993526,1,Update Rental Date,200,OK,Update Rental 3-30,text,true,,11,0,50,100,null,1,0,0
1736080993548,2,Update Rental Date,200,OK,Update Rental 3-16,text,true,,11,0,50,100,null,2,0,0
1736080993633,3,Update Rental Date,200,OK,Update Rental 3-19,text,true,,11,0,50,100,null,3,0,0
1736080993649,1,Select By Actor_ID,200,OK,Select Actor 1-17,text,true,,84,0,50,100,null,1,0,0
1736080993661,1,Select By Actor_ID,200,OK,Select Actor 1-45,text,true,,84,0,50,100,null,1,0,0
1736080993668,1,Select By Actor_ID,200,OK,Select Actor 1-27,text,true,,80,0,50,100,null,1,0,0
1736080993673,1,Select By Actor_ID,200,OK,Select Actor 1-40,text,true,,82,0,50,100,null,1,0,0
1736080993672,2,Update Rental Date,200,OK,Update Rental 3-37,text,true,,11,0,50,100,null,2,0,0
1736080993684,1,Select By Actor_ID,200,OK,Select Actor 1-16,text,true,,84,0,50,100,null,1,0,0
1736080993685,2,Update Rental Date,200,OK,Update Rental 3-32,text,true,,11,0,50,100,null,2,0,0
1736080993697,1,Select By Actor_ID,200,OK,Select Actor 1-22,text,true,,80,0,50,100,null,1,0,0
1736080993727,1,Select By Actor_ID,200,OK,Select Actor 1-34,text,true,,82,0,50,100,null,1,0,0
1736080993732,1,Select By Actor_ID,200,OK,Select Actor 1-5,text,true,,84,0,50,100,null,0,0,0
1736080993742,0,Select By Actor_ID,200,OK,Select Actor 1-8,text,true,,80,0,50,100,null,0,0,0
1736080993758,2,Update Rental Date,200,OK,Update Rental 3-12,text,true,,11,0,50,100,null,2,0,0
1736080993762,2,Update Rental Date,200,OK,Update Rental 3-9,text,true,,11,0,50,100,null,2,0,0
1736080993772,0,Select By Actor_ID,200,OK,Select Actor 1-48,text,true,,80,0,50,100,null,0,0,0
1736080993773,2,Update Rental Date,200,OK,Update Rental 3-21,text,true,,11,0,50,100,null,2,0,0
1736080993779,2,Update Rental Date,200,OK,Update Rental 3-31,text,true,,11,0,50,100,null,2,0,0
1736080993783,2,Update Rental Date,200,OK,Update Rental 3-41,text,true,,11,0,50,100,null,2,0,0
1736080993794,2,Update Rental Date,200,OK,Update Rental 3-17,text,true,,11,0,50,100,null,2,0,0
1736080993798,0,Select By Actor_ID,200,OK,Select Actor 1-9,text,true,,79,0,50,100,null,0,0,0
1736080993807,2,Update Rental Date,200,OK,Update Rental 3-15,text,true,,11,0,50,100,null,2,0,0
1736080993821,0,Select By Actor_ID,200,OK,Select Actor 1-41,text,true,,80,0,50,100,null,0,0,0
1736080993820,2,Update Rental Date,200,OK,Update Rental 3-42,text,true,,11,0,50,100,null,2,0,0
1736080993824,2,Update Rental Date,200,OK,Update Rental 3-10,text,true,,11,0,50,100,null,1,0,0
1736080993846,0,Select By Actor_ID,200,OK,Select Actor 1-24,text,true,,80,0,50,100,null,0,0,0
1736080993847,2,Update Rental Date,200,OK,Update Rental 3-43,text,true,,11,0,50,100,null,2,0,0
1736080993851,0,Select By Actor_ID,200,OK,Select Actor 1-14,text,true,,79,0,50,100,null,0,0,0
1736080993861,2,Update Rental Date,200,OK,Update Rental 3-1,text,true,,11,0,50,100,null,2,0,0
1736080993868,1,Update Rental Date,200,OK,Update Rental 3-26,text,true,,11,0,50,100,null,1,0,0
1736080993876,2,Update Rental Date,200,OK,Update Rental 3-40,text,true,,11,0,50,100,null,1,0,0
1736080993893,0,Select By Actor_ID,200,OK,Select Actor 1-6,text,true,,78,0,50,100,null,0,0,0
1736080993900,1,Update Rental Date,200,OK,Update Rental 3-50,text,true,,11,0,50,100,null,1,0,0
1736080993927,0,Select By Actor_ID,200,OK,Select Actor 1-25,text,true,,84,0,50,100,null,0,0,0
1736080993933,0,Select By Actor_ID,200,OK,Select Actor 1-10,text,true,,81,0,50,100,null,0,0,0
1736080993938,1,Select By Actor_ID,200,OK,Select Actor 1-1,text,true,,80,0,50,100,null,1,0,1
1736080993940,1,Select By Actor_ID,200,OK,Select Actor 1-28,text,true,,81,0,50,100,null,1,0,0
1736080993944,2,Update Rental Date,200,OK,Update Rental 3-20,text,true,,11,0,50,100,null,2,0,0
1736080993947,1,Select By Actor_ID,200,OK,Select Actor 1-44,text,true,,80,0,50,100,null,1,0,0
1736080993948,3,Update Rental Date,200,OK,Update Rental 3-24,text,true,,11,0,50,100,null,3,0,0
1736080993954,1,Select By Actor_ID,200,OK,Select Actor 1-12,text,true,,82,0,50,100,null,1,0,0
1736080993959,1,Select By Actor_ID,200,OK,Select Actor 1-23,text,true,,82,0,50,100,null,1,0,0
1736080993979,1,Select By Actor_ID,200,OK,Select Actor 1-35,text,true,,82,0,50,100,null,1,0,0
1736080993989,1,Select By Actor_ID,200,OK,Select Actor 1-2,text,true,,79,0,50,100,null,1,0,0
1736080993993,2,Update Rental Date,200,OK,Update Rental 3-29,text,true,,11,0,50,100,null,2,0,0
1736080994007,2,Update Rental Date,200,OK,Update Rental 3-28,text,true,,11,0,50,100,null,2,0,0
1736080994015,1,Select By Actor_ID,200,OK,Select Actor 1-37,text,true,,81,0,50,100,null,1,0,0
1736080994015,2,Update Rental Date,200,OK,Update Rental 3-23,text,true,,11,0,50,100,null,2,0,0
1736080994035,2,Update Rental Date,200,OK,Update Rental 3-47,text,true,,11,0,50,100,null,2,0,0
1736080994051,1,Select By Actor_ID,200,OK,Select Actor 1-15,text,true,,83,0,50,100,null,1,0,0
1736080994088,3,Update Rental Date,200,OK,Update Rental 3-2,text,true,,11,0,50,100,null,2,0,0
1736080994123,2,Update Rental Date,200,OK,Update Rental 3-33,text,true,,11,0,50,100,null,2,0,0
1736080994131,0,Select By Actor_ID,200,OK,Select Actor 1-36,text,true,,83,0,50,100,null,0,0,0
1736080994131,0,Select By Actor_ID,200,OK,Select Actor 1-46,text,true,,81,0,50,100,null,0,0,0
1736080994135,2,Update Rental Date,200,OK,Update Rental 3-11,text,true,,11,0,50,100,null,2,0,0
1736080994140,2,Update Rental Date,200,OK,Update Rental 3-38,text,true,,11,0,50,100,null,2,0,0
1736080994141,3,Update Rental Date,200,OK,Update Rental 3-22,text,true,,11,0,50,100,null,3,0,0
1736080994150,1,Select By Actor_ID,200,OK,Select Actor 1-31,text,true,,86,0,50,100,null,1,0,0
1736080994153,1,Select By Actor_ID,200,OK,Select Actor 1-50,text,true,,79,0,50,100,null,1,0,0
1736080994152,3,Update Rental Date,200,OK,Update Rental 3-7,text,true,,11,0,50,100,null,3,0,0
1736080994166,2,Update Rental Date,200,OK,Update Rental 3-16,text,true,,11,0,50,100,null,2,0,0
1736080994166,2,Update Rental Date,200,OK,Update Rental 3-45,text,true,,11,0,50,100,null,2,0,0
1736080994170,1,Select By Actor_ID,200,OK,Select Actor 1-27,text,true,,83,0,50,100,null,1,0,0
1736080994178,1,Select By Actor_ID,200,OK,Select Actor 1-7,text,true,,81,0,50,100,null,1,0,0
1736080994186,2,Update Rental Date,200,OK,Update Rental 3-46,text,true,,11,0,50,100,null,2,0,0
1736080994189,2,Update Rental Date,200,OK,Update Rental 3-34,text,true,,11,0,50,100,null,2,0,0
1736080994193,1,Select By Actor_ID,200,OK,Select Actor 1-3,text,true,,81,0,50,100,null,1,0,0
1736080994235,1,Select By Actor_ID,200,OK,Select Actor 1-19,text,true,,80,0,50,100,null,1,0,0
1736080994244,1,Select By Actor_ID,200,OK,Select Actor 1-16,text,true,,78,0,50,100,null,1,0,0
1736080994245,2,Update Rental Date,200,OK,Update Rental 3-6,text,true,,11,0,50,100,null,2,0,0
1736080994267,1,Select By Actor_ID,200,OK,Select Actor 1-11,text,true,,80,0,50,100,null,1,0,0
1736080994279,1,Select By Actor_ID,200,OK,Select Actor 1-47,text,true,,81,0,50,100,null,1,0,0
1736080994293,1,Select By Actor_ID,200,OK,Select Actor 1-26,text,true,,88,0,50,100,null,1,0,0
1736080994293,1,Select By Actor_ID,200,OK,Select Actor 1-29,text,true,,80,0,50,100,null,1,0,0
1736080994290,6,Update Rental Date,200,OK,Update Rental 3-13,text,true,,11,0,50,100,null,5,0,0
1736080994293,4,Update Rental Date,200,OK,Update Rental 3-4,text,true,,11,0,50,100,null,4,0,0
1736080994297,2,Update Rental Date,200,OK,Update Rental 3-8,text,true,,11,0,50,100,null,2,0,0
1736080994306,1,Select By Actor_ID,200,OK,Select Actor 1-43,text,true,,86,0,50,100,null,1,0,0
1736080994309,1,Select By Actor_ID,200,OK,Select Actor 1-39,text,true,,81,0,50,100,null,1,0,0
1736080994335,3,Update Rental Date,200,OK,Update Rental 3-36,text,true,,11,0,50,100,null,2,0,0
1736080994348,2,Update Rental Date,200,OK,Update Rental 3-3,text,true,,11,0,50,100,null,2,0,0
1736080994373,2,Update Rental Date,200,OK,Update Rental 3-49,text,true,,11,0,50,100,null,2,0,0
1736080994380,2,Update Rental Date,200,OK,Update Rental 3-5,text,true,,11,0,50,100,null,2,0,0
1736080994400,0,Select By Actor_ID,200,OK,Select Actor 1-21,text,true,,79,0,50,100,null,0,0,0
1736080994420,0,Select By Actor_ID,200,OK,Select Actor 1-5,text,true,,80,0,50,100,null,0,0,0
1736080994451,1,Select By Actor_ID,200,OK,Select Actor 1-40,text,true,,80,0,50,100,null,1,0,0
1736080994451,2,Update Rental Date,200,OK,Update Rental 3-42,text,true,,11,0,50,100,null,2,0,0
1736080994465,2,Update Rental Date,200,OK,Update Rental 3-43,text,true,,11,0,50,100,null,2,0,0
1736080994473,2,Update Rental Date,200,OK,Update Rental 3-24,text,true,,11,0,50,100,null,2,0,0
1736080994479,1,Select By Actor_ID,200,OK,Select Actor 1-22,text,true,,82,0,50,100,null,1,0,0
1736080994483,2,Update Rental Date,200,OK,Update Rental 3-30,text,true,,11,0,50,100,null,2,0,0
1736080994487,1,Select By Actor_ID,200,OK,Select Actor 1-42,text,true,,80,0,50,100,null,1,0,0
1736080994501,2,Update Rental Date,200,OK,Update Rental 3-39,text,true,,11,0,50,100,null,2,0,0
1736080994504,1,Select By Actor_ID,200,OK,Select Actor 1-20,text,true,,82,0,50,100,null,1,0,0
1736080994507,1,Select By Actor_ID,200,OK,Select Actor 1-12,text,true,,76,0,50,100,null,1,0,0
1736080994512,2,Update Rental Date,200,OK,Update Rental 3-28,text,true,,11,0,50,100,null,2,0,0
1736080994579,1,Select By Actor_ID,200,OK,Select Actor 1-9,text,true,,85,0,50,100,null,1,0,0
1736080994586,1,Select By Actor_ID,200,OK,Select Actor 1-49,text,true,,80,0,50,100,null,1,0,0
1736080994595,1,Select By Actor_ID,200,OK,Select Actor 1-17,text,true,,83,0,50,100,null,1,0,0
1736080994614,1,Select By Actor_ID,200,OK,Select Actor 1-24,text,true,,88,0,50,100,null,1,0,0
1736080994628,1,Select By Actor_ID,200,OK,Select Actor 1-32,text,true,,78,0,50,100,null,1,0,0
1736080994663,1,Select By Actor_ID,200,OK,Select Actor 1-34,text,true,,82,0,50,100,null,1,0,0
1736080994668,2,Update Rental Date,200,OK,Update Rental 3-2,text,true,,11,0,50,100,null,2,0,0
1736080994677,1,Select By Actor_ID,200,OK,Select Actor 1-38,text,true,,77,0,50,100,null,1,0,0
1736080994685,2,Update Rental Date,200,OK,Update Rental 3-27,text,true,,11,0,50,100,null,2,0,0
1736080994692,0,Select By Actor_ID,200,OK,Select Actor 1-30,text,true,,81,0,50,100,null,0,0,0
1736080994696,0,Select By Actor_ID,200,OK,Select Actor 1-23,text,true,,80,0,50,100,null,0,0,0
1736080994705,2,Update Rental Date,200,OK,Update Rental 3-31,text,true,,11,0,50,100,null,2,0,0
1736080994711,2,Update Rental Date,200,OK,Update Rental 3-44,text,true,,11,0,50,100,null,2,0,0
1736080994718,2,Update Rental Date,200,OK,Update Rental 3-14,text,true,,11,0,50,100,null,2,0,0
1736080994727,2,Update Rental Date,200,OK,Update Rental 3-23,text,true,,11,0,50,100,null,2,0,0
1736080994736,2,Update Rental Date,200,OK,Update Rental 3-10,text,true,,11,0,50,100,null,2,0,0
1736080994748,2,Update Rental Date,200,OK,Update Rental 3-6,text,true,,11,0,50,100,null,2,0,0
1736080994751,2,Update Rental Date,200,OK,Update Rental 3-12,text,true,,11,0,50,100,null,2,0,0
1736080994755,0,Select By Actor_ID,200,OK,Select Actor 1-37,text,true,,79,0,50,100,null,0,0,0
1736080994761,0,Select By Actor_ID,200,OK,Select Actor 1-13,text,true,,79,0,50,100,null,0,0,0
1736080994763,2,Update Rental Date,200,OK,Update Rental 3-35,text,true,,11,0,50,100,null,2,0,0
1736080994768,1,Select By Actor_ID,200,OK,Select Actor 1-2,text,true,,79,0,50,100,null,1,0,0
1736080994774,0,Select By Actor_ID,200,OK,Select Actor 1-4,text,true,,83,0,50,100,null,0,0,0
1736080994773,3,Update Rental Date,200,OK,Update Rental 3-25,text,true,,11,0,50,100,null,3,0,0
1736080994797,0,Select By Actor_ID,200,OK,Select Actor 1-6,text,true,,81,0,50,100,null,0,0,0
1736080994796,2,Update Rental Date,200,OK,Update Rental 3-1,text,true,,11,0,50,100,null,2,0,0
1736080994803,1,Update Rental Date,200,OK,Update Rental 3-18,text,true,,11,0,50,100,null,1,0,0
1736080994808,1,Update Rental Date,200,OK,Update Rental 3-46,text,true,,11,0,50,100,null,1,0,0
1736080994815,0,Select By Actor_ID,200,OK,Select Actor 1-11,text,true,,79,0,50,100,null,0,0,0
1736080994828,1,Update Rental Date,200,OK,Update Rental 3-40,text,true,,11,0,50,100,null,1,0,0
1736080994833,0,Select By Actor_ID,200,OK,Select Actor 1-31,text,true,,83,0,50,100,null,0,0,0
1736080994836,1,Update Rental Date,200,OK,Update Rental 3-15,text,true,,11,0,50,100,null,1,0,0
1736080994854,2,Update Rental Date,200,OK,Update Rental 3-32,text,true,,11,0,50,100,null,2,0,0
1736080994862,0,Select By Actor_ID,200,OK,Select Actor 1-44,text,true,,79,0,50,100,null,0,0,0
1736080994862,0,Select By Actor_ID,200,OK,Select Actor 1-46,text,true,,78,0,50,100,null,0,0,0
1736080994867,2,Update Rental Date,200,OK,Update Rental 3-8,text,true,,11,0,50,100,null,2,0,0
1736080994876,0,Select By Actor_ID,200,OK,Select Actor 1-28,text,true,,80,0,50,100,null,0,0,0
1736080994885,1,Update Rental Date,200,OK,Update Rental 3-19,text,true,,11,0,50,100,null,1,0,0
1736080994894,2,Update Rental Date,200,OK,Update Rental 3-48,text,true,,11,0,50,100,null,2,0,0
1736080994900,1,Select By Actor_ID,200,OK,Select Actor 1-18,text,true,,80,0,50,100,null,1,0,0
1736080994903,3,Update Rental Date,200,OK,Update Rental 3-5,text,true,,11,0,50,100,null,3,0,1
1736080994931,1,Select By Actor_ID,200,OK,Select Actor 1-33,text,true,,79,0,50,100,null,1,0,0
1736080994986,2,Update Rental Date,200,OK,Update Rental 3-43,text,true,,11,0,50,100,null,2,0,0
1736080994992,2,Update Rental Date,200,OK,Update Rental 3-20,text,true,,11,0,50,100,null,2,0,0
1736080995018,3,Update Rental Date,200,OK,Update Rental 3-11,text,true,,11,0,50,100,null,3,0,0
1736080995019,3,Update Rental Date,200,OK,Update Rental 3-47,text,true,,11,0,50,100,null,3,0,0
1736080995046,2,Update Rental Date,200,OK,Update Rental 3-34,text,true,,11,0,50,100,null,2,0,0
1736080995059,1,Select By Actor_ID,200,OK,Select Actor 1-41,text,true,,79,0,50,100,null,1,0,0
1736080995060,1,Select By Actor_ID,200,OK,Select Actor 1-45,text,true,,80,0,50,100,null,1,0,0
1736080995067,2,Update Rental Date,200,OK,Update Rental 3-13,text,true,,11,0,50,100,null,2,0,0
1736080995070,2,Update Rental Date,200,OK,Update Rental 3-41,text,true,,11,0,50,100,null,2,0,0
1736080995075,1,Select By Actor_ID,200,OK,Select Actor 1-14,text,true,,77,0,50,100,null,1,0,0
1736080995080,2,Update Rental Date,200,OK,Update Rental 3-17,text,true,,11,0,50,100,null,2,0,0
1736080995085,1,Select By Actor_ID,200,OK,Select Actor 1-43,text,true,,80,0,50,100,null,1,0,0
1736080995086,1,Select By Actor_ID,200,OK,Select Actor 1-5,text,true,,80,0,50,100,null,1,0,0
1736080995091,1,Select By Actor_ID,200,OK,Select Actor 1-36,text,true,,79,0,50,100,null,1,0,0
1736080995125,3,Update Rental Date,200,OK,Update Rental 3-39,text,true,,11,0,50,100,null,3,0,0
1736080995127,1,Select By Actor_ID,200,OK,Select Actor 1-27,text,true,,80,0,50,100,null,1,0,0
1736080995137,2,Update Rental Date,200,OK,Update Rental 3-37,text,true,,11,0,50,100,null,2,0,0
1736080995145,2,Update Rental Date,200,OK,Update Rental 3-21,text,true,,11,0,50,100,null,2,0,0
1736080995149,0,Select By Actor_ID,200,OK,Select Actor 1-8,text,true,,83,0,50,100,null,0,0,0
1736080995155,0,Select By Actor_ID,200,OK,Select Actor 1-7,text,true,,79,0,50,100,null,0,0,0
1736080995165,2,Update Rental Date,200,OK,Update Rental 3-50,text,true,,11,0,50,100,null,2,0,0
1736080995172,2,Update Rental Date,200,OK,Update Rental 3-49,text,true,,11,0,50,100,null,2,0,0
1736080995176,2,Update Rental Date,200,OK,Update Rental 3-26,text,true,,11,0,50,100,null,2,0,0
1736080995195,0,Select By Actor_ID,200,OK,Select Actor 1-49,text,true,,79,0,50,100,null,0,0,0
1736080995194,2,Update Rental Date,200,OK,Update Rental 3-9,text,true,,11,0,50,100,null,2,0,0
1736080995204,0,Select By Actor_ID,200,OK,Select Actor 1-48,text,true,,81,0,50,100,null,0,0,0
1736080995216,0,Select By Actor_ID,200,OK,Select Actor 1-26,text,true,,81,0,50,100,null,0,0,0
1736080995215,1,Update Rental Date,200,OK,Update Rental 3-44,text,true,,11,0,50,100,null,1,0,0
1736080995224,1,Update Rental Date,200,OK,Update Rental 3-3,text,true,,11,0,50,100,null,1,0,0
1736080995240,1,Update Rental Date,200,OK,Update Rental 3-22,text,true,,11,0,50,100,null,1,0,0
1736080995261,0,Select By Actor_ID,200,OK,Select Actor 1-42,text,true,,80,0,50,100,null,0,0,0
1736080995267,1,Select By Actor_ID,200,OK,Select Actor 1-34,text,true,,76,0,50,100,null,1,0,0
1736080995285,2,Update Rental Date,200,OK,Update Rental 3-7,text,true,,11,0,50,100,null,2,0,0
1736080995315,1,Select By Actor_ID,200,OK,Select Actor 1-17,text,true,,81,0,50,100,null,1,0,0
1736080995318,1,Select By Actor_ID,200,OK,Select Actor 1-39,text,true,,81,0,50,100,null,1,0,0
1736080995321,3,Update Rental Date,200,OK,Update Rental 3-24,text,true,,11,0,50,100,null,3,0,0
1736080995323,1,Select By Actor_ID,200,OK,Select Actor 1-19,text,true,,79,0,50,100,null,1,0,0
1736080995323,3,Update Rental Date,200,OK,Update Rental 3-29,text,true,,11,0,50,100,null,2,0,0
1736080995337,1,Select By Actor_ID,200,OK,Select Actor 1-10,text,true,,78,0,50,100,null,1,0,0
1736080995346,1,Select By Actor_ID,200,OK,Select Actor 1-29,text,true,,81,0,50,100,null,1,0,0
1736080995360,1,Select By Actor_ID,200,OK,Select Actor 1-25,text,true,,81,0,50,100,null,1,0,0
1736080995362,1,Select By Actor_ID,200,OK,Select Actor 1-47,text,true,,81,0,50,100,null,1,0,0
1736080995375,1,Select By Actor_ID,200,OK,Select Actor 1-6,text,true,,81,0,50,100,null,1,0,0
1736080995385,1,Select By Actor_ID,200,OK,Select Actor 1-40,text,true,,82,0,50,100,null,1,0,0
1736080995390,2,Update Rental Date,200,OK,Update Rental 3-31,text,true,,11,0,50,100,null,2,0,0
1736080995401,2,Update Rental Date,200,OK,Update Rental 3-42,text,true,,11,0,50,100,null,2,0,0
1736080995406,1,Select By Actor_ID,200,OK,Select Actor 1-15,text,true,,80,0,50,100,null,1,0,0
1736080995405,2,Update Rental Date,200,OK,Update Rental 3-45,text,true,,11,0,50,100,null,2,0,0
1736080995406,2,Update Rental Date,200,OK,Update Rental 3-15,text,true,,11,0,50,100,null,2,0,0
1736080995413,1,Select By Actor_ID,200,OK,Select Actor 1-1,text,true,,81,0,50,100,null,1,0,0
1736080995422,2,Update Rental Date,200,OK,Update Rental 3-35,text,true,,11,0,50,100,null,2,0,0
1736080995425,1,Select By Actor_ID,200,OK,Select Actor 1-3,text,true,,80,0,50,100,null,1,0,0
1736080995424,2,Update Rental Date,200,OK,Update Rental 3-33,text,true,,11,0,50,100,null,2,0,0
1736080995427,1,Select By Actor_ID,200,OK,Select Actor 1-35,text,true,,84,0,50,100,null,1,0,0
1736080995459,0,Select By Actor_ID,200,OK,Select Actor 1-50,text,true,,83,0,50,100,null,0,0,0
1736080995487,2,Update Rental Date,200,OK,Update Rental 3-30,text,true,,11,0,50,100,null,2,0,0
1736080995499,2,Update Rental Date,200,OK,Update Rental 3-32,text,true,,11,0,50,100,null,2,0,0
1736080995514,2,Update Rental Date,200,OK,Update Rental 3-28,text,true,,11,0,50,100,null,2,0,0
1736080995540,2,Update Rental Date,200,OK,Update Rental 3-8,text,true,,11,0,50,100,null,2,0,0
1736080995560,2,Update Rental Date,200,OK,Update Rental 3-38,text,true,,11,0,50,100,null,2,0,0
1736080995576,2,Update Rental Date,200,OK,Update Rental 3-16,text,true,,11,0,50,100,null,2,0,0
1736080995584,1,Select By Actor_ID,200,OK,Select Actor 1-20,text,true,,80,0,50,100,null,1,0,0
1736080995601,0,Select By Actor_ID,200,OK,Select Actor 1-32,text,true,,78,0,50,100,null,0,0,0
1736080995607,0,Select By Actor_ID,200,OK,Select Actor 1-23,text,true,,80,0,50,100,null,0,0,0
1736080995612,1,Update Rental Date,200,OK,Update Rental 3-10,text,true,,11,0,50,100,null,1,0,0
1736080995628,1,Update Rental Date,200,OK,Update Rental 3-43,text,true,,11,0,50,100,null,1,0,0
1736080995635,3,Update Rental Date,200,OK,Update Rental 3-36,text,true,,11,0,50,100,null,3,0,1
1736080995638,1,Select By Actor_ID,200,OK,Select Actor 1-12,text,true,,84,0,50,100,null,1,0,0
1736080995647,3,Update Rental Date,200,OK,Update Rental 3-4,text,true,,11,0,50,100,null,2,0,0
1736080995651,2,Update Rental Date,200,OK,Update Rental 3-46,text,true,,11,0,50,100,null,2,0,0
1736080995675,1,Select By Actor_ID,200,OK,Select Actor 1-33,text,true,,81,0,50,100,null,1,0,0
1736080995676,1,Select By Actor_ID,200,OK,Select Actor 1-22,text,true,,82,0,50,100,null,1,0,0
1736080995701,2,Update Rental Date,200,OK,Update Rental 3-39,text,true,,11,0,50,100,null,2,0,0
1736080995709,1,Select By Actor_ID,200,OK,Select Actor 1-16,text,true,,82,0,50,100,null,1,0,0
1736080995723,2,Update Rental Date,200,OK,Update Rental 3-40,text,true,,11,0,50,100,null,2,0,0
1736080995726,1,Select By Actor_ID,200,OK,Select Actor 1-24,text,true,,81,0,50,100,null,1,0,0
1736080995727,1,Select By Actor_ID,200,OK,Select Actor 1-5,text,true,,80,0,50,100,null,1,0,0
1736080995734,2,Update Rental Date,200,OK,Update Rental 3-6,text,true,,11,0,50,100,null,2,0,0
1736080995738,1,Select By Actor_ID,200,OK,Select Actor 1-21,text,true,,85,0,50,100,null,1,0,0
1736080995759,1,Select By Actor_ID,200,OK,Select Actor 1-38,text,true,,79,0,50,100,null,1,0,0
1736080995771,1,Select By Actor_ID,200,OK,Select Actor 1-43,text,true,,78,0,50,100,null,1,0,0
1736080995771,2,Update Rental Date,200,OK,Update Rental 3-14,text,true,,11,0,50,100,null,2,0,0
1736080995788,1,Select By Actor_ID,200,OK,Select Actor 1-42,text,true,,82,0,50,100,null,1,0,0
1736080995792,1,Select By Actor_ID,200,OK,Select Actor 1-7,text,true,,79,0,50,100,null,0,0,0
1736080995792,1,Select By Actor_ID,200,OK,Select Actor 1-41,text,true,,81,0,50,100,null,0,0,0
1736080995794,2,Update Rental Date,200,OK,Update Rental 3-3,text,true,,11,0,50,100,null,2,0,0
1736080995813,2,Update Rental Date,200,OK,Update Rental 3-2,text,true,,11,0,50,100,null,2,0,0
1736080995820,1,Select By Actor_ID,200,OK,Select Actor 1-36,text,true,,81,0,50,100,null,0,0,0
1736080995823,0,Select By Actor_ID,200,OK,Select Actor 1-11,text,true,,81,0,50,100,null,0,0,0
1736080995838,0,Select By Actor_ID,200,OK,Select Actor 1-13,text,true,,82,0,50,100,null,0,0,0
1736080995837,2,Update Rental Date,200,OK,Update Rental 3-19,text,true,,11,0,50,100,null,2,0,0
1736080995872,2,Update Rental Date,200,OK,Update Rental 3-18,text,true,,11,0,50,100,null,2,0,0
1736080995897,2,Update Rental Date,200,OK,Update Rental 3-48,text,true,,11,0,50,100,null,2,0,0
1736080995902,2,Update Rental Date,200,OK,Update Rental 3-7,text,true,,11,0,50,100,null,2,0,0
1736080995919,2,Update Rental Date,200,OK,Update Rental 3-23,text,true,,11,0,50,100,null,2,0,0
1736080995928,0,Select By Actor_ID,200,OK,Select Actor 1-44,text,true,,83,0,50,100,null,0,0,0
1736080995939,2,Update Rental Date,200,OK,Update Rental 3-33,text,true,,11,0,50,100,null,2,0,0
1736080995941,1,Update Rental Date,200,OK,Update Rental 3-27,text,true,,11,0,50,100,null,1,0,0
1736080995947,1,Update Rental Date,200,OK,Update Rental 3-25,text,true,,11,0,50,100,null,1,0,0
1736080995949,1,Select By Actor_ID,200,OK,Select Actor 1-2,text,true,,78,0,50,100,null,1,0,0
1736080995952,1,Select By Actor_ID,200,OK,Select Actor 1-4,text,true,,80,0,50,100,null,1,0,0
1736080995953,1,Select By Actor_ID,200,OK,Select Actor 1-30,text,true,,76,0,50,100,null,1,0,0
1736080995998,1,Select By Actor_ID,200,OK,Select Actor 1-18,text,true,,84,0,50,100,null,1,0,0
1736080995998,2,Update Rental Date,200,OK,Update Rental 3-11,text,true,,11,0,50,100,null,2,0,0
1736080996002,1,Select By Actor_ID,200,OK,Select Actor 1-47,text,true,,83,0,50,100,null,0,0,0
1736080996008,1,Select By Actor_ID,200,OK,Select Actor 1-37,text,true,,80,0,50,100,null,0,0,0
1736080996012,2,Update Rental Date,200,OK,Update Rental 3-17,text,true,,11,0,50,100,null,2,0,0
1736080996026,2,Update Rental Date,200,OK,Update Rental 3-26,text,true,,11,0,50,100,null,2,0,0
1736080996061,2,Update Rental Date,200,OK,Update Rental 3-5,text,true,,11,0,50,100,null,2,0,0
1736080996069,0,Select By Actor_ID,200,OK,Select Actor 1-9,text,true,,79,0,50,100,null,0,0,0
1736080996077,2,Update Rental Date,200,OK,Update Rental 3-12,text,true,,11,0,50,100,null,2,0,1
1736080996079,2,Update Rental Date,200,OK,Update Rental 3-50,text,true,,11,0,50,100,null,2,0,1
1736080996087,2,Update Rental Date,200,OK,Update Rental 3-15,text,true,,11,0,50,100,null,2,0,0
1736080996103,3,Update Rental Date,200,OK,Update Rental 3-35,text,true,,11,0,50,100,null,3,0,0
1736080996108,3,Update Rental Date,200,OK,Update Rental 3-28,text,true,,11,0,50,100,null,3,0,0
1736080996113,2,Update Rental Date,200,OK,Update Rental 3-32,text,true,,11,0,50,100,null,2,0,0
1736080996116,1,Select By Actor_ID,200,OK,Select Actor 1-46,text,true,,80,0,50,100,null,1,0,0
1736080996139,1,Select By Actor_ID,200,OK,Select Actor 1-14,text,true,,78,0,50,100,null,1,0,0
1736080996163,0,Select By Actor_ID,200,OK,Select Actor 1-15,text,true,,84,0,50,100,null,0,0,0
1736080996163,2,Update Rental Date,200,OK,Update Rental 3-41,text,true,,11,0,50,100,null,2,0,0
1736080996167,0,Select By Actor_ID,200,OK,Select Actor 1-34,text,true,,83,0,50,100,null,0,0,0
1736080996181,0,Select By Actor_ID,200,OK,Select Actor 1-33,text,true,,78,0,50,100,null,0,0,0
1736080996187,0,Select By Actor_ID,200,OK,Select Actor 1-50,text,true,,80,0,50,100,null,0,0,0
1736080996194,2,Update Rental Date,200,OK,Update Rental 3-29,text,true,,11,0,50,100,null,2,0,0
1736080996210,0,Select By Actor_ID,200,OK,Select Actor 1-26,text,true,,82,0,50,100,null,0,0,0
1736080996220,1,Update Rental Date,200,OK,Update Rental 3-45,text,true,,11,0,50,100,null,1,0,0
1736080996223,1,Select By Actor_ID,200,OK,Select Actor 1-8,text,true,,83,0,50,100,null,1,0,1
1736080996232,2,Update Rental Date,200,OK,Update Rental 3-1,text,true,,11,0,50,100,null,2,0,0
1736080996250,2,Update Rental Date,200,OK,Update Rental 3-39,text,true,,11,0,50,100,null,2,0,0
1736080996250,3,Update Rental Date,200,OK,Update Rental 3-49,text,true,,11,0,50,100,null,3,0,0
1736080996258,1,Select By Actor_ID,200,OK,Select Actor 1-31,text,true,,81,0,50,100,null,1,0,0
1736080996260,1,Select By Actor_ID,200,OK,Select Actor 1-17,text,true,,83,0,50,100,null,1,0,0
1736080996292,2,Update Rental Date,200,OK,Update Rental 3-47,text,true,,11,0,50,100,null,2,0,0
1736080996305,2,Update Rental Date,200,OK,Update Rental 3-20,text,true,,11,0,50,100,null,2,0,0
1736080996328,1,Select By Actor_ID,200,OK,Select Actor 1-28,text,true,,78,0,50,100,null,1,0,0
1736080996357,1,Select By Actor_ID,200,OK,Select Actor 1-43,text,true,,80,0,50,100,null,1,0,0
1736080996356,2,Update Rental Date,200,OK,Update Rental 3-9,text,true,,11,0,50,100,null,2,0,0
1736080996362,2,Update Rental Date,200,OK,Update Rental 3-21,text,true,,11,0,50,100,null,2,0,0
1736080996384,1,Select By Actor_ID,200,OK,Select Actor 1-38,text,true,,79,0,50,100,null,0,0,0
1736080996385,2,Update Rental Date,200,OK,Update Rental 3-37,text,true,,11,0,50,100,null,2,0,0
1736080996393,1,Select By Actor_ID,200,OK,Select Actor 1-12,text,true,,80,0,50,100,null,0,0,0
1736080996408,1,Select By Actor_ID,200,OK,Select Actor 1-45,text,true,,85,0,50,100,null,0,0,0
1736080996419,2,Update Rental Date,200,OK,Update Rental 3-30,text,true,,11,0,50,100,null,2,0,0
1736080996442,2,Update Rental Date,200,OK,Update Rental 3-38,text,true,,11,0,50,100,null,2,0,0
1736080996455,1,Update Rental Date,200,OK,Update Rental 3-34,text,true,,11,0,50,100,null,1,0,0
1736080996467,2,Update Rental Date,200,OK,Update Rental 3-42,text,true,,11,0,50,100,null,1,0,0
1736080996471,0,Select By Actor_ID,200,OK,Select Actor 1-49,text,true,,78,0,50,100,null,0,0,0
1736080996474,0,Select By Actor_ID,200,OK,Select Actor 1-5,text,true,,81,0,50,100,null,0,0,0
1736080996486,2,Update Rental Date,200,OK,Update Rental 3-6,text,true,,11,0,50,100,null,2,0,0
1736080996490,2,Update Rental Date,200,OK,Update Rental 3-2,text,true,,11,0,50,100,null,2,0,0
1736080996497,2,Update Rental Date,200,OK,Update Rental 3-24,text,true,,11,0,50,100,null,2,0,0
1736080996507,1,Update Rental Date,200,OK,Update Rental 3-23,text,true,,11,0,50,100,null,1,0,0
1736080996524,2,Update Rental Date,200,OK,Update Rental 3-13,text,true,,11,0,50,100,null,2,0,0
1736080996529,2,Update Rental Date,200,OK,Update Rental 3-31,text,true,,11,0,50,100,null,1,0,0
1736080996538,0,Select By Actor_ID,200,OK,Select Actor 1-6,text,true,,79,0,50,100,null,0,0,0
1736080996544,2,Update Rental Date,200,OK,Update Rental 3-48,text,true,,11,0,50,100,null,2,0,0
1736080996553,0,Select By Actor_ID,200,OK,Select Actor 1-29,text,true,,77,0,50,100,null,0,0,0
1736080996569,0,Select By Actor_ID,200,OK,Select Actor 1-27,text,true,,80,0,50,100,null,0,0,0
1736080996574,0,Select By Actor_ID,200,OK,Select Actor 1-21,text,true,,79,0,50,100,null,0,0,0
1736080996595,3,Update Rental Date,200,OK,Update Rental 3-22,text,true,,11,0,50,100,null,3,0,0
1736080996619,1,Select By Actor_ID,200,OK,Select Actor 1-48,text,true,,82,0,50,100,null,1,0,0
1736080996625,1,Select By Actor_ID,200,OK,Select Actor 1-10,text,true,,79,0,50,100,null,1,0,0
1736080996630,1,Select By Actor_ID,200,OK,Select Actor 1-19,text,true,,80,0,50,100,null,1,0,0
1736080996631,1,Select By Actor_ID,200,OK,Select Actor 1-20,text,true,,82,0,50,100,null,1,0,0
1736080996644,1,Select By Actor_ID,200,OK,Select Actor 1-32,text,true,,83,0,50,100,null,1,0,0
1736080996647,1,Select By Actor_ID,200,OK,Select Actor 1-39,text,true,,81,0,50,100,null,1,0,0
1736080996651,2,Update Rental Date,200,OK,Update Rental 3-44,text,true,,11,0,50,100,null,2,0,0
1736080996666,2,Update Rental Date,200,OK,Update Rental 3-10,text,true,,11,0,50,100,null,2,0,0
1736080996677,1,Select By Actor_ID,200,OK,Select Actor 1-35,text,true,,77,0,50,100,null,1,0,0
1736080996684,2,Update Rental Date,200,OK,Update Rental 3-36,text,true,,11,0,50,100,null,2,0,0
1736080996688,1,Select By Actor_ID,200,OK,Select Actor 1-4,text,true,,79,0,50,100,null,1,0,0
1736080996698,1,Select By Actor_ID,200,OK,Select Actor 1-22,text,true,,83,0,50,100,null,1,0,0
1736080996698,1,Select By Actor_ID,200,OK,Select Actor 1-40,text,true,,81,0,50,100,null,1,0,0
1736080996700,1,Select By Actor_ID,200,OK,Select Actor 1-3,text,true,,82,0,50,100,null,1,0,0
1736080996703,2,Update Rental Date,200,OK,Update Rental 3-7,text,true,,11,0,50,100,null,2,0,0
1736080996722,1,Select By Actor_ID,200,OK,Select Actor 1-15,text,true,,83,0,50,100,null,1,0,0
1736080996727,1,Select By Actor_ID,200,OK,Select Actor 1-11,text,true,,81,0,50,100,null,1,0,0
1736080996729,1,Select By Actor_ID,200,OK,Select Actor 1-25,text,true,,82,0,50,100,null,1,0,0
1736080996729,1,Select By Actor_ID,200,OK,Select Actor 1-16,text,true,,84,0,50,100,null,1,0,0
1736080996749,1,Select By Actor_ID,200,OK,Select Actor 1-7,text,true,,83,0,50,100,null,1,0,0
1736080996758,2,Update Rental Date,200,OK,Update Rental 3-40,text,true,,11,0,50,100,null,2,0,0
1736080996783,0,Select By Actor_ID,200,OK,Select Actor 1-1,text,true,,84,0,50,100,null,0,0,0
1736080996806,2,Update Rental Date,200,OK,Update Rental 3-43,text,true,,11,0,50,100,null,2,0,0
1736080996808,0,Select By Actor_ID,200,OK,Select Actor 1-23,text,true,,78,0,50,100,null,0,0,0
1736080996812,2,Update Rental Date,200,OK,Update Rental 3-25,text,true,,11,0,50,100,null,2,0,0
1736080996814,1,Update Rental Date,200,OK,Update Rental 3-49,text,true,,11,0,50,100,null,1,0,0
1736080996823,2,Update Rental Date,200,OK,Update Rental 3-11,text,true,,11,0,50,100,null,2,0,0
1736080996830,2,Update Rental Date,200,OK,Update Rental 3-27,text,true,,11,0,50,100,null,2,0,0
1736080996841,2,Update Rental Date,200,OK,Update Rental 3-5,text,true,,11,0,50,100,null,2,0,0
1736080996849,0,Select By Actor_ID,200,OK,Select Actor 1-36,text,true,,78,0,50,100,null,0,0,0
1736080996859,2,Update Rental Date,200,OK,Update Rental 3-8,text,true,,11,0,50,100,null,2,0,0
1736080996875,0,Select By Actor_ID,200,OK,Select Actor 1-50,text,true,,81,0,50,100,null,0,0,0
1736080996883,2,Update Rental Date,200,OK,Update Rental 3-21,text,true,,11,0,50,100,null,2,0,0
1736080996897,2,Update Rental Date,200,OK,Update Rental 3-37,text,true,,11,0,50,100,null,1,0,0
1736080996908,2,Update Rental Date,200,OK,Update Rental 3-18,text,true,,11,0,50,100,null,2,0,0
1736080996916,2,Update Rental Date,200,OK,Update Rental 3-46,text,true,,11,0,50,100,null,2,0,0
1736080996926,0,Select By Actor_ID,200,OK,Select Actor 1-30,text,true,,86,0,50,100,null,0,0,0
1736080996928,0,Select By Actor_ID,200,OK,Select Actor 1-46,text,true,,85,0,50,100,null,0,0,0
1736080996929,2,Update Rental Date,200,OK,Update Rental 3-3,text,true,,11,0,50,100,null,2,0,0
1736080996953,2,Update Rental Date,200,OK,Update Rental 3-47,text,true,,11,0,50,100,null,2,0,0
1736080996955,0,Select By Actor_ID,200,OK,Select Actor 1-18,text,true,,85,0,50,100,null,0,0,0
1736080996958,0,Select By Actor_ID,200,OK,Select Actor 1-8,text,true,,80,0,50,100,null,0,0,0
1736080996977,1,Select By Actor_ID,200,OK,Select Actor 1-12,text,true,,81,0,50,100,null,1,0,0
1736080996984,2,Update Rental Date,200,OK,Update Rental 3-16,text,true,,11,0,50,100,null,2,0,0
1736080996991,1,Select By Actor_ID,200,OK,Select Actor 1-44,text,true,,80,0,50,100,null,1,0,0
1736080996996,2,Update Rental Date,200,OK,Update Rental 3-14,text,true,,11,0,50,100,null,2,0,0
1736080997007,1,Select By Actor_ID,200,OK,Select Actor 1-41,text,true,,84,0,50,100,null,1,0,0
1736080997018,1,Select By Actor_ID,200,OK,Select Actor 1-34,text,true,,83,0,50,100,null,1,0,0
1736080997036,2,Update Rental Date,200,OK,Update Rental 3-26,text,true,,11,0,50,100,null,2,0,0
1736080997039,2,Update Rental Date,200,OK,Update Rental 3-29,text,true,,11,0,50,100,null,2,0,0
1736080997050,1,Select By Actor_ID,200,OK,Select Actor 1-6,text,true,,82,0,50,100,null,1,0,0
1736080997067,1,Select By Actor_ID,200,OK,Select Actor 1-42,text,true,,78,0,50,100,null,1,0,0
1736080997067,1,Select By Actor_ID,200,OK,Select Actor 1-26,text,true,,86,0,50,100,null,1,0,0
1736080997094,3,Update Rental Date,200,OK,Update Rental 3-23,text,true,,11,0,50,100,null,3,0,0
1736080997098,2,Update Rental Date,200,OK,Update Rental 3-4,text,true,,11,0,50,100,null,2,0,0
1736080997099,2,Update Rental Date,200,OK,Update Rental 3-50,text,true,,11,0,50,100,null,2,0,0
1736080997138,1,Select By Actor_ID,200,OK,Select Actor 1-28,text,true,,84,0,50,100,null,0,0,0
1736080997137,2,Update Rental Date,200,OK,Update Rental 3-19,text,true,,11,0,50,100,null,2,0,0
1736080997161,0,Select By Actor_ID,200,OK,Select Actor 1-2,text,true,,83,0,50,100,null,0,0,0
1736080997163,2,Update Rental Date,200,OK,Update Rental 3-33,text,true,,11,0,50,100,null,2,0,0
1736080997178,1,Select By Actor_ID,200,OK,Select Actor 1-5,text,true,,80,0,50,100,null,1,0,0
1736080997179,1,Select By Actor_ID,200,OK,Select Actor 1-9,text,true,,83,0,50,100,null,1,0,0
1736080997191,1,Select By Actor_ID,200,OK,Select Actor 1-24,text,true,,80,0,50,100,null,0,0,0
1736080997192,0,Select By Actor_ID,200,OK,Select Actor 1-43,text,true,,79,0,50,100,null,0,0,0
1736080997197,2,Update Rental Date,200,OK,Update Rental 3-32,text,true,,11,0,50,100,null,2,0,0
1736080997199,0,Select By Actor_ID,200,OK,Select Actor 1-17,text,true,,83,0,50,100,null,0,0,0
1736080997202,0,Select By Actor_ID,200,OK,Select Actor 1-45,text,true,,82,0,50,100,null,0,0,0
1736080997201,2,Update Rental Date,200,OK,Update Rental 3-28,text,true,,11,0,50,100,null,2,0,0
1736080997206,1,Select By Actor_ID,200,OK,Select Actor 1-48,text,true,,79,0,50,100,null,0,0,0
1736080997210,2,Update Rental Date,200,OK,Update Rental 3-6,text,true,,11,0,50,100,null,2,0,0
1736080997217,2,Update Rental Date,200,OK,Update Rental 3-20,text,true,,11,0,50,100,null,2,0,0
1736080997231,2,Update Rental Date,200,OK,Update Rental 3-35,text,true,,11,0,50,100,null,2,0,0
1736080997235,0,Select By Actor_ID,200,OK,Select Actor 1-14,text,true,,80,0,50,100,null,0,0,0
1736080997237,0,Select By Actor_ID,200,OK,Select Actor 1-39,text,true,,80,0,50,100,null,0,0,0
1736080997249,2,Update Rental Date,200,OK,Update Rental 3-39,text,true,,11,0,50,100,null,2,0,0
1736080997255,0,Select By Actor_ID,200,OK,Select Actor 1-47,text,true,,80,0,50,100,null,0,0,0
1736080997256,0,Select By Actor_ID,200,OK,Select Actor 1-31,text,true,,80,0,50,100,null,0,0,0
1736080997271,1,Select By Actor_ID,200,OK,Select Actor 1-21,text,true,,80,0,50,100,null,1,0,0
1736080997272,2,Update Rental Date,200,OK,Update Rental 3-12,text,true,,11,0,50,100,null,2,0,0
1736080997291,2,Update Rental Date,200,OK,Update Rental 3-2,text,true,,11,0,50,100,null,2,0,0
1736080997318,1,Select By Actor_ID,200,OK,Select Actor 1-27,text,true,,80,0,50,100,null,1,0,0
1736080997317,2,Update Rental Date,200,OK,Update Rental 3-31,text,true,,11,0,50,100,null,2,0,0
1736080997320,1,Select By Actor_ID,200,OK,Select Actor 1-13,text,true,,80,0,50,100,null,1,0,0
1736080997331,1,Select By Actor_ID,200,OK,Select Actor 1-11,text,true,,81,0,50,100,null,1,0,0
1736080997344,1,Select By Actor_ID,200,OK,Select Actor 1-33,text,true,,83,0,50,100,null,1,0,0
1736080997359,2,Update Rental Date,200,OK,Update Rental 3-10,text,true,,11,0,50,100,null,2,0,0
1736080997363,2,Update Rental Date,200,OK,Update Rental 3-45,text,true,,11,0,50,100,null,2,0,0
1736080997371,0,Select By Actor_ID,200,OK,Select Actor 1-20,text,true,,78,0,50,100,null,0,0,0
1736080997371,0,Select By Actor_ID,200,OK,Select Actor 1-1,text,true,,78,0,50,100,null,0,0,0
1736080997383,0,Select By Actor_ID,200,OK,Select Actor 1-40,text,true,,84,0,50,100,null,0,0,0
1736080997390,2,Update Rental Date,200,OK,Update Rental 3-40,text,true,,11,0,50,100,null,2,0,0
1736080997391,8,Update Rental Date,200,OK,Update Rental 3-36,text,true,,11,0,50,100,null,8,0,0
1736080997393,7,Update Rental Date,200,OK,Update Rental 3-17,text,true,,11,0,50,100,null,7,0,0
1736080997402,2,Update Rental Date,200,OK,Update Rental 3-15,text,true,,11,0,50,100,null,2,0,0
1736080997405,0,Select By Actor_ID,200,OK,Select Actor 1-16,text,true,,79,0,50,100,null,0,0,0
1736080997430,0,Select By Actor_ID,200,OK,Select Actor 1-3,text,true,,81,0,50,100,null,0,0,0
1736080997436,2,Update Rental Date,200,OK,Update Rental 3-1,text,true,,11,0,50,100,null,2,0,0
1736080997441,1,Update Rental Date,200,OK,Update Rental 3-13,text,true,,11,0,50,100,null,1,0,0
1736080997472,0,Select By Actor_ID,200,OK,Select Actor 1-35,text,true,,84,0,50,100,null,0,0,0
1736080997476,0,Select By Actor_ID,200,OK,Select Actor 1-29,text,true,,80,0,50,100,null,0,0,0
1736080997484,0,Select By Actor_ID,200,OK,Select Actor 1-37,text,true,,81,0,50,100,null,0,0,0
1736080997485,3,Update Rental Date,200,OK,Update Rental 3-41,text,true,,11,0,50,100,null,2,0,1
1736080997488,0,Select By Actor_ID,200,OK,Select Actor 1-30,text,true,,80,0,50,100,null,0,0,0
1736080997515,3,Update Rental Date,200,OK,Update Rental 3-49,text,true,,11,0,50,100,null,3,0,0
1736080997521,3,Update Rental Date,200,OK,Update Rental 3-48,text,true,,11,0,50,100,null,3,0,0
1736080997521,3,Update Rental Date,200,OK,Update Rental 3-8,text,true,,11,0,50,100,null,3,0,0
1736080997527,1,Select By Actor_ID,200,OK,Select Actor 1-10,text,true,,83,0,50,100,null,1,0,0
1736080997600,0,Select By Actor_ID,200,OK,Select Actor 1-22,text,true,,82,0,50,100,null,0,0,0
1736080997614,2,Update Rental Date,200,OK,Update Rental 3-44,text,true,,11,0,50,100,null,2,0,0
1736080997616,2,Update Rental Date,200,OK,Update Rental 3-37,text,true,,11,0,50,100,null,2,0,0
1736080997624,0,Select By Actor_ID,200,OK,Select Actor 1-32,text,true,,81,0,50,100,null,0,0,0
1736080997666,2,Update Rental Date,200,OK,Update Rental 3-9,text,true,,11,0,50,100,null,2,0,0
1736080997686,2,Update Rental Date,200,OK,Update Rental 3-46,text,true,,11,0,50,100,null,2,0,0
1736080997705,2,Update Rental Date,200,OK,Update Rental 3-11,text,true,,11,0,50,100,null,2,0,0
1736080997714,2,Update Rental Date,200,OK,Update Rental 3-43,text,true,,11,0,50,100,null,2,0,0
1736080997720,1,Select By Actor_ID,200,OK,Select Actor 1-5,text,true,,81,0,50,100,null,1,0,0
1736080997730,2,Update Rental Date,200,OK,Update Rental 3-38,text,true,,11,0,50,100,null,2,0,0
1736080997745,0,Select By Actor_ID,200,OK,Select Actor 1-2,text,true,,82,0,50,100,null,0,0,0
1736080997759,2,Update Rental Date,200,OK,Update Rental 3-7,text,true,,11,0,50,100,null,2,0,0
1736080997762,1,Select By Actor_ID,200,OK,Select Actor 1-38,text,true,,77,0,50,100,null,1,0,0
1736080997769,1,Select By Actor_ID,200,OK,Select Actor 1-8,text,true,,84,0,50,100,null,1,0,0
1736080997779,2,Update Rental Date,200,OK,Update Rental 3-34,text,true,,11,0,50,100,null,2,0,0
1736080997801,2,Update Rental Date,200,OK,Update Rental 3-23,text,true,,11,0,50,100,null,2,0,0
1736080997802,2,Update Rental Date,200,OK,Update Rental 3-18,text,true,,11,0,50,100,null,2,0,0
1736080997812,1,Select By Actor_ID,200,OK,Select Actor 1-49,text,true,,81,0,50,100,null,1,0,0
1736080997813,2,Update Rental Date,200,OK,Update Rental 3-42,text,true,,11,0,50,100,null,2,0,0
1736080997847,1,Select By Actor_ID,200,OK,Select Actor 1-23,text,true,,84,0,50,100,null,1,0,0
1736080997875,0,Select By Actor_ID,200,OK,Select Actor 1-27,text,true,,88,0,50,100,null,0,0,0
1736080997878,1,Update Rental Date,200,OK,Update Rental 3-22,text,true,,11,0,50,100,null,1,0,0
1736080997891,1,Update Rental Date,200,OK,Update Rental 3-20,text,true,,11,0,50,100,null,1,0,0
1736080997903,0,Select By Actor_ID,200,OK,Select Actor 1-7,text,true,,80,0,50,100,null,0,0,0
1736080997906,1,Update Rental Date,200,OK,Update Rental 3-31,text,true,,11,0,50,100,null,1,0,0
1736080997908,2,Update Rental Date,200,OK,Update Rental 3-30,text,true,,11,0,50,100,null,2,0,1
1736080997923,3,Update Rental Date,200,OK,Update Rental 3-27,text,true,,11,0,50,100,null,3,0,0
1736080997937,3,Update Rental Date,200,OK,Update Rental 3-24,text,true,,11,0,50,100,null,3,0,0
1736080997950,2,Update Rental Date,200,OK,Update Rental 3-29,text,true,,11,0,50,100,null,2,0,0
1736080997966,1,Select By Actor_ID,200,OK,Select Actor 1-19,text,true,,84,0,50,100,null,1,0,0
1736080997982,1,Select By Actor_ID,200,OK,Select Actor 1-31,text,true,,82,0,50,100,null,1,0,0
1736080997987,1,Select By Actor_ID,200,OK,Select Actor 1-4,text,true,,84,0,50,100,null,1,0,0
1736080998012,1,Select By Actor_ID,200,OK,Select Actor 1-24,text,true,,83,0,50,100,null,1,0,0
1736080998013,1,Select By Actor_ID,200,OK,Select Actor 1-28,text,true,,80,0,50,100,null,1,0,0
1736080998012,3,Update Rental Date,200,OK,Update Rental 3-39,text,true,,11,0,50,100,null,3,0,0
1736080998012,3,Update Rental Date,200,OK,Update Rental 3-16,text,true,,11,0,50,100,null,3,0,0
1736080998013,3,Update Rental Date,200,OK,Update Rental 3-47,text,true,,11,0,50,100,null,3,0,0
1736080998019,3,Update Rental Date,200,OK,Update Rental 3-3,text,true,,11,0,50,100,null,3,0,0
1736080998030,1,Select By Actor_ID,200,OK,Select Actor 1-15,text,true,,83,0,50,100,null,1,0,0
1736080998056,1,Select By Actor_ID,200,OK,Select Actor 1-26,text,true,,80,0,50,100,null,1,0,0
1736080998072,1,Select By Actor_ID,200,OK,Select Actor 1-9,text,true,,84,0,50,100,null,1,0,0
1736080998076,2,Update Rental Date,200,OK,Update Rental 3-40,text,true,,11,0,50,100,null,2,0,0
1736080998080,0,Select By Actor_ID,200,OK,Select Actor 1-47,text,true,,86,0,50,100,null,0,0,0
1736080998087,2,Update Rental Date,200,OK,Update Rental 3-17,text,true,,11,0,50,100,null,2,0,0
1736080998103,2,Update Rental Date,200,OK,Update Rental 3-21,text,true,,11,0,50,100,null,2,0,0
1736080998123,1,Select By Actor_ID,200,OK,Select Actor 1-30,text,true,,80,0,50,100,null,0,0,0
1736080998135,2,Update Rental Date,200,OK,Update Rental 3-48,text,true,,11,0,50,100,null,2,0,0
1736080998137,1,Select By Actor_ID,200,OK,Select Actor 1-17,text,true,,80,0,50,100,null,1,0,0
1736080998147,1,Select By Actor_ID,200,OK,Select Actor 1-41,text,true,,83,0,50,100,null,1,0,0
1736080998158,1,Select By Actor_ID,200,OK,Select Actor 1-50,text,true,,82,0,50,100,null,1,0,0
1736080998158,3,Update Rental Date,200,OK,Update Rental 3-37,text,true,,11,0,50,100,null,2,0,0
1736080998158,3,Update Rental Date,200,OK,Update Rental 3-19,text,true,,11,0,50,100,null,3,0,0
1736080998181,1,Select By Actor_ID,200,OK,Select Actor 1-10,text,true,,83,0,50,100,null,1,0,0
1736080998183,3,Update Rental Date,200,OK,Update Rental 3-25,text,true,,11,0,50,100,null,2,0,0
1736080998186,1,Select By Actor_ID,200,OK,Select Actor 1-36,text,true,,81,0,50,100,null,1,0,0
1736080998189,1,Select By Actor_ID,200,OK,Select Actor 1-22,text,true,,80,0,50,100,null,1,0,0
1736080998202,1,Select By Actor_ID,200,OK,Select Actor 1-25,text,true,,84,0,50,100,null,1,0,0
1736080998203,2,Update Rental Date,200,OK,Update Rental 3-8,text,true,,11,0,50,100,null,2,0,0
1736080998208,1,Select By Actor_ID,200,OK,Select Actor 1-34,text,true,,79,0,50,100,null,1,0,0
1736080998210,2,Update Rental Date,200,OK,Update Rental 3-5,text,true,,11,0,50,100,null,2,0,0
1736080998217,2,Update Rental Date,200,OK,Update Rental 3-2,text,true,,11,0,50,100,null,2,0,0
1736080998255,2,Update Rental Date,200,OK,Update Rental 3-45,text,true,,11,0,50,100,null,2,0,0
1736080998257,2,Update Rental Date,200,OK,Update Rental 3-43,text,true,,11,0,50,100,null,2,0,0
1736080998279,1,Select By Actor_ID,200,OK,Select Actor 1-44,text,true,,81,0,50,100,null,0,0,0
1736080998287,0,Select By Actor_ID,200,OK,Select Actor 1-12,text,true,,81,0,50,100,null,0,0,0
1736080998288,2,Update Rental Date,200,OK,Update Rental 3-4,text,true,,11,0,50,100,null,2,0,0
1736080998295,2,Update Rental Date,200,OK,Update Rental 3-41,text,true,,11,0,50,100,null,2,0,0
1736080998316,0,Select By Actor_ID,200,OK,Select Actor 1-11,text,true,,79,0,50,100,null,0,0,0
1736080998327,0,Select By Actor_ID,200,OK,Select Actor 1-42,text,true,,80,0,50,100,null,0,0,0
1736080998330,2,Update Rental Date,200,OK,Update Rental 3-50,text,true,,11,0,50,100,null,2,0,0
1736080998331,2,Update Rental Date,200,OK,Update Rental 3-35,text,true,,11,0,50,100,null,2,0,0
1736080998337,2,Update Rental Date,200,OK,Update Rental 3-10,text,true,,11,0,50,100,null,2,0,0
1736080998350,0,Select By Actor_ID,200,OK,Select Actor 1-18,text,true,,79,0,50,100,null,0,0,0
1736080998368,3,Update Rental Date,200,OK,Update Rental 3-42,text,true,,11,0,50,100,null,3,0,0
1736080998382,0,Select By Actor_ID,200,OK,Select Actor 1-37,text,true,,83,0,50,100,null,0,0,0
1736080998384,0,Select By Actor_ID,200,OK,Select Actor 1-6,text,true,,81,0,50,100,null,0,0,0
1736080998383,2,Update Rental Date,200,OK,Update Rental 3-26,text,true,,11,0,50,100,null,2,0,0
1736080998398,2,Update Rental Date,200,OK,Update Rental 3-28,text,true,,11,0,50,100,null,1,0,0
1736080998401,0,Select By Actor_ID,200,OK,Select Actor 1-20,text,true,,83,0,50,100,null,0,0,0
1736080998405,0,Select By Actor_ID,200,OK,Select Actor 1-46,text,true,,80,0,50,100,null,0,0,0
1736080998416,1,Update Rental Date,200,OK,Update Rental 3-15,text,true,,11,0,50,100,null,1,0,0
1736080998420,1,Update Rental Date,200,OK,Update Rental 3-12,text,true,,11,0,50,100,null,1,0,0
1736080998432,0,Select By Actor_ID,200,OK,Select Actor 1-14,text,true,,80,0,50,100,null,0,0,0
1736080998431,2,Update Rental Date,200,OK,Update Rental 3-36,text,true,,11,0,50,100,null,2,0,0
1736080998443,2,Update Rental Date,200,OK,Update Rental 3-33,text,true,,11,0,50,100,null,2,0,0
1736080998454,0,Select By Actor_ID,200,OK,Select Actor 1-23,text,true,,85,0,50,100,null,0,0,0
1736080998456,2,Update Rental Date,200,OK,Update Rental 3-32,text,true,,11,0,50,100,null,2,0,0
1736080998457,2,Update Rental Date,200,OK,Update Rental 3-14,text,true,,11,0,50,100,null,2,0,0
1736080998466,0,Select By Actor_ID,200,OK,Select Actor 1-7,text,true,,88,0,50,100,null,0,0,0
1736080998498,1,Select By Actor_ID,200,OK,Select Actor 1-35,text,true,,80,0,50,100,null,1,0,1
1736080998499,1,Select By Actor_ID,200,OK,Select Actor 1-1,text,true,,82,0,50,100,null,1,0,1
1736080998533,2,Update Rental Date,200,OK,Update Rental 3-49,text,true,,11,0,50,100,null,2,0,0
1736080998557,2,Update Rental Date,200,OK,Update Rental 3-23,text,true,,11,0,50,100,null,2,0,0
1736080998564,1,Select By Actor_ID,200,OK,Select Actor 1-15,text,true,,80,0,50,100,null,1,0,0
1736080998563,2,Update Rental Date,200,OK,Update Rental 3-11,text,true,,11,0,50,100,null,2,0,0
1736080998568,1,Select By Actor_ID,200,OK,Select Actor 1-5,text,true,,82,0,50,100,null,1,0,0
1736080998584,1,Select By Actor_ID,200,OK,Select Actor 1-21,text,true,,80,0,50,100,null,1,0,0
1736080998594,1,Select By Actor_ID,200,OK,Select Actor 1-45,text,true,,81,0,50,100,null,1,0,0
1736080998593,3,Update Rental Date,200,OK,Update Rental 3-44,text,true,,11,0,50,100,null,2,0,0
1736080998601,2,Update Rental Date,200,OK,Update Rental 3-9,text,true,,11,0,50,100,null,2,0,0
1736080998612,2,Update Rental Date,200,OK,Update Rental 3-38,text,true,,11,0,50,100,null,2,0,0
1736080998628,2,Update Rental Date,200,OK,Update Rental 3-47,text,true,,11,0,50,100,null,2,0,0
1736080998632,2,Update Rental Date,200,OK,Update Rental 3-34,text,true,,11,0,50,100,null,2,0,0
1736080998646,2,Update Rental Date,200,OK,Update Rental 3-39,text,true,,11,0,50,100,null,2,0,0
1736080998651,2,Update Rental Date,200,OK,Update Rental 3-21,text,true,,11,0,50,100,null,2,0,0
1736080998654,0,Select By Actor_ID,200,OK,Select Actor 1-13,text,true,,79,0,50,100,null,0,0,0
1736080998655,0,Select By Actor_ID,200,OK,Select Actor 1-39,text,true,,77,0,50,100,null,0,0,0
1736080998658,0,Select By Actor_ID,200,OK,Select Actor 1-2,text,true,,82,0,50,100,null,0,0,0
1736080998671,2,Update Rental Date,200,OK,Update Rental 3-6,text,true,,11,0,50,100,null,2,0,0
1736080998673,0,Select By Actor_ID,200,OK,Select Actor 1-43,text,true,,82,0,50,100,null,0,0,0
1736080998675,2,Update Rental Date,200,OK,Update Rental 3-13,text,true,,11,0,50,100,null,2,0,0
1736080998685,0,Select By Actor_ID,200,OK,Select Actor 1-48,text,true,,78,0,50,100,null,0,0,0
1736080998699,0,Select By Actor_ID,200,OK,Select Actor 1-49,text,true,,81,0,50,100,null,0,0,0
1736080998705,0,Select By Actor_ID,200,OK,Select Actor 1-28,text,true,,81,0,50,100,null,0,0,0
1736080998730,0,Select By Actor_ID,200,OK,Select Actor 1-16,text,true,,79,0,50,100,null,0,0,0
1736080998729,2,Update Rental Date,200,OK,Update Rental 3-1,text,true,,11,0,50,100,null,2,0,0
1736080998736,2,Update Rental Date,200,OK,Update Rental 3-18,text,true,,11,0,50,100,null,2,0,0
1736080998754,2,Update Rental Date,200,OK,Update Rental 3-31,text,true,,11,0,50,100,null,2,0,0
1736080998759,0,Select By Actor_ID,200,OK,Select Actor 1-36,text,true,,79,0,50,100,null,0,0,0
1736080998761,2,Update Rental Date,200,OK,Update Rental 3-27,text,true,,11,0,50,100,null,2,0,0
1736080998767,2,Update Rental Date,200,OK,Update Rental 3-30,text,true,,11,0,50,100,null,2,0,0
1736080998776,0,Select By Actor_ID,200,OK,Select Actor 1-40,text,true,,86,0,50,100,null,0,0,0
1736080998779,0,Select By Actor_ID,200,OK,Select Actor 1-9,text,true,,76,0,50,100,null,0,0,0
1736080998812,0,Select By Actor_ID,200,OK,Select Actor 1-50,text,true,,80,0,50,100,null,0,0,0
1736080998841,0,Select By Actor_ID,200,OK,Select Actor 1-44,text,true,,79,0,50,100,null,0,0,0
1736080998846,0,Select By Actor_ID,200,OK,Select Actor 1-33,text,true,,80,0,50,100,null,0,0,0
1736080998854,1,Select By Actor_ID,200,OK,Select Actor 1-38,text,true,,80,0,50,100,null,1,0,0
1736080998856,1,Select By Actor_ID,200,OK,Select Actor 1-26,text,true,,79,0,50,100,null,1,0,0
1736080998886,1,Select By Actor_ID,200,OK,Select Actor 1-29,text,true,,79,0,50,100,null,1,0,0
1736080998887,1,Select By Actor_ID,200,OK,Select Actor 1-11,text,true,,79,0,50,100,null,1,0,0
1736080998890,1,Select By Actor_ID,200,OK,Select Actor 1-3,text,true,,81,0,50,100,null,1,0,0
1736080998896,2,Update Rental Date,200,OK,Update Rental 3-46,text,true,,11,0,50,100,null,2,0,0
1736080998943,2,Update Rental Date,200,OK,Update Rental 3-5,text,true,,11,0,50,100,null,2,0,0
1736080998949,1,Select By Actor_ID,200,OK,Select Actor 1-4,text,true,,81,0,50,100,null,1,0,0
1736080998950,2,Update Rental Date,200,OK,Update Rental 3-3,text,true,,11,0,50,100,null,2,0,0
1736080998954,1,Select By Actor_ID,200,OK,Select Actor 1-41,text,true,,79,0,50,100,null,1,0,0
1736080998985,1,Select By Actor_ID,200,OK,Select Actor 1-31,text,true,,81,0,50,100,null,1,0,0
1736080999001,2,Update Rental Date,200,OK,Update Rental 3-33,text,true,,11,0,50,100,null,2,0,0
1736080999032,0,Select By Actor_ID,200,OK,Select Actor 1-32,text,true,,78,0,50,100,null,0,0,0
1736080999033,2,Update Rental Date,200,OK,Update Rental 3-42,text,true,,11,0,50,100,null,2,0,0
1736080999039,0,Select By Actor_ID,200,OK,Select Actor 1-30,text,true,,84,0,50,100,null,0,0,0
1736080999046,0,Select By Actor_ID,200,OK,Select Actor 1-8,text,true,,83,0,50,100,null,0,0,0
1736080999047,3,Update Rental Date,200,OK,Update Rental 3-7,text,true,,11,0,50,100,null,3,0,0
1736080999062,2,Update Rental Date,200,OK,Update Rental 3-26,text,true,,11,0,50,100,null,2,0,0
1736080999075,1,Select By Actor_ID,200,OK,Select Actor 1-19,text,true,,77,0,50,100,null,1,0,0
1736080999084,1,Select By Actor_ID,200,OK,Select Actor 1-34,text,true,,80,0,50,100,null,1,0,0
1736080999103,1,Select By Actor_ID,200,OK,Select Actor 1-25,text,true,,83,0,50,100,null,1,0,0
1736080999109,1,Select By Actor_ID,200,OK,Select Actor 1-6,text,true,,81,0,50,100,null,1,0,0
1736080999111,3,Update Rental Date,200,OK,Update Rental 3-16,text,true,,11,0,50,100,null,2,0,0
1736080999115,2,Update Rental Date,200,OK,Update Rental 3-20,text,true,,11,0,50,100,null,2,0,0
1736080999118,2,Update Rental Date,200,OK,Update Rental 3-22,text,true,,11,0,50,100,null,2,0,0
1736080999132,2,Update Rental Date,200,OK,Update Rental 3-2,text,true,,11,0,50,100,null,2,0,0
1736080999159,2,Update Rental Date,200,OK,Update Rental 3-49,text,true,,11,0,50,100,null,2,0,0
1736080999182,1,Update Rental Date,200,OK,Update Rental 3-29,text,true,,11,0,50,100,null,1,0,0
1736080999189,0,Select By Actor_ID,200,OK,Select Actor 1-24,text,true,,78,0,50,100,null,0,0,0
1736080999198,0,Select By Actor_ID,200,OK,Select Actor 1-27,text,true,,79,0,50,100,null,0,0,0
1736080999200,0,Select By Actor_ID,200,OK,Select Actor 1-13,text,true,,79,0,50,100,null,0,0,0
1736080999204,1,Update Rental Date,200,OK,Update Rental 3-14,text,true,,11,0,50,100,null,1,0,0
1736080999210,1,Update Rental Date,200,OK,Update Rental 3-45,text,true,,11,0,50,100,null,1,0,0
1736080999216,1,Update Rental Date,200,OK,Update Rental 3-43,text,true,,11,0,50,100,null,1,0,0
1736080999221,2,Update Rental Date,200,OK,Update Rental 3-11,text,true,,11,0,50,100,null,2,0,0
1736080999238,2,Update Rental Date,200,OK,Update Rental 3-32,text,true,,11,0,50,100,null,2,0,0
1736080999280,1,Select By Actor_ID,200,OK,Select Actor 1-10,text,true,,78,0,50,100,null,1,0,0
1736080999298,1,Select By Actor_ID,200,OK,Select Actor 1-22,text,true,,83,0,50,100,null,1,0,0
1736080999299,1,Select By Actor_ID,200,OK,Select Actor 1-43,text,true,,78,0,50,100,null,1,0,0
1736080999312,1,Select By Actor_ID,200,OK,Select Actor 1-47,text,true,,80,0,50,100,null,1,0,0
1736080999316,1,Select By Actor_ID,200,OK,Select Actor 1-36,text,true,,80,0,50,100,null,1,0,0
1736080999320,3,Update Rental Date,200,OK,Update Rental 3-40,text,true,,11,0,50,100,null,3,0,0
1736080999323,2,Update Rental Date,200,OK,Update Rental 3-10,text,true,,11,0,50,100,null,2,0,0
1736080999337,2,Update Rental Date,200,OK,Update Rental 3-48,text,true,,11,0,50,100,null,2,0,0
1736080999341,2,Update Rental Date,200,OK,Update Rental 3-34,text,true,,11,0,50,100,null,2,0,0
1736080999349,1,Select By Actor_ID,200,OK,Select Actor 1-14,text,true,,81,0,50,100,null,1,0,0
1736080999350,1,Select By Actor_ID,200,OK,Select Actor 1-12,text,true,,80,0,50,100,null,1,0,0
1736080999362,1,Select By Actor_ID,200,OK,Select Actor 1-39,text,true,,81,0,50,100,null,1,0,0
1736080999368,0,Select By Actor_ID,200,OK,Select Actor 1-45,text,true,,79,0,50,100,null,0,0,0
1736080999371,2,Update Rental Date,200,OK,Update Rental 3-44,text,true,,11,0,50,100,null,2,0,0
1736080999380,2,Update Rental Date,200,OK,Update Rental 3-24,text,true,,11,0,50,100,null,2,0,0
1736080999387,0,Select By Actor_ID,200,OK,Select Actor 1-40,text,true,,82,0,50,100,null,0,0,0
1736080999393,0,Select By Actor_ID,200,OK,Select Actor 1-15,text,true,,80,0,50,100,null,0,0,0
1736080999442,2,Update Rental Date,200,OK,Update Rental 3-15,text,true,,11,0,50,100,null,1,0,0
1736080999445,0,Select By Actor_ID,200,OK,Select Actor 1-7,text,true,,80,0,50,100,null,0,0,0
1736080999463,0,Select By Actor_ID,200,OK,Select Actor 1-46,text,true,,80,0,50,100,null,0,0,0
1736080999503,1,Select By Actor_ID,200,OK,Select Actor 1-35,text,true,,82,0,50,100,null,1,0,0
1736080999509,2,Update Rental Date,200,OK,Update Rental 3-17,text,true,,11,0,50,100,null,2,0,0
1736080999517,2,Update Rental Date,200,OK,Update Rental 3-50,text,true,,11,0,50,100,null,2,0,0
1736080999518,4,Update Rental Date,200,OK,Update Rental 3-8,text,true,,11,0,50,100,null,4,0,0
1736080999521,2,Update Rental Date,200,OK,Update Rental 3-6,text,true,,11,0,50,100,null,2,0,0
1736080999534,2,Update Rental Date,200,OK,Update Rental 3-30,text,true,,11,0,50,100,null,2,0,0
1736080999540,2,Update Rental Date,200,OK,Update Rental 3-12,text,true,,11,0,50,100,null,2,0,0
1736080999558,0,Select By Actor_ID,200,OK,Select Actor 1-50,text,true,,80,0,50,100,null,0,0,0
1736080999563,2,Update Rental Date,200,OK,Update Rental 3-27,text,true,,11,0,50,100,null,2,0,0
1736080999576,3,Update Rental Date,200,OK,Update Rental 3-42,text,true,,11,0,50,100,null,2,0,0
1736080999590,1,Select By Actor_ID,200,OK,Select Actor 1-38,text,true,,81,0,50,100,null,1,0,0
1736080999594,3,Update Rental Date,200,OK,Update Rental 3-21,text,true,,11,0,50,100,null,3,0,0
1736080999599,2,Update Rental Date,200,OK,Update Rental 3-25,text,true,,11,0,50,100,null,2,0,0
1736080999604,2,Update Rental Date,200,OK,Update Rental 3-4,text,true,,11,0,50,100,null,2,0,0
1736080999605,2,Update Rental Date,200,OK,Update Rental 3-3,text,true,,11,0,50,100,null,2,0,0
1736080999627,3,Update Rental Date,200,OK,Update Rental 3-19,text,true,,11,0,50,100,null,2,0,0
1736080999627,3,Update Rental Date,200,OK,Update Rental 3-35,text,true,,11,0,50,100,null,3,0,0
1736080999630,1,Select By Actor_ID,200,OK,Select Actor 1-33,text,true,,81,0,50,100,null,1,0,0
1736080999634,1,Select By Actor_ID,200,OK,Select Actor 1-17,text,true,,79,0,50,100,null,1,0,0
1736080999634,2,Update Rental Date,200,OK,Update Rental 3-28,text,true,,11,0,50,100,null,2,0,0
1736080999644,2,Update Rental Date,200,OK,Update Rental 3-37,text,true,,11,0,50,100,null,2,0,0
1736080999666,1,Select By Actor_ID,200,OK,Select Actor 1-9,text,true,,78,0,50,100,null,1,0,0
1736080999671,0,Select By Actor_ID,200,OK,Select Actor 1-16,text,true,,80,0,50,100,null,0,0,0
1736080999675,2,Update Rental Date,200,OK,Update Rental 3-46,text,true,,11,0,50,100,null,2,0,0
1736080999684,1,Update Rental Date,200,OK,Update Rental 3-38,text,true,,11,0,50,100,null,1,0,0
1736080999705,1,Update Rental Date,200,OK,Update Rental 3-41,text,true,,11,0,50,100,null,1,0,0
1736080999708,2,Update Rental Date,200,OK,Update Rental 3-23,text,true,,11,0,50,100,null,2,0,1
1736080999713,1,Select By Actor_ID,200,OK,Select Actor 1-18,text,true,,79,0,50,100,null,1,0,0
1736080999716,1,Select By Actor_ID,200,OK,Select Actor 1-32,text,true,,78,0,50,100,null,1,0,0
1736080999718,1,Select By Actor_ID,200,OK,Select Actor 1-21,text,true,,84,0,50,100,null,1,0,0
1736080999748,2,Update Rental Date,200,OK,Update Rental 3-49,text,true,,11,0,50,100,null,2,0,0
1736080999752,2,Update Rental Date,200,OK,Update Rental 3-9,text,true,,11,0,50,100,null,2,0,0
1736080999756,1,Select By Actor_ID,200,OK,Select Actor 1-23,text,true,,85,0,50,100,null,1,0,0
1736080999759,1,Select By Actor_ID,200,OK,Select Actor 1-6,text,true,,79,0,50,100,null,1,0,0
1736080999775,1,Select By Actor_ID,200,OK,Select Actor 1-49,text,true,,79,0,50,100,null,1,0,0
1736080999775,1,Select By Actor_ID,200,OK,Select Actor 1-30,text,true,,78,0,50,100,null,1,0,0
1736080999777,1,Select By Actor_ID,200,OK,Select Actor 1-42,text,true,,82,0,50,100,null,1,0,0
1736080999778,1,Select By Actor_ID,200,OK,Select Actor 1-26,text,true,,80,0,50,100,null,1,0,0
1736080999777,3,Update Rental Date,200,OK,Update Rental 3-18,text,true,,11,0,50,100,null,3,0,0
1736080999802,1,Select By Actor_ID,200,OK,Select Actor 1-13,text,true,,82,0,50,100,null,1,0,0
1736080999819,1,Select By Actor_ID,200,OK,Select Actor 1-31,text,true,,85,0,50,100,null,1,0,0
1736080999826,1,Select By Actor_ID,200,OK,Select Actor 1-5,text,true,,80,0,50,100,null,1,0,0
1736080999826,2,Update Rental Date,200,OK,Update Rental 3-7,text,true,,11,0,50,100,null,2,0,0
1736080999827,2,Update Rental Date,200,OK,Update Rental 3-40,text,true,,11,0,50,100,null,2,0,0
1736080999841,1,Select By Actor_ID,200,OK,Select Actor 1-1,text,true,,82,0,50,100,null,1,0,0
1736080999856,1,Select By Actor_ID,200,OK,Select Actor 1-43,text,true,,83,0,50,100,null,1,0,0
1736080999862,2,Update Rental Date,200,OK,Update Rental 3-39,text,true,,11,0,50,100,null,2,0,0
1736080999867,1,Select By Actor_ID,200,OK,Select Actor 1-20,text,true,,81,0,50,100,null,0,0,0
1736080999873,1,Select By Actor_ID,200,OK,Select Actor 1-2,text,true,,81,0,50,100,null,0,0,0
1736080999878,1,Select By Actor_ID,200,OK,Select Actor 1-37,text,true,,81,0,50,100,null,1,0,0
1736080999891,2,Update Rental Date,200,OK,Update Rental 3-45,text,true,,11,0,50,100,null,2,0,0
1736080999891,3,Update Rental Date,200,OK,Update Rental 3-34,text,true,,11,0,50,100,null,3,0,0
1736080999894,2,Update Rental Date,200,OK,Update Rental 3-26,text,true,,11,0,50,100,null,2,0,0
1736080999908,2,Update Rental Date,200,OK,Update Rental 3-11,text,true,,11,0,50,100,null,2,0,0
1736080999934,2,Update Rental Date,200,OK,Update Rental 3-36,text,true,,11,0,50,100,null,2,0,0
1736080999942,0,Select By Actor_ID,200,OK,Select Actor 1-28,text,true,,76,0,50,100,null,0,0,0
1736080999964,0,Select By Actor_ID,200,OK,Select Actor 1-36,text,true,,80,0,50,100,null,0,0,0
1736080999967,0,Select By Actor_ID,200,OK,Select Actor 1-25,text,true,,83,0,50,100,null,0,0,0
1736080999966,2,Update Rental Date,200,OK,Update Rental 3-47,text,true,,11,0,50,100,null,2,0,0
1736080999977,1,Select By Actor_ID,200,OK,Select Actor 1-15,text,true,,81,0,50,100,null,0,0,0
1736080999983,2,Update Rental Date,200,OK,Update Rental 3-29,text,true,,11,0,50,100,null,2,0,0
1736080999985,1,Update Rental Date,200,OK,Update Rental 3-14,text,true,,11,0,50,100,null,1,0,0
1736080999996,0,Select By Actor_ID,200,OK,Select Actor 1-48,text,true,,76,0,50,100,null,0,0,0
1736081000005,2,Update Rental Date,200,OK,Update Rental 3-32,text,true,,11,0,50,100,null,2,0,0
1736081000034,0,Select By Actor_ID,200,OK,Select Actor 1-4,text,true,,81,0,50,100,null,0,0,0
1736081000038,0,Select By Actor_ID,200,OK,Select Actor 1-34,text,true,,80,0,50,100,null,0,0,0
1736081000057,1,Update Rental Date,200,OK,Update Rental 3-13,text,true,,11,0,50,100,null,1,0,0
1736081000065,1,Update Rental Date,200,OK,Update Rental 3-43,text,true,,11,0,50,100,null,1,0,0
1736081000098,1,Select By Actor_ID,200,OK,Select Actor 1-24,text,true,,78,0,50,100,null,1,0,0
1736081000098,1,Select By Actor_ID,200,OK,Select Actor 1-41,text,true,,81,0,50,100,null,1,0,0
1736081000109,2,Update Rental Date,200,OK,Update Rental 3-33,text,true,,11,0,50,100,null,2,0,0
1736081000122,1,Select By Actor_ID,200,OK,Select Actor 1-29,text,true,,83,0,50,100,null,1,0,0
1736081000127,3,Update Rental Date,200,OK,Update Rental 3-31,text,true,,11,0,50,100,null,3,0,0
1736081000129,1,Select By Actor_ID,200,OK,Select Actor 1-11,text,true,,78,0,50,100,null,1,0,0
1736081000132,1,Select By Actor_ID,200,OK,Select Actor 1-8,text,true,,80,0,50,100,null,1,0,0
1736081000131,3,Update Rental Date,200,OK,Update Rental 3-1,text,true,,11,0,50,100,null,3,0,0
1736081000151,1,Select By Actor_ID,200,OK,Select Actor 1-46,text,true,,84,0,50,100,null,1,0,0
1736081000161,3,Update Rental Date,200,OK,Update Rental 3-5,text,true,,11,0,50,100,null,3,0,0
1736081000194,1,Select By Actor_ID,200,OK,Select Actor 1-44,text,true,,81,0,50,100,null,1,0,0
1736081000201,1,Select By Actor_ID,200,OK,Select Actor 1-3,text,true,,84,0,50,100,null,1,0,0
1736081000213,1,Select By Actor_ID,200,OK,Select Actor 1-38,text,true,,80,0,50,100,null,1,0,0
1736081000218,1,Select By Actor_ID,200,OK,Select Actor 1-50,text,true,,77,0,50,100,null,1,0,0
1736081000218,1,Select By Actor_ID,200,OK,Select Actor 1-22,text,true,,83,0,50,100,null,1,0,0
1736081000258,0,Select By Actor_ID,200,OK,Select Actor 1-12,text,true,,77,0,50,100,null,0,0,0
1736081000284,0,Select By Actor_ID,200,OK,Select Actor 1-33,text,true,,82,0,50,100,null,0,0,0
1736081000300,2,Update Rental Date,200,OK,Update Rental 3-19,text,true,,11,0,50,100,null,2,0,0
1736081000305,2,Update Rental Date,200,OK,Update Rental 3-2,text,true,,11,0,50,100,null,2,0,0
1736081000311,2,Update Rental Date,200,OK,Update Rental 3-23,text,true,,11,0,50,100,null,2,0,0
1736081000327,1,Select By Actor_ID,200,OK,Select Actor 1-10,text,true,,82,0,50,100,null,1,0,0
1736081000333,0,Select By Actor_ID,200,OK,Select Actor 1-16,text,true,,80,0,50,100,null,0,0,0
1736081000339,2,Update Rental Date,200,OK,Update Rental 3-16,text,true,,11,0,50,100,null,2,0,0
1736081000346,2,Update Rental Date,200,OK,Update Rental 3-8,text,true,,11,0,50,100,null,2,0,0
1736081000372,2,Update Rental Date,200,OK,Update Rental 3-30,text,true,,11,0,50,100,null,2,0,0
1736081000386,0,Select By Actor_ID,200,OK,Select Actor 1-1,text,true,,81,0,50,100,null,0,0,0
1736081000405,2,Update Rental Date,200,OK,Update Rental 3-42,text,true,,11,0,50,100,null,2,0,0
1736081000414,1,Update Rental Date,200,OK,Update Rental 3-38,text,true,,11,0,50,100,null,1,0,0
1736081000420,0,Select By Actor_ID,200,OK,Select Actor 1-21,text,true,,84,0,50,100,null,0,0,0
1736081000441,2,Update Rental Date,200,OK,Update Rental 3-20,text,true,,11,0,50,100,null,2,0,0
1736081000452,1,Update Rental Date,200,OK,Update Rental 3-7,text,true,,11,0,50,100,null,1,0,0
1736081000471,3,Update Rental Date,200,OK,Update Rental 3-12,text,true,,11,0,50,100,null,3,0,1
1736081000475,1,Select By Actor_ID,200,OK,Select Actor 1-7,text,true,,84,0,50,100,null,1,0,0
1736081000482,1,Select By Actor_ID,200,OK,Select Actor 1-14,text,true,,79,0,50,100,null,1,0,0
1736081000484,3,Update Rental Date,200,OK,Update Rental 3-9,text,true,,11,0,50,100,null,3,0,0
1736081000488,2,Update Rental Date,200,OK,Update Rental 3-35,text,true,,11,0,50,100,null,2,0,0
1736081000513,2,Update Rental Date,200,OK,Update Rental 3-41,text,true,,11,0,50,100,null,2,0,0
1736081000526,2,Update Rental Date,200,OK,Update Rental 3-18,text,true,,11,0,50,100,null,2,0,0
1736081000538,1,Select By Actor_ID,200,OK,Select Actor 1-45,text,true,,83,0,50,100,null,1,0,0
1736081000555,2,Update Rental Date,200,OK,Update Rental 3-50,text,true,,11,0,50,100,null,2,0,0
1736081000560,1,Select By Actor_ID,200,OK,Select Actor 1-6,text,true,,81,0,50,100,null,1,0,0
1736081000571,1,Select By Actor_ID,200,OK,Select Actor 1-19,text,true,,81,0,50,100,null,1,0,0
1736081000570,3,Update Rental Date,200,OK,Update Rental 3-22,text,true,,11,0,50,100,null,3,0,0
1736081000577,1,Select By Actor_ID,200,OK,Select Actor 1-30,text,true,,79,0,50,100,null,1,0,0
1736081000578,1,Select By Actor_ID,200,OK,Select Actor 1-27,text,true,,82,0,50,100,null,1,0,0
1736081000584,1,Select By Actor_ID,200,OK,Select Actor 1-20,text,true,,80,0,50,100,null,1,0,0
1736081000604,2,Update Rental Date,200,OK,Update Rental 3-15,text,true,,11,0,50,100,null,2,0,0
1736081000644,1,Select By Actor_ID,200,OK,Select Actor 1-34,text,true,,80,0,50,100,null,1,0,0
1736081000647,2,Update Rental Date,200,OK,Update Rental 3-25,text,true,,11,0,50,100,null,2,0,0
1736081000648,2,Update Rental Date,200,OK,Update Rental 3-27,text,true,,11,0,50,100,null,2,0,0
1736081000650,2,Update Rental Date,200,OK,Update Rental 3-48,text,true,,11,0,50,100,null,2,0,0
1736081000659,2,Update Rental Date,200,OK,Update Rental 3-43,text,true,,11,0,50,100,null,2,0,0
1736081000663,1,Select By Actor_ID,200,OK,Select Actor 1-23,text,true,,80,0,50,100,null,1,0,0
1736081000677,0,Select By Actor_ID,200,OK,Select Actor 1-32,text,true,,83,0,50,100,null,0,0,0
1736081000683,0,Select By Actor_ID,200,OK,Select Actor 1-35,text,true,,82,0,50,100,null,0,0,0
1736081000686,2,Update Rental Date,200,OK,Update Rental 3-13,text,true,,11,0,50,100,null,2,0,0
1736081000690,2,Update Rental Date,200,OK,Update Rental 3-44,text,true,,11,0,50,100,null,2,0,0
1736081000703,2,Update Rental Date,200,OK,Update Rental 3-11,text,true,,11,0,50,100,null,2,0,0
1736081000710,2,Update Rental Date,200,OK,Update Rental 3-10,text,true,,11,0,50,100,null,2,0,0
1736081000712,0,Select By Actor_ID,200,OK,Select Actor 1-47,text,true,,81,0,50,100,null,0,0,0
1736081000711,2,Update Rental Date,200,OK,Update Rental 3-4,text,true,,11,0,50,100,null,2,0,0
1736081000732,0,Select By Actor_ID,200,OK,Select Actor 1-41,text,true,,83,0,50,100,null,0,0,0
1736081000733,0,Select By Actor_ID,200,OK,Select Actor 1-39,text,true,,82,0,50,100,null,0,0,0
1736081000748,0,Select By Actor_ID,200,OK,Select Actor 1-42,text,true,,80,0,50,100,null,0,0,0
1736081000772,0,Select By Actor_ID,200,OK,Select Actor 1-37,text,true,,79,0,50,100,null,0,0,0
1736081000776,0,Select By Actor_ID,200,OK,Select Actor 1-18,text,true,,78,0,50,100,null,0,0,0
1736081000801,2,Update Rental Date,200,OK,Update Rental 3-6,text,true,,11,0,50,100,null,2,0,0
1736081000802,2,Update Rental Date,200,OK,Update Rental 3-26,text,true,,11,0,50,100,null,2,0,0
1736081000811,2,Update Rental Date,200,OK,Update Rental 3-34,text,true,,11,0,50,100,null,2,0,0
1736081000812,2,Update Rental Date,200,OK,Update Rental 3-24,text,true,,11,0,50,100,null,2,0,0
1736081000828,0,Select By Actor_ID,200,OK,Select Actor 1-44,text,true,,80,0,50,100,null,0,0,0
1736081000836,2,Update Rental Date,200,OK,Update Rental 3-28,text,true,,11,0,50,100,null,2,0,0
1736081000853,1,Select By Actor_ID,200,OK,Select Actor 1-40,text,true,,79,0,50,100,null,1,0,0
1736081000855,1,Select By Actor_ID,200,OK,Select Actor 1-43,text,true,,80,0,50,100,null,1,0,0
1736081000859,2,Update Rental Date,200,OK,Update Rental 3-32,text,true,,11,0,50,100,null,2,0,0
1736081000861,1,Select By Actor_ID,200,OK,Select Actor 1-28,text,true,,86,0,50,100,null,1,0,0
1736081000863,2,Update Rental Date,200,OK,Update Rental 3-14,text,true,,11,0,50,100,null,2,0,0
1736081000872,3,Update Rental Date,200,OK,Update Rental 3-5,text,true,,11,0,50,100,null,3,0,0
1736081000880,3,Update Rental Date,200,OK,Update Rental 3-8,text,true,,11,0,50,100,null,3,0,0
1736081000889,2,Update Rental Date,200,OK,Update Rental 3-17,text,true,,11,0,50,100,null,2,0,0
1736081000894,2,Update Rental Date,200,OK,Update Rental 3-16,text,true,,11,0,50,100,null,2,0,0
1736081000901,1,Select By Actor_ID,200,OK,Select Actor 1-24,text,true,,83,0,50,100,null,1,0,0
1736081000907,1,Select By Actor_ID,200,OK,Select Actor 1-46,text,true,,80,0,50,100,null,1,0,0
1736081000925,2,Update Rental Date,200,OK,Update Rental 3-45,text,true,,11,0,50,100,null,2,0,0
1736081000939,2,Update Rental Date,200,OK,Update Rental 3-37,text,true,,11,0,50,100,null,2,0,0
1736081000945,1,Select By Actor_ID,200,OK,Select Actor 1-9,text,true,,78,0,50,100,null,1,0,0
1736081000950,1,Select By Actor_ID,200,OK,Select Actor 1-22,text,true,,79,0,50,100,null,1,0,0
1736081000954,1,Select By Actor_ID,200,OK,Select Actor 1-48,text,true,,83,0,50,100,null,1,0,0
1736081000960,3,Update Rental Date,200,OK,Update Rental 3-31,text,true,,11,0,50,100,null,3,0,0
1736081000967,1,Select By Actor_ID,200,OK,Select Actor 1-49,text,true,,79,0,50,100,null,1,0,0
1736081000968,1,Select By Actor_ID,200,OK,Select Actor 1-13,text,true,,83,0,50,100,null,1,0,0
1736081000979,2,Update Rental Date,200,OK,Update Rental 3-3,text,true,,11,0,50,100,null,2,0,0
1736081000994,1,Select By Actor_ID,200,OK,Select Actor 1-2,text,true,,83,0,50,100,null,0,0,0
1736081001003,1,Select By Actor_ID,200,OK,Select Actor 1-26,text,true,,78,0,50,100,null,0,0,0
1736081001007,2,Update Rental Date,200,OK,Update Rental 3-23,text,true,,11,0,50,100,null,2,0,0
1736081001018,2,Update Rental Date,200,OK,Update Rental 3-39,text,true,,11,0,50,100,null,2,0,0
1736081001063,0,Select By Actor_ID,200,OK,Select Actor 1-17,text,true,,83,0,50,100,null,0,0,0
1736081001065,2,Update Rental Date,200,OK,Update Rental 3-36,text,true,,11,0,50,100,null,2,0,0
1736081001072,2,Update Rental Date,200,OK,Update Rental 3-49,text,true,,11,0,50,100,null,1,0,0
1736081001081,2,Update Rental Date,200,OK,Update Rental 3-21,text,true,,11,0,50,100,null,2,0,0
1736081001082,2,Update Rental Date,200,OK,Update Rental 3-41,text,true,,11,0,50,100,null,2,0,0
1736081001089,2,Update Rental Date,200,OK,Update Rental 3-40,text,true,,11,0,50,100,null,2,0,0
1736081001096,1,Select By Actor_ID,200,OK,Select Actor 1-15,text,true,,81,0,50,100,null,1,0,0
1736081001103,1,Select By Actor_ID,200,OK,Select Actor 1-36,text,true,,85,0,50,100,null,1,0,0
1736081001121,1,Select By Actor_ID,200,OK,Select Actor 1-29,text,true,,83,0,50,100,null,1,0,0
1736081001134,1,Select By Actor_ID,200,OK,Select Actor 1-20,text,true,,80,0,50,100,null,1,0,0
1736081001139,1,Select By Actor_ID,200,OK,Select Actor 1-10,text,true,,81,0,50,100,null,1,0,0
1736081001154,1,Select By Actor_ID,200,OK,Select Actor 1-33,text,true,,82,0,50,100,null,1,0,0
1736081001164,2,Update Rental Date,200,OK,Update Rental 3-46,text,true,,11,0,50,100,null,2,0,0
1736081001195,2,Update Rental Date,200,OK,Update Rental 3-7,text,true,,11,0,50,100,null,2,0,0
1736081001201,0,Select By Actor_ID,200,OK,Select Actor 1-1,text,true,,82,0,50,100,null,0,0,0
1736081001203,2,Update Rental Date,200,OK,Update Rental 3-19,text,true,,11,0,50,100,null,2,0,0
1736081001213,0,Select By Actor_ID,200,OK,Select Actor 1-31,text,true,,84,0,50,100,null,0,0,0
1736081001219,0,Select By Actor_ID,200,OK,Select Actor 1-5,text,true,,78,0,50,100,null,0,0,0
1736081001230,1,Update Rental Date,200,OK,Update Rental 3-2,text,true,,11,0,50,100,null,1,0,0
1736081001259,1,Update Rental Date,200,OK,Update Rental 3-12,text,true,,11,0,50,100,null,1,0,0
1736081001264,0,Select By Actor_ID,200,OK,Select Actor 1-8,text,true,,86,0,50,100,null,0,0,0
1736081001294,0,Select By Actor_ID,200,OK,Select Actor 1-38,text,true,,84,0,50,100,null,0,0,0
1736081001342,1,Select By Actor_ID,200,OK,Select Actor 1-18,text,true,,80,0,50,100,null,1,0,0
1736081001348,3,Update Rental Date,200,OK,Update Rental 3-42,text,true,,11,0,50,100,null,3,0,0
1736081001365,2,Update Rental Date,200,OK,Update Rental 3-33,text,true,,11,0,50,100,null,2,0,0
1736081001378,2,Update Rental Date,200,OK,Update Rental 3-47,text,true,,11,0,50,100,null,2,0,0
1736081001384,0,Select By Actor_ID,200,OK,Select Actor 1-34,text,true,,84,0,50,100,null,0,0,0
1736081001388,2,Update Rental Date,200,OK,Update Rental 3-6,text,true,,11,0,50,100,null,2,0,0
1736081001393,0,Select By Actor_ID,200,OK,Select Actor 1-6,text,true,,83,0,50,100,null,0,0,0
1736081001424,0,Select By Actor_ID,200,OK,Select Actor 1-4,text,true,,85,0,50,100,null,0,0,0
1736081001425,2,Update Rental Date,200,OK,Update Rental 3-10,text,true,,11,0,50,100,null,2,0,0
1736081001431,0,Select By Actor_ID,200,OK,Select Actor 1-44,text,true,,78,0,50,100,null,0,0,0
1736081001435,0,Select By Actor_ID,200,OK,Select Actor 1-25,text,true,,80,0,50,100,null,0,0,0
1736081001445,0,Select By Actor_ID,200,OK,Select Actor 1-21,text,true,,80,0,50,100,null,0,0,0
1736081001456,0,Select By Actor_ID,200,OK,Select Actor 1-14,text,true,,80,0,50,100,null,0,0,0
1736081001474,0,Select By Actor_ID,200,OK,Select Actor 1-48,text,true,,81,0,50,100,null,0,0,0
1736081001476,0,Select By Actor_ID,200,OK,Select Actor 1-37,text,true,,84,0,50,100,null,0,0,0
1736081001479,2,Update Rental Date,200,OK,Update Rental 3-29,text,true,,11,0,50,100,null,2,0,0
1736081001494,0,Select By Actor_ID,200,OK,Select Actor 1-11,text,true,,81,0,50,100,null,0,0,0
1736081001495,0,Select By Actor_ID,200,OK,Select Actor 1-3,text,true,,83,0,50,100,null,0,0,0
1736081001507,2,Update Rental Date,200,OK,Update Rental 3-48,text,true,,11,0,50,100,null,2,0,0
1736081001517,0,Select By Actor_ID,200,OK,Select Actor 1-30,text,true,,78,0,50,100,null,0,0,0
1736081001518,0,Select By Actor_ID,200,OK,Select Actor 1-47,text,true,,81,0,50,100,null,0,0,0
1736081001522,1,Update Rental Date,200,OK,Update Rental 3-38,text,true,,11,0,50,100,null,1,0,0
1736081001523,1,Update Rental Date,200,OK,Update Rental 3-32,text,true,,11,0,50,100,null,1,0,0
1736081001527,2,Update Rental Date,200,OK,Update Rental 3-1,text,true,,11,0,50,100,null,2,0,1
1736081001529,2,Update Rental Date,200,OK,Update Rental 3-8,text,true,,11,0,50,100,null,2,0,0
1736081001532,2,Update Rental Date,200,OK,Update Rental 3-18,text,true,,11,0,50,100,null,2,0,0
1736081001540,2,Update Rental Date,200,OK,Update Rental 3-3,text,true,,11,0,50,100,null,2,0,0
1736081001555,2,Update Rental Date,200,OK,Update Rental 3-22,text,true,,11,0,50,100,null,2,0,0
1736081001583,2,Update Rental Date,200,OK,Update Rental 3-9,text,true,,11,0,50,100,null,2,0,0
1736081001606,2,Update Rental Date,200,OK,Update Rental 3-30,text,true,,11,0,50,100,null,2,0,0
1736081001612,2,Update Rental Date,200,OK,Update Rental 3-25,text,true,,11,0,50,100,null,2,0,0
1736081001614,2,Update Rental Date,200,OK,Update Rental 3-15,text,true,,11,0,50,100,null,2,0,0
1736081001664,3,Update Rental Date,200,OK,Update Rental 3-4,text,true,,11,0,50,100,null,3,0,0
1736081001666,2,Update Rental Date,200,OK,Update Rental 3-41,text,true,,11,0,50,100,null,2,0,0
1736081001683,1,Select By Actor_ID,200,OK,Select Actor 1-28,text,true,,82,0,50,100,null,1,0,0
1736081001684,2,Update Rental Date,200,OK,Update Rental 3-28,text,true,,11,0,50,100,null,2,0,0
1736081001693,1,Select By Actor_ID,200,OK,Select Actor 1-35,text,true,,82,0,50,100,null,1,0,0
1736081001708,1,Select By Actor_ID,200,OK,Select Actor 1-12,text,true,,81,0,50,100,null,0,0,0
1736081001709,0,Select By Actor_ID,200,OK,Select Actor 1-50,text,true,,77,0,50,100,null,0,0,0
1736081001715,2,Update Rental Date,200,OK,Update Rental 3-11,text,true,,11,0,50,100,null,2,0,0
1736081001733,2,Select By Actor_ID,200,OK,Select Actor 1-31,text,true,,80,0,50,100,null,2,0,0
1736081001736,0,Select By Actor_ID,200,OK,Select Actor 1-39,text,true,,81,0,50,100,null,0,0,0
1736081001735,17,Update Rental Date,200,OK,Update Rental 3-34,text,true,,11,0,50,100,null,17,0,0
1736081001750,3,Update Rental Date,200,OK,Update Rental 3-46,text,true,,11,0,50,100,null,3,0,0
1736081001761,2,Update Rental Date,200,OK,Update Rental 3-44,text,true,,11,0,50,100,null,2,0,0
1736081001772,2,Update Rental Date,200,OK,Update Rental 3-17,text,true,,11,0,50,100,null,2,0,0
1736081001784,2,Update Rental Date,200,OK,Update Rental 3-37,text,true,,11,0,50,100,null,2,0,0
1736081001786,0,Select By Actor_ID,200,OK,Select Actor 1-40,text,true,,84,0,50,100,null,0,0,0
1736081001806,3,Update Rental Date,200,OK,Update Rental 3-13,text,true,,11,0,50,100,null,3,0,0
1736081001808,1,Select By Actor_ID,200,OK,Select Actor 1-22,text,true,,84,0,50,100,null,1,0,0
1736081001815,1,Select By Actor_ID,200,OK,Select Actor 1-16,text,true,,80,0,50,100,null,1,0,0
1736081001824,2,Update Rental Date,200,OK,Update Rental 3-43,text,true,,11,0,50,100,null,2,0,0
1736081001831,1,Select By Actor_ID,200,OK,Select Actor 1-24,text,true,,80,0,50,100,null,1,0,0
1736081001863,2,Update Rental Date,200,OK,Update Rental 3-35,text,true,,11,0,50,100,null,2,0,0
1736081001872,0,Select By Actor_ID,200,OK,Select Actor 1-1,text,true,,82,0,50,100,null,0,0,0
1736081001876,1,Select By Actor_ID,200,OK,Select Actor 1-23,text,true,,84,0,50,100,null,1,0,0
1736081001880,0,Select By Actor_ID,200,OK,Select Actor 1-7,text,true,,80,0,50,100,null,0,0,0
1736081001886,1,Update Rental Date,200,OK,Update Rental 3-19,text,true,,11,0,50,100,null,1,0,0
1736081001888,1,Update Rental Date,200,OK,Update Rental 3-45,text,true,,11,0,50,100,null,1,0,0
1736081001916,2,Update Rental Date,200,OK,Update Rental 3-20,text,true,,11,0,50,100,null,2,0,0
1736081001918,2,Update Rental Date,200,OK,Update Rental 3-42,text,true,,11,0,50,100,null,2,0,0
1736081001926,1,Select By Actor_ID,200,OK,Select Actor 1-19,text,true,,84,0,50,100,null,1,0,1
1736081001937,1,Select By Actor_ID,200,OK,Select Actor 1-45,text,true,,79,0,50,100,null,1,0,0
1736081001948,1,Select By Actor_ID,200,OK,Select Actor 1-17,text,true,,80,0,50,100,null,1,0,0
1736081001947,2,Update Rental Date,200,OK,Update Rental 3-39,text,true,,11,0,50,100,null,2,0,0
1736081001978,1,Select By Actor_ID,200,OK,Select Actor 1-46,text,true,,80,0,50,100,null,1,0,0
1736081001996,3,Update Rental Date,200,OK,Update Rental 3-12,text,true,,11,0,50,100,null,2,0,0
1736081001999,1,Select By Actor_ID,200,OK,Select Actor 1-36,text,true,,80,0,50,100,null,1,0,0
1736081001998,2,Update Rental Date,200,OK,Update Rental 3-5,text,true,,11,0,50,100,null,2,0,0
1736081001998,2,Update Rental Date,200,OK,Update Rental 3-50,text,true,,11,0,50,100,null,2,0,0
1736081002000,2,Update Rental Date,200,OK,Update Rental 3-26,text,true,,11,0,50,100,null,2,0,0
1736081002024,2,Update Rental Date,200,OK,Update Rental 3-6,text,true,,11,0,50,100,null,2,0,0
1736081002057,1,Select By Actor_ID,200,OK,Select Actor 1-27,text,true,,81,0,50,100,null,1,0,0
1736081002064,2,Update Rental Date,200,OK,Update Rental 3-38,text,true,,11,0,50,100,null,2,0,0
1736081002071,2,Update Rental Date,200,OK,Update Rental 3-16,text,true,,11,0,50,100,null,2,0,0
1736081002076,0,Select By Actor_ID,200,OK,Select Actor 1-41,text,true,,83,0,50,100,null,0,0,0
1736081002086,2,Update Rental Date,200,OK,Update Rental 3-21,text,true,,11,0,50,100,null,2,0,0
1736081002089,2,Update Rental Date,200,OK,Update Rental 3-31,text,true,,11,0,50,100,null,2,0,0
1736081002094,0,Select By Actor_ID,200,OK,Select Actor 1-13,text,true,,83,0,50,100,null,0,0,0
1736081002093,2,Update Rental Date,200,OK,Update Rental 3-27,text,true,,11,0,50,100,null,2,0,0
1736081002095,0,Select By Actor_ID,200,OK,Select Actor 1-34,text,true,,86,0,50,100,null,0,0,0
1736081002102,0,Select By Actor_ID,200,OK,Select Actor 1-42,text,true,,79,0,50,100,null,0,0,0
1736081002106,2,Update Rental Date,200,OK,Update Rental 3-14,text,true,,11,0,50,100,null,2,0,0
1736081002116,0,Select By Actor_ID,200,OK,Select Actor 1-32,text,true,,84,0,50,100,null,0,0,0
1736081002119,0,Select By Actor_ID,200,OK,Select Actor 1-10,text,true,,84,0,50,100,null,0,0,0
1736081002128,0,Select By Actor_ID,200,OK,Select Actor 1-2,text,true,,79,0,50,100,null,0,0,0
1736081002152,0,Select By Actor_ID,200,OK,Select Actor 1-26,text,true,,81,0,50,100,null,0,0,0
1736081002176,1,Select By Actor_ID,200,OK,Select Actor 1-25,text,true,,79,0,50,100,null,1,0,0
1736081002189,2,Update Rental Date,200,OK,Update Rental 3-28,text,true,,11,0,50,100,null,2,0,0
1736081002197,1,Update Rental Date,200,OK,Update Rental 3-24,text,true,,11,0,50,100,null,1,0,0
1736081002224,2,Update Rental Date,200,OK,Update Rental 3-23,text,true,,11,0,50,100,null,2,0,0
1736081002230,2,Update Rental Date,200,OK,Update Rental 3-22,text,true,,11,0,50,100,null,2,0,0
1736081002232,0,Select By Actor_ID,200,OK,Select Actor 1-47,text,true,,80,0,50,100,null,0,0,0
1736081002240,0,Select By Actor_ID,200,OK,Select Actor 1-18,text,true,,77,0,50,100,null,0,0,0
1736081002259,0,Select By Actor_ID,200,OK,Select Actor 1-33,text,true,,83,0,50,100,null,0,0,0
1736081002289,1,Select By Actor_ID,200,OK,Select Actor 1-15,text,true,,80,0,50,100,null,1,0,0
1736081002301,3,Update Rental Date,200,OK,Update Rental 3-33,text,true,,11,0,50,100,null,2,0,0
1736081002303,2,Update Rental Date,200,OK,Update Rental 3-49,text,true,,11,0,50,100,null,2,0,0
1736081002313,2,Update Rental Date,200,OK,Update Rental 3-40,text,true,,11,0,50,100,null,2,0,0
1736081002316,1,Select By Actor_ID,200,OK,Select Actor 1-43,text,true,,81,0,50,100,null,1,0,0
1736081002318,1,Select By Actor_ID,200,OK,Select Actor 1-6,text,true,,82,0,50,100,null,1,0,0
1736081002332,1,Select By Actor_ID,200,OK,Select Actor 1-29,text,true,,82,0,50,100,null,1,0,0
1736081002336,1,Select By Actor_ID,200,OK,Select Actor 1-38,text,true,,80,0,50,100,null,1,0,0
1736081002348,1,Select By Actor_ID,200,OK,Select Actor 1-22,text,true,,82,0,50,100,null,1,0,0
1736081002348,2,Update Rental Date,200,OK,Update Rental 3-15,text,true,,11,0,50,100,null,2,0,0
1736081002350,1,Select By Actor_ID,200,OK,Select Actor 1-12,text,true,,80,0,50,100,null,1,0,0
1736081002356,1,Select By Actor_ID,200,OK,Select Actor 1-37,text,true,,82,0,50,100,null,1,0,0
1736081002357,2,Update Rental Date,200,OK,Update Rental 3-41,text,true,,11,0,50,100,null,2,0,0
1736081002358,2,Update Rental Date,200,OK,Update Rental 3-8,text,true,,11,0,50,100,null,2,0,0
1736081002369,2,Update Rental Date,200,OK,Update Rental 3-47,text,true,,11,0,50,100,null,2,0,0
1736081002384,2,Update Rental Date,200,OK,Update Rental 3-11,text,true,,11,0,50,100,null,2,0,0
1736081002396,1,Select By Actor_ID,200,OK,Select Actor 1-50,text,true,,83,0,50,100,null,1,0,0
1736081002408,1,Select By Actor_ID,200,OK,Select Actor 1-28,text,true,,79,0,50,100,null,1,0,0
1736081002411,1,Select By Actor_ID,200,OK,Select Actor 1-11,text,true,,86,0,50,100,null,1,0,0
1736081002424,1,Select By Actor_ID,200,OK,Select Actor 1-9,text,true,,79,0,50,100,null,1,0,0
1736081002443,2,Update Rental Date,200,OK,Update Rental 3-25,text,true,,11,0,50,100,null,2,0,0
1736081002456,2,Update Rental Date,200,OK,Update Rental 3-2,text,true,,11,0,50,100,null,2,0,0
1736081002465,0,Select By Actor_ID,200,OK,Select Actor 1-49,text,true,,81,0,50,100,null,0,0,0
1736081002484,2,Update Rental Date,200,OK,Update Rental 3-10,text,true,,11,0,50,100,null,2,0,0
1736081002503,0,Select By Actor_ID,200,OK,Select Actor 1-17,text,true,,81,0,50,100,null,0,0,0
1736081002503,2,Update Rental Date,200,OK,Update Rental 3-7,text,true,,11,0,50,100,null,2,0,0
1736081002520,1,Select By Actor_ID,200,OK,Select Actor 1-24,text,true,,83,0,50,100,null,1,0,0
1736081002520,2,Update Rental Date,200,OK,Update Rental 3-44,text,true,,11,0,50,100,null,2,0,0
1736081002533,2,Update Rental Date,200,OK,Update Rental 3-43,text,true,,11,0,50,100,null,2,0,0
1736081002547,2,Update Rental Date,200,OK,Update Rental 3-36,text,true,,11,0,50,100,null,2,0,0
1736081002555,2,Update Rental Date,200,OK,Update Rental 3-4,text,true,,11,0,50,100,null,2,0,0
1736081002565,2,Update Rental Date,200,OK,Update Rental 3-35,text,true,,11,0,50,100,null,2,0,0
1736081002572,1,Select By Actor_ID,200,OK,Select Actor 1-5,text,true,,81,0,50,100,null,1,0,0
1736081002572,1,Select By Actor_ID,200,OK,Select Actor 1-3,text,true,,79,0,50,100,null,1,0,0
1736081002597,2,Update Rental Date,200,OK,Update Rental 3-18,text,true,,11,0,50,100,null,2,0,0
1736081002600,0,Select By Actor_ID,200,OK,Select Actor 1-20,text,true,,81,0,50,100,null,0,0,0
1736081002609,2,Update Rental Date,200,OK,Update Rental 3-17,text,true,,11,0,50,100,null,2,0,0
1736081002619,0,Select By Actor_ID,200,OK,Select Actor 1-14,text,true,,80,0,50,100,null,0,0,0
1736081002644,0,Select By Actor_ID,200,OK,Select Actor 1-8,text,true,,78,0,50,100,null,0,0,0
1736081002654,0,Select By Actor_ID,200,OK,Select Actor 1-27,text,true,,81,0,50,100,null,0,0,0
1736081002657,0,Select By Actor_ID,200,OK,Select Actor 1-45,text,true,,77,0,50,100,null,0,0,0
1736081002667,2,Update Rental Date,200,OK,Update Rental 3-21,text,true,,11,0,50,100,null,2,0,0
1736081002675,0,Select By Actor_ID,200,OK,Select Actor 1-32,text,true,,84,0,50,100,null,0,0,0
1736081002676,0,Select By Actor_ID,200,OK,Select Actor 1-21,text,true,,79,0,50,100,null,0,0,0
1736081002689,0,Select By Actor_ID,200,OK,Select Actor 1-30,text,true,,81,0,50,100,null,0,0,0
1736081002704,0,Select By Actor_ID,200,OK,Select Actor 1-46,text,true,,81,0,50,100,null,0,0,0
1736081002705,0,Select By Actor_ID,200,OK,Select Actor 1-4,text,true,,80,0,50,100,null,0,0,0
1736081002725,1,Select By Actor_ID,200,OK,Select Actor 1-42,text,true,,80,0,50,100,null,1,0,1
1736081002748,1,Select By Actor_ID,200,OK,Select Actor 1-44,text,true,,88,0,50,100,null,1,0,0
1736081002754,2,Update Rental Date,200,OK,Update Rental 3-3,text,true,,11,0,50,100,null,2,0,0
1736081002756,1,Select By Actor_ID,200,OK,Select Actor 1-39,text,true,,78,0,50,100,null,1,0,0
1736081002768,2,Update Rental Date,200,OK,Update Rental 3-34,text,true,,11,0,50,100,null,2,0,0
1736081002785,2,Update Rental Date,200,OK,Update Rental 3-23,text,true,,11,0,50,100,null,2,0,0
1736081002802,2,Update Rental Date,200,OK,Update Rental 3-1,text,true,,11,0,50,100,null,2,0,0
1736081002824,2,Update Rental Date,200,OK,Update Rental 3-33,text,true,,11,0,50,100,null,2,0,0
1736081002825,2,Update Rental Date,200,OK,Update Rental 3-9,text,true,,11,0,50,100,null,2,0,0
1736081002832,2,Update Rental Date,200,OK,Update Rental 3-30,text,true,,11,0,50,100,null,2,0,0
1736081002880,1,Select By Actor_ID,200,OK,Select Actor 1-41,text,true,,80,0,50,100,null,1,0,0
1736081002881,2,Update Rental Date,200,OK,Update Rental 3-48,text,true,,11,0,50,100,null,2,0,0
1736081002887,1,Select By Actor_ID,200,OK,Select Actor 1-16,text,true,,80,0,50,100,null,0,0,0
1736081002889,0,Select By Actor_ID,200,OK,Select Actor 1-34,text,true,,76,0,50,100,null,0,0,0
1736081002901,0,Select By Actor_ID,200,OK,Select Actor 1-10,text,true,,79,0,50,100,null,0,0,0
1736081002905,0,Select By Actor_ID,200,OK,Select Actor 1-48,text,true,,83,0,50,100,null,0,0,0
1736081002908,0,Select By Actor_ID,200,OK,Select Actor 1-31,text,true,,80,0,50,100,null,0,0,0
1736081002908,0,Select By Actor_ID,200,OK,Select Actor 1-43,text,true,,79,0,50,100,null,0,0,0
1736081002919,0,Select By Actor_ID,200,OK,Select Actor 1-1,text,true,,81,0,50,100,null,0,0,0
1736081002920,2,Update Rental Date,200,OK,Update Rental 3-20,text,true,,11,0,50,100,null,2,0,0
1736081002923,2,Update Rental Date,200,OK,Update Rental 3-16,text,true,,11,0,50,100,null,2,0,0
1736081002935,2,Update Rental Date,200,OK,Update Rental 3-49,text,true,,11,0,50,100,null,2,0,0
1736081002967,2,Update Rental Date,200,OK,Update Rental 3-29,text,true,,11,0,50,100,null,2,0,0
1736081002969,2,Update Rental Date,200,OK,Update Rental 3-25,text,true,,11,0,50,100,null,2,0,0
1736081002979,2,Update Rental Date,200,OK,Update Rental 3-50,text,true,,11,0,50,100,null,2,0,0
1736081002992,0,Select By Actor_ID,200,OK,Select Actor 1-11,text,true,,81,0,50,100,null,0,0,0
1736081003002,2,Update Rental Date,200,OK,Update Rental 3-10,text,true,,11,0,50,100,null,2,0,0
1736081003022,2,Update Rental Date,200,OK,Update Rental 3-32,text,true,,11,0,50,100,null,2,0,0
1736081003027,2,Update Rental Date,200,OK,Update Rental 3-40,text,true,,11,0,50,100,null,2,0,0
1736081003030,0,Select By Actor_ID,200,OK,Select Actor 1-50,text,true,,81,0,50,100,null,0,0,0
1736081003035,0,Select By Actor_ID,200,OK,Select Actor 1-19,text,true,,88,0,50,100,null,0,0,0
1736081003039,2,Update Rental Date,200,OK,Update Rental 3-44,text,true,,11,0,50,100,null,2,0,0
1736081003042,0,Select By Actor_ID,200,OK,Select Actor 1-13,text,true,,79,0,50,100,null,0,0,0
1736081003043,2,Update Rental Date,200,OK,Update Rental 3-5,text,true,,11,0,50,100,null,2,0,0
1736081003058,2,Update Rental Date,200,OK,Update Rental 3-43,text,true,,11,0,50,100,null,2,0,0
1736081003076,0,Select By Actor_ID,200,OK,Select Actor 1-23,text,true,,85,0,50,100,null,0,0,0
1736081003076,2,Update Rental Date,200,OK,Update Rental 3-45,text,true,,11,0,50,100,null,2,0,0
1736081003078,0,Select By Actor_ID,200,OK,Select Actor 1-35,text,true,,83,0,50,100,null,0,0,0
1736081003082,2,Update Rental Date,200,OK,Update Rental 3-19,text,true,,11,0,50,100,null,2,0,0
1736081003097,0,Select By Actor_ID,200,OK,Select Actor 1-49,text,true,,80,0,50,100,null,0,0,0
1736081003118,0,Select By Actor_ID,200,OK,Select Actor 1-22,text,true,,79,0,50,100,null,0,0,0
1736081003131,0,Select By Actor_ID,200,OK,Select Actor 1-7,text,true,,79,0,50,100,null,0,0,0
1736081003151,3,Update Rental Date,200,OK,Update Rental 3-46,text,true,,11,0,50,100,null,2,0,1
1736081003165,1,Select By Actor_ID,200,OK,Select Actor 1-40,text,true,,82,0,50,100,null,1,0,0
1736081003174,2,Update Rental Date,200,OK,Update Rental 3-26,text,true,,11,0,50,100,null,2,0,0
1736081003177,1,Select By Actor_ID,200,OK,Select Actor 1-29,text,true,,79,0,50,100,null,1,0,0
1736081003189,1,Select By Actor_ID,200,OK,Select Actor 1-8,text,true,,79,0,50,100,null,1,0,0
1736081003212,2,Update Rental Date,200,OK,Update Rental 3-6,text,true,,11,0,50,100,null,2,0,0
1736081003216,2,Update Rental Date,200,OK,Update Rental 3-37,text,true,,11,0,50,100,null,2,0,0
1736081003241,2,Update Rental Date,200,OK,Update Rental 3-12,text,true,,11,0,50,100,null,2,0,0
1736081003244,1,Select By Actor_ID,200,OK,Select Actor 1-18,text,true,,83,0,50,100,null,1,0,0
1736081003248,2,Update Rental Date,200,OK,Update Rental 3-39,text,true,,11,0,50,100,null,2,0,0
1736081003258,2,Update Rental Date,200,OK,Update Rental 3-42,text,true,,11,0,50,100,null,2,0,0
1736081003263,1,Select By Actor_ID,200,OK,Select Actor 1-3,text,true,,80,0,50,100,null,1,0,0
1736081003269,1,Select By Actor_ID,200,OK,Select Actor 1-9,text,true,,85,0,50,100,null,1,0,0
1736081003280,2,Update Rental Date,200,OK,Update Rental 3-14,text,true,,11,0,50,100,null,2,0,0
1736081003284,2,Update Rental Date,200,OK,Update Rental 3-8,text,true,,11,0,50,100,null,2,0,0
1736081003284,2,Update Rental Date,200,OK,Update Rental 3-13,text,true,,11,0,50,100,null,2,0,0
1736081003286,2,Update Rental Date,200,OK,Update Rental 3-31,text,true,,11,0,50,100,null,2,0,0
1736081003297,2,Update Rental Date,200,OK,Update Rental 3-4,text,true,,11,0,50,100,null,2,0,0
1736081003312,3,Update Rental Date,200,OK,Update Rental 3-35,text,true,,11,0,50,100,null,3,0,0
1736081003312,3,Update Rental Date,200,OK,Update Rental 3-24,text,true,,11,0,50,100,null,3,0,0
1736081003319,1,Select By Actor_ID,200,OK,Select Actor 1-17,text,true,,82,0,50,100,null,0,0,0
1736081003318,2,Update Rental Date,200,OK,Update Rental 3-38,text,true,,11,0,50,100,null,2,0,0
1736081003325,0,Select By Actor_ID,200,OK,Select Actor 1-2,text,true,,79,0,50,100,null,0,0,0
1736081003334,2,Update Rental Date,200,OK,Update Rental 3-34,text,true,,11,0,50,100,null,2,0,0
1736081003356,0,Select By Actor_ID,200,OK,Select Actor 1-46,text,true,,76,0,50,100,null,0,0,0
1736081003356,0,Select By Actor_ID,200,OK,Select Actor 1-42,text,true,,80,0,50,100,null,0,0,0
1736081003371,2,Update Rental Date,200,OK,Update Rental 3-7,text,true,,11,0,50,100,null,2,0,0
1736081003392,0,Select By Actor_ID,200,OK,Select Actor 1-27,text,true,,81,0,50,100,null,0,0,0
1736081003401,2,Update Rental Date,200,OK,Update Rental 3-41,text,true,,11,0,50,100,null,2,0,0
1736081003408,2,Update Rental Date,200,OK,Update Rental 3-28,text,true,,11,0,50,100,null,2,0,0
1736081003418,0,Select By Actor_ID,200,OK,Select Actor 1-37,text,true,,81,0,50,100,null,0,0,0
1736081003436,2,Update Rental Date,200,OK,Update Rental 3-21,text,true,,11,0,50,100,null,2,0,0
1736081003450,0,Select By Actor_ID,200,OK,Select Actor 1-14,text,true,,79,0,50,100,null,0,0,0
1736081003456,2,Update Rental Date,200,OK,Update Rental 3-16,text,true,,11,0,50,100,null,2,0,0
1736081003459,0,Select By Actor_ID,200,OK,Select Actor 1-39,text,true,,78,0,50,100,null,0,0,0
1736081003466,0,Select By Actor_ID,200,OK,Select Actor 1-44,text,true,,82,0,50,100,null,0,0,0
1736081003475,0,Select By Actor_ID,200,OK,Select Actor 1-25,text,true,,78,0,50,100,null,0,0,0
1736081003482,1,Update Rental Date,200,OK,Update Rental 3-11,text,true,,11,0,50,100,null,1,0,0
1736081003492,0,Select By Actor_ID,200,OK,Select Actor 1-28,text,true,,80,0,50,100,null,0,0,0
1736081003492,0,Select By Actor_ID,200,OK,Select Actor 1-36,text,true,,78,0,50,100,null,0,0,0
1736081003498,1,Update Rental Date,200,OK,Update Rental 3-22,text,true,,11,0,50,100,null,1,0,0
1736081003508,0,Select By Actor_ID,200,OK,Select Actor 1-26,text,true,,80,0,50,100,null,0,0,0
1736081003514,0,Select By Actor_ID,200,OK,Select Actor 1-45,text,true,,81,0,50,100,null,0,0,0
1736081003518,1,Update Rental Date,200,OK,Update Rental 3-47,text,true,,11,0,50,100,null,1,0,0
1736081003521,0,Select By Actor_ID,200,OK,Select Actor 1-32,text,true,,78,0,50,100,null,0,0,0
1736081003522,0,Select By Actor_ID,200,OK,Select Actor 1-21,text,true,,76,0,50,100,null,0,0,0
1736081003536,1,Select By Actor_ID,200,OK,Select Actor 1-1,text,true,,84,0,50,100,null,1,0,0
1736081003544,1,Select By Actor_ID,200,OK,Select Actor 1-38,text,true,,82,0,50,100,null,1,0,0
1736081003559,3,Update Rental Date,200,OK,Update Rental 3-2,text,true,,11,0,50,100,null,3,0,0
1736081003579,3,Update Rental Date,200,OK,Update Rental 3-27,text,true,,11,0,50,100,null,3,0,0
1736081003595,1,Select By Actor_ID,200,OK,Select Actor 1-12,text,true,,81,0,50,100,null,1,0,0
1736081003610,2,Update Rental Date,200,OK,Update Rental 3-19,text,true,,11,0,50,100,null,2,0,0
1736081003626,1,Select By Actor_ID,200,OK,Select Actor 1-30,text,true,,79,0,50,100,null,1,0,0
1736081003634,1,Select By Actor_ID,200,OK,Select Actor 1-15,text,true,,80,0,50,100,null,1,0,0
1736081003645,1,Select By Actor_ID,200,OK,Select Actor 1-5,text,true,,80,0,50,100,null,1,0,0
1736081003645,2,Update Rental Date,200,OK,Update Rental 3-20,text,true,,11,0,50,100,null,2,0,0
1736081003648,1,Select By Actor_ID,200,OK,Select Actor 1-33,text,true,,83,0,50,100,null,1,0,0
1736081003659,2,Update Rental Date,200,OK,Update Rental 3-32,text,true,,11,0,50,100,null,2,0,0
1736081003660,3,Update Rental Date,200,OK,Update Rental 3-18,text,true,,11,0,50,100,null,3,0,0
1736081003663,2,Update Rental Date,200,OK,Update Rental 3-25,text,true,,11,0,50,100,null,2,0,0
1736081003676,1,Select By Actor_ID,200,OK,Select Actor 1-47,text,true,,79,0,50,100,null,1,0,0
1736081003690,1,Select By Actor_ID,200,OK,Select Actor 1-6,text,true,,80,0,50,100,null,1,0,0
1736081003690,2,Update Rental Date,200,OK,Update Rental 3-30,text,true,,11,0,50,100,null,2,0,0
1736081003692,2,Update Rental Date,200,OK,Update Rental 3-1,text,true,,11,0,50,100,null,2,0,0
1736081003699,0,Select By Actor_ID,200,OK,Select Actor 1-49,text,true,,81,0,50,100,null,0,0,0
1736081003703,1,Select By Actor_ID,200,OK,Select Actor 1-24,text,true,,82,0,50,100,null,0,0,0
1736081003714,2,Update Rental Date,200,OK,Update Rental 3-40,text,true,,11,0,50,100,null,2,0,0
1736081003717,2,Update Rental Date,200,OK,Update Rental 3-15,text,true,,11,0,50,100,null,2,0,0
1736081003722,2,Update Rental Date,200,OK,Update Rental 3-50,text,true,,11,0,50,100,null,2,0,0
1736081003746,0,Select By Actor_ID,200,OK,Select Actor 1-19,text,true,,85,0,50,100,null,0,0,0
1736081003769,2,Update Rental Date,200,OK,Update Rental 3-44,text,true,,11,0,50,100,null,2,0,0
1736081003776,2,Update Rental Date,200,OK,Update Rental 3-5,text,true,,11,0,50,100,null,2,0,0
1736081003795,0,Select By Actor_ID,200,OK,Select Actor 1-3,text,true,,82,0,50,100,null,0,0,0
1736081003825,1,Update Rental Date,200,OK,Update Rental 3-36,text,true,,11,0,50,100,null,1,0,0
1736081003842,0,Select By Actor_ID,200,OK,Select Actor 1-41,text,true,,80,0,50,100,null,0,0,0
1736081003847,2,Update Rental Date,200,OK,Update Rental 3-3,text,true,,11,0,50,100,null,2,0,0
1736081003847,2,Update Rental Date,200,OK,Update Rental 3-17,text,true,,11,0,50,100,null,2,0,0
1736081003854,1,Update Rental Date,200,OK,Update Rental 3-26,text,true,,11,0,50,100,null,1,0,0
1736081003867,2,Update Rental Date,200,OK,Update Rental 3-9,text,true,,11,0,50,100,null,2,0,0
1736081003882,0,Select By Actor_ID,200,OK,Select Actor 1-20,text,true,,84,0,50,100,null,0,0,0
1736081003894,0,Select By Actor_ID,200,OK,Select Actor 1-4,text,true,,80,0,50,100,null,0,0,0
1736081003901,1,Select By Actor_ID,200,OK,Select Actor 1-13,text,true,,78,0,50,100,null,1,0,1
1736081003937,1,Select By Actor_ID,200,OK,Select Actor 1-48,text,true,,80,0,50,100,null,1,0,0
1736081003950,2,Update Rental Date,200,OK,Update Rental 3-14,text,true,,11,0,50,100,null,2,0,0
1736081003979,1,Select By Actor_ID,200,OK,Select Actor 1-22,text,true,,80,0,50,100,null,1,0,0
1736081003982,2,Update Rental Date,200,OK,Update Rental 3-48,text,true,,11,0,50,100,null,2,0,0
1736081003993,2,Update Rental Date,200,OK,Update Rental 3-35,text,true,,11,0,50,100,null,2,0,0
1736081003995,1,Select By Actor_ID,200,OK,Select Actor 1-7,text,true,,83,0,50,100,null,1,0,0
1736081004003,1,Select By Actor_ID,200,OK,Select Actor 1-34,text,true,,81,0,50,100,null,1,0,0
1736081004018,2,Update Rental Date,200,OK,Update Rental 3-34,text,true,,11,0,50,100,null,2,0,0
1736081004037,3,Update Rental Date,200,OK,Update Rental 3-33,text,true,,11,0,50,100,null,3,0,0
1736081004038,3,Update Rental Date,200,OK,Update Rental 3-23,text,true,,11,0,50,100,null,3,0,0
1736081004055,2,Update Rental Date,200,OK,Update Rental 3-12,text,true,,11,0,50,100,null,2,0,0
1736081004057,2,Update Rental Date,200,OK,Update Rental 3-49,text,true,,11,0,50,100,null,2,0,0
1736081004097,2,Update Rental Date,200,OK,Update Rental 3-11,text,true,,11,0,50,100,null,2,0,0
1736081004106,1,Select By Actor_ID,200,OK,Select Actor 1-42,text,true,,79,0,50,100,null,1,0,0
1736081004106,2,Update Rental Date,200,OK,Update Rental 3-42,text,true,,11,0,50,100,null,2,0,0
1736081004126,2,Update Rental Date,200,OK,Update Rental 3-45,text,true,,11,0,50,100,null,2,0,0
1736081004129,1,Select By Actor_ID,200,OK,Select Actor 1-35,text,true,,80,0,50,100,null,0,0,0
1736081004130,0,Select By Actor_ID,200,OK,Select Actor 1-10,text,true,,81,0,50,100,null,0,0,0
1736081004140,1,Select By Actor_ID,200,OK,Select Actor 1-37,text,true,,82,0,50,100,null,1,0,0
1736081004149,2,Update Rental Date,200,OK,Update Rental 3-4,text,true,,11,0,50,100,null,2,0,0
1736081004178,3,Update Rental Date,200,OK,Update Rental 3-28,text,true,,11,0,50,100,null,3,0,0
1736081004203,0,Select By Actor_ID,200,OK,Select Actor 1-23,text,true,,78,0,50,100,null,0,0,0
1736081004205,0,Select By Actor_ID,200,OK,Select Actor 1-31,text,true,,78,0,50,100,null,0,0,0
1736081004208,2,Update Rental Date,200,OK,Update Rental 3-8,text,true,,11,0,50,100,null,2,0,0
1736081004223,0,Select By Actor_ID,200,OK,Select Actor 1-30,text,true,,83,0,50,100,null,0,0,0
1736081004224,2,Update Rental Date,200,OK,Update Rental 3-43,text,true,,11,0,50,100,null,2,0,0
1736081004245,0,Select By Actor_ID,200,OK,Select Actor 1-43,text,true,,83,0,50,100,null,0,0,0
1736081004247,0,Select By Actor_ID,200,OK,Select Actor 1-16,text,true,,81,0,50,100,null,0,0,0
1736081004247,0,Select By Actor_ID,200,OK,Select Actor 1-9,text,true,,83,0,50,100,null,0,0,0
1736081004250,2,Update Rental Date,200,OK,Update Rental 3-15,text,true,,11,0,50,100,null,2,0,0
1736081004252,0,Select By Actor_ID,200,OK,Select Actor 1-46,text,true,,80,0,50,100,null,0,0,0
1736081004263,0,Select By Actor_ID,200,OK,Select Actor 1-2,text,true,,81,0,50,100,null,0,0,0
1736081004284,2,Update Rental Date,200,OK,Update Rental 3-10,text,true,,11,0,50,100,null,2,0,0
1736081004307,2,Update Rental Date,200,OK,Update Rental 3-47,text,true,,11,0,50,100,null,2,0,0
1736081004328,3,Update Rental Date,200,OK,Update Rental 3-38,text,true,,11,0,50,100,null,3,0,0
1736081004341,2,Update Rental Date,200,OK,Update Rental 3-29,text,true,,11,0,50,100,null,2,0,0
1736081004348,1,Select By Actor_ID,200,OK,Select Actor 1-45,text,true,,80,0,50,100,null,1,0,0
1736081004359,1,Select By Actor_ID,200,OK,Select Actor 1-11,text,true,,81,0,50,100,null,1,0,0
1736081004371,1,Select By Actor_ID,200,OK,Select Actor 1-24,text,true,,78,0,50,100,null,1,0,0
1736081004380,2,Update Rental Date,200,OK,Update Rental 3-31,text,true,,11,0,50,100,null,2,0,0
1736081004383,2,Update Rental Date,200,OK,Update Rental 3-6,text,true,,11,0,50,100,null,2,0,0
1736081004385,1,Select By Actor_ID,200,OK,Select Actor 1-8,text,true,,82,0,50,100,null,1,0,0
1736081004388,2,Update Rental Date,200,OK,Update Rental 3-27,text,true,,11,0,50,100,null,2,0,0
1736081004393,1,Select By Actor_ID,200,OK,Select Actor 1-19,text,true,,83,0,50,100,null,1,0,0
1736081004410,0,Select By Actor_ID,200,OK,Select Actor 1-50,text,true,,81,0,50,100,null,0,0,0
1736081004424,2,Update Rental Date,200,OK,Update Rental 3-5,text,true,,11,0,50,100,null,2,0,0
1736081004427,2,Update Rental Date,200,OK,Update Rental 3-32,text,true,,11,0,50,100,null,2,0,0
1736081004442,1,Update Rental Date,200,OK,Update Rental 3-7,text,true,,11,0,50,100,null,1,0,0
1736081004449,1,Update Rental Date,200,OK,Update Rental 3-44,text,true,,11,0,50,100,null,1,0,0
1736081004451,1,Update Rental Date,200,OK,Update Rental 3-24,text,true,,11,0,50,100,null,1,0,0
1736081004460,0,Select By Actor_ID,200,OK,Select Actor 1-4,text,true,,80,0,50,100,null,0,0,0
1736081004461,0,Select By Actor_ID,200,OK,Select Actor 1-40,text,true,,79,0,50,100,null,0,0,0
1736081004469,2,Update Rental Date,200,OK,Update Rental 3-18,text,true,,11,0,50,100,null,2,0,0
1736081004474,0,Select By Actor_ID,200,OK,Select Actor 1-39,text,true,,79,0,50,100,null,0,0,0
1736081004475,0,Select By Actor_ID,200,OK,Select Actor 1-18,text,true,,82,0,50,100,null,0,0,0
1736081004478,0,Select By Actor_ID,200,OK,Select Actor 1-38,text,true,,80,0,50,100,null,0,0,0
1736081004483,0,Select By Actor_ID,200,OK,Select Actor 1-6,text,true,,79,0,50,100,null,0,0,0
1736081004520,1,Update Rental Date,200,OK,Update Rental 3-30,text,true,,11,0,50,100,null,1,0,0
1736081004564,1,Select By Actor_ID,200,OK,Select Actor 1-29,text,true,,78,0,50,100,null,1,0,0
1736081004578,3,Update Rental Date,200,OK,Update Rental 3-16,text,true,,11,0,50,100,null,3,0,0
1736081004590,1,Select By Actor_ID,200,OK,Select Actor 1-33,text,true,,81,0,50,100,null,1,0,0
1736081004593,2,Update Rental Date,200,OK,Update Rental 3-41,text,true,,11,0,50,100,null,2,0,0
1736081004602,1,Select By Actor_ID,200,OK,Select Actor 1-21,text,true,,83,0,50,100,null,1,0,0
1736081004615,2,Update Rental Date,200,OK,Update Rental 3-1,text,true,,11,0,50,100,null,2,0,0
1736081004617,2,Update Rental Date,200,OK,Update Rental 3-46,text,true,,11,0,50,100,null,2,0,0
1736081004620,1,Select By Actor_ID,200,OK,Select Actor 1-12,text,true,,78,0,50,100,null,1,0,0
1736081004619,2,Update Rental Date,200,OK,Update Rental 3-39,text,true,,11,0,50,100,null,2,0,0
1736081004646,3,Update Rental Date,200,OK,Update Rental 3-49,text,true,,11,0,50,100,null,3,0,0
1736081004649,2,Update Rental Date,200,OK,Update Rental 3-2,text,true,,11,0,50,100,null,2,0,0
1736081004674,2,Update Rental Date,200,OK,Update Rental 3-37,text,true,,11,0,50,100,null,2,0,0
1736081004679,2,Update Rental Date,200,OK,Update Rental 3-19,text,true,,11,0,50,100,null,2,0,0
1736081004693,2,Update Rental Date,200,OK,Update Rental 3-48,text,true,,11,0,50,100,null,2,0,0
1736081004700,0,Select By Actor_ID,200,OK,Select Actor 1-26,text,true,,77,0,50,100,null,0,0,0
1736081004705,2,Update Rental Date,200,OK,Update Rental 3-35,text,true,,11,0,50,100,null,2,0,0
1736081004720,2,Update Rental Date,200,OK,Update Rental 3-12,text,true,,11,0,50,100,null,2,0,0
1736081004725,0,Select By Actor_ID,200,OK,Select Actor 1-41,text,true,,78,0,50,100,null,0,0,0
1736081004735,3,Update Rental Date,200,OK,Update Rental 3-13,text,true,,11,0,50,100,null,3,0,0
1736081004757,0,Select By Actor_ID,200,OK,Select Actor 1-9,text,true,,81,0,50,100,null,0,0,0
1736081004770,0,Select By Actor_ID,200,OK,Select Actor 1-23,text,true,,80,0,50,100,null,0,0,0
1736081004776,0,Select By Actor_ID,200,OK,Select Actor 1-17,text,true,,83,0,50,100,null,0,0,0
1736081004777,2,Update Rental Date,200,OK,Update Rental 3-42,text,true,,11,0,50,100,null,2,0,0
1736081004787,2,Update Rental Date,200,OK,Update Rental 3-20,text,true,,11,0,50,100,null,2,0,0
1736081004795,2,Update Rental Date,200,OK,Update Rental 3-21,text,true,,11,0,50,100,null,2,0,0
1736081004804,2,Update Rental Date,200,OK,Update Rental 3-33,text,true,,11,0,50,100,null,2,0,0
1736081004818,0,Select By Actor_ID,200,OK,Select Actor 1-20,text,true,,81,0,50,100,null,0,0,0
1736081004822,0,Select By Actor_ID,200,OK,Select Actor 1-27,text,true,,77,0,50,100,null,0,0,0
1736081004832,3,Update Rental Date,200,OK,Update Rental 3-23,text,true,,11,0,50,100,null,3,0,0
1736081004833,4,Update Rental Date,200,OK,Update Rental 3-14,text,true,,11,0,50,100,null,4,0,0
1736081004843,0,Select By Actor_ID,200,OK,Select Actor 1-28,text,true,,84,0,50,100,null,0,0,0
1736081004843,0,Select By Actor_ID,200,OK,Select Actor 1-32,text,true,,82,0,50,100,null,0,0,0
1736081004844,2,Update Rental Date,200,OK,Update Rental 3-26,text,true,,11,0,50,100,null,2,0,0
1736081004846,0,Select By Actor_ID,200,OK,Select Actor 1-1,text,true,,78,0,50,100,null,0,0,0
1736081004855,0,Select By Actor_ID,200,OK,Select Actor 1-25,text,true,,84,0,50,100,null,0,0,0
1736081004872,0,Select By Actor_ID,200,OK,Select Actor 1-42,text,true,,80,0,50,100,null,0,0,0
1736081004875,0,Select By Actor_ID,200,OK,Select Actor 1-47,text,true,,79,0,50,100,null,0,0,0
1736081004891,1,Select By Actor_ID,200,OK,Select Actor 1-46,text,true,,80,0,50,100,null,1,0,0
1736081004900,1,Select By Actor_ID,200,OK,Select Actor 1-24,text,true,,79,0,50,100,null,1,0,0
1736081004900,3,Update Rental Date,200,OK,Update Rental 3-36,text,true,,11,0,50,100,null,3,0,0
1736081004904,3,Update Rental Date,200,OK,Update Rental 3-3,text,true,,11,0,50,100,null,3,0,0
1736081004916,2,Update Rental Date,200,OK,Update Rental 3-22,text,true,,11,0,50,100,null,2,0,0
1736081004921,2,Update Rental Date,200,OK,Update Rental 3-43,text,true,,11,0,50,100,null,2,0,0
1736081004939,1,Select By Actor_ID,200,OK,Select Actor 1-15,text,true,,84,0,50,100,null,1,0,0
1736081004941,1,Select By Actor_ID,200,OK,Select Actor 1-14,text,true,,83,0,50,100,null,1,0,0
1736081004951,1,Select By Actor_ID,200,OK,Select Actor 1-35,text,true,,81,0,50,100,null,1,0,0
1736081004951,1,Select By Actor_ID,200,OK,Select Actor 1-34,text,true,,85,0,50,100,null,1,0,0
1736081004950,3,Update Rental Date,200,OK,Update Rental 3-31,text,true,,11,0,50,100,null,3,0,0
1736081004956,1,Select By Actor_ID,200,OK,Select Actor 1-44,text,true,,81,0,50,100,null,1,0,0
1736081004967,1,Select By Actor_ID,200,OK,Select Actor 1-2,text,true,,80,0,50,100,null,1,0,0
1736081004976,1,Select By Actor_ID,200,OK,Select Actor 1-5,text,true,,80,0,50,100,null,1,0,0
1736081004989,1,Select By Actor_ID,200,OK,Select Actor 1-36,text,true,,82,0,50,100,null,1,0,0
1736081004989,1,Select By Actor_ID,200,OK,Select Actor 1-16,text,true,,86,0,50,100,null,1,0,0
1736081004991,2,Update Rental Date,200,OK,Update Rental 3-34,text,true,,11,0,50,100,null,2,0,0
1736081004992,2,Update Rental Date,200,OK,Update Rental 3-25,text,true,,11,0,50,100,null,2,0,0
1736081005003,2,Update Rental Date,200,OK,Update Rental 3-40,text,true,,11,0,50,100,null,2,0,0
1736081005006,2,Update Rental Date,200,OK,Update Rental 3-28,text,true,,11,0,50,100,null,2,0,0
1736081005018,1,Select By Actor_ID,200,OK,Select Actor 1-3,text,true,,84,0,50,100,null,1,0,0
1736081005031,1,Select By Actor_ID,200,OK,Select Actor 1-49,text,true,,80,0,50,100,null,1,0,0
1736081005040,1,Select By Actor_ID,200,OK,Select Actor 1-4,text,true,,81,0,50,100,null,1,0,0
1736081005052,3,Update Rental Date,200,OK,Update Rental 3-17,text,true,,11,0,50,100,null,3,0,0
1736081005055,0,Select By Actor_ID,200,OK,Select Actor 1-22,text,true,,79,0,50,100,null,0,0,0
1736081005059,2,Update Rental Date,200,OK,Update Rental 3-18,text,true,,11,0,50,100,null,2,0,0
1736081005062,0,Select By Actor_ID,200,OK,Select Actor 1-48,text,true,,83,0,50,100,null,0,0,0
1736081005070,1,Select By Actor_ID,200,OK,Select Actor 1-11,text,true,,84,0,50,100,null,0,0,0
1736081005078,2,Update Rental Date,200,OK,Update Rental 3-45,text,true,,11,0,50,100,null,2,0,0
1736081005085,0,Select By Actor_ID,200,OK,Select Actor 1-13,text,true,,80,0,50,100,null,0,0,0
1736081005098,2,Update Rental Date,200,OK,Update Rental 3-50,text,true,,11,0,50,100,null,2,0,0
1736081005125,2,Update Rental Date,200,OK,Update Rental 3-41,text,true,,11,0,50,100,null,2,0,0
1736081005138,2,Update Rental Date,200,OK,Update Rental 3-9,text,true,,11,0,50,100,null,2,0,0
1736081005147,0,Select By Actor_ID,200,OK,Select Actor 1-39,text,true,,82,0,50,100,null,0,0,0
1736081005160,2,Update Rental Date,200,OK,Update Rental 3-29,text,true,,11,0,50,100,null,2,0,0
1736081005162,2,Update Rental Date,200,OK,Update Rental 3-46,text,true,,11,0,50,100,null,2,0,0
1736081005181,1,Update Rental Date,200,OK,Update Rental 3-4,text,true,,11,0,50,100,null,1,0,0
1736081005215,0,Select By Actor_ID,200,OK,Select Actor 1-8,text,true,,77,0,50,100,null,0,0,0
1736081005224,2,Update Rental Date,200,OK,Update Rental 3-27,text,true,,11,0,50,100,null,2,0,0
1736081005251,0,Select By Actor_ID,200,OK,Select Actor 1-10,text,true,,83,0,50,100,null,0,0,0
1736081005263,1,Select By Actor_ID,200,OK,Select Actor 1-37,text,true,,85,0,50,100,null,1,0,0
1736081005283,1,Select By Actor_ID,200,OK,Select Actor 1-29,text,true,,79,0,50,100,null,1,0,0
1736081005283,2,Update Rental Date,200,OK,Update Rental 3-37,text,true,,11,0,50,100,null,2,0,0
1736081005300,3,Update Rental Date,200,OK,Update Rental 3-5,text,true,,11,0,50,100,null,3,0,0
1736081005314,2,Update Rental Date,200,OK,Update Rental 3-15,text,true,,11,0,50,100,null,2,0,0
1736081005319,2,Update Rental Date,200,OK,Update Rental 3-33,text,true,,11,0,50,100,null,2,0,0
1736081005322,1,Select By Actor_ID,200,OK,Select Actor 1-20,text,true,,82,0,50,100,null,1,0,0
1736081005332,1,Select By Actor_ID,200,OK,Select Actor 1-33,text,true,,83,0,50,100,null,1,0,0
1736081005333,2,Update Rental Date,200,OK,Update Rental 3-13,text,true,,11,0,50,100,null,2,0,0
1736081005338,2,Update Rental Date,200,OK,Update Rental 3-39,text,true,,11,0,50,100,null,2,0,0
1736081005345,1,Select By Actor_ID,200,OK,Select Actor 1-45,text,true,,83,0,50,100,null,1,0,0
1736081005349,1,Select By Actor_ID,200,OK,Select Actor 1-21,text,true,,84,0,50,100,null,1,0,0
1736081005365,2,Update Rental Date,200,OK,Update Rental 3-24,text,true,,11,0,50,100,null,2,0,0
1736081005377,1,Select By Actor_ID,200,OK,Select Actor 1-30,text,true,,83,0,50,100,null,1,0,0
1736081005393,1,Select By Actor_ID,200,OK,Select Actor 1-7,text,true,,86,0,50,100,null,1,0,0
1736081005407,1,Select By Actor_ID,200,OK,Select Actor 1-50,text,true,,82,0,50,100,null,1,0,0
1736081005407,1,Select By Actor_ID,200,OK,Select Actor 1-23,text,true,,84,0,50,100,null,1,0,0
1736081005426,2,Update Rental Date,200,OK,Update Rental 3-20,text,true,,11,0,50,100,null,2,0,0
1736081005437,1,Select By Actor_ID,200,OK,Select Actor 1-27,text,true,,81,0,50,100,null,1,0,0
1736081005453,2,Update Rental Date,200,OK,Update Rental 3-10,text,true,,11,0,50,100,null,2,0,0
1736081005453,2,Update Rental Date,200,OK,Update Rental 3-30,text,true,,11,0,50,100,null,2,0,0
1736081005456,0,Select By Actor_ID,200,OK,Select Actor 1-38,text,true,,80,0,50,100,null,0,0,0
1736081005459,2,Update Rental Date,200,OK,Update Rental 3-11,text,true,,11,0,50,100,null,2,0,0
1736081005475,0,Select By Actor_ID,200,OK,Select Actor 1-28,text,true,,81,0,50,100,null,0,0,0
1736081005519,2,Update Rental Date,200,OK,Update Rental 3-8,text,true,,11,0,50,100,null,2,0,0
1736081005531,0,Select By Actor_ID,200,OK,Select Actor 1-26,text,true,,81,0,50,100,null,0,0,0
1736081005553,2,Update Rental Date,200,OK,Update Rental 3-43,text,true,,11,0,50,100,null,2,0,0
1736081005562,1,Update Rental Date,200,OK,Update Rental 3-47,text,true,,11,0,50,100,null,1,0,0
1736081005579,2,Update Rental Date,200,OK,Update Rental 3-44,text,true,,11,0,50,100,null,2,0,0
1736081005592,0,Select By Actor_ID,200,OK,Select Actor 1-12,text,true,,78,0,50,100,null,0,0,0
1736081005621,1,Update Rental Date,200,OK,Update Rental 3-40,text,true,,11,0,50,100,null,1,0,0
1736081005623,1,Update Rental Date,200,OK,Update Rental 3-32,text,true,,11,0,50,100,null,1,0,0
1736081005637,1,Select By Actor_ID,200,OK,Select Actor 1-19,text,true,,81,0,50,100,null,1,0,0
1736081005647,1,Select By Actor_ID,200,OK,Select Actor 1-24,text,true,,81,0,50,100,null,1,0,0
1736081005668,1,Select By Actor_ID,200,OK,Select Actor 1-31,text,true,,83,0,50,100,null,1,0,0
1736081005668,3,Update Rental Date,200,OK,Update Rental 3-3,text,true,,11,0,50,100,null,3,0,0
1736081005704,28,Update Rental Date,200,OK,Update Rental 3-36,text,true,,11,0,50,100,null,28,0,0
1736081005724,9,Update Rental Date,200,OK,Update Rental 3-6,text,true,,11,0,50,100,null,9,0,0
1736081005730,4,Update Rental Date,200,OK,Update Rental 3-7,text,true,,11,0,50,100,null,4,0,0
1736081005733,2,Update Rental Date,200,OK,Update Rental 3-16,text,true,,11,0,50,100,null,2,0,0
1736081005735,1,Select By Actor_ID,200,OK,Select Actor 1-43,text,true,,83,0,50,100,null,1,0,0
1736081005765,2,Select By Actor_ID,200,OK,Select Actor 1-5,text,true,,81,0,50,100,null,1,0,0
1736081005760,7,Update Rental Date,200,OK,Update Rental 3-42,text,true,,11,0,50,100,null,7,0,0
1736081005764,5,Update Rental Date,200,OK,Update Rental 3-46,text,true,,11,0,50,100,null,5,0,0
1736081005775,3,Update Rental Date,200,OK,Update Rental 3-1,text,true,,11,0,50,100,null,3,0,0
1736081005780,3,Update Rental Date,200,OK,Update Rental 3-4,text,true,,11,0,50,100,null,3,0,0
1736081005784,2,Update Rental Date,200,OK,Update Rental 3-28,text,true,,11,0,50,100,null,2,0,0
1736081005818,3,Update Rental Date,200,OK,Update Rental 3-38,text,true,,11,0,50,100,null,3,0,0
1736081005823,2,Update Rental Date,200,OK,Update Rental 3-37,text,true,,11,0,50,100,null,2,0,0
1736081005837,0,Select By Actor_ID,200,OK,Select Actor 1-48,text,true,,82,0,50,100,null,0,0,0
1736081005843,1,Select By Actor_ID,200,OK,Select Actor 1-40,text,true,,80,0,50,100,null,1,0,1
1736081005868,1,Select By Actor_ID,200,OK,Select Actor 1-45,text,true,,86,0,50,100,null,1,0,0
1736081005876,1,Select By Actor_ID,200,OK,Select Actor 1-47,text,true,,78,0,50,100,null,1,0,0
1736081005898,1,Select By Actor_ID,200,OK,Select Actor 1-29,text,true,,78,0,50,100,null,1,0,0
1736081005897,3,Update Rental Date,200,OK,Update Rental 3-2,text,true,,11,0,50,100,null,3,0,0
1736081005903,1,Select By Actor_ID,200,OK,Select Actor 1-44,text,true,,84,0,50,100,null,1,0,0
1736081005907,1,Select By Actor_ID,200,OK,Select Actor 1-15,text,true,,82,0,50,100,null,1,0,0
1736081005907,1,Select By Actor_ID,200,OK,Select Actor 1-35,text,true,,80,0,50,100,null,1,0,0
1736081005917,0,Select By Actor_ID,200,OK,Select Actor 1-6,text,true,,80,0,50,100,null,0,0,0
1736081005919,1,Select By Actor_ID,200,OK,Select Actor 1-41,text,true,,80,0,50,100,null,1,0,0
1736081005942,1,Select By Actor_ID,200,OK,Select Actor 1-18,text,true,,80,0,50,100,null,1,0,0
1736081005951,2,Update Rental Date,200,OK,Update Rental 3-23,text,true,,11,0,50,100,null,2,0,0
1736081005959,2,Update Rental Date,200,OK,Update Rental 3-48,text,true,,11,0,50,100,null,2,0,0
1736081005967,1,Select By Actor_ID,200,OK,Select Actor 1-42,text,true,,80,0,50,100,null,0,0,0
1736081005969,2,Update Rental Date,200,OK,Update Rental 3-49,text,true,,11,0,50,100,null,2,0,0
1736081005979,0,Select By Actor_ID,200,OK,Select Actor 1-33,text,true,,77,0,50,100,null,0,0,0
1736081006001,0,Select By Actor_ID,200,OK,Select Actor 1-36,text,true,,83,0,50,100,null,0,0,0
1736081006013,0,Select By Actor_ID,200,OK,Select Actor 1-17,text,true,,84,0,50,100,null,0,0,0
1736081006015,2,Update Rental Date,200,OK,Update Rental 3-26,text,true,,11,0,50,100,null,2,0,0
1736081006019,2,Update Rental Date,200,OK,Update Rental 3-35,text,true,,11,0,50,100,null,2,0,0
1736081006031,2,Update Rental Date,200,OK,Update Rental 3-30,text,true,,11,0,50,100,null,2,0,0
1736081006039,0,Select By Actor_ID,200,OK,Select Actor 1-3,text,true,,81,0,50,100,null,0,0,0
1736081006041,0,Select By Actor_ID,200,OK,Select Actor 1-34,text,true,,79,0,50,100,null,0,0,0
1736081006044,0,Select By Actor_ID,200,OK,Select Actor 1-30,text,true,,80,0,50,100,null,0,0,0
1736081006045,2,Update Rental Date,200,OK,Update Rental 3-14,text,true,,11,0,50,100,null,2,0,0
1736081006050,1,Update Rental Date,200,OK,Update Rental 3-13,text,true,,11,0,50,100,null,1,0,0
1736081006057,1,Update Rental Date,200,OK,Update Rental 3-5,text,true,,11,0,50,100,null,1,0,0
1736081006080,2,Update Rental Date,200,OK,Update Rental 3-12,text,true,,11,0,50,100,null,2,0,0
1736081006093,0,Select By Actor_ID,200,OK,Select Actor 1-14,text,true,,80,0,50,100,null,0,0,0
1736081006096,2,Update Rental Date,200,OK,Update Rental 3-19,text,true,,11,0,50,100,null,2,0,0
1736081006105,2,Update Rental Date,200,OK,Update Rental 3-22,text,true,,11,0,50,100,null,2,0,0
1736081006116,0,Select By Actor_ID,200,OK,Select Actor 1-1,text,true,,79,0,50,100,null,0,0,0
1736081006125,0,Select By Actor_ID,200,OK,Select Actor 1-28,text,true,,82,0,50,100,null,0,0,0
1736081006133,2,Update Rental Date,200,OK,Update Rental 3-15,text,true,,11,0,50,100,null,2,0,0
1736081006141,0,Select By Actor_ID,200,OK,Select Actor 1-22,text,true,,80,0,50,100,null,0,0,0
1736081006140,1,Update Rental Date,200,OK,Update Rental 3-27,text,true,,11,0,50,100,null,1,0,0
1736081006150,1,Update Rental Date,200,OK,Update Rental 3-34,text,true,,11,0,50,100,null,1,0,0
1736081006160,0,Select By Actor_ID,200,OK,Select Actor 1-9,text,true,,84,0,50,100,null,0,0,0
1736081006160,2,Update Rental Date,200,OK,Update Rental 3-47,text,true,,11,0,50,100,null,2,0,0
1736081006160,2,Update Rental Date,200,OK,Update Rental 3-17,text,true,,11,0,50,100,null,2,0,0
1736081006169,2,Update Rental Date,200,OK,Update Rental 3-25,text,true,,11,0,50,100,null,2,0,0
1736081006178,1,Select By Actor_ID,200,OK,Select Actor 1-2,text,true,,81,0,50,100,null,1,0,0
1736081006194,2,Update Rental Date,200,OK,Update Rental 3-21,text,true,,11,0,50,100,null,2,0,0
1736081006214,2,Update Rental Date,200,OK,Update Rental 3-20,text,true,,11,0,50,100,null,2,0,0
1736081006233,4,Update Rental Date,200,OK,Update Rental 3-8,text,true,,11,0,50,100,null,4,0,0
1736081006235,3,Update Rental Date,200,OK,Update Rental 3-41,text,true,,11,0,50,100,null,3,0,0
1736081006239,3,Update Rental Date,200,OK,Update Rental 3-16,text,true,,11,0,50,100,null,2,0,0
1736081006244,1,Select By Actor_ID,200,OK,Select Actor 1-23,text,true,,79,0,50,100,null,1,0,0
1736081006249,1,Select By Actor_ID,200,OK,Select Actor 1-27,text,true,,80,0,50,100,null,1,0,0
1736081006260,1,Select By Actor_ID,200,OK,Select Actor 1-24,text,true,,80,0,50,100,null,1,0,0
1736081006264,2,Update Rental Date,200,OK,Update Rental 3-50,text,true,,11,0,50,100,null,2,0,0
1736081006268,2,Update Rental Date,200,OK,Update Rental 3-24,text,true,,11,0,50,100,null,2,0,0
1736081006276,2,Update Rental Date,200,OK,Update Rental 3-31,text,true,,11,0,50,100,null,2,0,0
1736081006290,1,Select By Actor_ID,200,OK,Select Actor 1-32,text,true,,83,0,50,100,null,1,0,0
1736081006318,1,Select By Actor_ID,200,OK,Select Actor 1-46,text,true,,84,0,50,100,null,0,0,0
1736081006320,0,Select By Actor_ID,200,OK,Select Actor 1-50,text,true,,79,0,50,100,null,0,0,0
1736081006321,2,Update Rental Date,200,OK,Update Rental 3-18,text,true,,11,0,50,100,null,2,0,0
1736081006324,0,Select By Actor_ID,200,OK,Select Actor 1-25,text,true,,84,0,50,100,null,0,0,0
1736081006342,2,Update Rental Date,200,OK,Update Rental 3-29,text,true,,11,0,50,100,null,2,0,0
1736081006344,0,Select By Actor_ID,200,OK,Select Actor 1-43,text,true,,83,0,50,100,null,0,0,0
1736081006360,2,Update Rental Date,200,OK,Update Rental 3-40,text,true,,11,0,50,100,null,2,0,0
1736081006389,2,Update Rental Date,200,OK,Update Rental 3-3,text,true,,11,0,50,100,null,2,0,0
1736081006405,0,Select By Actor_ID,200,OK,Select Actor 1-11,text,true,,81,0,50,100,null,0,0,0
1736081006423,0,Select By Actor_ID,200,OK,Select Actor 1-45,text,true,,78,0,50,100,null,0,0,0
1736081006433,2,Update Rental Date,200,OK,Update Rental 3-46,text,true,,11,0,50,100,null,2,0,0
1736081006438,1,Select By Actor_ID,200,OK,Select Actor 1-16,text,true,,79,0,50,100,null,1,0,0
1736081006446,0,Select By Actor_ID,200,OK,Select Actor 1-13,text,true,,84,0,50,100,null,0,0,0
1736081006478,0,Select By Actor_ID,200,OK,Select Actor 1-4,text,true,,80,0,50,100,null,0,0,0
1736081006487,0,Select By Actor_ID,200,OK,Select Actor 1-10,text,true,,80,0,50,100,null,0,0,0
1736081006495,3,Update Rental Date,200,OK,Update Rental 3-32,text,true,,11,0,50,100,null,3,0,0
1736081006501,0,Select By Actor_ID,200,OK,Select Actor 1-49,text,true,,80,0,50,100,null,0,0,0
1736081006505,0,Select By Actor_ID,200,OK,Select Actor 1-37,text,true,,81,0,50,100,null,0,0,0
1736081006510,2,Update Rental Date,200,OK,Update Rental 3-9,text,true,,11,0,50,100,null,2,0,0
1736081006531,1,Select By Actor_ID,200,OK,Select Actor 1-47,text,true,,82,0,50,100,null,1,0,0
1736081006540,3,Update Rental Date,200,OK,Update Rental 3-38,text,true,,11,0,50,100,null,3,0,0
1736081006540,3,Update Rental Date,200,OK,Update Rental 3-45,text,true,,11,0,50,100,null,3,0,0
1736081006547,2,Update Rental Date,200,OK,Update Rental 3-26,text,true,,11,0,50,100,null,2,0,0
1736081006557,2,Update Rental Date,200,OK,Update Rental 3-6,text,true,,11,0,50,100,null,2,0,0
1736081006558,2,Update Rental Date,200,OK,Update Rental 3-44,text,true,,11,0,50,100,null,2,0,0
1736081006575,1,Select By Actor_ID,200,OK,Select Actor 1-39,text,true,,83,0,50,100,null,1,0,0
1736081006577,3,Update Rental Date,200,OK,Update Rental 3-49,text,true,,11,0,50,100,null,3,0,0
1736081006580,1,Select By Actor_ID,200,OK,Select Actor 1-8,text,true,,82,0,50,100,null,1,0,0
1736081006579,3,Update Rental Date,200,OK,Update Rental 3-43,text,true,,11,0,50,100,null,3,0,0
1736081006585,2,Update Rental Date,200,OK,Update Rental 3-37,text,true,,11,0,50,100,null,2,0,0
1736081006592,2,Update Rental Date,200,OK,Update Rental 3-30,text,true,,11,0,50,100,null,2,0,0
1736081006612,1,Select By Actor_ID,200,OK,Select Actor 1-33,text,true,,81,0,50,100,null,1,0,0
1736081006614,1,Select By Actor_ID,200,OK,Select Actor 1-12,text,true,,79,0,50,100,null,1,0,0
1736081006641,1,Select By Actor_ID,200,OK,Select Actor 1-21,text,true,,82,0,50,100,null,1,0,0
1736081006643,2,Update Rental Date,200,OK,Update Rental 3-4,text,true,,11,0,50,100,null,2,0,0
1736081006664,2,Update Rental Date,200,OK,Update Rental 3-23,text,true,,11,0,50,100,null,2,0,0
1736081006675,3,Update Rental Date,200,OK,Update Rental 3-5,text,true,,11,0,50,100,null,3,0,0
1736081006684,2,Update Rental Date,200,OK,Update Rental 3-39,text,true,,11,0,50,100,null,2,0,0
1736081006708,2,Update Rental Date,200,OK,Update Rental 3-21,text,true,,11,0,50,100,null,2,0,0
1736081006722,1,Select By Actor_ID,200,OK,Select Actor 1-34,text,true,,80,0,50,100,null,0,0,0
1736081006721,2,Update Rental Date,200,OK,Update Rental 3-14,text,true,,11,0,50,100,null,2,0,0
1736081006735,0,Select By Actor_ID,200,OK,Select Actor 1-26,text,true,,86,0,50,100,null,0,0,0
1736081006746,0,Select By Actor_ID,200,OK,Select Actor 1-30,text,true,,79,0,50,100,null,0,0,0
1736081006755,2,Update Rental Date,200,OK,Update Rental 3-10,text,true,,11,0,50,100,null,2,0,0
1736081006760,1,Select By Actor_ID,200,OK,Select Actor 1-18,text,true,,88,0,50,100,null,0,0,0
1736081006759,2,Update Rental Date,200,OK,Update Rental 3-11,text,true,,11,0,50,100,null,2,0,0
1736081006762,0,Select By Actor_ID,200,OK,Select Actor 1-20,text,true,,80,0,50,100,null,0,0,0
1736081006761,2,Update Rental Date,200,OK,Update Rental 3-8,text,true,,11,0,50,100,null,2,0,0
1736081006768,0,Select By Actor_ID,200,OK,Select Actor 1-42,text,true,,77,0,50,100,null,0,0,0
1736081006769,0,Select By Actor_ID,200,OK,Select Actor 1-6,text,true,,85,0,50,100,null,0,0,0
1736081006777,0,Select By Actor_ID,200,OK,Select Actor 1-7,text,true,,88,0,50,100,null,0,0,0
1736081006784,2,Update Rental Date,200,OK,Update Rental 3-36,text,true,,11,0,50,100,null,2,0,0
1736081006812,2,Update Rental Date,200,OK,Update Rental 3-33,text,true,,11,0,50,100,null,2,0,0
1736081006841,0,Select By Actor_ID,200,OK,Select Actor 1-38,text,true,,83,0,50,100,null,0,0,0
1736081006855,1,Update Rental Date,200,OK,Update Rental 3-1,text,true,,11,0,50,100,null,1,0,0
1736081006869,0,Select By Actor_ID,200,OK,Select Actor 1-31,text,true,,79,0,50,100,null,0,0,0
1736081006875,2,Update Rental Date,200,OK,Update Rental 3-48,text,true,,11,0,50,100,null,2,0,0
1736081006888,0,Select By Actor_ID,200,OK,Select Actor 1-19,text,true,,81,0,50,100,null,0,0,0
1736081006916,1,Select By Actor_ID,200,OK,Select Actor 1-43,text,true,,79,0,50,100,null,1,0,0
1736081006921,3,Update Rental Date,200,OK,Update Rental 3-15,text,true,,11,0,50,100,null,3,0,0
1736081006948,1,Select By Actor_ID,200,OK,Select Actor 1-44,text,true,,80,0,50,100,null,1,0,0
1736081006948,3,Update Rental Date,200,OK,Update Rental 3-29,text,true,,11,0,50,100,null,3,0,0
1736081006958,1,Select By Actor_ID,200,OK,Select Actor 1-41,text,true,,79,0,50,100,null,1,0,0
1736081006973,2,Update Rental Date,200,OK,Update Rental 3-22,text,true,,11,0,50,100,null,2,0,0
1736081006974,2,Update Rental Date,200,OK,Update Rental 3-46,text,true,,11,0,50,100,null,2,0,0
1736081006979,1,Select By Actor_ID,200,OK,Select Actor 1-35,text,true,,83,0,50,100,null,1,0,0
1736081006982,1,Select By Actor_ID,200,OK,Select Actor 1-45,text,true,,79,0,50,100,null,1,0,0
1736081006998,1,Select By Actor_ID,200,OK,Select Actor 1-32,text,true,,83,0,50,100,null,1,0,0
1736081007054,2,Update Rental Date,200,OK,Update Rental 3-24,text,true,,11,0,50,100,null,2,0,0
1736081007059,1,Select By Actor_ID,200,OK,Select Actor 1-40,text,true,,80,0,50,100,null,0,0,0
1736081007087,1,Select By Actor_ID,200,OK,Select Actor 1-27,text,true,,79,0,50,100,null,0,0,0
1736081007091,1,Select By Actor_ID,200,OK,Select Actor 1-1,text,true,,80,0,50,100,null,1,0,0
1736081007095,2,Update Rental Date,200,OK,Update Rental 3-20,text,true,,11,0,50,100,null,2,0,0
1736081007107,0,Select By Actor_ID,200,OK,Select Actor 1-5,text,true,,80,0,50,100,null,0,0,0
1736081007114,2,Update Rental Date,200,OK,Update Rental 3-50,text,true,,11,0,50,100,null,2,0,0
1736081007118,1,Select By Actor_ID,200,OK,Select Actor 1-29,text,true,,82,0,50,100,null,1,0,0
1736081007131,2,Update Rental Date,200,OK,Update Rental 3-28,text,true,,11,0,50,100,null,2,0,0
1736081007136,2,Update Rental Date,200,OK,Update Rental 3-27,text,true,,11,0,50,100,null,2,0,0
1736081007145,1,Select By Actor_ID,200,OK,Select Actor 1-48,text,true,,83,0,50,100,null,1,0,0
1736081007145,1,Select By Actor_ID,200,OK,Select Actor 1-9,text,true,,79,0,50,100,null,1,0,0
1736081007162,2,Update Rental Date,200,OK,Update Rental 3-42,text,true,,11,0,50,100,null,2,0,0
1736081007163,2,Update Rental Date,200,OK,Update Rental 3-4,text,true,,11,0,50,100,null,2,0,0
1736081007179,0,Select By Actor_ID,200,OK,Select Actor 1-37,text,true,,85,0,50,100,null,0,0,0
1736081007213,2,Update Rental Date,200,OK,Update Rental 3-7,text,true,,11,0,50,100,null,2,0,0
1736081007227,2,Update Rental Date,200,OK,Update Rental 3-2,text,true,,11,0,50,100,null,2,0,0
1736081007232,0,Select By Actor_ID,200,OK,Select Actor 1-17,text,true,,78,0,50,100,null,0,0,0
1736081007246,2,Update Rental Date,200,OK,Update Rental 3-5,text,true,,11,0,50,100,null,2,0,0
1736081007250,1,Update Rental Date,200,OK,Update Rental 3-19,text,true,,11,0,50,100,null,1,0,0
1736081007266,1,Update Rental Date,200,OK,Update Rental 3-43,text,true,,11,0,50,100,null,1,0,0
1736081007268,1,Update Rental Date,200,OK,Update Rental 3-13,text,true,,11,0,50,100,null,1,0,0
1736081007278,2,Update Rental Date,200,OK,Update Rental 3-40,text,true,,11,0,50,100,null,2,0,0
1736081007302,3,Update Rental Date,200,OK,Update Rental 3-34,text,true,,11,0,50,100,null,3,0,0
1736081007312,2,Update Rental Date,200,OK,Update Rental 3-16,text,true,,11,0,50,100,null,2,0,0
1736081007318,0,Select By Actor_ID,200,OK,Select Actor 1-23,text,true,,78,0,50,100,null,0,0,0
1736081007320,0,Select By Actor_ID,200,OK,Select Actor 1-7,text,true,,76,0,50,100,null,0,0,0
1736081007323,0,Select By Actor_ID,200,OK,Select Actor 1-39,text,true,,82,0,50,100,null,0,0,0
1736081007329,2,Update Rental Date,200,OK,Update Rental 3-30,text,true,,11,0,50,100,null,2,0,0
1736081007345,2,Update Rental Date,200,OK,Update Rental 3-8,text,true,,11,0,50,100,null,2,0,0
1736081007349,2,Update Rental Date,200,OK,Update Rental 3-3,text,true,,11,0,50,100,null,2,0,0
1736081007361,2,Update Rental Date,200,OK,Update Rental 3-49,text,true,,11,0,50,100,null,2,0,0
1736081007366,0,Select By Actor_ID,200,OK,Select Actor 1-18,text,true,,81,0,50,100,null,0,0,0
1736081007390,0,Select By Actor_ID,200,OK,Select Actor 1-6,text,true,,79,0,50,100,null,0,0,0
1736081007403,0,Select By Actor_ID,200,OK,Select Actor 1-15,text,true,,81,0,50,100,null,0,0,0
1736081007404,0,Select By Actor_ID,200,OK,Select Actor 1-36,text,true,,81,0,50,100,null,0,0,0
1736081007410,0,Select By Actor_ID,200,OK,Select Actor 1-3,text,true,,81,0,50,100,null,0,0,0
1736081007430,1,Update Rental Date,200,OK,Update Rental 3-41,text,true,,11,0,50,100,null,1,0,0
1736081007435,2,Update Rental Date,200,OK,Update Rental 3-35,text,true,,11,0,50,100,null,2,0,0
1736081007465,2,Update Rental Date,200,OK,Update Rental 3-31,text,true,,11,0,50,100,null,2,0,0
1736081007468,1,Update Rental Date,200,OK,Update Rental 3-10,text,true,,11,0,50,100,null,1,0,0
1736081007509,1,Select By Actor_ID,200,OK,Select Actor 1-14,text,true,,76,0,50,100,null,1,0,0
1736081007533,2,Update Rental Date,200,OK,Update Rental 3-23,text,true,,11,0,50,100,null,2,0,0
1736081007538,2,Update Rental Date,200,OK,Update Rental 3-14,text,true,,11,0,50,100,null,2,0,0
1736081007541,1,Select By Actor_ID,200,OK,Select Actor 1-20,text,true,,78,0,50,100,null,1,0,0
1736081007545,1,Select By Actor_ID,200,OK,Select Actor 1-12,text,true,,80,0,50,100,null,1,0,0
1736081007544,2,Update Rental Date,200,OK,Update Rental 3-45,text,true,,11,0,50,100,null,2,0,0
1736081007548,1,Select By Actor_ID,200,OK,Select Actor 1-50,text,true,,79,0,50,100,null,1,0,0
1736081007552,1,Select By Actor_ID,200,OK,Select Actor 1-22,text,true,,79,0,50,100,null,1,0,0
1736081007560,2,Update Rental Date,200,OK,Update Rental 3-17,text,true,,11,0,50,100,null,2,0,0
1736081007570,1,Select By Actor_ID,200,OK,Select Actor 1-28,text,true,,84,0,50,100,null,1,0,0
1736081007572,3,Update Rental Date,200,OK,Update Rental 3-12,text,true,,11,0,50,100,null,3,0,0
1736081007586,1,Select By Actor_ID,200,OK,Select Actor 1-44,text,true,,80,0,50,100,null,1,0,0
1736081007593,1,Select By Actor_ID,200,OK,Select Actor 1-2,text,true,,80,0,50,100,null,1,0,0
1736081007600,1,Select By Actor_ID,200,OK,Select Actor 1-49,text,true,,81,0,50,100,null,1,0,0
1736081007599,2,Update Rental Date,200,OK,Update Rental 3-47,text,true,,11,0,50,100,null,2,0,0
1736081007600,2,Update Rental Date,200,OK,Update Rental 3-9,text,true,,11,0,50,100,null,2,0,0
1736081007602,2,Update Rental Date,200,OK,Update Rental 3-18,text,true,,11,0,50,100,null,2,0,0
1736081007608,2,Update Rental Date,200,OK,Update Rental 3-25,text,true,,11,0,50,100,null,2,0,0
1736081007609,2,Update Rental Date,200,OK,Update Rental 3-6,text,true,,11,0,50,100,null,2,0,0
1736081007694,3,Update Rental Date,200,OK,Update Rental 3-22,text,true,,11,0,50,100,null,3,0,0
1736081007713,2,Update Rental Date,200,OK,Update Rental 3-29,text,true,,11,0,50,100,null,2,0,0
1736081007721,1,Select By Actor_ID,200,OK,Select Actor 1-46,text,true,,80,0,50,100,null,0,0,0
1736081007722,0,Select By Actor_ID,200,OK,Select Actor 1-4,text,true,,81,0,50,100,null,0,0,0
1736081007722,0,Select By Actor_ID,200,OK,Select Actor 1-24,text,true,,83,0,50,100,null,0,0,0
1736081007729,0,Select By Actor_ID,200,OK,Select Actor 1-11,text,true,,82,0,50,100,null,0,0,0
1736081007734,0,Select By Actor_ID,200,OK,Select Actor 1-13,text,true,,81,0,50,100,null,0,0,0
1736081007738,1,Select By Actor_ID,200,OK,Select Actor 1-10,text,true,,80,0,50,100,null,0,0,0
1736081007741,0,Select By Actor_ID,200,OK,Select Actor 1-32,text,true,,80,0,50,100,null,0,0,0
1736081007742,0,Select By Actor_ID,200,OK,Select Actor 1-42,text,true,,76,0,50,100,null,0,0,0
1736081007746,2,Update Rental Date,200,OK,Update Rental 3-37,text,true,,11,0,50,100,null,2,0,0
1736081007746,2,Update Rental Date,200,OK,Update Rental 3-26,text,true,,11,0,50,100,null,2,0,0
1736081007770,0,Select By Actor_ID,200,OK,Select Actor 1-30,text,true,,81,0,50,100,null,0,0,0
1736081007771,2,Update Rental Date,200,OK,Update Rental 3-27,text,true,,11,0,50,100,null,2,0,0
1736081007780,0,Select By Actor_ID,200,OK,Select Actor 1-21,text,true,,84,0,50,100,null,0,0,0
1736081007787,2,Update Rental Date,200,OK,Update Rental 3-32,text,true,,11,0,50,100,null,1,0,0
1736081007806,2,Update Rental Date,200,OK,Update Rental 3-11,text,true,,11,0,50,100,null,2,0,0
1736081007809,2,Update Rental Date,200,OK,Update Rental 3-38,text,true,,11,0,50,100,null,2,0,0
1736081007820,0,Select By Actor_ID,200,OK,Select Actor 1-25,text,true,,80,0,50,100,null,0,0,0
1736081007830,0,Select By Actor_ID,200,OK,Select Actor 1-16,text,true,,81,0,50,100,null,0,0,0
1736081007841,0,Select By Actor_ID,200,OK,Select Actor 1-34,text,true,,79,0,50,100,null,0,0,0
1736081007845,0,Select By Actor_ID,200,OK,Select Actor 1-41,text,true,,81,0,50,100,null,0,0,0
1736081007848,2,Update Rental Date,200,OK,Update Rental 3-15,text,true,,11,0,50,100,null,2,0,0
1736081007858,2,Update Rental Date,200,OK,Update Rental 3-21,text,true,,11,0,50,100,null,2,0,0
1736081007860,0,Select By Actor_ID,200,OK,Select Actor 1-43,text,true,,78,0,50,100,null,0,0,0
1736081007866,1,Update Rental Date,200,OK,Update Rental 3-44,text,true,,11,0,50,100,null,1,0,0
1736081007884,0,Select By Actor_ID,200,OK,Select Actor 1-47,text,true,,80,0,50,100,null,0,0,0
1736081007886,0,Select By Actor_ID,200,OK,Select Actor 1-19,text,true,,82,0,50,100,null,0,0,0
1736081007885,2,Update Rental Date,200,OK,Update Rental 3-36,text,true,,11,0,50,100,null,2,0,0
1736081007888,1,Select By Actor_ID,200,OK,Select Actor 1-33,text,true,,80,0,50,100,null,1,0,1
1736081007907,1,Select By Actor_ID,200,OK,Select Actor 1-37,text,true,,78,0,50,100,null,1,0,0
1736081007907,3,Update Rental Date,200,OK,Update Rental 3-19,text,true,,11,0,50,100,null,3,0,0
1736081007963,1,Select By Actor_ID,200,OK,Select Actor 1-15,text,true,,82,0,50,100,null,1,0,0
1736081007969,2,Update Rental Date,200,OK,Update Rental 3-5,text,true,,11,0,50,100,null,2,0,0
1736081007969,2,Update Rental Date,200,OK,Update Rental 3-40,text,true,,11,0,50,100,null,2,0,0
1736081007973,2,Update Rental Date,200,OK,Update Rental 3-39,text,true,,11,0,50,100,null,2,0,0
1736081007985,1,Select By Actor_ID,200,OK,Select Actor 1-39,text,true,,83,0,50,100,null,1,0,0
1736081007991,2,Update Rental Date,200,OK,Update Rental 3-20,text,true,,11,0,50,100,null,2,0,0
1736081008063,1,Select By Actor_ID,200,OK,Select Actor 1-8,text,true,,82,0,50,100,null,0,0,0
1736081008063,2,Update Rental Date,200,OK,Update Rental 3-42,text,true,,11,0,50,100,null,2,0,0
1736081008069,1,Select By Actor_ID,200,OK,Select Actor 1-26,text,true,,79,0,50,100,null,1,0,0
1736081008075,2,Update Rental Date,200,OK,Update Rental 3-46,text,true,,11,0,50,100,null,2,0,0
1736081008076,2,Update Rental Date,200,OK,Update Rental 3-1,text,true,,11,0,50,100,null,2,0,0
1736081008079,1,Select By Actor_ID,200,OK,Select Actor 1-29,text,true,,81,0,50,100,null,1,0,0
1736081008078,2,Update Rental Date,200,OK,Update Rental 3-23,text,true,,11,0,50,100,null,2,0,0
1736081008086,2,Update Rental Date,200,OK,Update Rental 3-28,text,true,,11,0,50,100,null,2,0,0
1736081008093,2,Update Rental Date,200,OK,Update Rental 3-24,text,true,,11,0,50,100,null,2,0,0
1736081008097,2,Update Rental Date,200,OK,Update Rental 3-48,text,true,,11,0,50,100,null,2,0,0
1736081008100,0,Select By Actor_ID,200,OK,Select Actor 1-40,text,true,,83,0,50,100,null,0,0,0
1736081008113,1,Select By Actor_ID,200,OK,Select Actor 1-38,text,true,,80,0,50,100,null,1,0,0
1736081008121,0,Select By Actor_ID,200,OK,Select Actor 1-48,text,true,,78,0,50,100,null,0,0,0
1736081008138,2,Update Rental Date,200,OK,Update Rental 3-7,text,true,,11,0,50,100,null,2,0,0
1736081008183,2,Update Rental Date,200,OK,Update Rental 3-45,text,true,,11,0,50,100,null,2,0,0
1736081008191,0,Select By Actor_ID,200,OK,Select Actor 1-36,text,true,,82,0,50,100,null,0,0,0
1736081008203,2,Update Rental Date,200,OK,Update Rental 3-50,text,true,,11,0,50,100,null,2,0,0
1736081008235,0,Select By Actor_ID,200,OK,Select Actor 1-31,text,true,,80,0,50,100,null,0,0,0
1736081008236,1,Update Rental Date,200,OK,Update Rental 3-25,text,true,,11,0,50,100,null,1,0,0
1736081008263,3,Update Rental Date,200,OK,Update Rental 3-33,text,true,,11,0,50,100,null,3,0,1
1736081008266,0,Select By Actor_ID,200,OK,Select Actor 1-11,text,true,,82,0,50,100,null,0,0,0
1736081008299,1,Select By Actor_ID,200,OK,Select Actor 1-10,text,true,,80,0,50,100,null,1,0,0
1736081008318,1,Select By Actor_ID,200,OK,Select Actor 1-18,text,true,,79,0,50,100,null,1,0,0
1736081008340,1,Select By Actor_ID,200,OK,Select Actor 1-27,text,true,,78,0,50,100,null,1,0,0
1736081008391,2,Update Rental Date,200,OK,Update Rental 3-30,text,true,,11,0,50,100,null,2,0,0
1736081008401,1,Select By Actor_ID,200,OK,Select Actor 1-35,text,true,,81,0,50,100,null,1,0,0
1736081008413,2,Update Rental Date,200,OK,Update Rental 3-11,text,true,,11,0,50,100,null,2,0,0
1736081008426,1,Select By Actor_ID,200,OK,Select Actor 1-50,text,true,,80,0,50,100,null,0,0,0
1736081008449,0,Select By Actor_ID,200,OK,Select Actor 1-45,text,true,,81,0,50,100,null,0,0,0
1736081008450,0,Select By Actor_ID,200,OK,Select Actor 1-2,text,true,,83,0,50,100,null,0,0,0
1736081008465,2,Update Rental Date,200,OK,Update Rental 3-49,text,true,,11,0,50,100,null,2,0,0
1736081008472,1,Select By Actor_ID,200,OK,Select Actor 1-14,text,true,,83,0,50,100,null,1,0,0
1736081008472,1,Select By Actor_ID,200,OK,Select Actor 1-21,text,true,,80,0,50,100,null,1,0,0
1736081008478,2,Update Rental Date,200,OK,Update Rental 3-8,text,true,,11,0,50,100,null,2,0,0
1736081008518,2,Update Rental Date,200,OK,Update Rental 3-6,text,true,,11,0,50,100,null,2,0,0
1736081008521,2,Update Rental Date,200,OK,Update Rental 3-36,text,true,,11,0,50,100,null,2,0,0
1736081008529,0,Select By Actor_ID,200,OK,Select Actor 1-15,text,true,,83,0,50,100,null,0,0,0
1736081008530,2,Update Rental Date,200,OK,Update Rental 3-21,text,true,,11,0,50,100,null,1,0,0
1736081008541,0,Select By Actor_ID,200,OK,Select Actor 1-5,text,true,,81,0,50,100,null,0,0,0
1736081008545,0,Select By Actor_ID,200,OK,Select Actor 1-23,text,true,,81,0,50,100,null,0,0,0
1736081008550,0,Select By Actor_ID,200,OK,Select Actor 1-9,text,true,,85,0,50,100,null,0,0,0
1736081008553,0,Select By Actor_ID,200,OK,Select Actor 1-1,text,true,,84,0,50,100,null,0,0,0
1736081008571,1,Update Rental Date,200,OK,Update Rental 3-34,text,true,,11,0,50,100,null,1,0,0
1736081008575,1,Update Rental Date,200,OK,Update Rental 3-2,text,true,,11,0,50,100,null,1,0,0
1736081008584,0,Select By Actor_ID,200,OK,Select Actor 1-47,text,true,,79,0,50,100,null,0,0,0
1736081008601,0,Select By Actor_ID,200,OK,Select Actor 1-12,text,true,,81,0,50,100,null,0,0,0
1736081008607,0,Select By Actor_ID,200,OK,Select Actor 1-43,text,true,,81,0,50,100,null,0,0,0
1736081008611,1,Update Rental Date,200,OK,Update Rental 3-28,text,true,,11,0,50,100,null,1,0,0
1736081008612,2,Update Rental Date,200,OK,Update Rental 3-35,text,true,,11,0,50,100,null,2,0,0
1736081008616,2,Update Rental Date,200,OK,Update Rental 3-17,text,true,,11,0,50,100,null,2,0,0
1736081008619,2,Update Rental Date,200,OK,Update Rental 3-31,text,true,,11,0,50,100,null,2,0,0
1736081008625,1,Update Rental Date,200,OK,Update Rental 3-15,text,true,,11,0,50,100,null,1,0,0
1736081008646,1,Select By Actor_ID,200,OK,Select Actor 1-37,text,true,,78,0,50,100,null,1,0,0
1736081008649,1,Select By Actor_ID,200,OK,Select Actor 1-17,text,true,,80,0,50,100,null,1,0,0
1736081008649,2,Update Rental Date,200,OK,Update Rental 3-13,text,true,,11,0,50,100,null,2,0,0
1736081008659,2,Update Rental Date,200,OK,Update Rental 3-4,text,true,,11,0,50,100,null,2,0,0
1736081008667,1,Select By Actor_ID,200,OK,Select Actor 1-3,text,true,,82,0,50,100,null,1,0,0
1736081008675,1,Select By Actor_ID,200,OK,Select Actor 1-24,text,true,,84,0,50,100,null,1,0,0
1736081008679,2,Update Rental Date,200,OK,Update Rental 3-12,text,true,,11,0,50,100,null,2,0,0
1736081008683,3,Update Rental Date,200,OK,Update Rental 3-5,text,true,,11,0,50,100,null,3,0,0
1736081008686,3,Update Rental Date,200,OK,Update Rental 3-10,text,true,,11,0,50,100,null,3,0,0
1736081008704,1,Select By Actor_ID,200,OK,Select Actor 1-49,text,true,,79,0,50,100,null,1,0,0
1736081008708,1,Select By Actor_ID,200,OK,Select Actor 1-28,text,true,,77,0,50,100,null,1,0,0
1736081008713,1,Select By Actor_ID,200,OK,Select Actor 1-7,text,true,,80,0,50,100,null,1,0,0
1736081008713,2,Update Rental Date,200,OK,Update Rental 3-43,text,true,,11,0,50,100,null,2,0,0
1736081008716,2,Update Rental Date,200,OK,Update Rental 3-18,text,true,,11,0,50,100,null,2,0,0
1736081008736,2,Update Rental Date,200,OK,Update Rental 3-16,text,true,,11,0,50,100,null,2,0,0
1736081008758,2,Update Rental Date,200,OK,Update Rental 3-26,text,true,,11,0,50,100,null,2,0,0
1736081008760,1,Select By Actor_ID,200,OK,Select Actor 1-44,text,true,,82,0,50,100,null,1,0,0
1736081008785,1,Select By Actor_ID,200,OK,Select Actor 1-20,text,true,,83,0,50,100,null,1,0,0
1736081008789,2,Update Rental Date,200,OK,Update Rental 3-25,text,true,,11,0,50,100,null,2,0,0
1736081008790,3,Update Rental Date,200,OK,Update Rental 3-41,text,true,,11,0,50,100,null,3,0,0
1736081008811,1,Select By Actor_ID,200,OK,Select Actor 1-19,text,true,,79,0,50,100,null,0,0,0
1736081008813,0,Select By Actor_ID,200,OK,Select Actor 1-41,text,true,,80,0,50,100,null,0,0,0
1736081008822,0,Select By Actor_ID,200,OK,Select Actor 1-22,text,true,,79,0,50,100,null,0,0,0
1736081008828,2,Update Rental Date,200,OK,Update Rental 3-38,text,true,,11,0,50,100,null,2,0,0
1736081008841,2,Update Rental Date,200,OK,Update Rental 3-40,text,true,,11,0,50,100,null,2,0,0
1736081008845,2,Update Rental Date,200,OK,Update Rental 3-3,text,true,,11,0,50,100,null,2,0,0
1736081008847,0,Select By Actor_ID,200,OK,Select Actor 1-32,text,true,,82,0,50,100,null,0,0,0
1736081008847,2,Update Rental Date,200,OK,Update Rental 3-1,text,true,,11,0,50,100,null,2,0,0
1736081008848,2,Update Rental Date,200,OK,Update Rental 3-47,text,true,,11,0,50,100,null,2,0,0
1736081008869,1,Select By Actor_ID,200,OK,Select Actor 1-6,text,true,,78,0,50,100,null,0,0,0
1736081008871,0,Select By Actor_ID,200,OK,Select Actor 1-30,text,true,,78,0,50,100,null,0,0,0
1736081008915,0,Select By Actor_ID,200,OK,Select Actor 1-31,text,true,,85,0,50,100,null,0,0,0
1736081008920,0,Select By Actor_ID,200,OK,Select Actor 1-38,text,true,,83,0,50,100,null,0,0,0
1736081008922,2,Update Rental Date,200,OK,Update Rental 3-14,text,true,,11,0,50,100,null,2,0,0
1736081008932,0,Select By Actor_ID,200,OK,Select Actor 1-35,text,true,,80,0,50,100,null,0,0,0
1736081008936,2,Update Rental Date,200,OK,Update Rental 3-37,text,true,,11,0,50,100,null,2,0,0
1736081008949,1,Update Rental Date,200,OK,Update Rental 3-48,text,true,,11,0,50,100,null,1,0,0
1736081008962,1,Update Rental Date,200,OK,Update Rental 3-29,text,true,,11,0,50,100,null,1,0,0
1736081008983,0,Select By Actor_ID,200,OK,Select Actor 1-2,text,true,,83,0,50,100,null,0,0,0
1736081009002,0,Select By Actor_ID,200,OK,Select Actor 1-46,text,true,,81,0,50,100,null,0,0,0
1736081009007,1,Update Rental Date,200,OK,Update Rental 3-20,text,true,,11,0,50,100,null,1,0,0
1736081009026,3,Update Rental Date,200,OK,Update Rental 3-50,text,true,,11,0,50,100,null,3,0,0
1736081009027,3,Update Rental Date,200,OK,Update Rental 3-9,text,true,,11,0,50,100,null,3,0,0
1736081009046,2,Update Rental Date,200,OK,Update Rental 3-22,text,true,,11,0,50,100,null,2,0,0
1736081009066,1,Select By Actor_ID,200,OK,Select Actor 1-4,text,true,,84,0,50,100,null,1,0,0
1736081009078,2,Update Rental Date,200,OK,Update Rental 3-23,text,true,,11,0,50,100,null,2,0,0
1736081009093,1,Select By Actor_ID,200,OK,Select Actor 1-42,text,true,,83,0,50,100,null,1,0,0
1736081009094,2,Update Rental Date,200,OK,Update Rental 3-11,text,true,,11,0,50,100,null,2,0,0
1736081009100,1,Select By Actor_ID,200,OK,Select Actor 1-34,text,true,,84,0,50,100,null,1,0,0
1736081009105,2,Update Rental Date,200,OK,Update Rental 3-32,text,true,,11,0,50,100,null,2,0,0
1736081009129,0,Select By Actor_ID,200,OK,Select Actor 1-15,text,true,,80,0,50,100,null,0,0,0
1736081009135,2,Update Rental Date,200,OK,Update Rental 3-46,text,true,,11,0,50,100,null,2,0,0
1736081009149,0,Select By Actor_ID,200,OK,Select Actor 1-26,text,true,,81,0,50,100,null,0,0,0
1736081009156,2,Update Rental Date,200,OK,Update Rental 3-13,text,true,,11,0,50,100,null,2,0,0
1736081009167,2,Update Rental Date,200,OK,Update Rental 3-19,text,true,,11,0,50,100,null,1,0,0
1736081009200,0,Select By Actor_ID,200,OK,Select Actor 1-13,text,true,,77,0,50,100,null,0,0,0
1736081009200,0,Select By Actor_ID,200,OK,Select Actor 1-25,text,true,,78,0,50,100,null,0,0,0
1736081009226,1,Select By Actor_ID,200,OK,Select Actor 1-8,text,true,,78,0,50,100,null,1,0,1
1736081009241,1,Select By Actor_ID,200,OK,Select Actor 1-16,text,true,,83,0,50,100,null,1,0,0
1736081009249,2,Update Rental Date,200,OK,Update Rental 3-27,text,true,,11,0,50,100,null,2,0,0
1736081009251,1,Select By Actor_ID,200,OK,Select Actor 1-29,text,true,,80,0,50,100,null,1,0,0
1736081009256,1,Select By Actor_ID,200,OK,Select Actor 1-40,text,true,,80,0,50,100,null,1,0,0
1736081009257,1,Select By Actor_ID,200,OK,Select Actor 1-1,text,true,,79,0,50,100,null,1,0,0
1736081009289,0,Select By Actor_ID,200,OK,Select Actor 1-18,text,true,,83,0,50,100,null,0,0,0
1736081009305,0,Select By Actor_ID,200,OK,Select Actor 1-33,text,true,,80,0,50,100,null,0,0,0
1736081009311,0,Select By Actor_ID,200,OK,Select Actor 1-3,text,true,,82,0,50,100,null,0,0,0
1736081009315,2,Update Rental Date,200,OK,Update Rental 3-33,text,true,,11,0,50,100,null,2,0,0
1736081009316,2,Update Rental Date,200,OK,Update Rental 3-39,text,true,,11,0,50,100,null,2,0,0
1736081009329,0,Select By Actor_ID,200,OK,Select Actor 1-39,text,true,,84,0,50,100,null,0,0,0
1736081009343,0,Select By Actor_ID,200,OK,Select Actor 1-22,text,true,,80,0,50,100,null,0,0,0
1736081009342,2,Update Rental Date,200,OK,Update Rental 3-31,text,true,,11,0,50,100,null,2,0,0
1736081009353,2,Update Rental Date,200,OK,Update Rental 3-44,text,true,,11,0,50,100,null,2,0,0
1736081009358,2,Update Rental Date,200,OK,Update Rental 3-28,text,true,,11,0,50,100,null,2,0,0
1736081009407,0,Select By Actor_ID,200,OK,Select Actor 1-36,text,true,,86,0,50,100,null,0,0,0
1736081009412,2,Update Rental Date,200,OK,Update Rental 3-47,text,true,,11,0,50,100,null,2,0,0
1736081009416,0,Select By Actor_ID,200,OK,Select Actor 1-32,text,true,,84,0,50,100,null,0,0,0
1736081009418,0,Select By Actor_ID,200,OK,Select Actor 1-5,text,true,,80,0,50,100,null,0,0,0
1736081009449,0,Select By Actor_ID,200,OK,Select Actor 1-10,text,true,,81,0,50,100,null,0,0,0
1736081009456,0,Select By Actor_ID,200,OK,Select Actor 1-35,text,true,,83,0,50,100,null,0,0,0
1736081009462,2,Update Rental Date,200,OK,Update Rental 3-6,text,true,,11,0,50,100,null,2,0,0
1736081009466,1,Update Rental Date,200,OK,Update Rental 3-49,text,true,,11,0,50,100,null,1,0,0
1736081009478,1,Select By Actor_ID,200,OK,Select Actor 1-24,text,true,,80,0,50,100,null,1,0,0
1736081009498,1,Select By Actor_ID,200,OK,Select Actor 1-45,text,true,,83,0,50,100,null,1,0,0
1736081009499,3,Update Rental Date,200,OK,Update Rental 3-36,text,true,,11,0,50,100,null,2,0,0
1736081009501,3,Update Rental Date,200,OK,Update Rental 3-24,text,true,,11,0,50,100,null,2,0,0
1736081009505,1,Select By Actor_ID,200,OK,Select Actor 1-47,text,true,,77,0,50,100,null,1,0,0
1736081009511,2,Update Rental Date,200,OK,Update Rental 3-16,text,true,,11,0,50,100,null,2,0,0
1736081009512,2,Update Rental Date,200,OK,Update Rental 3-5,text,true,,11,0,50,100,null,2,0,0
1736081009516,2,Update Rental Date,200,OK,Update Rental 3-4,text,true,,11,0,50,100,null,2,0,0
1736081009531,2,Update Rental Date,200,OK,Update Rental 3-42,text,true,,11,0,50,100,null,2,0,0
1736081009535,1,Select By Actor_ID,200,OK,Select Actor 1-37,text,true,,81,0,50,100,null,1,0,0
1736081009536,1,Select By Actor_ID,200,OK,Select Actor 1-28,text,true,,80,0,50,100,null,1,0,0
1736081009538,1,Select By Actor_ID,200,OK,Select Actor 1-48,text,true,,79,0,50,100,null,1,0,0
1736081009572,2,Update Rental Date,200,OK,Update Rental 3-12,text,true,,11,0,50,100,null,2,0,0
1736081009577,1,Select By Actor_ID,200,OK,Select Actor 1-27,text,true,,85,0,50,100,null,1,0,0
1736081009578,2,Update Rental Date,200,OK,Update Rental 3-30,text,true,,11,0,50,100,null,2,0,0
1736081009595,2,Update Rental Date,200,OK,Update Rental 3-7,text,true,,11,0,50,100,null,2,0,0
1736081009617,1,Select By Actor_ID,200,OK,Select Actor 1-50,text,true,,83,0,50,100,null,1,0,0
1736081009626,2,Update Rental Date,200,OK,Update Rental 3-9,text,true,,11,0,50,100,null,2,0,0
1736081009650,1,Select By Actor_ID,200,OK,Select Actor 1-21,text,true,,81,0,50,100,null,0,0,0
1736081009652,2,Update Rental Date,200,OK,Update Rental 3-45,text,true,,11,0,50,100,null,2,0,0
1736081009659,2,Update Rental Date,200,OK,Update Rental 3-22,text,true,,11,0,50,100,null,2,0,0
1736081009672,0,Select By Actor_ID,200,OK,Select Actor 1-23,text,true,,83,0,50,100,null,0,0,0
1736081009682,2,Update Rental Date,200,OK,Update Rental 3-11,text,true,,11,0,50,100,null,2,0,0
1736081009690,0,Select By Actor_ID,200,OK,Select Actor 1-11,text,true,,80,0,50,100,null,0,0,0
1736081009693,0,Select By Actor_ID,200,OK,Select Actor 1-4,text,true,,84,0,50,100,null,0,0,0
1736081009725,1,Select By Actor_ID,200,OK,Select Actor 1-6,text,true,,84,0,50,100,null,1,0,0
1736081009725,1,Select By Actor_ID,200,OK,Select Actor 1-46,text,true,,79,0,50,100,null,1,0,0
1736081009744,2,Update Rental Date,200,OK,Update Rental 3-34,text,true,,11,0,50,100,null,2,0,0
1736081009750,2,Update Rental Date,200,OK,Update Rental 3-10,text,true,,11,0,50,100,null,2,0,0
1736081009752,2,Update Rental Date,200,OK,Update Rental 3-38,text,true,,11,0,50,100,null,2,0,0
1736081009765,0,Select By Actor_ID,200,OK,Select Actor 1-44,text,true,,83,0,50,100,null,0,0,0
1736081009782,2,Update Rental Date,200,OK,Update Rental 3-27,text,true,,11,0,50,100,null,2,0,0
1736081009791,0,Select By Actor_ID,200,OK,Select Actor 1-17,text,true,,80,0,50,100,null,0,0,0
1736081009792,0,Select By Actor_ID,200,OK,Select Actor 1-43,text,true,,82,0,50,100,null,0,0,0
1736081009797,0,Select By Actor_ID,200,OK,Select Actor 1-9,text,true,,84,0,50,100,null,0,0,0
1736081009798,2,Update Rental Date,200,OK,Update Rental 3-2,text,true,,11,0,50,100,null,2,0,0
1736081009811,2,Update Rental Date,200,OK,Update Rental 3-41,text,true,,11,0,50,100,null,2,0,0
1736081009817,1,Select By Actor_ID,200,OK,Select Actor 1-12,text,true,,81,0,50,100,null,0,0,0
1736081009819,1,Select By Actor_ID,200,OK,Select Actor 1-14,text,true,,86,0,50,100,null,0,0,0
1736081009822,3,Update Rental Date,200,OK,Update Rental 3-3,text,true,,11,0,50,100,null,3,0,0
1736081009823,3,Update Rental Date,200,OK,Update Rental 3-37,text,true,,11,0,50,100,null,3,0,0
1736081009822,5,Update Rental Date,200,OK,Update Rental 3-25,text,true,,11,0,50,100,null,5,0,0
1736081009834,0,Select By Actor_ID,200,OK,Select Actor 1-49,text,true,,80,0,50,100,null,0,0,0
1736081009848,2,Update Rental Date,200,OK,Update Rental 3-35,text,true,,11,0,50,100,null,2,0,0
1736081009870,1,Select By Actor_ID,200,OK,Select Actor 1-30,text,true,,84,0,50,100,null,1,0,0
1736081009883,1,Select By Actor_ID,200,OK,Select Actor 1-41,text,true,,81,0,50,100,null,1,0,0
1736081009884,1,Select By Actor_ID,200,OK,Select Actor 1-16,text,true,,79,0,50,100,null,1,0,0
1736081009891,2,Update Rental Date,200,OK,Update Rental 3-19,text,true,,11,0,50,100,null,2,0,0
1736081009904,2,Update Rental Date,200,OK,Update Rental 3-43,text,true,,11,0,50,100,null,2,0,0
1736081009910,3,Update Rental Date,200,OK,Update Rental 3-32,text,true,,11,0,50,100,null,3,0,0
1736081009913,2,Update Rental Date,200,OK,Update Rental 3-21,text,true,,11,0,50,100,null,2,0,0
1736081009927,2,Update Rental Date,200,OK,Update Rental 3-17,text,true,,11,0,50,100,null,2,0,0
1736081009945,1,Select By Actor_ID,200,OK,Select Actor 1-18,text,true,,83,0,50,100,null,1,0,0
1736081009948,1,Select By Actor_ID,200,OK,Select Actor 1-5,text,true,,81,0,50,100,null,1,0,0
1736081009953,1,Select By Actor_ID,200,OK,Select Actor 1-20,text,true,,84,0,50,100,null,1,0,0
1736081009954,1,Select By Actor_ID,200,OK,Select Actor 1-31,text,true,,82,0,50,100,null,1,0,0
1736081009961,1,Select By Actor_ID,200,OK,Select Actor 1-19,text,true,,78,0,50,100,null,1,0,0
1736081009964,2,Update Rental Date,200,OK,Update Rental 3-8,text,true,,11,0,50,100,null,2,0,0
1736081009968,1,Select By Actor_ID,200,OK,Select Actor 1-26,text,true,,81,0,50,100,null,1,0,0
1736081009984,2,Update Rental Date,200,OK,Update Rental 3-47,text,true,,11,0,50,100,null,2,0,0
1736081010002,2,Update Rental Date,200,OK,Update Rental 3-50,text,true,,11,0,50,100,null,2,0,0
1736081010012,2,Update Rental Date,200,OK,Update Rental 3-15,text,true,,11,0,50,100,null,2,0,0
1736081010015,2,Update Rental Date,200,OK,Update Rental 3-26,text,true,,11,0,50,100,null,2,0,0
1736081010017,2,Update Rental Date,200,OK,Update Rental 3-16,text,true,,11,0,50,100,null,2,0,0
1736081010021,2,Update Rental Date,200,OK,Update Rental 3-20,text,true,,11,0,50,100,null,2,0,0
1736081010031,0,Select By Actor_ID,200,OK,Select Actor 1-15,text,true,,84,0,50,100,null,0,0,0
1736081010038,2,Update Rental Date,200,OK,Update Rental 3-6,text,true,,11,0,50,100,null,2,0,0
1736081010041,0,Select By Actor_ID,200,OK,Select Actor 1-38,text,true,,81,0,50,100,null,0,0,0
1736081010041,0,Select By Actor_ID,200,OK,Select Actor 1-28,text,true,,80,0,50,100,null,0,0,0
1736081010058,0,Select By Actor_ID,200,OK,Select Actor 1-7,text,true,,79,0,50,100,null,0,0,0
1736081010063,2,Update Rental Date,200,OK,Update Rental 3-1,text,true,,11,0,50,100,null,2,0,0
1736081010080,2,Update Rental Date,200,OK,Update Rental 3-23,text,true,,11,0,50,100,null,2,0,0
1736081010101,2,Update Rental Date,200,OK,Update Rental 3-28,text,true,,11,0,50,100,null,2,0,0
1736081010113,2,Update Rental Date,200,OK,Update Rental 3-48,text,true,,11,0,50,100,null,2,0,0
1736081010123,2,Update Rental Date,200,OK,Update Rental 3-18,text,true,,11,0,50,100,null,2,0,0
1736081010164,0,Select By Actor_ID,200,OK,Select Actor 1-1,text,true,,81,0,50,100,null,0,0,0
1736081010168,2,Update Rental Date,200,OK,Update Rental 3-22,text,true,,11,0,50,100,null,2,0,0
1736081010171,2,Update Rental Date,200,OK,Update Rental 3-14,text,true,,11,0,50,100,null,2,0,0
1736081010173,0,Select By Actor_ID,200,OK,Select Actor 1-42,text,true,,80,0,50,100,null,0,0,0
1736081010176,0,Select By Actor_ID,200,OK,Select Actor 1-2,text,true,,81,0,50,100,null,0,0,0
1736081010176,2,Update Rental Date,200,OK,Update Rental 3-24,text,true,,11,0,50,100,null,2,0,0
1736081010179,1,Update Rental Date,200,OK,Update Rental 3-40,text,true,,11,0,50,100,null,1,0,0
1736081010181,0,Select By Actor_ID,200,OK,Select Actor 1-40,text,true,,81,0,50,100,null,0,0,0
1736081010208,1,Update Rental Date,200,OK,Update Rental 3-29,text,true,,11,0,50,100,null,1,0,0
1736081010214,1,Update Rental Date,200,OK,Update Rental 3-44,text,true,,11,0,50,100,null,1,0,0
1736081010226,1,Select By Actor_ID,200,OK,Select Actor 1-48,text,true,,77,0,50,100,null,1,0,1
1736081010238,1,Select By Actor_ID,200,OK,Select Actor 1-47,text,true,,81,0,50,100,null,1,0,0
1736081010242,2,Update Rental Date,200,OK,Update Rental 3-36,text,true,,11,0,50,100,null,2,0,0
1736081010249,2,Update Rental Date,200,OK,Update Rental 3-11,text,true,,11,0,50,100,null,2,0,0
1736081010257,2,Update Rental Date,200,OK,Update Rental 3-39,text,true,,11,0,50,100,null,2,0,0
1736081010263,2,Update Rental Date,200,OK,Update Rental 3-30,text,true,,11,0,50,100,null,2,0,0
1736081010269,2,Update Rental Date,200,OK,Update Rental 3-45,text,true,,11,0,50,100,null,2,0,0
1736081010277,0,Select By Actor_ID,200,OK,Select Actor 1-32,text,true,,82,0,50,100,null,0,0,0
1736081010281,2,Update Rental Date,200,OK,Update Rental 3-33,text,true,,11,0,50,100,null,2,0,0
1736081010285,0,Select By Actor_ID,200,OK,Select Actor 1-34,text,true,,78,0,50,100,null,0,0,0
1736081010309,0,Select By Actor_ID,200,OK,Select Actor 1-25,text,true,,82,0,50,100,null,0,0,0
1736081010309,2,Update Rental Date,200,OK,Update Rental 3-49,text,true,,11,0,50,100,null,2,0,0
1736081010315,1,Update Rental Date,200,OK,Update Rental 3-2,text,true,,11,0,50,100,null,1,0,0
1736081010323,2,Update Rental Date,200,OK,Update Rental 3-31,text,true,,11,0,50,100,null,2,0,0
1736081010337,0,Select By Actor_ID,200,OK,Select Actor 1-13,text,true,,80,0,50,100,null,0,0,0
1736081010359,0,Select By Actor_ID,200,OK,Select Actor 1-43,text,true,,79,0,50,100,null,0,0,0
1736081010364,2,Update Rental Date,200,OK,Update Rental 3-12,text,true,,11,0,50,100,null,2,0,0
1736081010368,2,Update Rental Date,200,OK,Update Rental 3-41,text,true,,11,0,50,100,null,2,0,0
1736081010373,0,Select By Actor_ID,200,OK,Select Actor 1-4,text,true,,79,0,50,100,null,0,0,0
1736081010384,0,Select By Actor_ID,200,OK,Select Actor 1-33,text,true,,79,0,50,100,null,0,0,0
1736081010419,1,Select By Actor_ID,200,OK,Select Actor 1-21,text,true,,80,0,50,100,null,1,0,1
1736081010420,1,Select By Actor_ID,200,OK,Select Actor 1-37,text,true,,78,0,50,100,null,1,0,0
1736081010426,2,Update Rental Date,200,OK,Update Rental 3-38,text,true,,11,0,50,100,null,2,0,0
1736081010468,2,Update Rental Date,200,OK,Update Rental 3-46,text,true,,11,0,50,100,null,2,0,0
1736081010469,2,Update Rental Date,200,OK,Update Rental 3-21,text,true,,11,0,50,100,null,2,0,0
1736081010471,2,Update Rental Date,200,OK,Update Rental 3-9,text,true,,11,0,50,100,null,2,0,0
1736081010492,1,Select By Actor_ID,200,OK,Select Actor 1-27,text,true,,86,0,50,100,null,1,0,0
1736081010497,0,Select By Actor_ID,200,OK,Select Actor 1-8,text,true,,80,0,50,100,null,0,0,0
1736081010515,2,Update Rental Date,200,OK,Update Rental 3-50,text,true,,11,0,50,100,null,2,0,0
1736081010526,0,Select By Actor_ID,200,OK,Select Actor 1-29,text,true,,84,0,50,100,null,0,0,0
1736081010561,0,Select By Actor_ID,200,OK,Select Actor 1-3,text,true,,81,0,50,100,null,0,0,0
1736081010565,2,Update Rental Date,200,OK,Update Rental 3-4,text,true,,11,0,50,100,null,2,0,0
1736081010565,2,Update Rental Date,200,OK,Update Rental 3-15,text,true,,11,0,50,100,null,2,0,0
1736081010568,0,Select By Actor_ID,200,OK,Select Actor 1-35,text,true,,83,0,50,100,null,0,0,0
1736081010571,0,Select By Actor_ID,200,OK,Select Actor 1-15,text,true,,85,0,50,100,null,0,0,0
1736081010575,1,Update Rental Date,200,OK,Update Rental 3-13,text,true,,11,0,50,100,null,1,0,0
1736081010578,1,Update Rental Date,200,OK,Update Rental 3-42,text,true,,11,0,50,100,null,1,0,0
1736081010586,0,Select By Actor_ID,200,OK,Select Actor 1-36,text,true,,80,0,50,100,null,0,0,0
1736081010588,0,Select By Actor_ID,200,OK,Select Actor 1-26,text,true,,81,0,50,100,null,0,0,0
1736081010599,2,Update Rental Date,200,OK,Update Rental 3-23,text,true,,11,0,50,100,null,2,0,0
1736081010611,2,Update Rental Date,200,OK,Update Rental 3-6,text,true,,11,0,50,100,null,2,0,0
1736081010639,0,Select By Actor_ID,200,OK,Select Actor 1-23,text,true,,88,0,50,100,null,0,0,0
1736081010677,1,Select By Actor_ID,200,OK,Select Actor 1-41,text,true,,83,0,50,100,null,1,0,0
1736081010680,1,Select By Actor_ID,200,OK,Select Actor 1-18,text,true,,78,0,50,100,null,1,0,0
1736081010703,1,Select By Actor_ID,200,OK,Select Actor 1-22,text,true,,80,0,50,100,null,1,0,0
1736081010711,2,Update Rental Date,200,OK,Update Rental 3-28,text,true,,11,0,50,100,null,2,0,0
1736081010726,1,Select By Actor_ID,200,OK,Select Actor 1-10,text,true,,84,0,50,100,null,1,0,0
1736081010726,1,Select By Actor_ID,200,OK,Select Actor 1-45,text,true,,80,0,50,100,null,1,0,0
1736081010741,2,Update Rental Date,200,OK,Update Rental 3-43,text,true,,11,0,50,100,null,2,0,0
1736081010787,0,Select By Actor_ID,200,OK,Select Actor 1-50,text,true,,82,0,50,100,null,0,0,0
1736081010797,2,Update Rental Date,200,OK,Update Rental 3-33,text,true,,11,0,50,100,null,2,0,0
1736081010799,0,Select By Actor_ID,200,OK,Select Actor 1-34,text,true,,80,0,50,100,null,0,0,0
1736081010805,1,Update Rental Date,200,OK,Update Rental 3-7,text,true,,11,0,50,100,null,1,0,0
1736081010815,0,Select By Actor_ID,200,OK,Select Actor 1-39,text,true,,80,0,50,100,null,0,0,0
1736081010817,0,Select By Actor_ID,200,OK,Select Actor 1-44,text,true,,82,0,50,100,null,0,0,0
1736081010818,1,Update Rental Date,200,OK,Update Rental 3-32,text,true,,11,0,50,100,null,1,0,0
1736081010820,1,Update Rental Date,200,OK,Update Rental 3-18,text,true,,11,0,50,100,null,1,0,0
1736081010825,2,Update Rental Date,200,OK,Update Rental 3-34,text,true,,11,0,50,100,null,2,0,0
1736081010839,1,Select By Actor_ID,200,OK,Select Actor 1-16,text,true,,80,0,50,100,null,1,0,0
1736081010847,1,Select By Actor_ID,200,OK,Select Actor 1-5,text,true,,82,0,50,100,null,0,0,0
1736081010849,2,Update Rental Date,200,OK,Update Rental 3-47,text,true,,11,0,50,100,null,2,0,0
1736081010855,1,Select By Actor_ID,200,OK,Select Actor 1-11,text,true,,79,0,50,100,null,0,0,0
1736081010855,2,Update Rental Date,200,OK,Update Rental 3-11,text,true,,11,0,50,100,null,2,0,0
1736081010871,1,Select By Actor_ID,200,OK,Select Actor 1-31,text,true,,80,0,50,100,null,0,0,0
1736081010876,0,Select By Actor_ID,200,OK,Select Actor 1-6,text,true,,83,0,50,100,null,0,0,0
1736081010881,2,Update Rental Date,200,OK,Update Rental 3-49,text,true,,11,0,50,100,null,2,0,0
1736081010887,2,Update Rental Date,200,OK,Update Rental 3-37,text,true,,11,0,50,100,null,2,0,0
1736081010889,2,Update Rental Date,200,OK,Update Rental 3-5,text,true,,11,0,50,100,null,2,0,0
1736081010944,2,Update Rental Date,200,OK,Update Rental 3-3,text,true,,11,0,50,100,null,2,0,0
1736081010950,2,Update Rental Date,200,OK,Update Rental 3-27,text,true,,11,0,50,100,null,2,0,0
1736081010958,0,Select By Actor_ID,200,OK,Select Actor 1-20,text,true,,82,0,50,100,null,0,0,0
1736081010959,0,Select By Actor_ID,200,OK,Select Actor 1-24,text,true,,82,0,50,100,null,0,0,0
1736081010959,0,Select By Actor_ID,200,OK,Select Actor 1-9,text,true,,81,0,50,100,null,0,0,0
1736081010960,0,Select By Actor_ID,200,OK,Select Actor 1-17,text,true,,86,0,50,100,null,0,0,0
1736081010960,2,Update Rental Date,200,OK,Update Rental 3-10,text,true,,11,0,50,100,null,2,0,0
1736081010971,0,Select By Actor_ID,200,OK,Select Actor 1-7,text,true,,77,0,50,100,null,0,0,0
1736081010979,0,Select By Actor_ID,200,OK,Select Actor 1-38,text,true,,79,0,50,100,null,0,0,0
1736081010989,0,Select By Actor_ID,200,OK,Select Actor 1-12,text,true,,80,0,50,100,null,0,0,0
1736081010996,1,Update Rental Date,200,OK,Update Rental 3-22,text,true,,11,0,50,100,null,1,0,0
1736081011002,0,Select By Actor_ID,200,OK,Select Actor 1-43,text,true,,79,0,50,100,null,0,0,0
1736081011030,2,Update Rental Date,200,OK,Update Rental 3-50,text,true,,11,0,50,100,null,2,0,0
1736081011035,0,Select By Actor_ID,200,OK,Select Actor 1-40,text,true,,81,0,50,100,null,0,0,0
1736081011036,2,Update Rental Date,200,OK,Update Rental 3-14,text,true,,11,0,50,100,null,2,0,0
1736081011053,2,Update Rental Date,200,OK,Update Rental 3-20,text,true,,11,0,50,100,null,2,0,0
1736081011074,1,Select By Actor_ID,200,OK,Select Actor 1-25,text,true,,84,0,50,100,null,1,0,0
1736081011082,1,Select By Actor_ID,200,OK,Select Actor 1-46,text,true,,80,0,50,100,null,1,0,0
1736081011088,1,Select By Actor_ID,200,OK,Select Actor 1-14,text,true,,79,0,50,100,null,1,0,0
1736081011089,1,Select By Actor_ID,200,OK,Select Actor 1-33,text,true,,78,0,50,100,null,1,0,0
1736081011101,2,Update Rental Date,200,OK,Update Rental 3-2,text,true,,11,0,50,100,null,2,0,0
1736081011114,2,Update Rental Date,200,OK,Update Rental 3-46,text,true,,11,0,50,100,null,2,0,0
1736081011118,2,Update Rental Date,200,OK,Update Rental 3-26,text,true,,11,0,50,100,null,2,0,0
1736081011124,1,Select By Actor_ID,200,OK,Select Actor 1-30,text,true,,80,0,50,100,null,1,0,0
1736081011126,2,Update Rental Date,200,OK,Update Rental 3-1,text,true,,11,0,50,100,null,2,0,0
1736081011146,1,Select By Actor_ID,200,OK,Select Actor 1-49,text,true,,83,0,50,100,null,1,0,0
1736081011146,2,Update Rental Date,200,OK,Update Rental 3-19,text,true,,11,0,50,100,null,2,0,0
1736081011146,2,Update Rental Date,200,OK,Update Rental 3-35,text,true,,11,0,50,100,null,2,0,0
1736081011155,2,Update Rental Date,200,OK,Update Rental 3-6,text,true,,11,0,50,100,null,2,0,0
1736081011158,1,Select By Actor_ID,200,OK,Select Actor 1-13,text,true,,79,0,50,100,null,1,0,0
1736081011161,3,Update Rental Date,200,OK,Update Rental 3-17,text,true,,11,0,50,100,null,3,0,0
1736081011163,2,Update Rental Date,200,OK,Update Rental 3-48,text,true,,11,0,50,100,null,2,0,0
1736081011174,2,Update Rental Date,200,OK,Update Rental 3-29,text,true,,11,0,50,100,null,2,0,0
1736081011186,1,Select By Actor_ID,200,OK,Select Actor 1-19,text,true,,83,0,50,100,null,1,0,0
1736081011201,1,Select By Actor_ID,200,OK,Select Actor 1-26,text,true,,81,0,50,100,null,1,0,0
1736081011208,2,Update Rental Date,200,OK,Update Rental 3-25,text,true,,11,0,50,100,null,2,0,0
1736081011211,2,Update Rental Date,200,OK,Update Rental 3-23,text,true,,11,0,50,100,null,2,0,0
1736081011230,1,Select By Actor_ID,200,OK,Select Actor 1-47,text,true,,79,0,50,100,null,0,0,0
1736081011235,2,Update Rental Date,200,OK,Update Rental 3-8,text,true,,11,0,50,100,null,2,0,0
1736081011269,0,Select By Actor_ID,200,OK,Select Actor 1-32,text,true,,76,0,50,100,null,0,0,0
1736081011271,2,Update Rental Date,200,OK,Update Rental 3-16,text,true,,11,0,50,100,null,2,0,0
1736081011318,2,Update Rental Date,200,OK,Update Rental 3-21,text,true,,11,0,50,100,null,2,0,0
1736081011328,0,Select By Actor_ID,200,OK,Select Actor 1-35,text,true,,79,0,50,100,null,0,0,0
1736081011351,2,Update Rental Date,200,OK,Update Rental 3-39,text,true,,11,0,50,100,null,2,0,0
1736081011354,0,Select By Actor_ID,200,OK,Select Actor 1-5,text,true,,79,0,50,100,null,0,0,0
1736081011354,2,Update Rental Date,200,OK,Update Rental 3-32,text,true,,11,0,50,100,null,2,0,0
1736081011363,1,Update Rental Date,200,OK,Update Rental 3-36,text,true,,11,0,50,100,null,1,0,0
1736081011365,2,Update Rental Date,200,OK,Update Rental 3-11,text,true,,11,0,50,100,null,2,0,0
1736081011372,0,Select By Actor_ID,200,OK,Select Actor 1-11,text,true,,79,0,50,100,null,0,0,0
1736081011382,0,Select By Actor_ID,200,OK,Select Actor 1-18,text,true,,80,0,50,100,null,0,0,0
1736081011383,0,Select By Actor_ID,200,OK,Select Actor 1-45,text,true,,80,0,50,100,null,0,0,0
1736081011392,2,Update Rental Date,200,OK,Update Rental 3-49,text,true,,11,0,50,100,null,2,0,0
1736081011409,1,Update Rental Date,200,OK,Update Rental 3-30,text,true,,11,0,50,100,null,1,0,0
1736081011412,0,Select By Actor_ID,200,OK,Select Actor 1-39,text,true,,80,0,50,100,null,0,0,0
1736081011419,2,Update Rental Date,200,OK,Update Rental 3-37,text,true,,11,0,50,100,null,1,0,0
1736081011431,1,Update Rental Date,200,OK,Update Rental 3-31,text,true,,11,0,50,100,null,1,0,0
1736081011447,2,Update Rental Date,200,OK,Update Rental 3-7,text,true,,11,0,50,100,null,2,0,0
1736081011447,2,Update Rental Date,200,OK,Update Rental 3-13,text,true,,11,0,50,100,null,2,0,0
1736081011459,2,Update Rental Date,200,OK,Update Rental 3-47,text,true,,11,0,50,100,null,2,0,0
1736081011466,1,Select By Actor_ID,200,OK,Select Actor 1-28,text,true,,88,0,50,100,null,1,0,0
1736081011465,2,Update Rental Date,200,OK,Update Rental 3-41,text,true,,11,0,50,100,null,2,0,0
1736081011468,1,Select By Actor_ID,200,OK,Select Actor 1-1,text,true,,81,0,50,100,null,1,0,0
1736081011472,1,Select By Actor_ID,200,OK,Select Actor 1-37,text,true,,83,0,50,100,null,1,0,0
1736081011486,1,Select By Actor_ID,200,OK,Select Actor 1-20,text,true,,78,0,50,100,null,1,0,0
1736081011494,3,Update Rental Date,200,OK,Update Rental 3-9,text,true,,11,0,50,100,null,3,0,0
1736081011513,1,Select By Actor_ID,200,OK,Select Actor 1-29,text,true,,79,0,50,100,null,1,0,0
1736081011526,2,Update Rental Date,200,OK,Update Rental 3-33,text,true,,11,0,50,100,null,2,0,0
1736081011529,1,Select By Actor_ID,200,OK,Select Actor 1-31,text,true,,81,0,50,100,null,1,0,0
1736081011530,2,Update Rental Date,200,OK,Update Rental 3-38,text,true,,11,0,50,100,null,2,0,0
1736081011534,1,Select By Actor_ID,200,OK,Select Actor 1-21,text,true,,79,0,50,100,null,1,0,0
1736081011548,1,Select By Actor_ID,200,OK,Select Actor 1-48,text,true,,80,0,50,100,null,1,0,0
1736081011558,1,Select By Actor_ID,200,OK,Select Actor 1-42,text,true,,81,0,50,100,null,1,0,0
1736081011561,2,Update Rental Date,200,OK,Update Rental 3-10,text,true,,11,0,50,100,null,2,0,0
1736081011565,3,Update Rental Date,200,OK,Update Rental 3-12,text,true,,11,0,50,100,null,3,0,0
1736081011578,1,Select By Actor_ID,200,OK,Select Actor 1-22,text,true,,81,0,50,100,null,1,0,0
1736081011604,1,Select By Actor_ID,200,OK,Select Actor 1-10,text,true,,85,0,50,100,null,1,0,0
1736081011605,1,Select By Actor_ID,200,OK,Select Actor 1-14,text,true,,81,0,50,100,null,0,0,0
1736081011604,2,Update Rental Date,200,OK,Update Rental 3-50,text,true,,11,0,50,100,null,2,0,0
1736081011606,2,Update Rental Date,200,OK,Update Rental 3-45,text,true,,11,0,50,100,null,2,0,0
1736081011608,2,Update Rental Date,200,OK,Update Rental 3-27,text,true,,11,0,50,100,null,2,0,0
1736081011614,0,Select By Actor_ID,200,OK,Select Actor 1-2,text,true,,78,0,50,100,null,0,0,0
1736081011617,2,Update Rental Date,200,OK,Update Rental 3-24,text,true,,11,0,50,100,null,2,0,0
1736081011652,2,Update Rental Date,200,OK,Update Rental 3-40,text,true,,11,0,50,100,null,2,0,0
1736081011660,0,Select By Actor_ID,200,OK,Select Actor 1-3,text,true,,80,0,50,100,null,0,0,0
1736081011662,0,Select By Actor_ID,200,OK,Select Actor 1-13,text,true,,84,0,50,100,null,0,0,0
1736081011673,2,Update Rental Date,200,OK,Update Rental 3-44,text,true,,11,0,50,100,null,2,0,0
1736081011702,2,Update Rental Date,200,OK,Update Rental 3-14,text,true,,11,0,50,100,null,2,0,0
1736081011704,0,Select By Actor_ID,200,OK,Select Actor 1-6,text,true,,81,0,50,100,null,0,0,0
1736081011711,2,Update Rental Date,200,OK,Update Rental 3-28,text,true,,11,0,50,100,null,2,0,0
1736081011730,0,Select By Actor_ID,200,OK,Select Actor 1-17,text,true,,76,0,50,100,null,0,0,0
1736081011731,2,Update Rental Date,200,OK,Update Rental 3-20,text,true,,11,0,50,100,null,2,0,0
1736081011744,0,Select By Actor_ID,200,OK,Select Actor 1-41,text,true,,81,0,50,100,null,0,0,0
1736081011743,2,Update Rental Date,200,OK,Update Rental 3-4,text,true,,11,0,50,100,null,2,0,0
1736081011759,1,Update Rental Date,200,OK,Update Rental 3-42,text,true,,11,0,50,100,null,1,0,0
1736081011765,0,Select By Actor_ID,200,OK,Select Actor 1-24,text,true,,76,0,50,100,null,0,0,0
1736081011798,0,Select By Actor_ID,200,OK,Select Actor 1-4,text,true,,80,0,50,100,null,0,0,0
1736081011812,1,Select By Actor_ID,200,OK,Select Actor 1-27,text,true,,83,0,50,100,null,1,0,1
1736081011820,0,Select By Actor_ID,200,OK,Select Actor 1-38,text,true,,80,0,50,100,null,0,0,0
1736081011826,1,Select By Actor_ID,200,OK,Select Actor 1-15,text,true,,82,0,50,100,null,1,0,0
1736081011855,1,Select By Actor_ID,200,OK,Select Actor 1-30,text,true,,83,0,50,100,null,1,0,0
1736081011856,1,Select By Actor_ID,200,OK,Select Actor 1-23,text,true,,81,0,50,100,null,1,0,0
1736081011866,1,Select By Actor_ID,200,OK,Select Actor 1-44,text,true,,80,0,50,100,null,1,0,0
1736081011865,2,Update Rental Date,200,OK,Update Rental 3-46,text,true,,11,0,50,100,null,2,0,0
1736081011867,2,Update Rental Date,200,OK,Update Rental 3-26,text,true,,11,0,50,100,null,2,0,0
1736081011884,1,Select By Actor_ID,200,OK,Select Actor 1-50,text,true,,82,0,50,100,null,1,0,0
1736081011903,1,Select By Actor_ID,200,OK,Select Actor 1-49,text,true,,78,0,50,100,null,1,0,0
1736081011931,1,Select By Actor_ID,200,OK,Select Actor 1-9,text,true,,79,0,50,100,null,1,0,0
1736081011937,2,Update Rental Date,200,OK,Update Rental 3-32,text,true,,11,0,50,100,null,2,0,0
1736081011947,2,Update Rental Date,200,OK,Update Rental 3-30,text,true,,11,0,50,100,null,2,0,0
1736081011958,1,Select By Actor_ID,200,OK,Select Actor 1-36,text,true,,79,0,50,100,null,1,0,0
1736081011977,1,Select By Actor_ID,200,OK,Select Actor 1-34,text,true,,82,0,50,100,null,1,0,0
1736081011991,0,Select By Actor_ID,200,OK,Select Actor 1-8,text,true,,80,0,50,100,null,0,0,0
1736081011998,2,Update Rental Date,200,OK,Update Rental 3-49,text,true,,11,0,50,100,null,2,0,0
1736081011998,2,Update Rental Date,200,OK,Update Rental 3-16,text,true,,11,0,50,100,null,2,0,0
1736081012001,2,Update Rental Date,200,OK,Update Rental 3-31,text,true,,11,0,50,100,null,2,0,0
1736081012038,2,Update Rental Date,200,OK,Update Rental 3-43,text,true,,11,0,50,100,null,2,0,0
1736081012038,2,Update Rental Date,200,OK,Update Rental 3-11,text,true,,11,0,50,100,null,2,0,0
1736081012060,3,Update Rental Date,200,OK,Update Rental 3-15,text,true,,11,0,50,100,null,3,0,0
1736081012073,1,Select By Actor_ID,200,OK,Select Actor 1-11,text,true,,81,0,50,100,null,1,0,0
1736081012075,1,Select By Actor_ID,200,OK,Select Actor 1-43,text,true,,78,0,50,100,null,1,0,0
1736081012103,3,Update Rental Date,200,OK,Update Rental 3-41,text,true,,11,0,50,100,null,3,0,0
1736081012113,2,Update Rental Date,200,OK,Update Rental 3-3,text,true,,11,0,50,100,null,2,0,0
1736081012115,1,Select By Actor_ID,200,OK,Select Actor 1-16,text,true,,84,0,50,100,null,1,0,0
1736081012133,1,Select By Actor_ID,200,OK,Select Actor 1-31,text,true,,83,0,50,100,null,1,0,0
1736081012151,1,Select By Actor_ID,200,OK,Select Actor 1-42,text,true,,79,0,50,100,null,1,0,0
1736081012162,1,Select By Actor_ID,200,OK,Select Actor 1-40,text,true,,80,0,50,100,null,0,0,0
1736081012186,1,Select By Actor_ID,200,OK,Select Actor 1-3,text,true,,81,0,50,100,null,0,0,0
1736081012186,2,Update Rental Date,200,OK,Update Rental 3-6,text,true,,11,0,50,100,null,2,0,0
1736081012190,2,Update Rental Date,200,OK,Update Rental 3-2,text,true,,11,0,50,100,null,2,0,0
1736081012191,2,Update Rental Date,200,OK,Update Rental 3-36,text,true,,11,0,50,100,null,2,0,0
1736081012195,1,Select By Actor_ID,200,OK,Select Actor 1-19,text,true,,81,0,50,100,null,0,0,0
1736081012201,3,Update Rental Date,200,OK,Update Rental 3-37,text,true,,11,0,50,100,null,3,0,0
1736081012203,2,Update Rental Date,200,OK,Update Rental 3-34,text,true,,11,0,50,100,null,2,0,0
1736081012216,0,Select By Actor_ID,200,OK,Select Actor 1-33,text,true,,80,0,50,100,null,0,0,0
1736081012231,0,Select By Actor_ID,200,OK,Select Actor 1-48,text,true,,80,0,50,100,null,0,0,0
1736081012236,2,Update Rental Date,200,OK,Update Rental 3-22,text,true,,11,0,50,100,null,2,0,0
1736081012239,0,Select By Actor_ID,200,OK,Select Actor 1-46,text,true,,81,0,50,100,null,0,0,0
1736081012253,0,Select By Actor_ID,200,OK,Select Actor 1-13,text,true,,84,0,50,100,null,0,0,0
1736081012272,2,Update Rental Date,200,OK,Update Rental 3-18,text,true,,11,0,50,100,null,2,0,0
1736081012294,2,Update Rental Date,200,OK,Update Rental 3-29,text,true,,11,0,50,100,null,1,0,0
1736081012295,2,Update Rental Date,200,OK,Update Rental 3-23,text,true,,11,0,50,100,null,2,0,0
1736081012301,2,Update Rental Date,200,OK,Update Rental 3-5,text,true,,11,0,50,100,null,2,0,0
1736081012310,2,Update Rental Date,200,OK,Update Rental 3-35,text,true,,11,0,50,100,null,2,0,0
1736081012313,0,Select By Actor_ID,200,OK,Select Actor 1-7,text,true,,80,0,50,100,null,0,0,0
1736081012333,0,Select By Actor_ID,200,OK,Select Actor 1-45,text,true,,83,0,50,100,null,0,0,0
1736081012334,0,Select By Actor_ID,200,OK,Select Actor 1-25,text,true,,81,0,50,100,null,0,0,0
1736081012343,2,Update Rental Date,200,OK,Update Rental 3-9,text,true,,11,0,50,100,null,2,0,0
1736081012349,0,Select By Actor_ID,200,OK,Select Actor 1-14,text,true,,83,0,50,100,null,0,0,0
1736081012349,2,Update Rental Date,200,OK,Update Rental 3-14,text,true,,11,0,50,100,null,2,0,0
1736081012351,2,Update Rental Date,200,OK,Update Rental 3-47,text,true,,11,0,50,100,null,2,0,0
1736081012356,0,Select By Actor_ID,200,OK,Select Actor 1-29,text,true,,83,0,50,100,null,0,0,0
1736081012359,0,Select By Actor_ID,200,OK,Select Actor 1-32,text,true,,78,0,50,100,null,0,0,0
1736081012361,2,Update Rental Date,200,OK,Update Rental 3-17,text,true,,11,0,50,100,null,1,0,0
1736081012370,1,Update Rental Date,200,OK,Update Rental 3-48,text,true,,11,0,50,100,null,1,0,0
1736081012379,2,Update Rental Date,200,OK,Update Rental 3-19,text,true,,11,0,50,100,null,1,0,0
1736081012403,1,Select By Actor_ID,200,OK,Select Actor 1-26,text,true,,81,0,50,100,null,1,0,0
1736081012406,3,Update Rental Date,200,OK,Update Rental 3-26,text,true,,11,0,50,100,null,3,0,0
1736081012416,1,Select By Actor_ID,200,OK,Select Actor 1-1,text,true,,82,0,50,100,null,1,0,0
1736081012422,1,Select By Actor_ID,200,OK,Select Actor 1-12,text,true,,82,0,50,100,null,1,0,0
1736081012428,2,Update Rental Date,200,OK,Update Rental 3-4,text,true,,11,0,50,100,null,2,0,0
1736081012437,1,Select By Actor_ID,200,OK,Select Actor 1-15,text,true,,80,0,50,100,null,1,0,0
1736081012445,2,Update Rental Date,200,OK,Update Rental 3-50,text,true,,11,0,50,100,null,2,0,0
1736081012455,1,Select By Actor_ID,200,OK,Select Actor 1-35,text,true,,78,0,50,100,null,1,0,0
1736081012455,2,Update Rental Date,200,OK,Update Rental 3-21,text,true,,11,0,50,100,null,2,0,0
1736081012469,1,Update Rental Date,200,OK,Update Rental 3-8,text,true,,11,0,50,100,null,1,0,0
1736081012478,1,Select By Actor_ID,200,OK,Select Actor 1-20,text,true,,82,0,50,100,null,1,0,0
1736081012499,3,Update Rental Date,200,OK,Update Rental 3-13,text,true,,11,0,50,100,null,3,0,0
1736081012520,1,Select By Actor_ID,200,OK,Select Actor 1-5,text,true,,80,0,50,100,null,1,0,0
1736081012531,1,Select By Actor_ID,200,OK,Select Actor 1-2,text,true,,79,0,50,100,null,1,0,0
1736081012542,2,Update Rental Date,200,OK,Update Rental 3-38,text,true,,11,0,50,100,null,2,0,0
1736081012561,2,Update Rental Date,200,OK,Update Rental 3-12,text,true,,11,0,50,100,null,2,0,0
1736081012563,2,Update Rental Date,200,OK,Update Rental 3-32,text,true,,11,0,50,100,null,2,0,0
1736081012588,2,Update Rental Date,200,OK,Update Rental 3-25,text,true,,11,0,50,100,null,2,0,0
1736081012604,2,Update Rental Date,200,OK,Update Rental 3-1,text,true,,11,0,50,100,null,2,0,0
1736081012606,0,Select By Actor_ID,200,OK,Select Actor 1-6,text,true,,84,0,50,100,null,0,0,0
1736081012611,0,Select By Actor_ID,200,OK,Select Actor 1-34,text,true,,80,0,50,100,null,0,0,0
1736081012613,0,Select By Actor_ID,200,OK,Select Actor 1-39,text,true,,79,0,50,100,null,0,0,0
1736081012617,2,Update Rental Date,200,OK,Update Rental 3-45,text,true,,11,0,50,100,null,2,0,0
1736081012625,0,Select By Actor_ID,200,OK,Select Actor 1-47,text,true,,85,0,50,100,null,0,0,0
1736081012631,1,Select By Actor_ID,200,OK,Select Actor 1-27,text,true,,83,0,50,100,null,1,0,0
1736081012650,0,Select By Actor_ID,200,OK,Select Actor 1-9,text,true,,79,0,50,100,null,0,0,0
1736081012658,0,Select By Actor_ID,200,OK,Select Actor 1-41,text,true,,77,0,50,100,null,0,0,0
1736081012673,0,Select By Actor_ID,200,OK,Select Actor 1-23,text,true,,83,0,50,100,null,0,0,0
1736081012674,2,Update Rental Date,200,OK,Update Rental 3-10,text,true,,11,0,50,100,null,2,0,0
1736081012693,0,Select By Actor_ID,200,OK,Select Actor 1-28,text,true,,78,0,50,100,null,0,0,0
1736081012703,1,Update Rental Date,200,OK,Update Rental 3-20,text,true,,11,0,50,100,null,1,0,0
1736081012706,1,Update Rental Date,200,OK,Update Rental 3-39,text,true,,11,0,50,100,null,1,0,0
1736081012766,1,Select By Actor_ID,200,OK,Select Actor 1-21,text,true,,81,0,50,100,null,1,0,0
1736081012774,2,Update Rental Date,200,OK,Update Rental 3-33,text,true,,11,0,50,100,null,2,0,0
1736081012777,1,Select By Actor_ID,200,OK,Select Actor 1-18,text,true,,80,0,50,100,null,1,0,0
1736081012783,2,Update Rental Date,200,OK,Update Rental 3-30,text,true,,11,0,50,100,null,2,0,0
1736081012787,2,Update Rental Date,200,OK,Update Rental 3-16,text,true,,11,0,50,100,null,2,0,0
1736081012792,2,Update Rental Date,200,OK,Update Rental 3-15,text,true,,11,0,50,100,null,2,0,0
1736081012798,1,Select By Actor_ID,200,OK,Select Actor 1-40,text,true,,80,0,50,100,null,1,0,0
1736081012803,2,Update Rental Date,200,OK,Update Rental 3-7,text,true,,11,0,50,100,null,2,0,0
1736081012806,1,Select By Actor_ID,200,OK,Select Actor 1-37,text,true,,82,0,50,100,null,1,0,0
1736081012810,2,Update Rental Date,200,OK,Update Rental 3-40,text,true,,11,0,50,100,null,2,0,0
1736081012824,2,Update Rental Date,200,OK,Update Rental 3-5,text,true,,11,0,50,100,null,2,0,0
1736081012839,2,Update Rental Date,200,OK,Update Rental 3-35,text,true,,11,0,50,100,null,2,0,0
1736081012850,2,Update Rental Date,200,OK,Update Rental 3-46,text,true,,11,0,50,100,null,2,0,0
1736081012858,2,Update Rental Date,200,OK,Update Rental 3-44,text,true,,11,0,50,100,null,2,0,0
1736081012877,1,Select By Actor_ID,200,OK,Select Actor 1-48,text,true,,85,0,50,100,null,1,0,0
1736081012879,3,Update Rental Date,200,OK,Update Rental 3-37,text,true,,11,0,50,100,null,3,0,0
1736081012884,2,Update Rental Date,200,OK,Update Rental 3-23,text,true,,11,0,50,100,null,2,0,0
1736081012899,1,Select By Actor_ID,200,OK,Select Actor 1-30,text,true,,78,0,50,100,null,1,0,0
1736081012908,2,Update Rental Date,200,OK,Update Rental 3-27,text,true,,11,0,50,100,null,2,0,0
1736081012913,1,Select By Actor_ID,200,OK,Select Actor 1-22,text,true,,77,0,50,100,null,0,0,0
1736081012933,2,Update Rental Date,200,OK,Update Rental 3-3,text,true,,11,0,50,100,null,2,0,0
1736081012946,2,Update Rental Date,200,OK,Update Rental 3-41,text,true,,11,0,50,100,null,2,0,0
1736081012968,0,Update Rental Date,200,OK,Update Rental 3-24,text,true,,11,0,50,100,null,0,0,0
1736081012987,0,Select By Actor_ID,200,OK,Select Actor 1-33,text,true,,86,0,50,100,null,0,0,0
1736081012998,2,Update Rental Date,200,OK,Update Rental 3-28,text,true,,11,0,50,100,null,2,0,0
1736081013026,0,Select By Actor_ID,200,OK,Select Actor 1-1,text,true,,86,0,50,100,null,0,0,0
1736081013029,0,Select By Actor_ID,200,OK,Select Actor 1-38,text,true,,78,0,50,100,null,0,0,0
1736081013032,2,Update Rental Date,200,OK,Update Rental 3-19,text,true,,11,0,50,100,null,2,0,0
1736081013036,2,Update Rental Date,200,OK,Update Rental 3-31,text,true,,11,0,50,100,null,2,0,0
1736081013038,0,Select By Actor_ID,200,OK,Select Actor 1-17,text,true,,82,0,50,100,null,0,0,0
1736081013038,0,Select By Actor_ID,200,OK,Select Actor 1-10,text,true,,82,0,50,100,null,0,0,0
1736081013046,0,Select By Actor_ID,200,OK,Select Actor 1-4,text,true,,82,0,50,100,null,0,0,0
1736081013048,0,Select By Actor_ID,200,OK,Select Actor 1-24,text,true,,80,0,50,100,null,0,0,0
1736081013058,0,Select By Actor_ID,200,OK,Select Actor 1-7,text,true,,83,0,50,100,null,0,0,0
1736081013061,0,Select By Actor_ID,200,OK,Select Actor 1-42,text,true,,80,0,50,100,null,0,0,0
1736081013068,2,Update Rental Date,200,OK,Update Rental 3-21,text,true,,11,0,50,100,null,1,0,0
1736081013070,0,Select By Actor_ID,200,OK,Select Actor 1-8,text,true,,78,0,50,100,null,0,0,0
1736081013085,0,Select By Actor_ID,200,OK,Select Actor 1-29,text,true,,83,0,50,100,null,0,0,0
1736081013107,0,Select By Actor_ID,200,OK,Select Actor 1-15,text,true,,80,0,50,100,null,0,0,0
1736081013137,3,Update Rental Date,200,OK,Update Rental 3-42,text,true,,11,0,50,100,null,3,0,0
1736081013146,1,Select By Actor_ID,200,OK,Select Actor 1-50,text,true,,80,0,50,100,null,1,0,0
1736081013177,3,Update Rental Date,200,OK,Update Rental 3-17,text,true,,11,0,50,100,null,3,0,0
1736081013183,2,Update Rental Date,200,OK,Update Rental 3-32,text,true,,11,0,50,100,null,2,0,0
1736081013194,1,Select By Actor_ID,200,OK,Select Actor 1-11,text,true,,83,0,50,100,null,1,0,0
1736081013224,2,Update Rental Date,200,OK,Update Rental 3-50,text,true,,11,0,50,100,null,2,0,0
1736081013252,1,Select By Actor_ID,200,OK,Select Actor 1-44,text,true,,84,0,50,100,null,1,0,0
1736081013268,3,Update Rental Date,200,OK,Update Rental 3-39,text,true,,11,0,50,100,null,2,0,0
1736081013274,1,Select By Actor_ID,200,OK,Select Actor 1-6,text,true,,81,0,50,100,null,1,0,0
1736081013284,2,Update Rental Date,200,OK,Update Rental 3-18,text,true,,11,0,50,100,null,2,0,0
1736081013292,2,Update Rental Date,200,OK,Update Rental 3-20,text,true,,11,0,50,100,null,2,0,0
1736081013317,2,Update Rental Date,200,OK,Update Rental 3-12,text,true,,11,0,50,100,null,2,0,0
1736081013320,1,Select By Actor_ID,200,OK,Select Actor 1-31,text,true,,81,0,50,100,null,1,0,0
1736081013344,2,Update Rental Date,200,OK,Update Rental 3-11,text,true,,11,0,50,100,null,2,0,0
1736081013357,0,Select By Actor_ID,200,OK,Select Actor 1-36,text,true,,79,0,50,100,null,0,0,0
1736081013372,0,Select By Actor_ID,200,OK,Select Actor 1-18,text,true,,84,0,50,100,null,0,0,0
1736081013372,2,Update Rental Date,200,OK,Update Rental 3-45,text,true,,11,0,50,100,null,2,0,0
1736081013391,2,Update Rental Date,200,OK,Update Rental 3-22,text,true,,11,0,50,100,null,2,0,0
1736081013393,0,Select By Actor_ID,200,OK,Select Actor 1-49,text,true,,81,0,50,100,null,0,0,0
1736081013393,0,Select By Actor_ID,200,OK,Select Actor 1-35,text,true,,83,0,50,100,null,0,0,0
1736081013397,1,Update Rental Date,200,OK,Update Rental 3-10,text,true,,11,0,50,100,null,1,0,0
1736081013404,1,Update Rental Date,200,OK,Update Rental 3-44,text,true,,11,0,50,100,null,1,0,0
1736081013410,0,Select By Actor_ID,200,OK,Select Actor 1-16,text,true,,78,0,50,100,null,0,0,0
1736081013418,0,Select By Actor_ID,200,OK,Select Actor 1-32,text,true,,83,0,50,100,null,0,0,0
1736081013428,2,Update Rental Date,200,OK,Update Rental 3-38,text,true,,11,0,50,100,null,2,0,0
1736081013431,2,Update Rental Date,200,OK,Update Rental 3-29,text,true,,11,0,50,100,null,2,0,0
1736081013433,0,Select By Actor_ID,200,OK,Select Actor 1-46,text,true,,80,0,50,100,null,0,0,0
1736081013455,0,Select By Actor_ID,200,OK,Select Actor 1-47,text,true,,80,0,50,100,null,0,0,0
1736081013458,1,Select By Actor_ID,200,OK,Select Actor 1-21,text,true,,83,0,50,100,null,1,0,0
1736081013458,2,Update Rental Date,200,OK,Update Rental 3-14,text,true,,11,0,50,100,null,2,0,0
1736081013471,1,Select By Actor_ID,200,OK,Select Actor 1-23,text,true,,80,0,50,100,null,0,0,0
1736081013472,2,Update Rental Date,200,OK,Update Rental 3-43,text,true,,11,0,50,100,null,2,0,0
1736081013474,2,Update Rental Date,200,OK,Update Rental 3-26,text,true,,11,0,50,100,null,2,0,0
1736081013481,2,Update Rental Date,200,OK,Update Rental 3-25,text,true,,11,0,50,100,null,2,0,0
1736081013485,1,Select By Actor_ID,200,OK,Select Actor 1-19,text,true,,79,0,50,100,null,1,0,0
1736081013485,2,Update Rental Date,200,OK,Update Rental 3-23,text,true,,11,0,50,100,null,2,0,0
1736081013498,1,Select By Actor_ID,200,OK,Select Actor 1-3,text,true,,83,0,50,100,null,1,0,0
1736081013497,2,Update Rental Date,200,OK,Update Rental 3-49,text,true,,11,0,50,100,null,2,0,0
1736081013498,2,Update Rental Date,200,OK,Update Rental 3-1,text,true,,11,0,50,100,null,2,0,0
1736081013503,2,Update Rental Date,200,OK,Update Rental 3-35,text,true,,11,0,50,100,null,2,0,0
1736081013515,1,Select By Actor_ID,200,OK,Select Actor 1-45,text,true,,85,0,50,100,null,0,0,0
1736081013515,2,Update Rental Date,200,OK,Update Rental 3-2,text,true,,11,0,50,100,null,2,0,0
1736081013525,1,Select By Actor_ID,200,OK,Select Actor 1-43,text,true,,84,0,50,100,null,0,0,0
1736081013529,2,Update Rental Date,200,OK,Update Rental 3-33,text,true,,11,0,50,100,null,2,0,0
1736081013538,1,Select By Actor_ID,200,OK,Select Actor 1-1,text,true,,82,0,50,100,null,0,0,0
1736081013566,2,Update Rental Date,200,OK,Update Rental 3-5,text,true,,11,0,50,100,null,2,0,0
1736081013578,3,Update Rental Date,200,OK,Update Rental 3-13,text,true,,11,0,50,100,null,3,0,0
1736081013578,3,Update Rental Date,200,OK,Update Rental 3-48,text,true,,11,0,50,100,null,3,0,0
1736081013580,2,Update Rental Date,200,OK,Update Rental 3-36,text,true,,11,0,50,100,null,2,0,0
1736081013645,2,Update Rental Date,200,OK,Update Rental 3-6,text,true,,11,0,50,100,null,2,0,0
1736081013657,2,Update Rental Date,200,OK,Update Rental 3-9,text,true,,11,0,50,100,null,2,0,0
1736081013661,2,Update Rental Date,200,OK,Update Rental 3-34,text,true,,11,0,50,100,null,2,0,0
1736081013673,1,Select By Actor_ID,200,OK,Select Actor 1-20,text,true,,84,0,50,100,null,1,0,0
1736081013688,1,Select By Actor_ID,200,OK,Select Actor 1-26,text,true,,81,0,50,100,null,1,0,0
1736081013688,1,Select By Actor_ID,200,OK,Select Actor 1-42,text,true,,78,0,50,100,null,1,0,0
1736081013690,1,Select By Actor_ID,200,OK,Select Actor 1-25,text,true,,80,0,50,100,null,1,0,0
1736081013724,2,Update Rental Date,200,OK,Update Rental 3-8,text,true,,11,0,50,100,null,2,0,0
1736081013724,3,Update Rental Date,200,OK,Update Rental 3-47,text,true,,11,0,50,100,null,3,0,0
1736081013724,3,Update Rental Date,200,OK,Update Rental 3-16,text,true,,11,0,50,100,null,3,0,0
1736081013735,2,Update Rental Date,200,OK,Update Rental 3-41,text,true,,11,0,50,100,null,2,0,0
1736081013740,1,Select By Actor_ID,200,OK,Select Actor 1-34,text,true,,82,0,50,100,null,1,0,0
1736081013751,1,Select By Actor_ID,200,OK,Select Actor 1-13,text,true,,81,0,50,100,null,1,0,0
1736081013772,0,Select By Actor_ID,200,OK,Select Actor 1-40,text,true,,78,0,50,100,null,0,0,0
1736081013800,1,Select By Actor_ID,200,OK,Select Actor 1-14,text,true,,83,0,50,100,null,1,0,0
1736081013822,0,Select By Actor_ID,200,OK,Select Actor 1-28,text,true,,79,0,50,100,null,0,0,0
1736081013825,1,Select By Actor_ID,200,OK,Select Actor 1-2,text,true,,77,0,50,100,null,1,0,0
1736081013824,3,Update Rental Date,200,OK,Update Rental 3-24,text,true,,11,0,50,100,null,3,0,0
1736081013886,1,Select By Actor_ID,200,OK,Select Actor 1-30,text,true,,84,0,50,100,null,0,0,0
1736081013888,0,Select By Actor_ID,200,OK,Select Actor 1-41,text,true,,80,0,50,100,null,0,0,0
1736081013890,0,Select By Actor_ID,200,OK,Select Actor 1-50,text,true,,80,0,50,100,null,0,0,0
1736081013901,0,Select By Actor_ID,200,OK,Select Actor 1-7,text,true,,80,0,50,100,null,0,0,0
1736081013903,0,Select By Actor_ID,200,OK,Select Actor 1-12,text,true,,80,0,50,100,null,0,0,0
1736081013912,2,Update Rental Date,200,OK,Update Rental 3-37,text,true,,11,0,50,100,null,2,0,0
1736081013921,2,Update Rental Date,200,OK,Update Rental 3-4,text,true,,11,0,50,100,null,2,0,0
1736081013935,2,Update Rental Date,200,OK,Update Rental 3-21,text,true,,11,0,50,100,null,2,0,0
1736081013956,2,Update Rental Date,200,OK,Update Rental 3-30,text,true,,11,0,50,100,null,2,0,0
1736081013977,2,Update Rental Date,200,OK,Update Rental 3-42,text,true,,11,0,50,100,null,2,0,0
1736081013982,3,Update Rental Date,200,OK,Update Rental 3-40,text,true,,11,0,50,100,null,3,0,0
1736081013992,1,Select By Actor_ID,200,OK,Select Actor 1-9,text,true,,80,0,50,100,null,1,0,0
1736081014001,1,Select By Actor_ID,200,OK,Select Actor 1-5,text,true,,79,0,50,100,null,1,0,0
1736081014005,2,Update Rental Date,200,OK,Update Rental 3-15,text,true,,11,0,50,100,null,2,0,0
1736081014033,2,Update Rental Date,200,OK,Update Rental 3-27,text,true,,11,0,50,100,null,2,0,0
1736081014035,1,Select By Actor_ID,200,OK,Select Actor 1-39,text,true,,81,0,50,100,null,1,0,0
1736081014047,1,Select By Actor_ID,200,OK,Select Actor 1-10,text,true,,81,0,50,100,null,1,0,0
1736081014064,2,Update Rental Date,200,OK,Update Rental 3-7,text,true,,11,0,50,100,null,2,0,0
1736081014081,1,Update Rental Date,200,OK,Update Rental 3-3,text,true,,11,0,50,100,null,1,0,0
1736081014089,0,Select By Actor_ID,200,OK,Select Actor 1-11,text,true,,80,0,50,100,null,0,0,0
1736081014095,0,Select By Actor_ID,200,OK,Select Actor 1-8,text,true,,84,0,50,100,null,0,0,0
1736081014102,0,Select By Actor_ID,200,OK,Select Actor 1-27,text,true,,82,0,50,100,null,0,0,0
1736081014108,1,Select By Actor_ID,200,OK,Select Actor 1-4,text,true,,79,0,50,100,null,1,0,1
1736081014110,3,Update Rental Date,200,OK,Update Rental 3-46,text,true,,11,0,50,100,null,3,0,1
1736081014112,1,Select By Actor_ID,200,OK,Select Actor 1-17,text,true,,83,0,50,100,null,1,0,1
1736081014114,3,Update Rental Date,200,OK,Update Rental 3-18,text,true,,11,0,50,100,null,3,0,0
1736081014117,0,Select By Actor_ID,200,OK,Select Actor 1-15,text,true,,82,0,50,100,null,0,0,0
1736081014145,1,Select By Actor_ID,200,OK,Select Actor 1-6,text,true,,84,0,50,100,null,1,0,0
1736081014151,2,Update Rental Date,200,OK,Update Rental 3-6,text,true,,11,0,50,100,null,2,0,0
1736081014157,2,Update Rental Date,200,OK,Update Rental 3-43,text,true,,11,0,50,100,null,2,0,0
1736081014188,0,Select By Actor_ID,200,OK,Select Actor 1-37,text,true,,81,0,50,100,null,0,0,0
1736081014189,0,Select By Actor_ID,200,OK,Select Actor 1-35,text,true,,79,0,50,100,null,0,0,0
1736081014189,2,Update Rental Date,200,OK,Update Rental 3-45,text,true,,11,0,50,100,null,2,0,0
1736081014195,2,Update Rental Date,200,OK,Update Rental 3-36,text,true,,11,0,50,100,null,2,0,0
1736081014200,0,Select By Actor_ID,200,OK,Select Actor 1-33,text,true,,84,0,50,100,null,0,0,0
1736081014212,3,Update Rental Date,200,OK,Update Rental 3-12,text,true,,11,0,50,100,null,3,0,0
1736081014217,3,Update Rental Date,200,OK,Update Rental 3-11,text,true,,11,0,50,100,null,3,0,0
1736081014218,2,Update Rental Date,200,OK,Update Rental 3-9,text,true,,11,0,50,100,null,2,0,0
1736081014227,0,Select By Actor_ID,200,OK,Select Actor 1-45,text,true,,80,0,50,100,null,0,0,0
1736081014230,2,Update Rental Date,200,OK,Update Rental 3-25,text,true,,11,0,50,100,null,2,0,0
1736081014247,0,Select By Actor_ID,200,OK,Select Actor 1-22,text,true,,84,0,50,100,null,0,0,0
1736081014251,0,Select By Actor_ID,200,OK,Select Actor 1-24,text,true,,84,0,50,100,null,0,0,0
1736081014255,2,Update Rental Date,200,OK,Update Rental 3-10,text,true,,11,0,50,100,null,2,0,0
1736081014260,1,Select By Actor_ID,200,OK,Select Actor 1-13,text,true,,88,0,50,100,null,1,0,0
1736081014265,2,Update Rental Date,200,OK,Update Rental 3-26,text,true,,11,0,50,100,null,2,0,0
1736081014277,0,Select By Actor_ID,200,OK,Select Actor 1-23,text,true,,84,0,50,100,null,0,0,0
1736081014283,2,Update Rental Date,200,OK,Update Rental 3-49,text,true,,11,0,50,100,null,2,0,0
1736081014292,1,Update Rental Date,200,OK,Update Rental 3-20,text,true,,11,0,50,100,null,1,0,0
1736081014298,0,Select By Actor_ID,200,OK,Select Actor 1-18,text,true,,83,0,50,100,null,0,0,0
1736081014302,1,Select By Actor_ID,200,OK,Select Actor 1-47,text,true,,82,0,50,100,null,1,0,0
1736081014311,1,Select By Actor_ID,200,OK,Select Actor 1-48,text,true,,80,0,50,100,null,1,0,0
1736081014315,3,Update Rental Date,200,OK,Update Rental 3-38,text,true,,11,0,50,100,null,3,0,0
1736081014329,1,Select By Actor_ID,200,OK,Select Actor 1-38,text,true,,81,0,50,100,null,1,0,0
1736081014339,3,Update Rental Date,200,OK,Update Rental 3-32,text,true,,11,0,50,100,null,3,0,0
1736081014353,1,Select By Actor_ID,200,OK,Select Actor 1-26,text,true,,86,0,50,100,null,1,0,0
1736081014362,3,Update Rental Date,200,OK,Update Rental 3-50,text,true,,11,0,50,100,null,3,0,0
1736081014365,1,Select By Actor_ID,200,OK,Select Actor 1-29,text,true,,81,0,50,100,null,1,0,0
1736081014372,1,Select By Actor_ID,200,OK,Select Actor 1-21,text,true,,81,0,50,100,null,1,0,0
1736081014398,1,Select By Actor_ID,200,OK,Select Actor 1-36,text,true,,81,0,50,100,null,1,0,0
1736081014407,2,Update Rental Date,200,OK,Update Rental 3-1,text,true,,11,0,50,100,null,2,0,0
1736081014416,1,Select By Actor_ID,200,OK,Select Actor 1-1,text,true,,78,0,50,100,null,1,0,0
1736081014434,1,Select By Actor_ID,200,OK,Select Actor 1-44,text,true,,79,0,50,100,null,1,0,0
1736081014435,1,Select By Actor_ID,200,OK,Select Actor 1-12,text,true,,80,0,50,100,null,1,0,0
1736081014457,2,Update Rental Date,200,OK,Update Rental 3-28,text,true,,11,0,50,100,null,2,0,0
1736081014459,2,Update Rental Date,200,OK,Update Rental 3-31,text,true,,11,0,50,100,null,2,0,0
1736081014464,0,Select By Actor_ID,200,OK,Select Actor 1-32,text,true,,80,0,50,100,null,0,0,0
1736081014479,2,Update Rental Date,200,OK,Update Rental 3-35,text,true,,11,0,50,100,null,2,0,0
1736081014481,2,Update Rental Date,200,OK,Update Rental 3-30,text,true,,11,0,50,100,null,2,0,0
1736081014485,1,Select By Actor_ID,200,OK,Select Actor 1-41,text,true,,86,0,50,100,null,0,0,0
1736081014488,2,Update Rental Date,200,OK,Update Rental 3-39,text,true,,11,0,50,100,null,2,0,0
1736081014508,2,Update Rental Date,200,OK,Update Rental 3-29,text,true,,11,0,50,100,null,2,0,0
1736081014523,2,Update Rental Date,200,OK,Update Rental 3-8,text,true,,11,0,50,100,null,2,0,0
1736081014533,2,Update Rental Date,200,OK,Update Rental 3-19,text,true,,11,0,50,100,null,2,0,0
1736081014552,0,Select By Actor_ID,200,OK,Select Actor 1-43,text,true,,81,0,50,100,null,0,0,0
1736081014590,0,Select By Actor_ID,200,OK,Select Actor 1-31,text,true,,81,0,50,100,null,0,0,0
1736081014605,2,Update Rental Date,200,OK,Update Rental 3-47,text,true,,11,0,50,100,null,2,0,0
1736081014624,0,Select By Actor_ID,200,OK,Select Actor 1-46,text,true,,80,0,50,100,null,0,0,0
1736081014628,2,Update Rental Date,200,OK,Update Rental 3-17,text,true,,11,0,50,100,null,2,0,0
1736081014652,1,Update Rental Date,200,OK,Update Rental 3-14,text,true,,11,0,50,100,null,1,0,0
1736081014666,1,Update Rental Date,200,OK,Update Rental 3-22,text,true,,11,0,50,100,null,1,0,0
1736081014667,2,Update Rental Date,200,OK,Update Rental 3-3,text,true,,11,0,50,100,null,2,0,1
1736081014673,0,Select By Actor_ID,200,OK,Select Actor 1-9,text,true,,79,0,50,100,null,0,0,0
1736081014687,1,Select By Actor_ID,200,OK,Select Actor 1-3,text,true,,82,0,50,100,null,1,0,0
1736081014696,3,Update Rental Date,200,OK,Update Rental 3-2,text,true,,11,0,50,100,null,3,0,0
1736081014710,3,Update Rental Date,200,OK,Update Rental 3-48,text,true,,11,0,50,100,null,2,0,0
1736081014710,3,Update Rental Date,200,OK,Update Rental 3-23,text,true,,11,0,50,100,null,2,0,0
1736081014736,1,Select By Actor_ID,200,OK,Select Actor 1-40,text,true,,79,0,50,100,null,1,0,0
1736081014747,2,Update Rental Date,200,OK,Update Rental 3-27,text,true,,11,0,50,100,null,2,0,0
1736081014754,1,Select By Actor_ID,200,OK,Select Actor 1-16,text,true,,80,0,50,100,null,1,0,0
1736081014755,2,Update Rental Date,200,OK,Update Rental 3-18,text,true,,11,0,50,100,null,2,0,0
1736081014758,1,Select By Actor_ID,200,OK,Select Actor 1-35,text,true,,79,0,50,100,null,1,0,0
1736081014791,1,Select By Actor_ID,200,OK,Select Actor 1-14,text,true,,79,0,50,100,null,1,0,0
1736081014837,2,Update Rental Date,200,OK,Update Rental 3-16,text,true,,11,0,50,100,null,2,0,0
1736081014857,1,Select By Actor_ID,200,OK,Select Actor 1-4,text,true,,82,0,50,100,null,1,0,0
1736081014862,1,Select By Actor_ID,200,OK,Select Actor 1-49,text,true,,81,0,50,100,null,0,0,0
1736081014873,2,Update Rental Date,200,OK,Update Rental 3-44,text,true,,11,0,50,100,null,2,0,0
1736081014874,2,Update Rental Date,200,OK,Update Rental 3-40,text,true,,11,0,50,100,null,2,0,0
1736081014878,1,Select By Actor_ID,200,OK,Select Actor 1-2,text,true,,83,0,50,100,null,1,0,0
1736081014886,2,Update Rental Date,200,OK,Update Rental 3-33,text,true,,11,0,50,100,null,2,0,0
1736081014912,2,Update Rental Date,200,OK,Update Rental 3-34,text,true,,11,0,50,100,null,2,0,0
1736081014913,2,Update Rental Date,200,OK,Update Rental 3-42,text,true,,11,0,50,100,null,2,0,0
1736081014923,0,Select By Actor_ID,200,OK,Select Actor 1-25,text,true,,82,0,50,100,null,0,0,0
1736081014925,0,Select By Actor_ID,200,OK,Select Actor 1-19,text,true,,83,0,50,100,null,0,0,0
1736081014940,0,Select By Actor_ID,200,OK,Select Actor 1-39,text,true,,80,0,50,100,null,0,0,0
1736081014943,0,Select By Actor_ID,200,OK,Select Actor 1-22,text,true,,81,0,50,100,null,0,0,0
1736081014945,0,Select By Actor_ID,200,OK,Select Actor 1-34,text,true,,80,0,50,100,null,0,0,0
1736081014972,0,Select By Actor_ID,200,OK,Select Actor 1-12,text,true,,83,0,50,100,null,0,0,0
1736081014983,0,Select By Actor_ID,200,OK,Select Actor 1-30,text,true,,82,0,50,100,null,0,0,0
1736081014992,0,Select By Actor_ID,200,OK,Select Actor 1-20,text,true,,80,0,50,100,null,0,0,0
1736081014994,2,Update Rental Date,200,OK,Update Rental 3-25,text,true,,11,0,50,100,null,2,0,0
1736081014996,0,Select By Actor_ID,200,OK,Select Actor 1-32,text,true,,83,0,50,100,null,0,0,0
1736081014995,2,Update Rental Date,200,OK,Update Rental 3-13,text,true,,11,0,50,100,null,2,0,0
1736081015020,0,Select By Actor_ID,200,OK,Select Actor 1-38,text,true,,80,0,50,100,null,0,0,0
1736081015024,0,Select By Actor_ID,200,OK,Select Actor 1-44,text,true,,79,0,50,100,null,0,0,0
1736081015022,3,Update Rental Date,200,OK,Update Rental 3-43,text,true,,11,0,50,100,null,3,0,0
1736081015043,2,Update Rental Date,200,OK,Update Rental 3-8,text,true,,11,0,50,100,null,2,0,0
1736081015044,2,Update Rental Date,200,OK,Update Rental 3-5,text,true,,11,0,50,100,null,2,0,1
1736081015050,1,Select By Actor_ID,200,OK,Select Actor 1-24,text,true,,81,0,50,100,null,1,0,0
1736081015071,2,Update Rental Date,200,OK,Update Rental 3-15,text,true,,11,0,50,100,null,2,0,0
1736081015078,1,Select By Actor_ID,200,OK,Select Actor 1-15,text,true,,83,0,50,100,null,1,0,0
1736081015080,2,Update Rental Date,200,OK,Update Rental 3-1,text,true,,11,0,50,100,null,2,0,0
1736081015087,1,Select By Actor_ID,200,OK,Select Actor 1-7,text,true,,81,0,50,100,null,1,0,0
1736081015095,1,Select By Actor_ID,200,OK,Select Actor 1-1,text,true,,78,0,50,100,null,1,0,0
1736081015115,2,Update Rental Date,200,OK,Update Rental 3-50,text,true,,11,0,50,100,null,2,0,0
1736081015117,3,Update Rental Date,200,OK,Update Rental 3-31,text,true,,11,0,50,100,null,3,0,0
1736081015119,2,Update Rental Date,200,OK,Update Rental 3-9,text,true,,11,0,50,100,null,2,0,0
1736081015127,1,Select By Actor_ID,200,OK,Select Actor 1-13,text,true,,78,0,50,100,null,1,0,0
1736081015130,1,Select By Actor_ID,200,OK,Select Actor 1-8,text,true,,78,0,50,100,null,1,0,0
1736081015132,1,Select By Actor_ID,200,OK,Select Actor 1-10,text,true,,83,0,50,100,null,1,0,0
1736081015147,1,Select By Actor_ID,200,OK,Select Actor 1-11,text,true,,80,0,50,100,null,1,0,0
1736081015167,2,Update Rental Date,200,OK,Update Rental 3-28,text,true,,11,0,50,100,null,2,0,0
1736081015170,2,Update Rental Date,200,OK,Update Rental 3-30,text,true,,11,0,50,100,null,2,0,0
1736081015172,2,Update Rental Date,200,OK,Update Rental 3-41,text,true,,11,0,50,100,null,2,0,0
1736081015177,1,Select By Actor_ID,200,OK,Select Actor 1-42,text,true,,77,0,50,100,null,1,0,0
1736081015196,2,Update Rental Date,200,OK,Update Rental 3-21,text,true,,11,0,50,100,null,2,0,0
1736081015212,1,Select By Actor_ID,200,OK,Select Actor 1-28,text,true,,80,0,50,100,null,1,0,0
1736081015216,1,Select By Actor_ID,200,OK,Select Actor 1-41,text,true,,80,0,50,100,null,1,0,0
1736081015218,3,Update Rental Date,200,OK,Update Rental 3-19,text,true,,11,0,50,100,null,3,0,0
1736081015236,1,Select By Actor_ID,200,OK,Select Actor 1-50,text,true,,79,0,50,100,null,1,0,0
1736081015236,2,Update Rental Date,200,OK,Update Rental 3-37,text,true,,11,0,50,100,null,2,0,0
1736081015243,2,Update Rental Date,200,OK,Update Rental 3-10,text,true,,11,0,50,100,null,2,0,0
1736081015244,2,Update Rental Date,200,OK,Update Rental 3-20,text,true,,11,0,50,100,null,2,0,0
1736081015258,0,Select By Actor_ID,200,OK,Select Actor 1-45,text,true,,77,0,50,100,null,0,0,0
1736081015261,2,Update Rental Date,200,OK,Update Rental 3-6,text,true,,11,0,50,100,null,2,0,0
1736081015284,2,Update Rental Date,200,OK,Update Rental 3-4,text,true,,11,0,50,100,null,2,0,0
1736081015298,1,Select By Actor_ID,200,OK,Select Actor 1-23,text,true,,81,0,50,100,null,1,0,0
1736081015301,2,Update Rental Date,200,OK,Update Rental 3-26,text,true,,11,0,50,100,null,2,0,0
1736081015314,2,Update Rental Date,200,OK,Update Rental 3-49,text,true,,11,0,50,100,null,2,0,0
1736081015317,2,Update Rental Date,200,OK,Update Rental 3-47,text,true,,11,0,50,100,null,2,0,0
1736081015323,2,Update Rental Date,200,OK,Update Rental 3-7,text,true,,11,0,50,100,null,2,0,0
1736081015325,0,Select By Actor_ID,200,OK,Select Actor 1-9,text,true,,82,0,50,100,null,0,0,0
1736081015326,1,Update Rental Date,200,OK,Update Rental 3-24,text,true,,11,0,50,100,null,1,0,0
1736081015331,0,Select By Actor_ID,200,OK,Select Actor 1-5,text,true,,83,0,50,100,null,0,0,0
1736081015341,0,Select By Actor_ID,200,OK,Select Actor 1-6,text,true,,81,0,50,100,null,0,0,0
1736081015360,2,Update Rental Date,200,OK,Update Rental 3-11,text,true,,11,0,50,100,null,2,0,0
1736081015366,0,Select By Actor_ID,200,OK,Select Actor 1-35,text,true,,81,0,50,100,null,0,0,0
1736081015370,1,Update Rental Date,200,OK,Update Rental 3-48,text,true,,11,0,50,100,null,1,0,0
1736081015399,0,Select By Actor_ID,200,OK,Select Actor 1-33,text,true,,88,0,50,100,null,0,0,0
1736081015402,0,Select By Actor_ID,200,OK,Select Actor 1-36,text,true,,80,0,50,100,null,0,0,0
1736081015414,2,Update Rental Date,200,OK,Update Rental 3-45,text,true,,11,0,50,100,null,2,0,1
1736081015417,1,Select By Actor_ID,200,OK,Select Actor 1-31,text,true,,80,0,50,100,null,1,0,0
1736081015417,2,Update Rental Date,200,OK,Update Rental 3-18,text,true,,11,0,50,100,null,2,0,0
1736081015437,1,Select By Actor_ID,200,OK,Select Actor 1-27,text,true,,82,0,50,100,null,1,0,0
1736081015453,2,Update Rental Date,200,OK,Update Rental 3-17,text,true,,11,0,50,100,null,2,0,0
1736081015465,1,Select By Actor_ID,200,OK,Select Actor 1-18,text,true,,80,0,50,100,null,1,0,0
1736081015471,2,Update Rental Date,200,OK,Update Rental 3-46,text,true,,11,0,50,100,null,2,0,0
1736081015475,1,Select By Actor_ID,200,OK,Select Actor 1-14,text,true,,80,0,50,100,null,1,0,0
1736081015497,1,Select By Actor_ID,200,OK,Select Actor 1-37,text,true,,85,0,50,100,null,1,0,0
1736081015521,2,Update Rental Date,200,OK,Update Rental 3-22,text,true,,11,0,50,100,null,2,0,0
1736081015539,1,Select By Actor_ID,200,OK,Select Actor 1-47,text,true,,79,0,50,100,null,1,0,0
1736081015543,1,Select By Actor_ID,200,OK,Select Actor 1-38,text,true,,78,0,50,100,null,1,0,0
1736081015554,1,Select By Actor_ID,200,OK,Select Actor 1-46,text,true,,79,0,50,100,null,1,0,0
1736081015560,1,Select By Actor_ID,200,OK,Select Actor 1-30,text,true,,79,0,50,100,null,1,0,0
1736081015563,1,Select By Actor_ID,200,OK,Select Actor 1-17,text,true,,80,0,50,100,null,1,0,0
1736081015568,2,Update Rental Date,200,OK,Update Rental 3-35,text,true,,11,0,50,100,null,2,0,0
1736081015585,1,Select By Actor_ID,200,OK,Select Actor 1-44,text,true,,76,0,50,100,null,1,0,0
1736081015584,2,Update Rental Date,200,OK,Update Rental 3-40,text,true,,11,0,50,100,null,2,0,0
1736081015586,0,Select By Actor_ID,200,OK,Select Actor 1-25,text,true,,82,0,50,100,null,0,0,0
1736081015589,0,Select By Actor_ID,200,OK,Select Actor 1-2,text,true,,80,0,50,100,null,0,0,0
1736081015606,0,Select By Actor_ID,200,OK,Select Actor 1-21,text,true,,79,0,50,100,null,0,0,0
1736081015647,2,Update Rental Date,200,OK,Update Rental 3-36,text,true,,11,0,50,100,null,2,0,0
1736081015657,0,Select By Actor_ID,200,OK,Select Actor 1-26,text,true,,84,0,50,100,null,0,0,0
1736081015665,0,Select By Actor_ID,200,OK,Select Actor 1-24,text,true,,79,0,50,100,null,0,0,0
1736081015678,2,Update Rental Date,200,OK,Update Rental 3-3,text,true,,11,0,50,100,null,2,0,0
1736081015687,0,Select By Actor_ID,200,OK,Select Actor 1-13,text,true,,82,0,50,100,null,0,0,0
1736081015688,2,Update Rental Date,200,OK,Update Rental 3-39,text,true,,11,0,50,100,null,2,0,0
1736081015704,0,Select By Actor_ID,200,OK,Select Actor 1-32,text,true,,81,0,50,100,null,0,0,0
1736081015704,2,Update Rental Date,200,OK,Update Rental 3-12,text,true,,11,0,50,100,null,2,0,0
1736081015704,3,Update Rental Date,200,OK,Update Rental 3-32,text,true,,11,0,50,100,null,3,0,0
1736081015712,2,Update Rental Date,200,OK,Update Rental 3-21,text,true,,11,0,50,100,null,2,0,0
1736081015726,0,Select By Actor_ID,200,OK,Select Actor 1-42,text,true,,81,0,50,100,null,0,0,0
1736081015727,1,Update Rental Date,200,OK,Update Rental 3-28,text,true,,11,0,50,100,null,1,0,0
1736081015733,0,Select By Actor_ID,200,OK,Select Actor 1-48,text,true,,76,0,50,100,null,0,0,0
1736081015742,0,Select By Actor_ID,200,OK,Select Actor 1-19,text,true,,82,0,50,100,null,0,0,0
1736081015742,1,Update Rental Date,200,OK,Update Rental 3-25,text,true,,11,0,50,100,null,1,0,0
1736081015744,0,Select By Actor_ID,200,OK,Select Actor 1-41,text,true,,80,0,50,100,null,0,0,0
1736081015745,1,Update Rental Date,200,OK,Update Rental 3-34,text,true,,11,0,50,100,null,1,0,0
1736081015765,0,Select By Actor_ID,200,OK,Select Actor 1-16,text,true,,81,0,50,100,null,0,0,0
1736081015766,0,Select By Actor_ID,200,OK,Select Actor 1-29,text,true,,79,0,50,100,null,0,0,0
1736081015778,2,Update Rental Date,200,OK,Update Rental 3-5,text,true,,11,0,50,100,null,2,0,0
1736081015785,2,Update Rental Date,200,OK,Update Rental 3-38,text,true,,11,0,50,100,null,2,0,0
1736081015788,1,Select By Actor_ID,200,OK,Select Actor 1-50,text,true,,83,0,50,100,null,0,0,0
1736081015804,2,Update Rental Date,200,OK,Update Rental 3-23,text,true,,11,0,50,100,null,2,0,0
1736081015811,2,Update Rental Date,200,OK,Update Rental 3-29,text,true,,11,0,50,100,null,2,0,0
1736081015821,1,Select By Actor_ID,200,OK,Select Actor 1-39,text,true,,80,0,50,100,null,1,0,0
1736081015822,2,Update Rental Date,200,OK,Update Rental 3-14,text,true,,11,0,50,100,null,2,0,0
1736081015823,2,Update Rental Date,200,OK,Update Rental 3-50,text,true,,11,0,50,100,null,2,0,0
1736081015826,2,Update Rental Date,200,OK,Update Rental 3-44,text,true,,11,0,50,100,null,2,0,0
1736081015827,3,Update Rental Date,200,OK,Update Rental 3-27,text,true,,11,0,50,100,null,3,0,0
1736081015843,0,Select By Actor_ID,200,OK,Select Actor 1-5,text,true,,81,0,50,100,null,0,0,0
1736081015922,0,Select By Actor_ID,200,OK,Select Actor 1-12,text,true,,79,0,50,100,null,0,0,0
1736081015922,2,Update Rental Date,200,OK,Update Rental 3-20,text,true,,11,0,50,100,null,2,0,0
1736081015931,0,Select By Actor_ID,200,OK,Select Actor 1-11,text,true,,81,0,50,100,null,0,0,0
1736081015935,0,Select By Actor_ID,200,OK,Select Actor 1-43,text,true,,79,0,50,100,null,0,0,0
1736081015948,0,Select By Actor_ID,200,OK,Select Actor 1-34,text,true,,84,0,50,100,null,0,0,0
1736081015950,1,Update Rental Date,200,OK,Update Rental 3-8,text,true,,11,0,50,100,null,1,0,0
1736081015961,1,Update Rental Date,200,OK,Update Rental 3-30,text,true,,11,0,50,100,null,1,0,0
1736081015967,1,Update Rental Date,200,OK,Update Rental 3-13,text,true,,11,0,50,100,null,1,0,0
1736081015991,1,Select By Actor_ID,200,OK,Select Actor 1-23,text,true,,84,0,50,100,null,1,0,0
1736081015990,2,Update Rental Date,200,OK,Update Rental 3-6,text,true,,11,0,50,100,null,2,0,0
1736081015993,2,Update Rental Date,200,OK,Update Rental 3-46,text,true,,11,0,50,100,null,2,0,0
1736081016010,2,Update Rental Date,200,OK,Update Rental 3-2,text,true,,11,0,50,100,null,2,0,0
1736081016015,1,Select By Actor_ID,200,OK,Select Actor 1-36,text,true,,80,0,50,100,null,1,0,0
1736081016020,1,Select By Actor_ID,200,OK,Select Actor 1-20,text,true,,81,0,50,100,null,1,0,0
1736081016023,2,Update Rental Date,200,OK,Update Rental 3-43,text,true,,11,0,50,100,null,2,0,0
1736081016025,1,Select By Actor_ID,200,OK,Select Actor 1-6,text,true,,85,0,50,100,null,1,0,0
1736081016034,1,Select By Actor_ID,200,OK,Select Actor 1-3,text,true,,79,0,50,100,null,1,0,0
1736081016066,2,Update Rental Date,200,OK,Update Rental 3-10,text,true,,11,0,50,100,null,2,0,0
1736081016073,1,Select By Actor_ID,200,OK,Select Actor 1-40,text,true,,81,0,50,100,null,1,0,0
1736081016078,1,Select By Actor_ID,200,OK,Select Actor 1-18,text,true,,83,0,50,100,null,1,0,0
1736081016084,3,Update Rental Date,200,OK,Update Rental 3-33,text,true,,11,0,50,100,null,3,0,0
1736081016148,0,Select By Actor_ID,200,OK,Select Actor 1-17,text,true,,83,0,50,100,null,0,0,0
1736081016155,2,Update Rental Date,200,OK,Update Rental 3-9,text,true,,11,0,50,100,null,2,0,0
1736081016158,2,Update Rental Date,200,OK,Update Rental 3-48,text,true,,11,0,50,100,null,2,0,0
1736081016167,0,Select By Actor_ID,200,OK,Select Actor 1-8,text,true,,78,0,50,100,null,0,0,0
1736081016176,1,Select By Actor_ID,200,OK,Select Actor 1-45,text,true,,78,0,50,100,null,0,0,0
1736081016176,2,Update Rental Date,200,OK,Update Rental 3-4,text,true,,11,0,50,100,null,2,0,0
1736081016185,2,Update Rental Date,200,OK,Update Rental 3-22,text,true,,11,0,50,100,null,2,0,0
1736081016187,2,Update Rental Date,200,OK,Update Rental 3-1,text,true,,11,0,50,100,null,2,0,0
1736081016200,0,Select By Actor_ID,200,OK,Select Actor 1-49,text,true,,85,0,50,100,null,0,0,0
1736081016209,0,Select By Actor_ID,200,OK,Select Actor 1-25,text,true,,80,0,50,100,null,0,0,0
1736081016212,0,Select By Actor_ID,200,OK,Select Actor 1-28,text,true,,81,0,50,100,null,0,0,0
1736081016235,2,Update Rental Date,200,OK,Update Rental 3-11,text,true,,11,0,50,100,null,2,0,0
1736081016240,0,Select By Actor_ID,200,OK,Select Actor 1-9,text,true,,81,0,50,100,null,0,0,0
1736081016265,0,Select By Actor_ID,200,OK,Select Actor 1-1,text,true,,80,0,50,100,null,0,0,0
1736081016275,2,Update Rental Date,200,OK,Update Rental 3-7,text,true,,11,0,50,100,null,2,0,0
1736081016278,2,Update Rental Date,200,OK,Update Rental 3-36,text,true,,11,0,50,100,null,2,0,0
1736081016283,0,Select By Actor_ID,200,OK,Select Actor 1-4,text,true,,81,0,50,100,null,0,0,0
1736081016286,0,Select By Actor_ID,200,OK,Select Actor 1-22,text,true,,80,0,50,100,null,0,0,0
1736081016291,2,Update Rental Date,200,OK,Update Rental 3-15,text,true,,11,0,50,100,null,2,0,0
1736081016310,0,Select By Actor_ID,200,OK,Select Actor 1-15,text,true,,76,0,50,100,null,0,0,0
1736081016316,2,Update Rental Date,200,OK,Update Rental 3-16,text,true,,11,0,50,100,null,2,0,0
1736081016353,3,Update Rental Date,200,OK,Update Rental 3-44,text,true,,11,0,50,100,null,3,0,0
1736081016396,0,Select By Actor_ID,200,OK,Select Actor 1-37,text,true,,78,0,50,100,null,0,0,0
1736081016395,3,Update Rental Date,200,OK,Update Rental 3-42,text,true,,11,0,50,100,null,3,0,0
1736081016395,3,Update Rental Date,200,OK,Update Rental 3-32,text,true,,11,0,50,100,null,3,0,0
1736081016409,1,Select By Actor_ID,200,OK,Select Actor 1-7,text,true,,80,0,50,100,null,1,0,0
1736081016415,1,Select By Actor_ID,200,OK,Select Actor 1-44,text,true,,81,0,50,100,null,1,0,0
1736081016418,2,Update Rental Date,200,OK,Update Rental 3-45,text,true,,11,0,50,100,null,2,0,0
1736081016432,1,Select By Actor_ID,200,OK,Select Actor 1-11,text,true,,83,0,50,100,null,1,0,0
1736081016445,3,Update Rental Date,200,OK,Update Rental 3-21,text,true,,11,0,50,100,null,3,0,0
1736081016448,3,Update Rental Date,200,OK,Update Rental 3-14,text,true,,11,0,50,100,null,3,0,0
1736081016448,3,Update Rental Date,200,OK,Update Rental 3-50,text,true,,11,0,50,100,null,3,0,0
1736081016451,1,Select By Actor_ID,200,OK,Select Actor 1-19,text,true,,82,0,50,100,null,1,0,0
1736081016453,2,Update Rental Date,200,OK,Update Rental 3-19,text,true,,11,0,50,100,null,2,0,0
1736081016456,3,Update Rental Date,200,OK,Update Rental 3-41,text,true,,11,0,50,100,null,3,0,0
1736081016459,2,Update Rental Date,200,OK,Update Rental 3-37,text,true,,11,0,50,100,null,2,0,0
1736081016467,1,Select By Actor_ID,200,OK,Select Actor 1-34,text,true,,80,0,50,100,null,1,0,0
1736081016481,1,Select By Actor_ID,200,OK,Select Actor 1-16,text,true,,80,0,50,100,null,1,0,0
1736081016484,3,Update Rental Date,200,OK,Update Rental 3-29,text,true,,11,0,50,100,null,3,0,0
1736081016506,1,Select By Actor_ID,200,OK,Select Actor 1-39,text,true,,78,0,50,100,null,1,0,0
1736081016525,2,Update Rental Date,200,OK,Update Rental 3-31,text,true,,11,0,50,100,null,2,0,0
1736081016534,2,Update Rental Date,200,OK,Update Rental 3-18,text,true,,11,0,50,100,null,2,0,0
1736081016536,1,Select By Actor_ID,200,OK,Select Actor 1-30,text,true,,83,0,50,100,null,0,0,0
1736081016539,0,Select By Actor_ID,200,OK,Select Actor 1-12,text,true,,78,0,50,100,null,0,0,0
1736081016545,2,Update Rental Date,200,OK,Update Rental 3-27,text,true,,11,0,50,100,null,2,0,0
1736081016549,2,Update Rental Date,200,OK,Update Rental 3-17,text,true,,11,0,50,100,null,2,0,0
1736081016553,2,Update Rental Date,200,OK,Update Rental 3-23,text,true,,11,0,50,100,null,2,0,0
1736081016564,0,Select By Actor_ID,200,OK,Select Actor 1-38,text,true,,82,0,50,100,null,0,0,0
1736081016576,2,Update Rental Date,200,OK,Update Rental 3-49,text,true,,11,0,50,100,null,2,0,0
1736081016580,2,Update Rental Date,200,OK,Update Rental 3-5,text,true,,11,0,50,100,null,2,0,0
1736081016588,0,Select By Actor_ID,200,OK,Select Actor 1-27,text,true,,80,0,50,100,null,0,0,0
1736081016608,2,Update Rental Date,200,OK,Update Rental 3-3,text,true,,11,0,50,100,null,2,0,0
1736081016628,0,Select By Actor_ID,200,OK,Select Actor 1-10,text,true,,80,0,50,100,null,0,0,0
1736081016629,0,Select By Actor_ID,200,OK,Select Actor 1-13,text,true,,79,0,50,100,null,0,0,0
1736081016633,0,Select By Actor_ID,200,OK,Select Actor 1-24,text,true,,83,0,50,100,null,0,0,0
1736081016634,2,Update Rental Date,200,OK,Update Rental 3-47,text,true,,11,0,50,100,null,2,0,0
1736081016658,1,Update Rental Date,200,OK,Update Rental 3-26,text,true,,11,0,50,100,null,1,0,0
1736081016661,0,Select By Actor_ID,200,OK,Select Actor 1-48,text,true,,84,0,50,100,null,0,0,0
1736081016663,0,Select By Actor_ID,200,OK,Select Actor 1-42,text,true,,84,0,50,100,null,0,0,0
1736081016677,2,Update Rental Date,200,OK,Update Rental 3-24,text,true,,11,0,50,100,null,2,0,0
1736081016683,1,Update Rental Date,200,OK,Update Rental 3-12,text,true,,11,0,50,100,null,1,0,0
1736081016691,0,Select By Actor_ID,200,OK,Select Actor 1-32,text,true,,81,0,50,100,null,0,0,0
1736081016715,1,Select By Actor_ID,200,OK,Select Actor 1-14,text,true,,79,0,50,100,null,1,0,0
1736081016718,1,Select By Actor_ID,200,OK,Select Actor 1-33,text,true,,78,0,50,100,null,1,0,0
1736081016728,2,Update Rental Date,200,OK,Update Rental 3-38,text,true,,11,0,50,100,null,2,0,0
1736081016738,1,Select By Actor_ID,200,OK,Select Actor 1-29,text,true,,82,0,50,100,null,1,0,0
1736081016737,3,Update Rental Date,200,OK,Update Rental 3-20,text,true,,11,0,50,100,null,3,0,0
1736081016740,3,Update Rental Date,200,OK,Update Rental 3-34,text,true,,11,0,50,100,null,3,0,0
1736081016752,2,Update Rental Date,200,OK,Update Rental 3-22,text,true,,11,0,50,100,null,2,0,0
1736081016781,1,Select By Actor_ID,200,OK,Select Actor 1-31,text,true,,81,0,50,100,null,1,0,0
1736081016802,1,Select By Actor_ID,200,OK,Select Actor 1-2,text,true,,79,0,50,100,null,1,0,0
1736081016810,2,Update Rental Date,200,OK,Update Rental 3-8,text,true,,11,0,50,100,null,2,0,0
1736081016817,2,Update Rental Date,200,OK,Update Rental 3-28,text,true,,11,0,50,100,null,2,0,0
1736081016820,1,Select By Actor_ID,200,OK,Select Actor 1-50,text,true,,83,0,50,100,null,1,0,0
1736081016825,1,Select By Actor_ID,200,OK,Select Actor 1-46,text,true,,82,0,50,100,null,1,0,0
1736081016830,1,Select By Actor_ID,200,OK,Select Actor 1-5,text,true,,80,0,50,100,null,1,0,0
1736081016834,1,Select By Actor_ID,200,OK,Select Actor 1-35,text,true,,78,0,50,100,null,1,0,0
1736081016834,2,Update Rental Date,200,OK,Update Rental 3-7,text,true,,11,0,50,100,null,2,0,0
1736081016834,2,Update Rental Date,200,OK,Update Rental 3-25,text,true,,11,0,50,100,null,2,0,0
1736081016846,1,Select By Actor_ID,200,OK,Select Actor 1-3,text,true,,78,0,50,100,null,1,0,0
1736081016850,2,Update Rental Date,200,OK,Update Rental 3-11,text,true,,11,0,50,100,null,2,0,0
1736081016866,2,Update Rental Date,200,OK,Update Rental 3-39,text,true,,11,0,50,100,null,2,0,0
1736081016871,2,Update Rental Date,200,OK,Update Rental 3-35,text,true,,11,0,50,100,null,2,0,0
1736081016883,1,Select By Actor_ID,200,OK,Select Actor 1-43,text,true,,84,0,50,100,null,1,0,0
1736081016895,8,Update Rental Date,200,OK,Update Rental 3-48,text,true,,11,0,50,100,null,8,0,0
1736081016929,1,Select By Actor_ID,200,OK,Select Actor 1-20,text,true,,79,0,50,100,null,1,0,0
1736081016942,1,Select By Actor_ID,200,OK,Select Actor 1-44,text,true,,83,0,50,100,null,1,0,0
1736081016951,1,Select By Actor_ID,200,OK,Select Actor 1-4,text,true,,80,0,50,100,null,1,0,0
1736081016970,3,Update Rental Date,200,OK,Update Rental 3-45,text,true,,11,0,50,100,null,3,0,0
1736081016990,1,Select By Actor_ID,200,OK,Select Actor 1-47,text,true,,82,0,50,100,null,1,0,0
1736081017004,1,Select By Actor_ID,200,OK,Select Actor 1-21,text,true,,77,0,50,100,null,1,0,0
1736081017009,3,Update Rental Date,200,OK,Update Rental 3-36,text,true,,11,0,50,100,null,3,0,0
1736081017011,1,Select By Actor_ID,200,OK,Select Actor 1-40,text,true,,83,0,50,100,null,1,0,0
1736081017019,1,Select By Actor_ID,200,OK,Select Actor 1-26,text,true,,82,0,50,100,null,1,0,0
1736081017028,1,Select By Actor_ID,200,OK,Select Actor 1-22,text,true,,81,0,50,100,null,1,0,0
1736081017031,2,Update Rental Date,200,OK,Update Rental 3-43,text,true,,11,0,50,100,null,2,0,0
1736081017044,2,Update Rental Date,200,OK,Update Rental 3-9,text,true,,11,0,50,100,null,2,0,0
1736081017050,3,Update Rental Date,200,OK,Update Rental 3-40,text,true,,11,0,50,100,null,3,0,0
1736081017087,0,Select By Actor_ID,200,OK,Select Actor 1-25,text,true,,83,0,50,100,null,0,0,0
1736081017104,2,Update Rental Date,200,OK,Update Rental 3-32,text,true,,11,0,50,100,null,2,0,0
1736081017108,0,Select By Actor_ID,200,OK,Select Actor 1-19,text,true,,83,0,50,100,null,0,0,0
1736081017118,2,Update Rental Date,200,OK,Update Rental 3-6,text,true,,11,0,50,100,null,2,0,0
1736081017127,2,Update Rental Date,200,OK,Update Rental 3-27,text,true,,11,0,50,100,null,2,0,0
1736081017144,1,Select By Actor_ID,200,OK,Select Actor 1-6,text,true,,80,0,50,100,null,1,0,0
1736081017150,2,Update Rental Date,200,OK,Update Rental 3-44,text,true,,11,0,50,100,null,2,0,0
1736081017156,1,Select By Actor_ID,200,OK,Select Actor 1-17,text,true,,78,0,50,100,null,1,0,0
1736081017159,1,Select By Actor_ID,200,OK,Select Actor 1-8,text,true,,81,0,50,100,null,1,0,0
1736081017162,1,Select By Actor_ID,200,OK,Select Actor 1-7,text,true,,80,0,50,100,null,1,0,0
1736081017164,1,Select By Actor_ID,200,OK,Select Actor 1-10,text,true,,77,0,50,100,null,1,0,0
1736081017193,2,Update Rental Date,200,OK,Update Rental 3-15,text,true,,11,0,50,100,null,2,0,0
1736081017202,1,Select By Actor_ID,200,OK,Select Actor 1-37,text,true,,85,0,50,100,null,1,0,0
1736081017214,1,Select By Actor_ID,200,OK,Select Actor 1-41,text,true,,77,0,50,100,null,1,0,0
1736081017235,2,Update Rental Date,200,OK,Update Rental 3-49,text,true,,11,0,50,100,null,2,0,0
1736081017238,2,Update Rental Date,200,OK,Update Rental 3-30,text,true,,11,0,50,100,null,2,0,0
1736081017241,0,Select By Actor_ID,200,OK,Select Actor 1-27,text,true,,79,0,50,100,null,0,0,0
1736081017240,1,Update Rental Date,200,OK,Update Rental 3-46,text,true,,11,0,50,100,null,1,0,0
1736081017244,0,Select By Actor_ID,200,OK,Select Actor 1-28,text,true,,79,0,50,100,null,0,0,0
1736081017261,0,Select By Actor_ID,200,OK,Select Actor 1-11,text,true,,83,0,50,100,null,0,0,0
1736081017274,0,Select By Actor_ID,200,OK,Select Actor 1-39,text,true,,80,0,50,100,null,0,0,0
1736081017277,2,Update Rental Date,200,OK,Update Rental 3-29,text,true,,11,0,50,100,null,1,0,0
1736081017279,1,Update Rental Date,200,OK,Update Rental 3-10,text,true,,11,0,50,100,null,1,0,0
1736081017288,0,Select By Actor_ID,200,OK,Select Actor 1-36,text,true,,79,0,50,100,null,0,0,0
1736081017290,1,Update Rental Date,200,OK,Update Rental 3-26,text,true,,11,0,50,100,null,1,0,0
1736081017293,0,Select By Actor_ID,200,OK,Select Actor 1-15,text,true,,83,0,50,100,null,0,0,0
1736081017299,1,Update Rental Date,200,OK,Update Rental 3-19,text,true,,11,0,50,100,null,1,0,0
1736081017324,2,Update Rental Date,200,OK,Update Rental 3-28,text,true,,11,0,50,100,null,2,0,0
1736081017350,2,Update Rental Date,200,OK,Update Rental 3-5,text,true,,11,0,50,100,null,2,0,0
1736081017360,3,Update Rental Date,200,OK,Update Rental 3-31,text,true,,11,0,50,100,null,3,0,0
1736081017396,2,Update Rental Date,200,OK,Update Rental 3-1,text,true,,11,0,50,100,null,2,0,0
1736081017397,2,Update Rental Date,200,OK,Update Rental 3-37,text,true,,11,0,50,100,null,2,0,0
1736081017412,2,Update Rental Date,200,OK,Update Rental 3-25,text,true,,11,0,50,100,null,2,0,0
1736081017430,2,Update Rental Date,200,OK,Update Rental 3-47,text,true,,11,0,50,100,null,2,0,0
1736081017431,2,Update Rental Date,200,OK,Update Rental 3-2,text,true,,11,0,50,100,null,2,0,0
1736081017437,2,Update Rental Date,200,OK,Update Rental 3-13,text,true,,11,0,50,100,null,2,0,0
1736081017441,1,Select By Actor_ID,200,OK,Select Actor 1-18,text,true,,84,0,50,100,null,1,0,0
1736081017449,1,Select By Actor_ID,200,OK,Select Actor 1-23,text,true,,81,0,50,100,null,1,0,0
1736081017455,2,Update Rental Date,200,OK,Update Rental 3-23,text,true,,11,0,50,100,null,2,0,0
1736081017467,1,Select By Actor_ID,200,OK,Select Actor 1-13,text,true,,81,0,50,100,null,1,0,0
1736081017499,2,Update Rental Date,200,OK,Update Rental 3-42,text,true,,11,0,50,100,null,2,0,0
1736081017508,1,Select By Actor_ID,200,OK,Select Actor 1-9,text,true,,86,0,50,100,null,0,0,0
1736081017508,1,Select By Actor_ID,200,OK,Select Actor 1-38,text,true,,84,0,50,100,null,0,0,0
1736081017509,2,Update Rental Date,200,OK,Update Rental 3-16,text,true,,11,0,50,100,null,2,0,0
1736081017520,2,Update Rental Date,200,OK,Update Rental 3-24,text,true,,11,0,50,100,null,2,0,0
1736081017532,0,Select By Actor_ID,200,OK,Select Actor 1-5,text,true,,81,0,50,100,null,0,0,0
1736081017533,2,Update Rental Date,200,OK,Update Rental 3-41,text,true,,11,0,50,100,null,2,0,0
1736081017536,0,Select By Actor_ID,200,OK,Select Actor 1-32,text,true,,82,0,50,100,null,0,0,0
1736081017545,1,Select By Actor_ID,200,OK,Select Actor 1-49,text,true,,80,0,50,100,null,1,0,0
1736081017548,3,Update Rental Date,200,OK,Update Rental 3-33,text,true,,11,0,50,100,null,3,0,0
1736081017553,2,Update Rental Date,200,OK,Update Rental 3-43,text,true,,11,0,50,100,null,2,0,0
1736081017594,1,Select By Actor_ID,200,OK,Select Actor 1-42,text,true,,80,0,50,100,null,1,0,0
1736081017610,2,Update Rental Date,200,OK,Update Rental 3-4,text,true,,11,0,50,100,null,2,0,0
1736081017615,2,Update Rental Date,200,OK,Update Rental 3-8,text,true,,11,0,50,100,null,2,0,0
1736081017631,2,Update Rental Date,200,OK,Update Rental 3-34,text,true,,11,0,50,100,null,2,0,0
1736081017653,2,Update Rental Date,200,OK,Update Rental 3-11,text,true,,11,0,50,100,null,2,0,0
1736081017656,0,Select By Actor_ID,200,OK,Select Actor 1-1,text,true,,85,0,50,100,null,0,0,0
1736081017665,1,Select By Actor_ID,200,OK,Select Actor 1-45,text,true,,80,0,50,100,null,0,0,0
1736081017668,0,Select By Actor_ID,200,OK,Select Actor 1-29,text,true,,80,0,50,100,null,0,0,0
1736081017669,0,Select By Actor_ID,200,OK,Select Actor 1-2,text,true,,83,0,50,100,null,0,0,0
1736081017680,0,Select By Actor_ID,200,OK,Select Actor 1-30,text,true,,80,0,50,100,null,0,0,0
1736081017698,1,Select By Actor_ID,200,OK,Select Actor 1-7,text,true,,80,0,50,100,null,0,0,0
1736081017730,0,Select By Actor_ID,200,OK,Select Actor 1-16,text,true,,86,0,50,100,null,0,0,0
1736081017731,2,Update Rental Date,200,OK,Update Rental 3-20,text,true,,11,0,50,100,null,2,0,0
1736081017752,2,Update Rental Date,200,OK,Update Rental 3-21,text,true,,11,0,50,100,null,2,0,0
1736081017796,0,Select By Actor_ID,200,OK,Select Actor 1-14,text,true,,80,0,50,100,null,0,0,0
1736081017802,0,Select By Actor_ID,200,OK,Select Actor 1-50,text,true,,84,0,50,100,null,0,0,0
1736081017805,0,Select By Actor_ID,200,OK,Select Actor 1-11,text,true,,79,0,50,100,null,0,0,0
1736081017805,2,Update Rental Date,200,OK,Update Rental 3-18,text,true,,11,0,50,100,null,2,0,0
1736081017823,3,Update Rental Date,200,OK,Update Rental 3-50,text,true,,11,0,50,100,null,3,0,0
1736081017827,2,Update Rental Date,200,OK,Update Rental 3-7,text,true,,11,0,50,100,null,2,0,0
1736081017833,0,Select By Actor_ID,200,OK,Select Actor 1-44,text,true,,82,0,50,100,null,0,0,0
1736081017832,2,Update Rental Date,200,OK,Update Rental 3-17,text,true,,11,0,50,100,null,2,0,0
1736081017851,1,Update Rental Date,200,OK,Update Rental 3-10,text,true,,11,0,50,100,null,1,0,0
1736081017857,1,Update Rental Date,200,OK,Update Rental 3-39,text,true,,11,0,50,100,null,1,0,0
1736081017859,0,Select By Actor_ID,200,OK,Select Actor 1-35,text,true,,80,0,50,100,null,0,0,0
1736081017859,0,Select By Actor_ID,200,OK,Select Actor 1-33,text,true,,80,0,50,100,null,0,0,0
1736081017871,0,Select By Actor_ID,200,OK,Select Actor 1-41,text,true,,81,0,50,100,null,0,0,0
1736081017879,0,Select By Actor_ID,200,OK,Select Actor 1-12,text,true,,83,0,50,100,null,0,0,0
1736081017889,1,Select By Actor_ID,200,OK,Select Actor 1-31,text,true,,79,0,50,100,null,1,0,0
1736081017890,1,Select By Actor_ID,200,OK,Select Actor 1-24,text,true,,82,0,50,100,null,1,0,0
1736081017888,3,Update Rental Date,200,OK,Update Rental 3-48,text,true,,11,0,50,100,null,3,0,0
1736081017906,1,Select By Actor_ID,200,OK,Select Actor 1-25,text,true,,78,0,50,100,null,1,0,0
1736081017915,1,Select By Actor_ID,200,OK,Select Actor 1-34,text,true,,81,0,50,100,null,1,0,0
1736081017921,1,Select By Actor_ID,200,OK,Select Actor 1-40,text,true,,79,0,50,100,null,1,0,0
1736081017933,3,Update Rental Date,200,OK,Update Rental 3-14,text,true,,11,0,50,100,null,3,0,0
1736081017943,2,Update Rental Date,200,OK,Update Rental 3-3,text,true,,11,0,50,100,null,2,0,0
1736081017946,1,Select By Actor_ID,200,OK,Select Actor 1-43,text,true,,84,0,50,100,null,1,0,0
1736081017983,2,Update Rental Date,200,OK,Update Rental 3-9,text,true,,11,0,50,100,null,2,0,0
1736081017983,3,Update Rental Date,200,OK,Update Rental 3-49,text,true,,11,0,50,100,null,3,0,0
1736081017995,1,Select By Actor_ID,200,OK,Select Actor 1-47,text,true,,83,0,50,100,null,1,0,0
1736081017996,0,Select By Actor_ID,200,OK,Select Actor 1-22,text,true,,80,0,50,100,null,0,0,0
1736081017997,0,Select By Actor_ID,200,OK,Select Actor 1-26,text,true,,84,0,50,100,null,0,0,0
1736081018002,1,Select By Actor_ID,200,OK,Select Actor 1-28,text,true,,83,0,50,100,null,1,0,0
1736081018004,2,Update Rental Date,200,OK,Update Rental 3-1,text,true,,11,0,50,100,null,2,0,0
1736081018007,1,Select By Actor_ID,200,OK,Select Actor 1-48,text,true,,81,0,50,100,null,0,0,0
1736081018010,2,Update Rental Date,200,OK,Update Rental 3-45,text,true,,11,0,50,100,null,2,0,0
1736081018011,2,Update Rental Date,200,OK,Update Rental 3-27,text,true,,11,0,50,100,null,2,0,0
1736081018016,1,Select By Actor_ID,200,OK,Select Actor 1-19,text,true,,84,0,50,100,null,1,0,0
1736081018021,2,Update Rental Date,200,OK,Update Rental 3-22,text,true,,11,0,50,100,null,2,0,0
1736081018023,1,Select By Actor_ID,200,OK,Select Actor 1-4,text,true,,81,0,50,100,null,0,0,0
1736081018038,2,Update Rental Date,200,OK,Update Rental 3-5,text,true,,11,0,50,100,null,2,0,0
1736081018051,2,Update Rental Date,200,OK,Update Rental 3-24,text,true,,11,0,50,100,null,2,0,0
1736081018056,2,Update Rental Date,200,OK,Update Rental 3-16,text,true,,11,0,50,100,null,2,0,0
1736081018061,2,Update Rental Date,200,OK,Update Rental 3-35,text,true,,11,0,50,100,null,2,0,0
1736081018071,0,Select By Actor_ID,200,OK,Select Actor 1-17,text,true,,82,0,50,100,null,0,0,0
1736081018073,2,Update Rental Date,200,OK,Update Rental 3-30,text,true,,11,0,50,100,null,2,0,0
1736081018077,0,Select By Actor_ID,200,OK,Select Actor 1-27,text,true,,81,0,50,100,null,0,0,0
1736081018085,2,Update Rental Date,200,OK,Update Rental 3-42,text,true,,11,0,50,100,null,2,0,0
1736081018090,2,Update Rental Date,200,OK,Update Rental 3-26,text,true,,11,0,50,100,null,2,0,0
1736081018094,0,Select By Actor_ID,200,OK,Select Actor 1-15,text,true,,80,0,50,100,null,0,0,0
1736081018100,0,Select By Actor_ID,200,OK,Select Actor 1-21,text,true,,81,0,50,100,null,0,0,0
1736081018118,2,Update Rental Date,200,OK,Update Rental 3-38,text,true,,11,0,50,100,null,2,0,0
1736081018119,2,Update Rental Date,200,OK,Update Rental 3-47,text,true,,11,0,50,100,null,2,0,0
1736081018126,2,Update Rental Date,200,OK,Update Rental 3-41,text,true,,11,0,50,100,null,2,0,0
1736081018127,2,Update Rental Date,200,OK,Update Rental 3-32,text,true,,11,0,50,100,null,2,0,0
1736081018132,2,Update Rental Date,200,OK,Update Rental 3-12,text,true,,11,0,50,100,null,2,0,0
1736081018157,2,Update Rental Date,200,OK,Update Rental 3-36,text,true,,11,0,50,100,null,2,0,0
1736081018165,1,Update Rental Date,200,OK,Update Rental 3-8,text,true,,11,0,50,100,null,1,0,0
1736081018173,0,Select By Actor_ID,200,OK,Select Actor 1-39,text,true,,81,0,50,100,null,0,0,0
1736081018181,0,Select By Actor_ID,200,OK,Select Actor 1-20,text,true,,84,0,50,100,null,0,0,0
1736081018198,0,Select By Actor_ID,200,OK,Select Actor 1-13,text,true,,81,0,50,100,null,0,0,0
1736081018204,1,Select By Actor_ID,200,OK,Select Actor 1-46,text,true,,78,0,50,100,null,0,0,0
1736081018251,0,Select By Actor_ID,200,OK,Select Actor 1-6,text,true,,81,0,50,100,null,0,0,0
1736081018273,1,Select By Actor_ID,200,OK,Select Actor 1-2,text,true,,82,0,50,100,null,1,0,0
1736081018275,1,Select By Actor_ID,200,OK,Select Actor 1-3,text,true,,84,0,50,100,null,1,0,0
1736081018297,1,Select By Actor_ID,200,OK,Select Actor 1-7,text,true,,88,0,50,100,null,1,0,0
1736081018306,1,Select By Actor_ID,200,OK,Select Actor 1-32,text,true,,80,0,50,100,null,1,0,0
1736081018319,2,Update Rental Date,200,OK,Update Rental 3-23,text,true,,11,0,50,100,null,2,0,0
1736081018376,1,Select By Actor_ID,200,OK,Select Actor 1-50,text,true,,80,0,50,100,null,1,0,0
1736081018378,2,Update Rental Date,200,OK,Update Rental 3-37,text,true,,11,0,50,100,null,2,0,0
1736081018383,2,Update Rental Date,200,OK,Update Rental 3-6,text,true,,11,0,50,100,null,2,0,0
1736081018387,2,Update Rental Date,200,OK,Update Rental 3-50,text,true,,11,0,50,100,null,2,0,0
1736081018388,2,Update Rental Date,200,OK,Update Rental 3-40,text,true,,11,0,50,100,null,2,0,0
1736081018412,0,Select By Actor_ID,200,OK,Select Actor 1-42,text,true,,78,0,50,100,null,0,0,0
1736081018418,2,Update Rental Date,200,OK,Update Rental 3-19,text,true,,11,0,50,100,null,2,0,0
1736081018420,1,Select By Actor_ID,200,OK,Select Actor 1-10,text,true,,79,0,50,100,null,1,0,0
1736081018453,2,Update Rental Date,200,OK,Update Rental 3-44,text,true,,11,0,50,100,null,2,0,0
1736081018465,2,Update Rental Date,200,OK,Update Rental 3-28,text,true,,11,0,50,100,null,2,0,0
1736081018467,2,Update Rental Date,200,OK,Update Rental 3-29,text,true,,11,0,50,100,null,2,0,0
1736081018478,0,Select By Actor_ID,200,OK,Select Actor 1-9,text,true,,84,0,50,100,null,0,0,0
1736081018491,0,Select By Actor_ID,200,OK,Select Actor 1-40,text,true,,80,0,50,100,null,0,0,0
1736081018492,2,Update Rental Date,200,OK,Update Rental 3-43,text,true,,11,0,50,100,null,2,0,0
1736081018496,0,Select By Actor_ID,200,OK,Select Actor 1-31,text,true,,79,0,50,100,null,0,0,0
1736081018492,4,Update Rental Date,200,OK,Update Rental 3-4,text,true,,11,0,50,100,null,4,0,0
1736081018507,2,Update Rental Date,200,OK,Update Rental 3-33,text,true,,11,0,50,100,null,2,0,0
1736081018526,2,Update Rental Date,200,OK,Update Rental 3-15,text,true,,11,0,50,100,null,2,0,0
1736081018533,1,Update Rental Date,200,OK,Update Rental 3-46,text,true,,11,0,50,100,null,1,0,0
1736081018535,2,Update Rental Date,200,OK,Update Rental 3-3,text,true,,11,0,50,100,null,2,0,0
1736081018544,1,Update Rental Date,200,OK,Update Rental 3-49,text,true,,11,0,50,100,null,1,0,0
1736081018547,0,Select By Actor_ID,200,OK,Select Actor 1-35,text,true,,79,0,50,100,null,0,0,0
1736081018549,1,Update Rental Date,200,OK,Update Rental 3-7,text,true,,11,0,50,100,null,1,0,0
1736081018558,0,Select By Actor_ID,200,OK,Select Actor 1-5,text,true,,82,0,50,100,null,0,0,0
1736081018566,0,Select By Actor_ID,200,OK,Select Actor 1-24,text,true,,83,0,50,100,null,0,0,0
1736081018574,0,Select By Actor_ID,200,OK,Select Actor 1-26,text,true,,80,0,50,100,null,0,0,0
1736081018591,0,Select By Actor_ID,200,OK,Select Actor 1-8,text,true,,80,0,50,100,null,0,0,0
1736081018607,2,Update Rental Date,200,OK,Update Rental 3-24,text,true,,11,0,50,100,null,1,0,0
1736081018612,0,Select By Actor_ID,200,OK,Select Actor 1-37,text,true,,84,0,50,100,null,0,0,0
1736081018615,0,Select By Actor_ID,200,OK,Select Actor 1-29,text,true,,86,0,50,100,null,0,0,0
1736081018617,1,Update Rental Date,200,OK,Update Rental 3-26,text,true,,11,0,50,100,null,1,0,0
1736081018629,0,Select By Actor_ID,200,OK,Select Actor 1-11,text,true,,83,0,50,100,null,0,0,0
1736081018638,1,Select By Actor_ID,200,OK,Select Actor 1-4,text,true,,79,0,50,100,null,1,0,0
1736081018655,1,Select By Actor_ID,200,OK,Select Actor 1-36,text,true,,80,0,50,100,null,1,0,0
1736081018666,2,Update Rental Date,200,OK,Update Rental 3-31,text,true,,11,0,50,100,null,2,0,0
1736081018683,2,Update Rental Date,200,OK,Update Rental 3-25,text,true,,11,0,50,100,null,2,0,0
1736081018708,2,Update Rental Date,200,OK,Update Rental 3-2,text,true,,11,0,50,100,null,2,0,0
1736081018709,3,Update Rental Date,200,OK,Update Rental 3-11,text,true,,11,0,50,100,null,3,0,0
1736081018720,1,Select By Actor_ID,200,OK,Select Actor 1-19,text,true,,85,0,50,100,null,1,0,0
1736081018751,2,Update Rental Date,200,OK,Update Rental 3-30,text,true,,11,0,50,100,null,2,0,0
1736081018765,0,Select By Actor_ID,200,OK,Select Actor 1-21,text,true,,81,0,50,100,null,0,0,0
1736081018775,0,Select By Actor_ID,200,OK,Select Actor 1-23,text,true,,82,0,50,100,null,0,0,0
1736081018781,0,Select By Actor_ID,200,OK,Select Actor 1-33,text,true,,86,0,50,100,null,0,0,0
1736081018784,1,Update Rental Date,200,OK,Update Rental 3-21,text,true,,11,0,50,100,null,1,0,0
1736081018805,1,Update Rental Date,200,OK,Update Rental 3-9,text,true,,11,0,50,100,null,1,0,0
1736081018822,0,Select By Actor_ID,200,OK,Select Actor 1-45,text,true,,77,0,50,100,null,0,0,0
1736081018827,1,Select By Actor_ID,200,OK,Select Actor 1-32,text,true,,79,0,50,100,null,1,0,0
1736081018842,1,Select By Actor_ID,200,OK,Select Actor 1-39,text,true,,78,0,50,100,null,1,0,0
1736081018842,1,Select By Actor_ID,200,OK,Select Actor 1-13,text,true,,80,0,50,100,null,1,0,0
1736081018846,1,Select By Actor_ID,200,OK,Select Actor 1-16,text,true,,79,0,50,100,null,1,0,0
1736081018845,2,Update Rental Date,200,OK,Update Rental 3-13,text,true,,11,0,50,100,null,2,0,0
1736081018849,1,Select By Actor_ID,200,OK,Select Actor 1-22,text,true,,82,0,50,100,null,1,0,0
1736081018856,3,Update Rental Date,200,OK,Update Rental 3-12,text,true,,11,0,50,100,null,3,0,0
1736081018866,2,Update Rental Date,200,OK,Update Rental 3-23,text,true,,11,0,50,100,null,2,0,0
1736081018866,3,Update Rental Date,200,OK,Update Rental 3-5,text,true,,11,0,50,100,null,3,0,0
1736081018875,1,Select By Actor_ID,200,OK,Select Actor 1-30,text,true,,80,0,50,100,null,1,0,0
1736081018900,2,Update Rental Date,200,OK,Update Rental 3-22,text,true,,11,0,50,100,null,2,0,0
1736081018902,1,Select By Actor_ID,200,OK,Select Actor 1-18,text,true,,80,0,50,100,null,1,0,0
1736081018908,1,Select By Actor_ID,200,OK,Select Actor 1-38,text,true,,83,0,50,100,null,1,0,0
1736081018907,2,Update Rental Date,200,OK,Update Rental 3-20,text,true,,11,0,50,100,null,2,0,0
1736081018913,1,Select By Actor_ID,200,OK,Select Actor 1-1,text,true,,80,0,50,100,null,1,0,0
1736081018939,1,Select By Actor_ID,200,OK,Select Actor 1-44,text,true,,82,0,50,100,null,1,0,0
1736081018943,1,Select By Actor_ID,200,OK,Select Actor 1-49,text,true,,81,0,50,100,null,1,0,0
1736081018951,2,Update Rental Date,200,OK,Update Rental 3-37,text,true,,11,0,50,100,null,2,0,0
1736081018975,2,Update Rental Date,200,OK,Update Rental 3-1,text,true,,11,0,50,100,null,2,0,0
1736081018981,0,Select By Actor_ID,200,OK,Select Actor 1-12,text,true,,80,0,50,100,null,0,0,0
1736081018986,2,Update Rental Date,200,OK,Update Rental 3-45,text,true,,11,0,50,100,null,2,0,0
1736081018998,2,Update Rental Date,200,OK,Update Rental 3-32,text,true,,11,0,50,100,null,2,0,0
1736081019005,2,Update Rental Date,200,OK,Update Rental 3-39,text,true,,11,0,50,100,null,2,0,0
1736081019017,1,Select By Actor_ID,200,OK,Select Actor 1-27,text,true,,77,0,50,100,null,1,0,0
1736081019031,2,Update Rental Date,200,OK,Update Rental 3-48,text,true,,11,0,50,100,null,2,0,0
1736081019036,0,Select By Actor_ID,200,OK,Select Actor 1-48,text,true,,81,0,50,100,null,0,0,0
1736081019038,0,Select By Actor_ID,200,OK,Select Actor 1-47,text,true,,82,0,50,100,null,0,0,0
1736081019041,1,Update Rental Date,200,OK,Update Rental 3-41,text,true,,11,0,50,100,null,1,0,0
1736081019052,1,Update Rental Date,200,OK,Update Rental 3-28,text,true,,11,0,50,100,null,1,0,0
1736081019064,2,Update Rental Date,200,OK,Update Rental 3-35,text,true,,11,0,50,100,null,2,0,0
1736081019066,0,Select By Actor_ID,200,OK,Select Actor 1-14,text,true,,79,0,50,100,null,0,0,0
1736081019066,0,Select By Actor_ID,200,OK,Select Actor 1-25,text,true,,80,0,50,100,null,0,0,0
1736081019079,2,Update Rental Date,200,OK,Update Rental 3-18,text,true,,11,0,50,100,null,2,0,0
1736081019118,2,Update Rental Date,200,OK,Update Rental 3-34,text,true,,11,0,50,100,null,2,0,0
1736081019167,1,Select By Actor_ID,200,OK,Select Actor 1-17,text,true,,88,0,50,100,null,1,0,0
1736081019168,2,Update Rental Date,200,OK,Update Rental 3-24,text,true,,11,0,50,100,null,2,0,0
1736081019179,1,Select By Actor_ID,200,OK,Select Actor 1-28,text,true,,83,0,50,100,null,1,0,0
1736081019231,2,Update Rental Date,200,OK,Update Rental 3-31,text,true,,11,0,50,100,null,2,0,0
1736081019256,2,Update Rental Date,200,OK,Update Rental 3-25,text,true,,11,0,50,100,null,2,0,0
1736081019263,2,Update Rental Date,200,OK,Update Rental 3-14,text,true,,11,0,50,100,null,2,0,0
1736081019273,1,Select By Actor_ID,200,OK,Select Actor 1-2,text,true,,80,0,50,100,null,1,0,0
1736081019276,2,Update Rental Date,200,OK,Update Rental 3-17,text,true,,11,0,50,100,null,2,0,0
1736081019279,2,Update Rental Date,200,OK,Update Rental 3-10,text,true,,11,0,50,100,null,2,0,0
1736081019280,2,Update Rental Date,200,OK,Update Rental 3-47,text,true,,11,0,50,100,null,2,0,0
1736081019282,2,Update Rental Date,200,OK,Update Rental 3-6,text,true,,11,0,50,100,null,2,0,0
1736081019284,2,Update Rental Date,200,OK,Update Rental 3-27,text,true,,11,0,50,100,null,2,0,0
1736081019290,0,Select By Actor_ID,200,OK,Select Actor 1-34,text,true,,83,0,50,100,null,0,0,0
1736081019299,0,Select By Actor_ID,200,OK,Select Actor 1-43,text,true,,78,0,50,100,null,0,0,0
1736081019315,0,Select By Actor_ID,200,OK,Select Actor 1-41,text,true,,81,0,50,100,null,0,0,0
1736081019320,0,Select By Actor_ID,200,OK,Select Actor 1-8,text,true,,79,0,50,100,null,0,0,0
1736081019354,0,Select By Actor_ID,200,OK,Select Actor 1-29,text,true,,81,0,50,100,null,0,0,0
1736081019355,2,Update Rental Date,200,OK,Update Rental 3-42,text,true,,11,0,50,100,null,2,0,0
1736081019360,0,Select By Actor_ID,200,OK,Select Actor 1-40,text,true,,83,0,50,100,null,0,0,0
1736081019372,0,Select By Actor_ID,200,OK,Select Actor 1-33,text,true,,82,0,50,100,null,0,0,0
1736081019383,2,Update Rental Date,200,OK,Update Rental 3-16,text,true,,11,0,50,100,null,2,0,0
1736081019393,1,Update Rental Date,200,OK,Update Rental 3-50,text,true,,11,0,50,100,null,1,0,0
1736081019408,2,Update Rental Date,200,OK,Update Rental 3-2,text,true,,11,0,50,100,null,2,0,0
1736081019410,0,Select By Actor_ID,200,OK,Select Actor 1-42,text,true,,78,0,50,100,null,0,0,0
1736081019420,2,Update Rental Date,200,OK,Update Rental 3-19,text,true,,11,0,50,100,null,2,0,0
1736081019426,0,Select By Actor_ID,200,OK,Select Actor 1-23,text,true,,82,0,50,100,null,0,0,0
1736081019428,1,Update Rental Date,200,OK,Update Rental 3-36,text,true,,11,0,50,100,null,1,0,0
1736081019450,2,Update Rental Date,200,OK,Update Rental 3-8,text,true,,11,0,50,100,null,2,0,0
1736081019456,1,Select By Actor_ID,200,OK,Select Actor 1-15,text,true,,81,0,50,100,null,1,0,0
1736081019462,1,Select By Actor_ID,200,OK,Select Actor 1-6,text,true,,76,0,50,100,null,1,0,0
1736081019463,1,Select By Actor_ID,200,OK,Select Actor 1-11,text,true,,81,0,50,100,null,1,0,0
1736081019476,2,Update Rental Date,200,OK,Update Rental 3-43,text,true,,11,0,50,100,null,2,0,0
1736081019493,1,Select By Actor_ID,200,OK,Select Actor 1-13,text,true,,79,0,50,100,null,1,0,0
1736081019522,2,Update Rental Date,200,OK,Update Rental 3-44,text,true,,11,0,50,100,null,2,0,0
1736081019547,1,Select By Actor_ID,200,OK,Select Actor 1-20,text,true,,81,0,50,100,null,1,0,0
1736081019557,1,Select By Actor_ID,200,OK,Select Actor 1-26,text,true,,82,0,50,100,null,1,0,0
1736081019557,2,Update Rental Date,200,OK,Update Rental 3-33,text,true,,11,0,50,100,null,2,0,0
1736081019559,2,Update Rental Date,200,OK,Update Rental 3-40,text,true,,11,0,50,100,null,2,0,0
1736081019586,2,Update Rental Date,200,OK,Update Rental 3-30,text,true,,11,0,50,100,null,2,0,0
1736081019590,2,Update Rental Date,200,OK,Update Rental 3-38,text,true,,11,0,50,100,null,2,0,0
1736081019633,0,Select By Actor_ID,200,OK,Select Actor 1-45,text,true,,80,0,50,100,null,0,0,0
1736081019634,0,Select By Actor_ID,200,OK,Select Actor 1-19,text,true,,85,0,50,100,null,0,0,0
1736081019651,0,Select By Actor_ID,200,OK,Select Actor 1-36,text,true,,81,0,50,100,null,0,0,0
1736081019654,2,Update Rental Date,200,OK,Update Rental 3-41,text,true,,11,0,50,100,null,2,0,0
1736081019660,2,Update Rental Date,200,OK,Update Rental 3-39,text,true,,11,0,50,100,null,2,0,0
1736081019664,0,Select By Actor_ID,200,OK,Select Actor 1-24,text,true,,79,0,50,100,null,0,0,0
1736081019666,0,Select By Actor_ID,200,OK,Select Actor 1-7,text,true,,79,0,50,100,null,0,0,0
1736081019669,2,Update Rental Date,200,OK,Update Rental 3-23,text,true,,11,0,50,100,null,2,0,0
1736081019672,0,Select By Actor_ID,200,OK,Select Actor 1-3,text,true,,84,0,50,100,null,0,0,0
1736081019674,0,Select By Actor_ID,200,OK,Select Actor 1-5,text,true,,80,0,50,100,null,0,0,0
1736081019676,2,Update Rental Date,200,OK,Update Rental 3-5,text,true,,11,0,50,100,null,2,0,0
1736081019692,0,Select By Actor_ID,200,OK,Select Actor 1-21,text,true,,80,0,50,100,null,0,0,0
1736081019694,2,Update Rental Date,200,OK,Update Rental 3-15,text,true,,11,0,50,100,null,2,0,0
1736081019699,0,Select By Actor_ID,200,OK,Select Actor 1-46,text,true,,79,0,50,100,null,0,0,0
1736081019712,0,Select By Actor_ID,200,OK,Select Actor 1-9,text,true,,83,0,50,100,null,0,0,0
1736081019713,2,Update Rental Date,200,OK,Update Rental 3-26,text,true,,11,0,50,100,null,1,0,0
1736081019720,0,Select By Actor_ID,200,OK,Select Actor 1-37,text,true,,81,0,50,100,null,0,0,0
1736081019722,2,Update Rental Date,200,OK,Update Rental 3-20,text,true,,11,0,50,100,null,2,0,0
1736081019737,0,Select By Actor_ID,200,OK,Select Actor 1-50,text,true,,80,0,50,100,null,0,0,0
1736081019751,0,Select By Actor_ID,200,OK,Select Actor 1-30,text,true,,81,0,50,100,null,0,0,0
1736081019750,2,Update Rental Date,200,OK,Update Rental 3-3,text,true,,11,0,50,100,null,2,0,0
1736081019771,1,Update Rental Date,200,OK,Update Rental 3-11,text,true,,11,0,50,100,null,1,0,0
1736081019773,1,Update Rental Date,200,OK,Update Rental 3-46,text,true,,11,0,50,100,null,1,0,0
1736081019805,0,Select By Actor_ID,200,OK,Select Actor 1-31,text,true,,80,0,50,100,null,0,0,0
1736081019812,2,Update Rental Date,200,OK,Update Rental 3-7,text,true,,11,0,50,100,null,1,0,0
1736081019841,2,Update Rental Date,200,OK,Update Rental 3-12,text,true,,11,0,50,100,null,2,0,0
1736081019845,2,Update Rental Date,200,OK,Update Rental 3-1,text,true,,11,0,50,100,null,2,0,0
1736081019847,1,Select By Actor_ID,200,OK,Select Actor 1-4,text,true,,80,0,50,100,null,1,0,0
1736081019850,2,Update Rental Date,200,OK,Update Rental 3-37,text,true,,11,0,50,100,null,2,0,0
1736081019858,2,Update Rental Date,200,OK,Update Rental 3-49,text,true,,11,0,50,100,null,2,0,0
1736081019860,2,Update Rental Date,200,OK,Update Rental 3-24,text,true,,11,0,50,100,null,2,0,0
1736081019864,2,Update Rental Date,200,OK,Update Rental 3-17,text,true,,11,0,50,100,null,2,0,0
1736081019874,1,Select By Actor_ID,200,OK,Select Actor 1-10,text,true,,79,0,50,100,null,1,0,0
1736081019877,2,Update Rental Date,200,OK,Update Rental 3-34,text,true,,11,0,50,100,null,2,0,0
1736081019883,2,Update Rental Date,200,OK,Update Rental 3-29,text,true,,11,0,50,100,null,2,0,0
1736081019891,1,Select By Actor_ID,200,OK,Select Actor 1-41,text,true,,81,0,50,100,null,1,0,0
1736081019891,2,Update Rental Date,200,OK,Update Rental 3-9,text,true,,11,0,50,100,null,2,0,0
1736081019896,2,Update Rental Date,200,OK,Update Rental 3-16,text,true,,11,0,50,100,null,2,0,0
1736081019907,1,Select By Actor_ID,200,OK,Select Actor 1-25,text,true,,81,0,50,100,null,1,0,0
1736081019913,2,Update Rental Date,200,OK,Update Rental 3-31,text,true,,11,0,50,100,null,2,0,0
1736081019921,1,Select By Actor_ID,200,OK,Select Actor 1-44,text,true,,76,0,50,100,null,1,0,0
1736081019943,1,Select By Actor_ID,200,OK,Select Actor 1-22,text,true,,81,0,50,100,null,1,0,0
1736081019950,1,Select By Actor_ID,200,OK,Select Actor 1-40,text,true,,78,0,50,100,null,1,0,0
1736081019958,1,Select By Actor_ID,200,OK,Select Actor 1-2,text,true,,83,0,50,100,null,1,0,0
1736081019959,0,Select By Actor_ID,200,OK,Select Actor 1-49,text,true,,80,0,50,100,null,0,0,0
1736081019971,1,Select By Actor_ID,200,OK,Select Actor 1-18,text,true,,78,0,50,100,null,1,0,0
1736081019977,2,Update Rental Date,200,OK,Update Rental 3-4,text,true,,11,0,50,100,null,2,0,0
1736081019982,2,Update Rental Date,200,OK,Update Rental 3-22,text,true,,11,0,50,100,null,2,0,0
1736081019996,1,Select By Actor_ID,200,OK,Select Actor 1-32,text,true,,80,0,50,100,null,1,0,0
1736081020004,0,Select By Actor_ID,200,OK,Select Actor 1-47,text,true,,80,0,50,100,null,0,0,0
1736081020012,2,Update Rental Date,200,OK,Update Rental 3-10,text,true,,11,0,50,100,null,2,0,0
1736081020015,3,Update Rental Date,200,OK,Update Rental 3-25,text,true,,11,0,50,100,null,3,0,0
1736081020030,0,Select By Actor_ID,200,OK,Select Actor 1-35,text,true,,79,0,50,100,null,0,0,0
1736081020033,0,Select By Actor_ID,200,OK,Select Actor 1-12,text,true,,80,0,50,100,null,0,0,0
1736081020032,2,Update Rental Date,200,OK,Update Rental 3-35,text,true,,11,0,50,100,null,2,0,0
1736081020055,0,Select By Actor_ID,200,OK,Select Actor 1-16,text,true,,79,0,50,100,null,0,0,0
1736081020076,2,Update Rental Date,200,OK,Update Rental 3-48,text,true,,11,0,50,100,null,2,0,0
1736081020131,1,Select By Actor_ID,200,OK,Select Actor 1-42,text,true,,80,0,50,100,null,1,0,0
1736081020131,1,Select By Actor_ID,200,OK,Select Actor 1-26,text,true,,82,0,50,100,null,1,0,0
1736081020140,1,Select By Actor_ID,200,OK,Select Actor 1-48,text,true,,78,0,50,100,null,1,0,0
1736081020127,15,Update Rental Date,200,OK,Update Rental 3-2,text,true,,11,0,50,100,null,15,0,0
1736081020151,2,Update Rental Date,200,OK,Update Rental 3-14,text,true,,11,0,50,100,null,2,0,0
1736081020152,3,Update Rental Date,200,OK,Update Rental 3-30,text,true,,11,0,50,100,null,3,0,0
1736081020159,2,Update Rental Date,200,OK,Update Rental 3-36,text,true,,11,0,50,100,null,2,0,0
1736081020165,2,Update Rental Date,200,OK,Update Rental 3-42,text,true,,11,0,50,100,null,2,0,0
1736081020191,2,Update Rental Date,200,OK,Update Rental 3-6,text,true,,11,0,50,100,null,2,0,0
1736081020195,0,Select By Actor_ID,200,OK,Select Actor 1-17,text,true,,81,0,50,100,null,0,0,0
1736081020200,0,Select By Actor_ID,200,OK,Select Actor 1-38,text,true,,76,0,50,100,null,0,0,0
1736081020200,2,Update Rental Date,200,OK,Update Rental 3-5,text,true,,11,0,50,100,null,2,0,0
1736081020212,1,Select By Actor_ID,200,OK,Select Actor 1-14,text,true,,81,0,50,100,null,1,0,0
1736081020215,1,Select By Actor_ID,200,OK,Select Actor 1-5,text,true,,77,0,50,100,null,1,0,0
1736081020252,1,Select By Actor_ID,200,OK,Select Actor 1-39,text,true,,84,0,50,100,null,1,0,0
1736081020254,1,Select By Actor_ID,200,OK,Select Actor 1-8,text,true,,81,0,50,100,null,1,0,0
1736081020260,1,Select By Actor_ID,200,OK,Select Actor 1-1,text,true,,79,0,50,100,null,1,0,0
1736081020263,3,Update Rental Date,200,OK,Update Rental 3-45,text,true,,11,0,50,100,null,3,0,0
1736081020273,3,Update Rental Date,200,OK,Update Rental 3-21,text,true,,11,0,50,100,null,3,0,0
1736081020276,3,Update Rental Date,200,OK,Update Rental 3-32,text,true,,11,0,50,100,null,2,0,0
1736081020285,2,Update Rental Date,200,OK,Update Rental 3-13,text,true,,11,0,50,100,null,2,0,0
1736081020293,2,Update Rental Date,200,OK,Update Rental 3-19,text,true,,11,0,50,100,null,2,0,0
1736081020300,4,Update Rental Date,200,OK,Update Rental 3-33,text,true,,11,0,50,100,null,4,0,0
1736081020310,1,Select By Actor_ID,200,OK,Select Actor 1-36,text,true,,83,0,50,100,null,1,0,0
1736081020310,2,Update Rental Date,200,OK,Update Rental 3-28,text,true,,11,0,50,100,null,2,0,0
1736081020311,2,Update Rental Date,200,OK,Update Rental 3-8,text,true,,11,0,50,100,null,2,0,0
1736081020348,2,Update Rental Date,200,OK,Update Rental 3-46,text,true,,11,0,50,100,null,2,0,0
1736081020361,1,Select By Actor_ID,200,OK,Select Actor 1-37,text,true,,81,0,50,100,null,0,0,0
1736081020360,2,Update Rental Date,200,OK,Update Rental 3-43,text,true,,11,0,50,100,null,2,0,0
1736081020378,1,Select By Actor_ID,200,OK,Select Actor 1-11,text,true,,79,0,50,100,null,1,0,0
1736081020383,0,Select By Actor_ID,200,OK,Select Actor 1-27,text,true,,82,0,50,100,null,0,0,0
1736081020394,0,Select By Actor_ID,200,OK,Select Actor 1-20,text,true,,82,0,50,100,null,0,0,0
1736081020402,1,Select By Actor_ID,200,OK,Select Actor 1-23,text,true,,81,0,50,100,null,1,0,0
1736081020427,1,Select By Actor_ID,200,OK,Select Actor 1-50,text,true,,84,0,50,100,null,1,0,0
1736081020428,1,Select By Actor_ID,200,OK,Select Actor 1-29,text,true,,85,0,50,100,null,1,0,0
1736081020435,1,Select By Actor_ID,200,OK,Select Actor 1-15,text,true,,80,0,50,100,null,1,0,0
1736081020434,3,Update Rental Date,200,OK,Update Rental 3-44,text,true,,11,0,50,100,null,3,0,0
1736081020434,3,Update Rental Date,200,OK,Update Rental 3-26,text,true,,11,0,50,100,null,3,0,0
1736081020441,1,Select By Actor_ID,200,OK,Select Actor 1-44,text,true,,78,0,50,100,null,1,0,0
1736081020489,2,Update Rental Date,200,OK,Update Rental 3-39,text,true,,11,0,50,100,null,2,0,0
1736081020502,0,Select By Actor_ID,200,OK,Select Actor 1-40,text,true,,78,0,50,100,null,0,0,0
1736081020501,2,Update Rental Date,200,OK,Update Rental 3-11,text,true,,11,0,50,100,null,2,0,0
1736081020503,0,Select By Actor_ID,200,OK,Select Actor 1-4,text,true,,77,0,50,100,null,0,0,0
1736081020516,2,Update Rental Date,200,OK,Update Rental 3-40,text,true,,11,0,50,100,null,2,0,0
1736081020519,1,Update Rental Date,200,OK,Update Rental 3-18,text,true,,11,0,50,100,null,1,0,0
1736081020538,1,Update Rental Date,200,OK,Update Rental 3-10,text,true,,11,0,50,100,null,1,0,0
1736081020544,0,Select By Actor_ID,200,OK,Select Actor 1-10,text,true,,80,0,50,100,null,0,0,0
1736081020562,0,Select By Actor_ID,200,OK,Select Actor 1-24,text,true,,81,0,50,100,null,0,0,0
1736081020577,0,Select By Actor_ID,200,OK,Select Actor 1-7,text,true,,80,0,50,100,null,0,0,0
1736081020581,2,Update Rental Date,200,OK,Update Rental 3-47,text,true,,11,0,50,100,null,2,0,0
1736081020587,1,Select By Actor_ID,200,OK,Select Actor 1-6,text,true,,83,0,50,100,null,1,0,0
1736081020598,1,Select By Actor_ID,200,OK,Select Actor 1-3,text,true,,79,0,50,100,null,1,0,0
1736081020623,1,Select By Actor_ID,200,OK,Select Actor 1-34,text,true,,78,0,50,100,null,1,0,0
1736081020641,1,Select By Actor_ID,200,OK,Select Actor 1-28,text,true,,80,0,50,100,null,1,0,0
1736081020643,3,Update Rental Date,200,OK,Update Rental 3-49,text,true,,11,0,50,100,null,3,0,0
1736081020671,1,Select By Actor_ID,200,OK,Select Actor 1-42,text,true,,83,0,50,100,null,1,0,0
1736081020671,2,Update Rental Date,200,OK,Update Rental 3-9,text,true,,11,0,50,100,null,2,0,0
1736081020675,2,Update Rental Date,200,OK,Update Rental 3-7,text,true,,11,0,50,100,null,2,0,0
1736081020679,2,Update Rental Date,200,OK,Update Rental 3-41,text,true,,11,0,50,100,null,2,0,0
1736081020694,1,Select By Actor_ID,200,OK,Select Actor 1-13,text,true,,78,0,50,100,null,1,0,0
1736081020714,1,Select By Actor_ID,200,OK,Select Actor 1-43,text,true,,84,0,50,100,null,1,0,0
1736081020718,1,Select By Actor_ID,200,OK,Select Actor 1-38,text,true,,80,0,50,100,null,0,0,0
1736081020720,1,Select By Actor_ID,200,OK,Select Actor 1-12,text,true,,80,0,50,100,null,0,0,0
1736081020727,2,Update Rental Date,200,OK,Update Rental 3-50,text,true,,11,0,50,100,null,2,0,0
1736081020753,0,Select By Actor_ID,200,OK,Select Actor 1-33,text,true,,78,0,50,100,null,0,0,0
1736081020754,2,Update Rental Date,200,OK,Update Rental 3-27,text,true,,11,0,50,100,null,2,0,0
1736081020754,3,Update Rental Date,200,OK,Update Rental 3-25,text,true,,11,0,50,100,null,3,0,0
1736081020765,2,Update Rental Date,200,OK,Update Rental 3-31,text,true,,11,0,50,100,null,2,0,0
1736081020768,0,Select By Actor_ID,200,OK,Select Actor 1-46,text,true,,83,0,50,100,null,0,0,0
1736081020771,2,Update Rental Date,200,OK,Update Rental 3-5,text,true,,11,0,50,100,null,2,0,0
1736081020773,2,Update Rental Date,200,OK,Update Rental 3-3,text,true,,11,0,50,100,null,2,0,0
1736081020786,0,Select By Actor_ID,200,OK,Select Actor 1-19,text,true,,83,0,50,100,null,0,0,0
1736081020794,2,Update Rental Date,200,OK,Update Rental 3-21,text,true,,11,0,50,100,null,2,0,0
1736081020794,2,Update Rental Date,200,OK,Update Rental 3-23,text,true,,11,0,50,100,null,2,0,0
1736081020807,2,Update Rental Date,200,OK,Update Rental 3-38,text,true,,11,0,50,100,null,2,0,0
1736081020830,3,Update Rental Date,200,OK,Update Rental 3-32,text,true,,11,0,50,100,null,3,0,0
1736081020849,1,Select By Actor_ID,200,OK,Select Actor 1-18,text,true,,80,0,50,100,null,1,0,0
1736081020853,1,Select By Actor_ID,200,OK,Select Actor 1-49,text,true,,84,0,50,100,null,1,0,0
1736081020856,1,Select By Actor_ID,200,OK,Select Actor 1-41,text,true,,82,0,50,100,null,1,0,0
1736081020886,2,Update Rental Date,200,OK,Update Rental 3-14,text,true,,11,0,50,100,null,2,0,0
1736081020894,1,Select By Actor_ID,200,OK,Select Actor 1-31,text,true,,82,0,50,100,null,1,0,0
1736081020903,2,Update Rental Date,200,OK,Update Rental 3-19,text,true,,11,0,50,100,null,2,0,0
1736081020912,0,Select By Actor_ID,200,OK,Select Actor 1-22,text,true,,80,0,50,100,null,0,0,0
1736081020917,0,Select By Actor_ID,200,OK,Select Actor 1-45,text,true,,82,0,50,100,null,0,0,0
1736081020957,2,Update Rental Date,200,OK,Update Rental 3-15,text,true,,11,0,50,100,null,2,0,0
1736081020965,0,Select By Actor_ID,200,OK,Select Actor 1-37,text,true,,81,0,50,100,null,0,0,0
1736081020983,0,Select By Actor_ID,200,OK,Select Actor 1-48,text,true,,78,0,50,100,null,0,0,0
1736081021009,3,Update Rental Date,200,OK,Update Rental 3-20,text,true,,11,0,50,100,null,3,0,0
1736081021013,1,Select By Actor_ID,200,OK,Select Actor 1-35,text,true,,79,0,50,100,null,1,0,0
1736081021025,1,Select By Actor_ID,200,OK,Select Actor 1-16,text,true,,78,0,50,100,null,1,0,0
1736081021028,1,Select By Actor_ID,200,OK,Select Actor 1-21,text,true,,82,0,50,100,null,1,0,0
1736081021040,2,Update Rental Date,200,OK,Update Rental 3-6,text,true,,11,0,50,100,null,2,0,0
1736081021043,2,Update Rental Date,200,OK,Update Rental 3-10,text,true,,11,0,50,100,null,2,0,0
1736081021050,2,Update Rental Date,200,OK,Update Rental 3-46,text,true,,11,0,50,100,null,2,0,0
1736081021064,1,Select By Actor_ID,200,OK,Select Actor 1-39,text,true,,79,0,50,100,null,1,0,0
1736081021088,2,Update Rental Date,200,OK,Update Rental 3-35,text,true,,11,0,50,100,null,2,0,0
1736081021092,2,Update Rental Date,200,OK,Update Rental 3-17,text,true,,11,0,50,100,null,2,0,0
1736081021096,1,Select By Actor_ID,200,OK,Select Actor 1-50,text,true,,83,0,50,100,null,1,0,0
1736081021106,1,Select By Actor_ID,200,OK,Select Actor 1-9,text,true,,79,0,50,100,null,1,0,0
1736081021109,3,Update Rental Date,200,OK,Update Rental 3-30,text,true,,11,0,50,100,null,2,0,0
1736081021115,2,Update Rental Date,200,OK,Update Rental 3-18,text,true,,11,0,50,100,null,2,0,0
1736081021128,2,Update Rental Date,200,OK,Update Rental 3-4,text,true,,11,0,50,100,null,2,0,0
1736081021131,2,Update Rental Date,200,OK,Update Rental 3-48,text,true,,11,0,50,100,null,2,0,0
1736081021137,2,Update Rental Date,200,OK,Update Rental 3-34,text,true,,11,0,50,100,null,2,0,0
1736081021147,2,Update Rental Date,200,OK,Update Rental 3-29,text,true,,11,0,50,100,null,2,0,0
1736081021164,2,Update Rental Date,200,OK,Update Rental 3-42,text,true,,11,0,50,100,null,2,0,0
1736081021172,1,Select By Actor_ID,200,OK,Select Actor 1-44,text,true,,86,0,50,100,null,0,0,0
1736081021180,0,Select By Actor_ID,200,OK,Select Actor 1-26,text,true,,84,0,50,100,null,0,0,0
1736081021209,0,Select By Actor_ID,200,OK,Select Actor 1-17,text,true,,81,0,50,100,null,0,0,0
1736081021212,2,Update Rental Date,200,OK,Update Rental 3-12,text,true,,11,0,50,100,null,2,0,0
1736081021225,0,Select By Actor_ID,200,OK,Select Actor 1-5,text,true,,83,0,50,100,null,0,0,0
1736081021244,0,Select By Actor_ID,200,OK,Select Actor 1-30,text,true,,84,0,50,100,null,0,0,0
1736081021251,0,Select By Actor_ID,200,OK,Select Actor 1-23,text,true,,83,0,50,100,null,0,0,0
1736081021254,2,Update Rental Date,200,OK,Update Rental 3-16,text,true,,11,0,50,100,null,2,0,0
1736081021255,2,Update Rental Date,200,OK,Update Rental 3-36,text,true,,11,0,50,100,null,2,0,0
1736081021280,2,Update Rental Date,200,OK,Update Rental 3-37,text,true,,11,0,50,100,null,2,0,0
1736081021282,1,Update Rental Date,200,OK,Update Rental 3-11,text,true,,11,0,50,100,null,1,0,0
1736081021287,0,Select By Actor_ID,200,OK,Select Actor 1-25,text,true,,83,0,50,100,null,0,0,0
1736081021294,2,Update Rental Date,200,OK,Update Rental 3-24,text,true,,11,0,50,100,null,2,0,0
1736081021304,0,Select By Actor_ID,200,OK,Select Actor 1-8,text,true,,86,0,50,100,null,0,0,0
1736081021305,1,Update Rental Date,200,OK,Update Rental 3-31,text,true,,11,0,50,100,null,1,0,0
1736081021314,0,Select By Actor_ID,200,OK,Select Actor 1-11,text,true,,83,0,50,100,null,0,0,0
1736081021320,0,Select By Actor_ID,200,OK,Select Actor 1-2,text,true,,83,0,50,100,null,0,0,0
1736081021327,2,Update Rental Date,200,OK,Update Rental 3-1,text,true,,11,0,50,100,null,2,0,0
1736081021332,0,Select By Actor_ID,200,OK,Select Actor 1-20,text,true,,80,0,50,100,null,0,0,0
1736081021336,0,Select By Actor_ID,200,OK,Select Actor 1-10,text,true,,83,0,50,100,null,0,0,0
1736081021356,0,Select By Actor_ID,200,OK,Select Actor 1-29,text,true,,83,0,50,100,null,0,0,0
1736081021358,0,Select By Actor_ID,200,OK,Select Actor 1-47,text,true,,79,0,50,100,null,0,0,0
1736081021369,0,Select By Actor_ID,200,OK,Select Actor 1-32,text,true,,81,0,50,100,null,0,0,0
1736081021380,3,Update Rental Date,200,OK,Update Rental 3-7,text,true,,11,0,50,100,null,3,0,0
1736081021383,1,Select By Actor_ID,200,OK,Select Actor 1-28,text,true,,81,0,50,100,null,1,0,0
1736081021387,1,Select By Actor_ID,200,OK,Select Actor 1-40,text,true,,80,0,50,100,null,1,0,0
1736081021392,1,Select By Actor_ID,200,OK,Select Actor 1-15,text,true,,81,0,50,100,null,1,0,0
1736081021402,2,Update Rental Date,200,OK,Update Rental 3-5,text,true,,11,0,50,100,null,2,0,0
1736081021428,3,Update Rental Date,200,OK,Update Rental 3-13,text,true,,11,0,50,100,null,3,0,0
1736081021435,3,Update Rental Date,200,OK,Update Rental 3-22,text,true,,11,0,50,100,null,3,0,0
1736081021445,1,Select By Actor_ID,200,OK,Select Actor 1-24,text,true,,84,0,50,100,null,1,0,0
1736081021447,3,Update Rental Date,200,OK,Update Rental 3-47,text,true,,11,0,50,100,null,3,0,0
1736081021458,1,Select By Actor_ID,200,OK,Select Actor 1-1,text,true,,85,0,50,100,null,1,0,0
1736081021459,1,Select By Actor_ID,200,OK,Select Actor 1-43,text,true,,80,0,50,100,null,1,0,0
1736081021463,1,Select By Actor_ID,200,OK,Select Actor 1-6,text,true,,77,0,50,100,null,1,0,0
1736081021467,1,Select By Actor_ID,200,OK,Select Actor 1-27,text,true,,85,0,50,100,null,1,0,0
1736081021484,3,Update Rental Date,200,OK,Update Rental 3-38,text,true,,11,0,50,100,null,3,0,0
1736081021486,1,Select By Actor_ID,200,OK,Select Actor 1-3,text,true,,81,0,50,100,null,1,0,0
1736081021498,1,Select By Actor_ID,200,OK,Select Actor 1-48,text,true,,81,0,50,100,null,1,0,0
1736081021501,1,Select By Actor_ID,200,OK,Select Actor 1-14,text,true,,80,0,50,100,null,1,0,0
1736081021504,1,Select By Actor_ID,200,OK,Select Actor 1-4,text,true,,80,0,50,100,null,1,0,0
1736081021523,2,Update Rental Date,200,OK,Update Rental 3-2,text,true,,11,0,50,100,null,2,0,0
1736081021534,1,Select By Actor_ID,200,OK,Select Actor 1-7,text,true,,79,0,50,100,null,1,0,0
1736081021543,2,Update Rental Date,200,OK,Update Rental 3-39,text,true,,11,0,50,100,null,2,0,0
1736081021557,0,Select By Actor_ID,200,OK,Select Actor 1-12,text,true,,80,0,50,100,null,0,0,0
1736081021562,2,Update Rental Date,200,OK,Update Rental 3-23,text,true,,11,0,50,100,null,2,0,0
1736081021570,0,Select By Actor_ID,200,OK,Select Actor 1-41,text,true,,80,0,50,100,null,0,0,0
1736081021583,2,Update Rental Date,200,OK,Update Rental 3-33,text,true,,11,0,50,100,null,2,0,0
1736081021600,2,Update Rental Date,200,OK,Update Rental 3-8,text,true,,11,0,50,100,null,2,0,0
1736081021606,2,Update Rental Date,200,OK,Update Rental 3-14,text,true,,11,0,50,100,null,2,0,0
1736081021610,0,Select By Actor_ID,200,OK,Select Actor 1-49,text,true,,81,0,50,100,null,0,0,0
1736081021610,2,Update Rental Date,200,OK,Update Rental 3-26,text,true,,11,0,50,100,null,2,0,0
1736081021617,2,Update Rental Date,200,OK,Update Rental 3-49,text,true,,11,0,50,100,null,1,0,0
1736081021631,0,Select By Actor_ID,200,OK,Select Actor 1-9,text,true,,78,0,50,100,null,0,0,0
1736081021637,2,Update Rental Date,200,OK,Update Rental 3-40,text,true,,11,0,50,100,null,2,0,0
1736081021646,2,Update Rental Date,200,OK,Update Rental 3-43,text,true,,11,0,50,100,null,1,0,0
1736081021647,2,Update Rental Date,200,OK,Update Rental 3-27,text,true,,11,0,50,100,null,2,0,0
1736081021667,0,Select By Actor_ID,200,OK,Select Actor 1-35,text,true,,83,0,50,100,null,0,0,0
1736081021670,2,Update Rental Date,200,OK,Update Rental 3-9,text,true,,11,0,50,100,null,2,0,0
1736081021677,0,Select By Actor_ID,200,OK,Select Actor 1-46,text,true,,83,0,50,100,null,0,0,0
1736081021749,1,Update Rental Date,200,OK,Update Rental 3-25,text,true,,11,0,50,100,null,1,0,0
1736081021760,2,Update Rental Date,200,OK,Update Rental 3-45,text,true,,11,0,50,100,null,2,0,0
1736081021772,2,Update Rental Date,200,OK,Update Rental 3-12,text,true,,11,0,50,100,null,2,0,0
1736081021783,1,Select By Actor_ID,200,OK,Select Actor 1-34,text,true,,82,0,50,100,null,1,0,0
1736081021783,2,Update Rental Date,200,OK,Update Rental 3-28,text,true,,11,0,50,100,null,2,0,0
1736081021788,1,Select By Actor_ID,200,OK,Select Actor 1-36,text,true,,80,0,50,100,null,1,0,0
1736081021790,1,Select By Actor_ID,200,OK,Select Actor 1-26,text,true,,81,0,50,100,null,1,0,0
1736081021796,2,Update Rental Date,200,OK,Update Rental 3-29,text,true,,11,0,50,100,null,2,0,0
1736081021818,2,Update Rental Date,200,OK,Update Rental 3-36,text,true,,11,0,50,100,null,2,0,0
1736081021822,1,Select By Actor_ID,200,OK,Select Actor 1-8,text,true,,81,0,50,100,null,1,0,0
1736081021835,1,Select By Actor_ID,200,OK,Select Actor 1-38,text,true,,80,0,50,100,null,1,0,0
1736081021851,2,Update Rental Date,200,OK,Update Rental 3-34,text,true,,11,0,50,100,null,2,0,0
1736081021874,2,Update Rental Date,200,OK,Update Rental 3-1,text,true,,11,0,50,100,null,2,0,0
1736081021876,1,Select By Actor_ID,200,OK,Select Actor 1-39,text,true,,84,0,50,100,null,0,0,0
1736081021905,2,Update Rental Date,200,OK,Update Rental 3-44,text,true,,11,0,50,100,null,2,0,0
1736081021916,0,Select By Actor_ID,200,OK,Select Actor 1-2,text,true,,83,0,50,100,null,0,0,0
1736081021943,1,Select By Actor_ID,200,OK,Select Actor 1-20,text,true,,79,0,50,100,null,1,0,0
1736081021944,5,Update Rental Date,200,OK,Update Rental 3-50,text,true,,11,0,50,100,null,5,0,0
1736081021947,3,Update Rental Date,200,OK,Update Rental 3-20,text,true,,11,0,50,100,null,3,0,0
1736081021956,1,Update Rental Date,200,OK,Update Rental 3-10,text,true,,11,0,50,100,null,1,0,0
1736081021957,1,Update Rental Date,200,OK,Update Rental 3-4,text,true,,11,0,50,100,null,1,0,0
1736081021975,0,Select By Actor_ID,200,OK,Select Actor 1-19,text,true,,84,0,50,100,null,0,0,0
1736081021983,0,Select By Actor_ID,200,OK,Select Actor 1-13,text,true,,82,0,50,100,null,0,0,0
1736081021993,0,Select By Actor_ID,200,OK,Select Actor 1-21,text,true,,79,0,50,100,null,0,0,0
1736081022003,2,Update Rental Date,200,OK,Update Rental 3-41,text,true,,11,0,50,100,null,2,0,0
1736081022005,1,Update Rental Date,200,OK,Update Rental 3-21,text,true,,11,0,50,100,null,1,0,0
1736081022013,0,Select By Actor_ID,200,OK,Select Actor 1-40,text,true,,81,0,50,100,null,0,0,0
1736081022016,0,Select By Actor_ID,200,OK,Select Actor 1-31,text,true,,84,0,50,100,null,0,0,0
1736081022016,0,Select By Actor_ID,200,OK,Select Actor 1-15,text,true,,84,0,50,100,null,0,0,0
1736081022025,0,Select By Actor_ID,200,OK,Select Actor 1-22,text,true,,84,0,50,100,null,0,0,0
1736081022026,0,Select By Actor_ID,200,OK,Select Actor 1-47,text,true,,80,0,50,100,null,0,0,0
1736081022028,0,Select By Actor_ID,200,OK,Select Actor 1-37,text,true,,82,0,50,100,null,0,0,0
1736081022042,0,Select By Actor_ID,200,OK,Select Actor 1-42,text,true,,80,0,50,100,null,0,0,0
1736081022066,0,Select By Actor_ID,200,OK,Select Actor 1-48,text,true,,77,0,50,100,null,0,0,0
1736081022066,0,Select By Actor_ID,200,OK,Select Actor 1-16,text,true,,81,0,50,100,null,0,0,0
1736081022071,0,Select By Actor_ID,200,OK,Select Actor 1-10,text,true,,81,0,50,100,null,0,0,0
1736081022078,0,Select By Actor_ID,200,OK,Select Actor 1-27,text,true,,78,0,50,100,null,0,0,0
1736081022089,0,Select By Actor_ID,200,OK,Select Actor 1-32,text,true,,80,0,50,100,null,0,0,0
1736081022097,2,Update Rental Date,200,OK,Update Rental 3-6,text,true,,11,0,50,100,null,2,0,0
1736081022105,2,Update Rental Date,200,OK,Update Rental 3-48,text,true,,11,0,50,100,null,2,0,0
1736081022120,0,Select By Actor_ID,200,OK,Select Actor 1-28,text,true,,82,0,50,100,null,0,0,0
1736081022122,2,Update Rental Date,200,OK,Update Rental 3-32,text,true,,11,0,50,100,null,2,0,0
1736081022139,2,Update Rental Date,200,OK,Update Rental 3-37,text,true,,11,0,50,100,null,2,0,0
1736081022157,2,Update Rental Date,200,OK,Update Rental 3-30,text,true,,11,0,50,100,null,2,0,0
1736081022164,1,Select By Actor_ID,200,OK,Select Actor 1-50,text,true,,80,0,50,100,null,1,0,0
1736081022167,1,Select By Actor_ID,200,OK,Select Actor 1-25,text,true,,84,0,50,100,null,1,0,0
1736081022167,2,Update Rental Date,200,OK,Update Rental 3-42,text,true,,11,0,50,100,null,2,0,0
1736081022172,3,Update Rental Date,200,OK,Update Rental 3-35,text,true,,11,0,50,100,null,3,0,0
1736081022172,3,Update Rental Date,200,OK,Update Rental 3-3,text,true,,11,0,50,100,null,3,0,0
1736081022182,2,Update Rental Date,200,OK,Update Rental 3-15,text,true,,11,0,50,100,null,2,0,0
1736081022194,1,Select By Actor_ID,200,OK,Select Actor 1-30,text,true,,80,0,50,100,null,1,0,0
1736081022194,1,Select By Actor_ID,200,OK,Select Actor 1-4,text,true,,82,0,50,100,null,1,0,0
1736081022212,1,Select By Actor_ID,200,OK,Select Actor 1-14,text,true,,86,0,50,100,null,1,0,0
1736081022220,1,Select By Actor_ID,200,OK,Select Actor 1-33,text,true,,79,0,50,100,null,1,0,0
1736081022220,2,Update Rental Date,200,OK,Update Rental 3-14,text,true,,11,0,50,100,null,2,0,0
1736081022262,2,Update Rental Date,200,OK,Update Rental 3-49,text,true,,11,0,50,100,null,2,0,0
1736081022264,0,Select By Actor_ID,200,OK,Select Actor 1-18,text,true,,78,0,50,100,null,0,0,0
1736081022285,2,Update Rental Date,200,OK,Update Rental 3-12,text,true,,11,0,50,100,null,2,0,0
1736081022289,2,Update Rental Date,200,OK,Update Rental 3-46,text,true,,11,0,50,100,null,2,0,0
1736081022328,0,Select By Actor_ID,200,OK,Select Actor 1-45,text,true,,84,0,50,100,null,0,0,0
1736081022327,1,Update Rental Date,200,OK,Update Rental 3-19,text,true,,11,0,50,100,null,1,0,0
1736081022393,3,Update Rental Date,200,OK,Update Rental 3-31,text,true,,11,0,50,100,null,3,0,0
1736081022404,3,Update Rental Date,200,OK,Update Rental 3-24,text,true,,11,0,50,100,null,2,0,0
1736081022422,3,Update Rental Date,200,OK,Update Rental 3-23,text,true,,11,0,50,100,null,2,0,0
1736081022433,1,Select By Actor_ID,200,OK,Select Actor 1-17,text,true,,82,0,50,100,null,1,0,0
1736081022438,2,Update Rental Date,200,OK,Update Rental 3-38,text,true,,11,0,50,100,null,2,0,0
1736081022441,2,Update Rental Date,200,OK,Update Rental 3-5,text,true,,11,0,50,100,null,2,0,0
1736081022462,2,Update Rental Date,200,OK,Update Rental 3-43,text,true,,11,0,50,100,null,2,0,0
1736081022468,1,Select By Actor_ID,200,OK,Select Actor 1-23,text,true,,79,0,50,100,null,1,0,0
1736081022477,1,Select By Actor_ID,200,OK,Select Actor 1-1,text,true,,82,0,50,100,null,1,0,0
1736081022487,3,Update Rental Date,200,OK,Update Rental 3-47,text,true,,11,0,50,100,null,2,0,0
1736081022498,3,Update Rental Date,200,OK,Update Rental 3-17,text,true,,11,0,50,100,null,3,0,0
1736081022519,2,Update Rental Date,200,OK,Update Rental 3-18,text,true,,11,0,50,100,null,2,0,0
1736081022532,2,Update Rental Date,200,OK,Update Rental 3-11,text,true,,11,0,50,100,null,2,0,0
1736081022540,2,Update Rental Date,200,OK,Update Rental 3-16,text,true,,11,0,50,100,null,2,0,0
1736081022546,0,Select By Actor_ID,200,OK,Select Actor 1-21,text,true,,82,0,50,100,null,0,0,0
1736081022564,0,Select By Actor_ID,200,OK,Select Actor 1-8,text,true,,80,0,50,100,null,0,0,0
1736081022577,2,Update Rental Date,200,OK,Update Rental 3-22,text,true,,11,0,50,100,null,2,0,0
1736081022580,0,Select By Actor_ID,200,OK,Select Actor 1-44,text,true,,84,0,50,100,null,0,0,0
1736081022588,2,Update Rental Date,200,OK,Update Rental 3-7,text,true,,11,0,50,100,null,2,0,0
1736081022601,0,Select By Actor_ID,200,OK,Select Actor 1-11,text,true,,81,0,50,100,null,0,0,0
1736081022635,0,Select By Actor_ID,200,OK,Select Actor 1-6,text,true,,81,0,50,100,null,0,0,0
1736081022648,0,Select By Actor_ID,200,OK,Select Actor 1-24,text,true,,83,0,50,100,null,0,0,0
1736081022649,1,Update Rental Date,200,OK,Update Rental 3-13,text,true,,11,0,50,100,null,1,0,0
1736081022664,0,Select By Actor_ID,200,OK,Select Actor 1-36,text,true,,79,0,50,100,null,0,0,0
1736081022667,0,Select By Actor_ID,200,OK,Select Actor 1-5,text,true,,80,0,50,100,null,0,0,0
1736081022668,0,Select By Actor_ID,200,OK,Select Actor 1-41,text,true,,79,0,50,100,null,0,0,0
1736081022670,2,Update Rental Date,200,OK,Update Rental 3-44,text,true,,11,0,50,100,null,2,0,0
1736081022688,0,Select By Actor_ID,200,OK,Select Actor 1-43,text,true,,80,0,50,100,null,0,0,0
1736081022692,0,Select By Actor_ID,200,OK,Select Actor 1-29,text,true,,80,0,50,100,null,0,0,0
1736081022691,2,Update Rental Date,200,OK,Update Rental 3-42,text,true,,11,0,50,100,null,2,0,0
1736081022700,0,Select By Actor_ID,200,OK,Select Actor 1-15,text,true,,80,0,50,100,null,0,0,0
1736081022705,0,Select By Actor_ID,200,OK,Select Actor 1-3,text,true,,80,0,50,100,null,0,0,0
1736081022760,1,Select By Actor_ID,200,OK,Select Actor 1-22,text,true,,81,0,50,100,null,1,0,0
1736081022781,2,Update Rental Date,200,OK,Update Rental 3-39,text,true,,11,0,50,100,null,2,0,0
1736081022790,1,Select By Actor_ID,200,OK,Select Actor 1-40,text,true,,82,0,50,100,null,1,0,0
1736081022792,1,Select By Actor_ID,200,OK,Select Actor 1-30,text,true,,80,0,50,100,null,1,0,0
1736081022793,1,Select By Actor_ID,200,OK,Select Actor 1-35,text,true,,83,0,50,100,null,1,0,0
1736081022803,2,Update Rental Date,200,OK,Update Rental 3-40,text,true,,11,0,50,100,null,2,0,0
1736081022808,2,Update Rental Date,200,OK,Update Rental 3-28,text,true,,11,0,50,100,null,2,0,0
1736081022810,1,Select By Actor_ID,200,OK,Select Actor 1-26,text,true,,81,0,50,100,null,1,0,0
1736081022810,1,Select By Actor_ID,200,OK,Select Actor 1-7,text,true,,80,0,50,100,null,1,0,0
1736081022822,1,Select By Actor_ID,200,OK,Select Actor 1-12,text,true,,88,0,50,100,null,1,0,0
1736081022840,1,Select By Actor_ID,200,OK,Select Actor 1-42,text,true,,88,0,50,100,null,1,0,0
1736081022856,2,Update Rental Date,200,OK,Update Rental 3-26,text,true,,11,0,50,100,null,2,0,0
1736081022858,1,Select By Actor_ID,200,OK,Select Actor 1-14,text,true,,79,0,50,100,null,0,0,0
1736081022870,2,Update Rental Date,200,OK,Update Rental 3-2,text,true,,11,0,50,100,null,2,0,0
1736081022873,2,Update Rental Date,200,OK,Update Rental 3-21,text,true,,11,0,50,100,null,2,0,0
1736081022887,1,Select By Actor_ID,200,OK,Select Actor 1-2,text,true,,80,0,50,100,null,0,0,0
1736081022913,2,Update Rental Date,200,OK,Update Rental 3-45,text,true,,11,0,50,100,null,2,0,0
1736081022916,2,Update Rental Date,200,OK,Update Rental 3-36,text,true,,11,0,50,100,null,2,0,0
1736081022925,0,Select By Actor_ID,200,OK,Select Actor 1-9,text,true,,80,0,50,100,null,0,0,0
1736081022933,2,Update Rental Date,200,OK,Update Rental 3-9,text,true,,11,0,50,100,null,2,0,0
1736081022938,2,Update Rental Date,200,OK,Update Rental 3-48,text,true,,11,0,50,100,null,2,0,0
1736081022941,2,Update Rental Date,200,OK,Update Rental 3-24,text,true,,11,0,50,100,null,2,0,0
1736081022947,0,Select By Actor_ID,200,OK,Select Actor 1-27,text,true,,78,0,50,100,null,0,0,0
1736081022962,2,Update Rental Date,200,OK,Update Rental 3-8,text,true,,11,0,50,100,null,2,0,0
1736081022974,2,Update Rental Date,200,OK,Update Rental 3-12,text,true,,11,0,50,100,null,2,0,0
1736081022978,2,Update Rental Date,200,OK,Update Rental 3-34,text,true,,11,0,50,100,null,2,0,0
1736081023020,2,Update Rental Date,200,OK,Update Rental 3-15,text,true,,11,0,50,100,null,2,0,0
1736081023021,2,Update Rental Date,200,OK,Update Rental 3-10,text,true,,11,0,50,100,null,2,0,0
1736081023024,0,Select By Actor_ID,200,OK,Select Actor 1-38,text,true,,79,0,50,100,null,0,0,0
1736081023041,2,Update Rental Date,200,OK,Update Rental 3-20,text,true,,11,0,50,100,null,2,0,0
1736081023048,1,Update Rental Date,200,OK,Update Rental 3-33,text,true,,11,0,50,100,null,1,0,0
1736081023058,0,Select By Actor_ID,200,OK,Select Actor 1-49,text,true,,79,0,50,100,null,0,0,0
1736081023060,0,Select By Actor_ID,200,OK,Select Actor 1-46,text,true,,82,0,50,100,null,0,0,0
1736081023066,0,Select By Actor_ID,200,OK,Select Actor 1-13,text,true,,78,0,50,100,null,0,0,0
1736081023079,0,Select By Actor_ID,200,OK,Select Actor 1-18,text,true,,80,0,50,100,null,0,0,0
1736081023101,0,Select By Actor_ID,200,OK,Select Actor 1-47,text,true,,85,0,50,100,null,0,0,0
1736081023114,0,Select By Actor_ID,200,OK,Select Actor 1-44,text,true,,80,0,50,100,null,0,0,0
1736081023114,2,Update Rental Date,200,OK,Update Rental 3-37,text,true,,11,0,50,100,null,2,0,0
1736081023121,3,Update Rental Date,200,OK,Update Rental 3-4,text,true,,11,0,50,100,null,3,0,0
1736081023122,3,Update Rental Date,200,OK,Update Rental 3-50,text,true,,11,0,50,100,null,3,0,0
1736081023131,2,Update Rental Date,200,OK,Update Rental 3-25,text,true,,11,0,50,100,null,2,0,0
1736081023134,2,Update Rental Date,200,OK,Update Rental 3-38,text,true,,11,0,50,100,null,2,0,0
1736081023143,1,Select By Actor_ID,200,OK,Select Actor 1-37,text,true,,79,0,50,100,null,1,0,0
1736081023144,2,Update Rental Date,200,OK,Update Rental 3-27,text,true,,11,0,50,100,null,2,0,0
1736081023156,3,Update Rental Date,200,OK,Update Rental 3-29,text,true,,11,0,50,100,null,3,0,0
1736081023174,2,Update Rental Date,200,OK,Update Rental 3-3,text,true,,11,0,50,100,null,2,0,0
1736081023180,1,Select By Actor_ID,200,OK,Select Actor 1-28,text,true,,80,0,50,100,null,1,0,0
1736081023184,1,Select By Actor_ID,200,OK,Select Actor 1-19,text,true,,80,0,50,100,null,1,0,0
1736081023200,2,Update Rental Date,200,OK,Update Rental 3-19,text,true,,11,0,50,100,null,2,0,0
1736081023224,1,Select By Actor_ID,200,OK,Select Actor 1-15,text,true,,85,0,50,100,null,1,0,0
1736081023223,2,Update Rental Date,200,OK,Update Rental 3-17,text,true,,11,0,50,100,null,2,0,0
1736081023225,1,Select By Actor_ID,200,OK,Select Actor 1-31,text,true,,83,0,50,100,null,0,0,0
1736081023228,1,Select By Actor_ID,200,OK,Select Actor 1-8,text,true,,79,0,50,100,null,1,0,0
1736081023239,2,Update Rental Date,200,OK,Update Rental 3-1,text,true,,11,0,50,100,null,2,0,0
1736081023249,1,Select By Actor_ID,200,OK,Select Actor 1-34,text,true,,86,0,50,100,null,1,0,0
1736081023282,1,Select By Actor_ID,200,OK,Select Actor 1-16,text,true,,77,0,50,100,null,1,0,0
1736081023299,0,Select By Actor_ID,200,OK,Select Actor 1-1,text,true,,83,0,50,100,null,0,0,0
1736081023300,2,Update Rental Date,200,OK,Update Rental 3-7,text,true,,11,0,50,100,null,2,0,0
1736081023302,0,Select By Actor_ID,200,OK,Select Actor 1-48,text,true,,81,0,50,100,null,0,0,0
1736081023303,0,Select By Actor_ID,200,OK,Select Actor 1-32,text,true,,81,0,50,100,null,0,0,0
1736081023315,0,Select By Actor_ID,200,OK,Select Actor 1-5,text,true,,81,0,50,100,null,0,0,0
1736081023335,2,Update Rental Date,200,OK,Update Rental 3-22,text,true,,11,0,50,100,null,2,0,0
1736081023342,2,Update Rental Date,200,OK,Update Rental 3-13,text,true,,11,0,50,100,null,2,0,0
1736081023342,2,Update Rental Date,200,OK,Update Rental 3-5,text,true,,11,0,50,100,null,2,0,0
1736081023345,0,Select By Actor_ID,200,OK,Select Actor 1-10,text,true,,81,0,50,100,null,0,0,0
1736081023354,0,Select By Actor_ID,200,OK,Select Actor 1-25,text,true,,76,0,50,100,null,0,0,0
1736081023356,0,Select By Actor_ID,200,OK,Select Actor 1-33,text,true,,79,0,50,100,null,0,0,0
1736081023362,0,Select By Actor_ID,200,OK,Select Actor 1-39,text,true,,83,0,50,100,null,0,0,0
1736081023395,2,Update Rental Date,200,OK,Update Rental 3-41,text,true,,11,0,50,100,null,2,0,0
1736081023399,2,Update Rental Date,200,OK,Update Rental 3-43,text,true,,11,0,50,100,null,2,0,0
1736081023401,0,Select By Actor_ID,200,OK,Select Actor 1-17,text,true,,79,0,50,100,null,0,0,0
1736081023419,2,Update Rental Date,200,OK,Update Rental 3-45,text,true,,11,0,50,100,null,2,0,0
1736081023429,0,Select By Actor_ID,200,OK,Select Actor 1-24,text,true,,79,0,50,100,null,0,0,0
1736081023432,0,Select By Actor_ID,200,OK,Select Actor 1-20,text,true,,83,0,50,100,null,0,0,0
1736081023438,2,Update Rental Date,200,OK,Update Rental 3-32,text,true,,11,0,50,100,null,2,0,0
1736081023450,0,Select By Actor_ID,200,OK,Select Actor 1-3,text,true,,80,0,50,100,null,0,0,0
1736081023467,0,Select By Actor_ID,200,OK,Select Actor 1-6,text,true,,82,0,50,100,null,0,0,0
1736081023472,2,Update Rental Date,200,OK,Update Rental 3-44,text,true,,11,0,50,100,null,2,0,0
1736081023498,1,Select By Actor_ID,200,OK,Select Actor 1-50,text,true,,79,0,50,100,null,1,0,0
1736081023529,1,Select By Actor_ID,200,OK,Select Actor 1-2,text,true,,78,0,50,100,null,0,0,0
1736081023529,2,Update Rental Date,200,OK,Update Rental 3-35,text,true,,11,0,50,100,null,2,0,0
1736081023533,2,Update Rental Date,200,OK,Update Rental 3-6,text,true,,11,0,50,100,null,2,0,0
1736081023534,2,Update Rental Date,200,OK,Update Rental 3-30,text,true,,11,0,50,100,null,2,0,0
1736081023539,0,Select By Actor_ID,200,OK,Select Actor 1-36,text,true,,81,0,50,100,null,0,0,0
1736081023539,2,Update Rental Date,200,OK,Update Rental 3-14,text,true,,11,0,50,100,null,2,0,0
1736081023563,2,Update Rental Date,200,OK,Update Rental 3-24,text,true,,11,0,50,100,null,2,0,0
1736081023581,0,Select By Actor_ID,200,OK,Select Actor 1-30,text,true,,80,0,50,100,null,0,0,0
1736081023584,0,Select By Actor_ID,200,OK,Select Actor 1-4,text,true,,84,0,50,100,null,0,0,0
1736081023595,0,Select By Actor_ID,200,OK,Select Actor 1-23,text,true,,83,0,50,100,null,0,0,0
1736081023610,2,Update Rental Date,200,OK,Update Rental 3-16,text,true,,11,0,50,100,null,2,0,0
1736081023615,2,Update Rental Date,200,OK,Update Rental 3-11,text,true,,11,0,50,100,null,2,0,0
1736081023616,2,Update Rental Date,200,OK,Update Rental 3-46,text,true,,11,0,50,100,null,2,0,0
1736081023633,2,Update Rental Date,200,OK,Update Rental 3-40,text,true,,11,0,50,100,null,1,0,0
1736081023647,1,Update Rental Date,200,OK,Update Rental 3-37,text,true,,11,0,50,100,null,1,0,0
1736081023660,1,Update Rental Date,200,OK,Update Rental 3-49,text,true,,11,0,50,100,null,1,0,0
1736081023684,0,Select By Actor_ID,200,OK,Select Actor 1-11,text,true,,79,0,50,100,null,0,0,0
1736081023694,1,Update Rental Date,200,OK,Update Rental 3-29,text,true,,11,0,50,100,null,1,0,0
1736081023701,0,Select By Actor_ID,200,OK,Select Actor 1-46,text,true,,80,0,50,100,null,0,0,0
1736081023717,0,Select By Actor_ID,200,OK,Select Actor 1-45,text,true,,78,0,50,100,null,0,0,0
1736081023719,1,Select By Actor_ID,200,OK,Select Actor 1-43,text,true,,80,0,50,100,null,1,0,0
1736081023721,1,Select By Actor_ID,200,OK,Select Actor 1-12,text,true,,79,0,50,100,null,1,0,0
1736081023734,3,Update Rental Date,200,OK,Update Rental 3-12,text,true,,11,0,50,100,null,3,0,0
1736081023737,1,Select By Actor_ID,200,OK,Select Actor 1-9,text,true,,76,0,50,100,null,1,0,0
1736081023740,3,Update Rental Date,200,OK,Update Rental 3-42,text,true,,11,0,50,100,null,3,0,0
1736081023741,3,Update Rental Date,200,OK,Update Rental 3-20,text,true,,11,0,50,100,null,2,0,0
1736081023750,2,Update Rental Date,200,OK,Update Rental 3-38,text,true,,11,0,50,100,null,2,0,0
1736081023771,1,Select By Actor_ID,200,OK,Select Actor 1-14,text,true,,81,0,50,100,null,1,0,0
1736081023781,1,Select By Actor_ID,200,OK,Select Actor 1-26,text,true,,79,0,50,100,null,1,0,0
1736081023787,2,Update Rental Date,200,OK,Update Rental 3-31,text,true,,11,0,50,100,null,2,0,0
1736081023790,0,Select By Actor_ID,200,OK,Select Actor 1-40,text,true,,82,0,50,100,null,0,0,0
1736081023797,2,Update Rental Date,200,OK,Update Rental 3-23,text,true,,11,0,50,100,null,2,0,0
1736081023808,0,Select By Actor_ID,200,OK,Select Actor 1-7,text,true,,84,0,50,100,null,0,0,0
1736081023810,0,Select By Actor_ID,200,OK,Select Actor 1-27,text,true,,79,0,50,100,null,0,0,0
1736081023837,2,Update Rental Date,200,OK,Update Rental 3-28,text,true,,11,0,50,100,null,2,0,0
1736081023846,9,Update Rental Date,200,OK,Update Rental 3-8,text,true,,11,0,50,100,null,8,0,0
1736081023853,19,Update Rental Date,200,OK,Update Rental 3-48,text,true,,11,0,50,100,null,19,0,0
1736081023860,13,Update Rental Date,200,OK,Update Rental 3-18,text,true,,11,0,50,100,null,13,0,0
1736081023879,0,Select By Actor_ID,200,OK,Select Actor 1-21,text,true,,80,0,50,100,null,0,0,0
1736081023882,0,Select By Actor_ID,200,OK,Select Actor 1-41,text,true,,81,0,50,100,null,0,0,0
1736081023904,3,Update Rental Date,200,OK,Update Rental 3-27,text,true,,11,0,50,100,null,3,0,1
1736081023907,2,Update Rental Date,200,OK,Update Rental 3-3,text,true,,11,0,50,100,null,2,0,0
1736081023907,3,Update Rental Date,200,OK,Update Rental 3-47,text,true,,11,0,50,100,null,3,0,1
1736081023916,1,Select By Actor_ID,200,OK,Select Actor 1-34,text,true,,81,0,50,100,null,1,0,0
1736081023918,1,Select By Actor_ID,200,OK,Select Actor 1-31,text,true,,78,0,50,100,null,1,0,0
1736081023927,3,Update Rental Date,200,OK,Update Rental 3-39,text,true,,11,0,50,100,null,3,0,0
1736081023941,3,Update Rental Date,200,OK,Update Rental 3-21,text,true,,11,0,50,100,null,3,0,0
1736081023948,2,Update Rental Date,200,OK,Update Rental 3-32,text,true,,11,0,50,100,null,2,0,0
1736081023957,3,Update Rental Date,200,OK,Update Rental 3-2,text,true,,11,0,50,100,null,3,0,0
1736081023957,4,Update Rental Date,200,OK,Update Rental 3-15,text,true,,11,0,50,100,null,4,0,0
1736081023981,1,Select By Actor_ID,200,OK,Select Actor 1-32,text,true,,78,0,50,100,null,1,0,0
1736081023985,1,Select By Actor_ID,200,OK,Select Actor 1-13,text,true,,82,0,50,100,null,1,0,0
1736081024004,1,Select By Actor_ID,200,OK,Select Actor 1-50,text,true,,83,0,50,100,null,1,0,0
1736081024015,1,Select By Actor_ID,200,OK,Select Actor 1-22,text,true,,82,0,50,100,null,1,0,0
1736081024027,1,Select By Actor_ID,200,OK,Select Actor 1-35,text,true,,80,0,50,100,null,1,0,0
1736081024030,0,Select By Actor_ID,200,OK,Select Actor 1-25,text,true,,80,0,50,100,null,0,0,0
1736081024041,2,Update Rental Date,200,OK,Update Rental 3-30,text,true,,11,0,50,100,null,2,0,0
1736081024042,3,Update Rental Date,200,OK,Update Rental 3-33,text,true,,11,0,50,100,null,3,0,0
1736081024047,2,Update Rental Date,200,OK,Update Rental 3-26,text,true,,11,0,50,100,null,2,0,0
1736081024050,2,Update Rental Date,200,OK,Update Rental 3-41,text,true,,11,0,50,100,null,2,0,0
1736081024055,0,Select By Actor_ID,200,OK,Select Actor 1-48,text,true,,78,0,50,100,null,0,0,0
1736081024062,2,Update Rental Date,200,OK,Update Rental 3-34,text,true,,11,0,50,100,null,2,0,0
1736081024063,2,Update Rental Date,200,OK,Update Rental 3-10,text,true,,11,0,50,100,null,2,0,0
1736081024117,0,Select By Actor_ID,200,OK,Select Actor 1-29,text,true,,81,0,50,100,null,0,0,0
1736081024119,0,Select By Actor_ID,200,OK,Select Actor 1-15,text,true,,83,0,50,100,null,0,0,0
1736081024128,3,Update Rental Date,200,OK,Update Rental 3-13,text,true,,11,0,50,100,null,3,0,0
1736081024134,2,Update Rental Date,200,OK,Update Rental 3-24,text,true,,11,0,50,100,null,2,0,0
1736081024178,0,Select By Actor_ID,200,OK,Select Actor 1-16,text,true,,81,0,50,100,null,0,0,0
1736081024179,1,Update Rental Date,200,OK,Update Rental 3-44,text,true,,11,0,50,100,null,1,0,0
1736081024183,1,Update Rental Date,200,OK,Update Rental 3-36,text,true,,11,0,50,100,null,1,0,0
1736081024195,0,Select By Actor_ID,200,OK,Select Actor 1-19,text,true,,80,0,50,100,null,0,0,0
1736081024198,0,Select By Actor_ID,200,OK,Select Actor 1-3,text,true,,82,0,50,100,null,0,0,0
1736081024216,0,Select By Actor_ID,200,OK,Select Actor 1-44,text,true,,81,0,50,100,null,0,0,0
1736081024228,1,Update Rental Date,200,OK,Update Rental 3-19,text,true,,11,0,50,100,null,1,0,0
1736081024241,0,Select By Actor_ID,200,OK,Select Actor 1-5,text,true,,80,0,50,100,null,0,0,0
1736081024241,0,Select By Actor_ID,200,OK,Select Actor 1-49,text,true,,80,0,50,100,null,0,0,0
1736081024251,2,Update Rental Date,200,OK,Update Rental 3-7,text,true,,11,0,50,100,null,1,0,0
1736081024274,0,Select By Actor_ID,200,OK,Select Actor 1-30,text,true,,79,0,50,100,null,0,0,0
1736081024280,3,Update Rental Date,200,OK,Update Rental 3-42,text,true,,11,0,50,100,null,3,0,1
1736081024283,3,Update Rental Date,200,OK,Update Rental 3-4,text,true,,11,0,50,100,null,3,0,0
1736081024315,1,Select By Actor_ID,200,OK,Select Actor 1-46,text,true,,79,0,50,100,null,1,0,0
1736081024321,1,Select By Actor_ID,200,OK,Select Actor 1-47,text,true,,80,0,50,100,null,1,0,0
1736081024323,2,Update Rental Date,200,OK,Update Rental 3-9,text,true,,11,0,50,100,null,2,0,0
1736081024328,1,Select By Actor_ID,200,OK,Select Actor 1-42,text,true,,81,0,50,100,null,1,0,0
1736081024374,3,Update Rental Date,200,OK,Update Rental 3-37,text,true,,11,0,50,100,null,3,0,0
1736081024381,1,Select By Actor_ID,200,OK,Select Actor 1-28,text,true,,81,0,50,100,null,1,0,0
1736081024401,2,Update Rental Date,200,OK,Update Rental 3-25,text,true,,11,0,50,100,null,2,0,0
1736081024408,2,Update Rental Date,200,OK,Update Rental 3-14,text,true,,11,0,50,100,null,2,0,0
1736081024412,1,Select By Actor_ID,200,OK,Select Actor 1-38,text,true,,76,0,50,100,null,1,0,0
1736081024412,2,Update Rental Date,200,OK,Update Rental 3-16,text,true,,11,0,50,100,null,2,0,0
1736081024420,0,Select By Actor_ID,200,OK,Select Actor 1-43,text,true,,84,0,50,100,null,0,0,0
1736081024421,2,Update Rental Date,200,OK,Update Rental 3-38,text,true,,11,0,50,100,null,2,0,0
1736081024425,0,Select By Actor_ID,200,OK,Select Actor 1-6,text,true,,83,0,50,100,null,0,0,0
1736081024429,0,Select By Actor_ID,200,OK,Select Actor 1-18,text,true,,78,0,50,100,null,0,0,0
1736081024442,1,Select By Actor_ID,200,OK,Select Actor 1-20,text,true,,82,0,50,100,null,1,0,0
1736081024449,2,Update Rental Date,200,OK,Update Rental 3-43,text,true,,11,0,50,100,null,2,0,0
1736081024461,0,Select By Actor_ID,200,OK,Select Actor 1-36,text,true,,80,0,50,100,null,0,0,0
1736081024467,2,Update Rental Date,200,OK,Update Rental 3-22,text,true,,11,0,50,100,null,2,0,0
1736081024499,2,Update Rental Date,200,OK,Update Rental 3-50,text,true,,11,0,50,100,null,2,0,0
1736081024505,0,Select By Actor_ID,200,OK,Select Actor 1-37,text,true,,81,0,50,100,null,0,0,0
1736081024508,0,Select By Actor_ID,200,OK,Select Actor 1-11,text,true,,83,0,50,100,null,0,0,0
1736081024523,0,Select By Actor_ID,200,OK,Select Actor 1-24,text,true,,82,0,50,100,null,0,0,0
1736081024537,0,Select By Actor_ID,200,OK,Select Actor 1-33,text,true,,83,0,50,100,null,0,0,0
1736081024547,2,Update Rental Date,200,OK,Update Rental 3-29,text,true,,11,0,50,100,null,2,0,0
1736081024547,2,Update Rental Date,200,OK,Update Rental 3-5,text,true,,11,0,50,100,null,2,0,0
1736081024559,2,Update Rental Date,200,OK,Update Rental 3-20,text,true,,11,0,50,100,null,2,0,0
1736081024567,0,Select By Actor_ID,200,OK,Select Actor 1-4,text,true,,77,0,50,100,null,0,0,0
1736081024582,0,Select By Actor_ID,200,OK,Select Actor 1-32,text,true,,80,0,50,100,null,0,0,0
1736081024584,1,Update Rental Date,200,OK,Update Rental 3-48,text,true,,11,0,50,100,null,1,0,0
1736081024602,2,Update Rental Date,200,OK,Update Rental 3-15,text,true,,11,0,50,100,null,2,0,0
1736081024615,2,Update Rental Date,200,OK,Update Rental 3-35,text,true,,11,0,50,100,null,2,0,0
1736081024646,0,Select By Actor_ID,200,OK,Select Actor 1-45,text,true,,81,0,50,100,null,0,0,0
1736081024651,0,Select By Actor_ID,200,OK,Select Actor 1-27,text,true,,78,0,50,100,null,0,0,0
1736081024655,1,Select By Actor_ID,200,OK,Select Actor 1-8,text,true,,84,0,50,100,null,1,0,0
1736081024661,2,Update Rental Date,200,OK,Update Rental 3-17,text,true,,11,0,50,100,null,2,0,0
1736081024674,2,Update Rental Date,200,OK,Update Rental 3-31,text,true,,11,0,50,100,null,2,0,0
1736081024681,2,Update Rental Date,200,OK,Update Rental 3-47,text,true,,11,0,50,100,null,2,0,0
1736081024707,1,Select By Actor_ID,200,OK,Select Actor 1-17,text,true,,78,0,50,100,null,1,0,0
1736081024720,1,Select By Actor_ID,200,OK,Select Actor 1-14,text,true,,77,0,50,100,null,1,0,0
1736081024722,2,Update Rental Date,200,OK,Update Rental 3-30,text,true,,11,0,50,100,null,2,0,0
1736081024722,2,Update Rental Date,200,OK,Update Rental 3-46,text,true,,11,0,50,100,null,2,0,0
1736081024724,3,Update Rental Date,200,OK,Update Rental 3-1,text,true,,11,0,50,100,null,3,0,0
1736081024731,2,Update Rental Date,200,OK,Update Rental 3-10,text,true,,11,0,50,100,null,2,0,0
1736081024740,1,Select By Actor_ID,200,OK,Select Actor 1-1,text,true,,85,0,50,100,null,1,0,0
1736081024752,2,Update Rental Date,200,OK,Update Rental 3-33,text,true,,11,0,50,100,null,2,0,0
1736081024762,2,Update Rental Date,200,OK,Update Rental 3-21,text,true,,11,0,50,100,null,2,0,0
1736081024781,1,Select By Actor_ID,200,OK,Select Actor 1-39,text,true,,79,0,50,100,null,0,0,0
1736081024802,2,Update Rental Date,200,OK,Update Rental 3-3,text,true,,11,0,50,100,null,2,0,0
1736081024821,2,Update Rental Date,200,OK,Update Rental 3-34,text,true,,11,0,50,100,null,2,0,0
1736081024824,0,Select By Actor_ID,200,OK,Select Actor 1-10,text,true,,81,0,50,100,null,0,0,0
1736081024873,2,Update Rental Date,200,OK,Update Rental 3-40,text,true,,11,0,50,100,null,2,0,0
1736081024873,2,Update Rental Date,200,OK,Update Rental 3-44,text,true,,11,0,50,100,null,2,0,0
1736081024907,2,Update Rental Date,200,OK,Update Rental 3-45,text,true,,11,0,50,100,null,2,0,0
1736081024925,2,Update Rental Date,200,OK,Update Rental 3-11,text,true,,11,0,50,100,null,2,0,0
1736081024947,0,Select By Actor_ID,200,OK,Select Actor 1-26,text,true,,80,0,50,100,null,0,0,0
1736081024948,0,Select By Actor_ID,200,OK,Select Actor 1-16,text,true,,81,0,50,100,null,0,0,0
1736081024974,0,Select By Actor_ID,200,OK,Select Actor 1-12,text,true,,84,0,50,100,null,0,0,0
1736081024985,0,Select By Actor_ID,200,OK,Select Actor 1-13,text,true,,81,0,50,100,null,0,0,0
1736081024991,1,Update Rental Date,200,OK,Update Rental 3-6,text,true,,11,0,50,100,null,1,0,0
1736081024994,0,Select By Actor_ID,200,OK,Select Actor 1-21,text,true,,80,0,50,100,null,0,0,0
1736081024996,0,Select By Actor_ID,200,OK,Select Actor 1-36,text,true,,86,0,50,100,null,0,0,0
1736081025003,0,Select By Actor_ID,200,OK,Select Actor 1-25,text,true,,78,0,50,100,null,0,0,0
1736081025017,2,Update Rental Date,200,OK,Update Rental 3-37,text,true,,11,0,50,100,null,2,0,0
1736081025022,3,Update Rental Date,200,OK,Update Rental 3-14,text,true,,11,0,50,100,null,3,0,0
1736081025030,1,Select By Actor_ID,200,OK,Select Actor 1-2,text,true,,81,0,50,100,null,1,0,1
1736081025039,1,Select By Actor_ID,200,OK,Select Actor 1-30,text,true,,85,0,50,100,null,1,0,0
1736081025045,3,Update Rental Date,200,OK,Update Rental 3-13,text,true,,11,0,50,100,null,3,0,0
1736081025047,1,Select By Actor_ID,200,OK,Select Actor 1-23,text,true,,82,0,50,100,null,1,0,0
1736081025051,2,Update Rental Date,200,OK,Update Rental 3-12,text,true,,11,0,50,100,null,2,0,0
1736081025056,1,Select By Actor_ID,200,OK,Select Actor 1-24,text,true,,83,0,50,100,null,1,0,0
1736081025059,2,Update Rental Date,200,OK,Update Rental 3-49,text,true,,11,0,50,100,null,2,0,0
1736081025077,1,Select By Actor_ID,200,OK,Select Actor 1-31,text,true,,84,0,50,100,null,1,0,0
1736081025079,2,Update Rental Date,200,OK,Update Rental 3-26,text,true,,11,0,50,100,null,2,0,0
1736081025087,1,Select By Actor_ID,200,OK,Select Actor 1-3,text,true,,80,0,50,100,null,1,0,0
1736081025096,1,Select By Actor_ID,200,OK,Select Actor 1-49,text,true,,86,0,50,100,null,1,0,0
1736081025114,2,Update Rental Date,200,OK,Update Rental 3-23,text,true,,11,0,50,100,null,2,0,0
1736081025116,1,Select By Actor_ID,200,OK,Select Actor 1-47,text,true,,81,0,50,100,null,1,0,0
1736081025123,2,Update Rental Date,200,OK,Update Rental 3-7,text,true,,11,0,50,100,null,2,0,0
1736081025132,1,Select By Actor_ID,200,OK,Select Actor 1-40,text,true,,82,0,50,100,null,1,0,0
1736081025135,1,Select By Actor_ID,200,OK,Select Actor 1-29,text,true,,84,0,50,100,null,0,0,0
1736081025136,0,Select By Actor_ID,200,OK,Select Actor 1-37,text,true,,80,0,50,100,null,0,0,0
1736081025141,1,Select By Actor_ID,200,OK,Select Actor 1-33,text,true,,84,0,50,100,null,1,0,0
1736081025139,3,Update Rental Date,200,OK,Update Rental 3-22,text,true,,11,0,50,100,null,3,0,0
1736081025146,1,Select By Actor_ID,200,OK,Select Actor 1-28,text,true,,85,0,50,100,null,0,0,0
1736081025161,1,Select By Actor_ID,200,OK,Select Actor 1-34,text,true,,83,0,50,100,null,1,0,0
1736081025167,1,Select By Actor_ID,200,OK,Select Actor 1-19,text,true,,80,0,50,100,null,1,0,0
1736081025179,2,Update Rental Date,200,OK,Update Rental 3-28,text,true,,11,0,50,100,null,2,0,0
1736081025198,1,Select By Actor_ID,200,OK,Select Actor 1-9,text,true,,82,0,50,100,null,0,0,0
1736081025209,1,Select By Actor_ID,200,OK,Select Actor 1-7,text,true,,83,0,50,100,null,1,0,0
1736081025226,2,Update Rental Date,200,OK,Update Rental 3-8,text,true,,11,0,50,100,null,2,0,0
1736081025234,1,Select By Actor_ID,200,OK,Select Actor 1-22,text,true,,79,0,50,100,null,1,0,0
1736081025235,1,Select By Actor_ID,200,OK,Select Actor 1-50,text,true,,79,0,50,100,null,1,0,0
1736081025236,2,Update Rental Date,200,OK,Update Rental 3-32,text,true,,11,0,50,100,null,2,0,0
1736081025241,1,Select By Actor_ID,200,OK,Select Actor 1-17,text,true,,80,0,50,100,null,1,0,0
1736081025259,1,Select By Actor_ID,200,OK,Select Actor 1-42,text,true,,83,0,50,100,null,1,0,0
1736081025269,3,Update Rental Date,200,OK,Update Rental 3-2,text,true,,11,0,50,100,null,3,0,0
1736081025276,3,Update Rental Date,200,OK,Update Rental 3-39,text,true,,11,0,50,100,null,3,0,0
1736081025286,2,Update Rental Date,200,OK,Update Rental 3-41,text,true,,11,0,50,100,null,2,0,0
1736081025297,2,Update Rental Date,200,OK,Update Rental 3-24,text,true,,11,0,50,100,null,2,0,0
1736081025302,1,Select By Actor_ID,200,OK,Select Actor 1-15,text,true,,78,0,50,100,null,1,0,0
1736081025312,2,Update Rental Date,200,OK,Update Rental 3-38,text,true,,11,0,50,100,null,2,0,0
1736081025322,2,Update Rental Date,200,OK,Update Rental 3-18,text,true,,11,0,50,100,null,2,0,0
1736081025336,2,Update Rental Date,200,OK,Update Rental 3-36,text,true,,11,0,50,100,null,2,0,0
1736081025336,2,Update Rental Date,200,OK,Update Rental 3-27,text,true,,11,0,50,100,null,2,0,0
1736081025353,1,Update Rental Date,200,OK,Update Rental 3-42,text,true,,11,0,50,100,null,1,0,0
1736081025357,1,Update Rental Date,200,OK,Update Rental 3-16,text,true,,11,0,50,100,null,1,0,0
1736081025380,0,Select By Actor_ID,200,OK,Select Actor 1-48,text,true,,83,0,50,100,null,0,0,0
1736081025381,0,Select By Actor_ID,200,OK,Select Actor 1-41,text,true,,78,0,50,100,null,0,0,0
1736081025399,0,Select By Actor_ID,200,OK,Select Actor 1-35,text,true,,80,0,50,100,null,0,0,0
1736081025482,2,Update Rental Date,200,OK,Update Rental 3-43,text,true,,11,0,50,100,null,2,0,0
1736081025487,3,Update Rental Date,200,OK,Update Rental 3-9,text,true,,11,0,50,100,null,3,0,0
1736081025506,2,Update Rental Date,200,OK,Update Rental 3-45,text,true,,11,0,50,100,null,2,0,0
1736081025521,1,Select By Actor_ID,200,OK,Select Actor 1-21,text,true,,81,0,50,100,null,0,0,0
1736081025522,0,Select By Actor_ID,200,OK,Select Actor 1-26,text,true,,79,0,50,100,null,0,0,0
1736081025534,0,Select By Actor_ID,200,OK,Select Actor 1-11,text,true,,80,0,50,100,null,0,0,0
1736081025533,2,Update Rental Date,200,OK,Update Rental 3-46,text,true,,11,0,50,100,null,2,0,0
1736081025552,0,Select By Actor_ID,200,OK,Select Actor 1-6,text,true,,83,0,50,100,null,0,0,0
1736081025581,1,Update Rental Date,200,OK,Update Rental 3-29,text,true,,11,0,50,100,null,1,0,0
1736081025588,1,Update Rental Date,200,OK,Update Rental 3-19,text,true,,11,0,50,100,null,1,0,0
1736081025599,0,Select By Actor_ID,200,OK,Select Actor 1-38,text,true,,80,0,50,100,null,0,0,0
1736081025598,2,Update Rental Date,200,OK,Update Rental 3-40,text,true,,11,0,50,100,null,2,0,0
1736081025635,2,Update Rental Date,200,OK,Update Rental 3-47,text,true,,11,0,50,100,null,2,0,0
1736081025642,1,Select By Actor_ID,200,OK,Select Actor 1-44,text,true,,83,0,50,100,null,1,0,0
1736081025648,1,Select By Actor_ID,200,OK,Select Actor 1-18,text,true,,83,0,50,100,null,1,0,0
1736081025656,2,Update Rental Date,200,OK,Update Rental 3-37,text,true,,11,0,50,100,null,2,0,0
1736081025657,2,Update Rental Date,200,OK,Update Rental 3-1,text,true,,11,0,50,100,null,2,0,0
1736081025663,1,Select By Actor_ID,200,OK,Select Actor 1-14,text,true,,82,0,50,100,null,1,0,0
1736081025665,1,Select By Actor_ID,200,OK,Select Actor 1-10,text,true,,80,0,50,100,null,1,0,0
1736081025682,1,Select By Actor_ID,200,OK,Select Actor 1-5,text,true,,79,0,50,100,null,1,0,0
1736081025683,1,Select By Actor_ID,200,OK,Select Actor 1-43,text,true,,83,0,50,100,null,1,0,0
1736081025702,1,Select By Actor_ID,200,OK,Select Actor 1-23,text,true,,82,0,50,100,null,1,0,0
1736081025711,2,Update Rental Date,200,OK,Update Rental 3-30,text,true,,11,0,50,100,null,2,0,0
1736081025717,1,Select By Actor_ID,200,OK,Select Actor 1-47,text,true,,84,0,50,100,null,1,0,0
1736081025724,1,Select By Actor_ID,200,OK,Select Actor 1-36,text,true,,80,0,50,100,null,1,0,0
1736081025727,1,Select By Actor_ID,200,OK,Select Actor 1-27,text,true,,82,0,50,100,null,1,0,0
1736081025732,1,Select By Actor_ID,200,OK,Select Actor 1-46,text,true,,80,0,50,100,null,1,0,0
1736081025755,1,Select By Actor_ID,200,OK,Select Actor 1-2,text,true,,84,0,50,100,null,1,0,0
1736081025758,1,Select By Actor_ID,200,OK,Select Actor 1-32,text,true,,77,0,50,100,null,0,0,0
1736081025758,1,Select By Actor_ID,200,OK,Select Actor 1-1,text,true,,80,0,50,100,null,0,0,0
1736081025759,0,Select By Actor_ID,200,OK,Select Actor 1-34,text,true,,80,0,50,100,null,0,0,0
1736081025760,0,Select By Actor_ID,200,OK,Select Actor 1-12,text,true,,84,0,50,100,null,0,0,0
1736081025773,1,Select By Actor_ID,200,OK,Select Actor 1-45,text,true,,81,0,50,100,null,0,0,0
1736081025776,2,Update Rental Date,200,OK,Update Rental 3-4,text,true,,11,0,50,100,null,2,0,0
1736081025796,0,Select By Actor_ID,200,OK,Select Actor 1-20,text,true,,81,0,50,100,null,0,0,0
1736081025805,2,Update Rental Date,200,OK,Update Rental 3-25,text,true,,11,0,50,100,null,2,0,0
1736081025824,0,Select By Actor_ID,200,OK,Select Actor 1-16,text,true,,83,0,50,100,null,0,0,0
1736081025838,2,Update Rental Date,200,OK,Update Rental 3-7,text,true,,11,0,50,100,null,2,0,0
1736081025841,0,Select By Actor_ID,200,OK,Select Actor 1-31,text,true,,83,0,50,100,null,0,0,0
1736081025848,2,Update Rental Date,200,OK,Update Rental 3-41,text,true,,11,0,50,100,null,2,0,0
1736081025852,2,Update Rental Date,200,OK,Update Rental 3-34,text,true,,11,0,50,100,null,2,0,0
1736081025864,5,Update Rental Date,200,OK,Update Rental 3-20,text,true,,11,0,50,100,null,5,0,0
1736081025868,2,Update Rental Date,200,OK,Update Rental 3-50,text,true,,11,0,50,100,null,2,0,0
1736081025871,0,Select By Actor_ID,200,OK,Select Actor 1-29,text,true,,78,0,50,100,null,0,0,0
1736081025902,2,Update Rental Date,200,OK,Update Rental 3-17,text,true,,11,0,50,100,null,2,0,0
1736081025913,1,Update Rental Date,200,OK,Update Rental 3-15,text,true,,11,0,50,100,null,1,0,0
1736081025915,2,Update Rental Date,200,OK,Update Rental 3-21,text,true,,11,0,50,100,null,2,0,0
1736081025924,1,Update Rental Date,200,OK,Update Rental 3-44,text,true,,11,0,50,100,null,1,0,0
1736081025954,0,Select By Actor_ID,200,OK,Select Actor 1-28,text,true,,82,0,50,100,null,0,0,0
1736081025973,1,Update Rental Date,200,OK,Update Rental 3-49,text,true,,11,0,50,100,null,1,0,0
1736081025978,2,Update Rental Date,200,OK,Update Rental 3-31,text,true,,11,0,50,100,null,2,0,0
1736081025982,2,Update Rental Date,200,OK,Update Rental 3-48,text,true,,11,0,50,100,null,2,0,0
1736081025991,1,Update Rental Date,200,OK,Update Rental 3-28,text,true,,11,0,50,100,null,1,0,0
1736081025995,0,Select By Actor_ID,200,OK,Select Actor 1-39,text,true,,80,0,50,100,null,0,0,0
1736081025997,0,Select By Actor_ID,200,OK,Select Actor 1-15,text,true,,81,0,50,100,null,0,0,0
1736081026004,2,Update Rental Date,200,OK,Update Rental 3-5,text,true,,11,0,50,100,null,2,0,0
1736081026015,1,Select By Actor_ID,200,OK,Select Actor 1-30,text,true,,84,0,50,100,null,1,0,0
1736081026019,2,Update Rental Date,200,OK,Update Rental 3-10,text,true,,11,0,50,100,null,2,0,1
1736081026022,2,Update Rental Date,200,OK,Update Rental 3-12,text,true,,11,0,50,100,null,2,0,0
1736081026029,2,Update Rental Date,200,OK,Update Rental 3-3,text,true,,11,0,50,100,null,2,0,0
1736081026032,1,Select By Actor_ID,200,OK,Select Actor 1-8,text,true,,81,0,50,100,null,1,0,0
1736081026034,2,Update Rental Date,200,OK,Update Rental 3-14,text,true,,11,0,50,100,null,2,0,0
1736081026038,1,Select By Actor_ID,200,OK,Select Actor 1-4,text,true,,79,0,50,100,null,1,0,0
1736081026057,1,Select By Actor_ID,200,OK,Select Actor 1-22,text,true,,81,0,50,100,null,1,0,0
1736081026063,2,Update Rental Date,200,OK,Update Rental 3-36,text,true,,11,0,50,100,null,2,0,0
1736081026077,2,Update Rental Date,200,OK,Update Rental 3-39,text,true,,11,0,50,100,null,2,0,0
1736081026081,2,Update Rental Date,200,OK,Update Rental 3-43,text,true,,11,0,50,100,null,2,0,0
1736081026097,2,Update Rental Date,200,OK,Update Rental 3-35,text,true,,11,0,50,100,null,2,0,0
1736081026101,2,Update Rental Date,200,OK,Update Rental 3-33,text,true,,11,0,50,100,null,2,0,0
1736081026120,2,Update Rental Date,200,OK,Update Rental 3-16,text,true,,11,0,50,100,null,2,0,0
1736081026130,1,Select By Actor_ID,200,OK,Select Actor 1-24,text,true,,81,0,50,100,null,1,0,0
1736081026134,0,Select By Actor_ID,200,OK,Select Actor 1-48,text,true,,80,0,50,100,null,0,0,0
1736081026145,1,Select By Actor_ID,200,OK,Select Actor 1-42,text,true,,79,0,50,100,null,0,0,0
1736081026153,0,Select By Actor_ID,200,OK,Select Actor 1-13,text,true,,78,0,50,100,null,0,0,0
1736081026161,0,Select By Actor_ID,200,OK,Select Actor 1-26,text,true,,81,0,50,100,null,0,0,0
1736081026184,2,Update Rental Date,200,OK,Update Rental 3-26,text,true,,11,0,50,100,null,2,0,0
1736081026191,0,Select By Actor_ID,200,OK,Select Actor 1-17,text,true,,83,0,50,100,null,0,0,0
1736081026192,2,Update Rental Date,200,OK,Update Rental 3-11,text,true,,11,0,50,100,null,2,0,0
1736081026214,2,Update Rental Date,200,OK,Update Rental 3-6,text,true,,11,0,50,100,null,2,0,0
1736081026217,0,Select By Actor_ID,200,OK,Select Actor 1-50,text,true,,81,0,50,100,null,0,0,0
1736081026225,0,Select By Actor_ID,200,OK,Select Actor 1-11,text,true,,84,0,50,100,null,0,0,0
1736081026224,2,Update Rental Date,200,OK,Update Rental 3-19,text,true,,11,0,50,100,null,2,0,0
1736081026227,0,Select By Actor_ID,200,OK,Select Actor 1-14,text,true,,78,0,50,100,null,0,0,0
1736081026239,1,Select By Actor_ID,200,OK,Select Actor 1-27,text,true,,79,0,50,100,null,1,0,0
1736081026271,0,Select By Actor_ID,200,OK,Select Actor 1-9,text,true,,79,0,50,100,null,0,0,0
1736081026286,0,Select By Actor_ID,200,OK,Select Actor 1-5,text,true,,77,0,50,100,null,0,0,0
1736081026285,2,Update Rental Date,200,OK,Update Rental 3-27,text,true,,11,0,50,100,null,2,0,0
1736081026289,0,Select By Actor_ID,200,OK,Select Actor 1-40,text,true,,80,0,50,100,null,0,0,0
1736081026290,0,Select By Actor_ID,200,OK,Select Actor 1-35,text,true,,80,0,50,100,null,0,0,0
1736081026302,1,Update Rental Date,200,OK,Update Rental 3-13,text,true,,11,0,50,100,null,1,0,0
1736081026316,0,Select By Actor_ID,200,OK,Select Actor 1-46,text,true,,79,0,50,100,null,0,0,0
1736081026319,0,Select By Actor_ID,200,OK,Select Actor 1-38,text,true,,82,0,50,100,null,0,0,0
1736081026331,1,Update Rental Date,200,OK,Update Rental 3-38,text,true,,11,0,50,100,null,1,0,0
1736081026354,0,Select By Actor_ID,200,OK,Select Actor 1-43,text,true,,86,0,50,100,null,0,0,0
1736081026372,2,Update Rental Date,200,OK,Update Rental 3-46,text,true,,11,0,50,100,null,2,0,0
1736081026377,2,Update Rental Date,200,OK,Update Rental 3-8,text,true,,11,0,50,100,null,2,0,0
1736081026397,1,Select By Actor_ID,200,OK,Select Actor 1-18,text,true,,81,0,50,100,null,1,0,0
1736081026409,1,Select By Actor_ID,200,OK,Select Actor 1-41,text,true,,80,0,50,100,null,1,0,0
1736081026417,1,Select By Actor_ID,200,OK,Select Actor 1-44,text,true,,80,0,50,100,null,1,0,0
1736081026423,1,Select By Actor_ID,200,OK,Select Actor 1-7,text,true,,84,0,50,100,null,1,0,0
1736081026424,2,Update Rental Date,200,OK,Update Rental 3-2,text,true,,11,0,50,100,null,2,0,0
1736081026442,1,Select By Actor_ID,200,OK,Select Actor 1-25,text,true,,84,0,50,100,null,1,0,0
1736081026450,2,Update Rental Date,200,OK,Update Rental 3-22,text,true,,11,0,50,100,null,2,0,0
1736081026457,1,Select By Actor_ID,200,OK,Select Actor 1-33,text,true,,81,0,50,100,null,1,0,0
1736081026456,2,Update Rental Date,200,OK,Update Rental 3-44,text,true,,11,0,50,100,null,2,0,0
1736081026479,1,Select By Actor_ID,200,OK,Select Actor 1-21,text,true,,82,0,50,100,null,1,0,0
1736081026479,2,Update Rental Date,200,OK,Update Rental 3-9,text,true,,11,0,50,100,null,2,0,0
1736081026495,1,Select By Actor_ID,200,OK,Select Actor 1-37,text,true,,84,0,50,100,null,1,0,0
1736081026508,1,Select By Actor_ID,200,OK,Select Actor 1-23,text,true,,82,0,50,100,null,1,0,0
1736081026529,1,Select By Actor_ID,200,OK,Select Actor 1-49,text,true,,79,0,50,100,null,0,0,0
1736081026534,2,Update Rental Date,200,OK,Update Rental 3-29,text,true,,11,0,50,100,null,2,0,0
1736081026535,2,Update Rental Date,200,OK,Update Rental 3-5,text,true,,11,0,50,100,null,2,0,0
1736081026552,2,Update Rental Date,200,OK,Update Rental 3-42,text,true,,11,0,50,100,null,2,0,0
1736081026562,0,Select By Actor_ID,200,OK,Select Actor 1-16,text,true,,79,0,50,100,null,0,0,0
1736081026564,2,Update Rental Date,200,OK,Update Rental 3-20,text,true,,11,0,50,100,null,2,0,0
1736081026566,0,Select By Actor_ID,200,OK,Select Actor 1-19,text,true,,80,0,50,100,null,0,0,0
1736081026568,0,Select By Actor_ID,200,OK,Select Actor 1-47,text,true,,80,0,50,100,null,0,0,0
1736081026571,0,Select By Actor_ID,200,OK,Select Actor 1-3,text,true,,81,0,50,100,null,0,0,0
1736081026605,0,Select By Actor_ID,200,OK,Select Actor 1-2,text,true,,80,0,50,100,null,0,0,0
1736081026586,29,Update Rental Date,200,OK,Update Rental 3-23,text,true,,11,0,50,100,null,29,0,0
1736081026592,24,Update Rental Date,200,OK,Update Rental 3-32,text,true,,11,0,50,100,null,24,0,0
1736081026617,0,Select By Actor_ID,200,OK,Select Actor 1-29,text,true,,80,0,50,100,null,0,0,0
1736081026618,2,Update Rental Date,200,OK,Update Rental 3-37,text,true,,11,0,50,100,null,2,0,0
1736081026656,0,Select By Actor_ID,200,OK,Select Actor 1-31,text,true,,83,0,50,100,null,0,0,0
1736081026659,0,Select By Actor_ID,200,OK,Select Actor 1-15,text,true,,78,0,50,100,null,0,0,0
1736081026680,0,Select By Actor_ID,200,OK,Select Actor 1-34,text,true,,86,0,50,100,null,0,0,0
1736081026689,2,Update Rental Date,200,OK,Update Rental 3-50,text,true,,11,0,50,100,null,2,0,0
1736081026701,1,Update Rental Date,200,OK,Update Rental 3-49,text,true,,11,0,50,100,null,1,0,0
1736081026718,0,Select By Actor_ID,200,OK,Select Actor 1-1,text,true,,82,0,50,100,null,0,0,0
1736081026717,2,Update Rental Date,200,OK,Update Rental 3-15,text,true,,11,0,50,100,null,2,0,0
1736081026726,2,Update Rental Date,200,OK,Update Rental 3-24,text,true,,11,0,50,100,null,2,0,0
1736081026732,2,Update Rental Date,200,OK,Update Rental 3-39,text,true,,11,0,50,100,null,2,0,0
1736081026743,1,Update Rental Date,200,OK,Update Rental 3-25,text,true,,11,0,50,100,null,1,0,0
1736081026749,1,Update Rental Date,200,OK,Update Rental 3-19,text,true,,11,0,50,100,null,1,0,0
1736081026750,1,Select By Actor_ID,200,OK,Select Actor 1-36,text,true,,88,0,50,100,null,1,0,0
1736081026758,2,Update Rental Date,200,OK,Update Rental 3-18,text,true,,11,0,50,100,null,2,0,1
1736081026763,2,Update Rental Date,200,OK,Update Rental 3-28,text,true,,11,0,50,100,null,2,0,0
1736081026776,2,Update Rental Date,200,OK,Update Rental 3-16,text,true,,11,0,50,100,null,2,0,0
1736081026797,1,Select By Actor_ID,200,OK,Select Actor 1-42,text,true,,79,0,50,100,null,1,0,0
1736081026799,3,Update Rental Date,200,OK,Update Rental 3-34,text,true,,11,0,50,100,null,3,0,0
1736081026820,1,Select By Actor_ID,200,OK,Select Actor 1-46,text,true,,79,0,50,100,null,1,0,0
1736081026821,1,Select By Actor_ID,200,OK,Select Actor 1-10,text,true,,80,0,50,100,null,1,0,0
1736081026821,2,Update Rental Date,200,OK,Update Rental 3-4,text,true,,11,0,50,100,null,2,0,0
1736081026823,2,Update Rental Date,200,OK,Update Rental 3-30,text,true,,11,0,50,100,null,2,0,0
1736081026833,2,Update Rental Date,200,OK,Update Rental 3-40,text,true,,11,0,50,100,null,2,0,0
1736081026875,0,Select By Actor_ID,200,OK,Select Actor 1-32,text,true,,83,0,50,100,null,0,0,0
1736081026883,0,Select By Actor_ID,200,OK,Select Actor 1-26,text,true,,77,0,50,100,null,0,0,0
1736081026885,1,Update Rental Date,200,OK,Update Rental 3-46,text,true,,11,0,50,100,null,1,0,0
1736081026895,2,Update Rental Date,200,OK,Update Rental 3-1,text,true,,11,0,50,100,null,2,0,0
1736081026896,2,Update Rental Date,200,OK,Update Rental 3-27,text,true,,11,0,50,100,null,2,0,0
1736081026900,1,Update Rental Date,200,OK,Update Rental 3-8,text,true,,11,0,50,100,null,1,0,0
1736081026905,0,Select By Actor_ID,200,OK,Select Actor 1-11,text,true,,78,0,50,100,null,0,0,0
1736081026923,1,Update Rental Date,200,OK,Update Rental 3-43,text,true,,11,0,50,100,null,1,0,0
1736081026925,1,Update Rental Date,200,OK,Update Rental 3-3,text,true,,11,0,50,100,null,1,0,0
1736081026945,1,Select By Actor_ID,200,OK,Select Actor 1-22,text,true,,83,0,50,100,null,0,0,0
1736081026952,2,Update Rental Date,200,OK,Update Rental 3-45,text,true,,11,0,50,100,null,2,0,0
1736081026969,0,Select By Actor_ID,200,OK,Select Actor 1-50,text,true,,81,0,50,100,null,0,0,0
1736081026969,2,Update Rental Date,200,OK,Update Rental 3-6,text,true,,11,0,50,100,null,2,0,0
1736081026987,0,Select By Actor_ID,200,OK,Select Actor 1-18,text,true,,78,0,50,100,null,0,0,0
1736081026999,2,Update Rental Date,200,OK,Update Rental 3-17,text,true,,11,0,50,100,null,2,0,0
1736081027002,0,Select By Actor_ID,200,OK,Select Actor 1-17,text,true,,81,0,50,100,null,0,0,0
1736081027005,0,Select By Actor_ID,200,OK,Select Actor 1-5,text,true,,76,0,50,100,null,0,0,0
1736081027035,0,Select By Actor_ID,200,OK,Select Actor 1-6,text,true,,83,0,50,100,null,0,0,0
1736081027035,0,Select By Actor_ID,200,OK,Select Actor 1-12,text,true,,79,0,50,100,null,0,0,0
1736081027040,0,Select By Actor_ID,200,OK,Select Actor 1-38,text,true,,79,0,50,100,null,0,0,0
1736081027052,0,Select By Actor_ID,200,OK,Select Actor 1-40,text,true,,80,0,50,100,null,0,0,0
1736081027062,2,Update Rental Date,200,OK,Update Rental 3-47,text,true,,11,0,50,100,null,2,0,0
1736081027073,1,Update Rental Date,200,OK,Update Rental 3-7,text,true,,11,0,50,100,null,1,0,0
1736081027076,1,Update Rental Date,200,OK,Update Rental 3-31,text,true,,11,0,50,100,null,1,0,0
1736081027087,2,Update Rental Date,200,OK,Update Rental 3-20,text,true,,11,0,50,100,null,2,0,0
1736081027098,0,Select By Actor_ID,200,OK,Select Actor 1-14,text,true,,81,0,50,100,null,0,0,0
1736081027115,2,Update Rental Date,200,OK,Update Rental 3-21,text,true,,11,0,50,100,null,2,0,0
1736081027137,0,Select By Actor_ID,200,OK,Select Actor 1-33,text,true,,79,0,50,100,null,0,0,0
1736081027138,1,Update Rental Date,200,OK,Update Rental 3-48,text,true,,11,0,50,100,null,1,0,0
1736081027157,1,Select By Actor_ID,200,OK,Select Actor 1-37,text,true,,79,0,50,100,null,1,0,0
1736081027178,1,Select By Actor_ID,200,OK,Select Actor 1-35,text,true,,84,0,50,100,null,1,0,0
1736081027181,1,Select By Actor_ID,200,OK,Select Actor 1-44,text,true,,83,0,50,100,null,1,0,0
1736081027201,1,Select By Actor_ID,200,OK,Select Actor 1-20,text,true,,80,0,50,100,null,1,0,0
1736081027202,1,Select By Actor_ID,200,OK,Select Actor 1-25,text,true,,80,0,50,100,null,1,0,0
1736081027201,2,Update Rental Date,200,OK,Update Rental 3-41,text,true,,11,0,50,100,null,2,0,0
1736081027225,1,Select By Actor_ID,200,OK,Select Actor 1-45,text,true,,81,0,50,100,null,1,0,0
1736081027230,1,Select By Actor_ID,200,OK,Select Actor 1-39,text,true,,80,0,50,100,null,1,0,0
1736081027230,2,Update Rental Date,200,OK,Update Rental 3-36,text,true,,11,0,50,100,null,2,0,0
1736081027235,2,Update Rental Date,200,OK,Update Rental 3-12,text,true,,11,0,50,100,null,2,0,0
1736081027240,1,Select By Actor_ID,200,OK,Select Actor 1-19,text,true,,81,0,50,100,null,1,0,0
1736081027250,1,Select By Actor_ID,200,OK,Select Actor 1-13,text,true,,88,0,50,100,null,1,0,0
1736081027257,1,Select By Actor_ID,200,OK,Select Actor 1-21,text,true,,80,0,50,100,null,1,0,0
1736081027270,1,Select By Actor_ID,200,OK,Select Actor 1-4,text,true,,80,0,50,100,null,1,0,0
1736081027295,1,Select By Actor_ID,200,OK,Select Actor 1-28,text,true,,83,0,50,100,null,1,0,0
1736081027307,3,Update Rental Date,200,OK,Update Rental 3-42,text,true,,11,0,50,100,null,2,0,0
1736081027341,0,Select By Actor_ID,200,OK,Select Actor 1-23,text,true,,82,0,50,100,null,0,0,0
1736081027344,0,Select By Actor_ID,200,OK,Select Actor 1-46,text,true,,79,0,50,100,null,0,0,0
1736081027346,2,Update Rental Date,200,OK,Update Rental 3-16,text,true,,11,0,50,100,null,2,0,0
1736081027354,2,Update Rental Date,200,OK,Update Rental 3-19,text,true,,11,0,50,100,null,2,0,0
1736081027362,2,Update Rental Date,200,OK,Update Rental 3-5,text,true,,11,0,50,100,null,2,0,0
1736081027375,2,Update Rental Date,200,OK,Update Rental 3-22,text,true,,11,0,50,100,null,2,0,0
1736081027378,0,Select By Actor_ID,200,OK,Select Actor 1-42,text,true,,84,0,50,100,null,0,0,0
1736081027385,0,Select By Actor_ID,200,OK,Select Actor 1-8,text,true,,82,0,50,100,null,0,0,0
1736081027397,0,Select By Actor_ID,200,OK,Select Actor 1-30,text,true,,82,0,50,100,null,0,0,0
1736081027405,0,Select By Actor_ID,200,OK,Select Actor 1-29,text,true,,85,0,50,100,null,0,0,0
1736081027411,0,Select By Actor_ID,200,OK,Select Actor 1-43,text,true,,80,0,50,100,null,0,0,0
1736081027414,2,Update Rental Date,200,OK,Update Rental 3-35,text,true,,11,0,50,100,null,1,0,0
1736081027431,1,Update Rental Date,200,OK,Update Rental 3-40,text,true,,11,0,50,100,null,1,0,0
1736081027435,1,Update Rental Date,200,OK,Update Rental 3-26,text,true,,11,0,50,100,null,1,0,0
1736081027454,0,Select By Actor_ID,200,OK,Select Actor 1-15,text,true,,82,0,50,100,null,0,0,0
1736081027458,0,Select By Actor_ID,200,OK,Select Actor 1-47,text,true,,81,0,50,100,null,0,0,0
1736081027468,1,Update Rental Date,200,OK,Update Rental 3-10,text,true,,11,0,50,100,null,1,0,0
1736081027470,2,Update Rental Date,200,OK,Update Rental 3-33,text,true,,11,0,50,100,null,2,0,0
1736081027475,1,Update Rental Date,200,OK,Update Rental 3-11,text,true,,11,0,50,100,null,1,0,0
1736081027496,1,Update Rental Date,200,OK,Update Rental 3-32,text,true,,11,0,50,100,null,1,0,0
1736081027505,0,Select By Actor_ID,200,OK,Select Actor 1-34,text,true,,82,0,50,100,null,0,0,0
1736081027515,3,Update Rental Date,200,OK,Update Rental 3-9,text,true,,11,0,50,100,null,3,0,0
1736081027523,1,Select By Actor_ID,200,OK,Select Actor 1-1,text,true,,80,0,50,100,null,1,0,0
1736081027527,2,Update Rental Date,200,OK,Update Rental 3-3,text,true,,11,0,50,100,null,2,0,0
1736081027533,2,Update Rental Date,200,OK,Update Rental 3-14,text,true,,11,0,50,100,null,2,0,0
1736081027583,0,Select By Actor_ID,200,OK,Select Actor 1-24,text,true,,81,0,50,100,null,0,0,0
1736081027583,1,Select By Actor_ID,200,OK,Select Actor 1-27,text,true,,80,0,50,100,null,1,0,0
1736081027594,1,Select By Actor_ID,200,OK,Select Actor 1-18,text,true,,76,0,50,100,null,1,0,0
1736081027594,1,Select By Actor_ID,200,OK,Select Actor 1-49,text,true,,79,0,50,100,null,1,0,0
1736081027594,3,Update Rental Date,200,OK,Update Rental 3-39,text,true,,11,0,50,100,null,3,0,0
1736081027599,1,Select By Actor_ID,200,OK,Select Actor 1-31,text,true,,80,0,50,100,null,1,0,0
1736081027620,2,Update Rental Date,200,OK,Update Rental 3-29,text,true,,11,0,50,100,null,2,0,0
1736081027623,1,Select By Actor_ID,200,OK,Select Actor 1-50,text,true,,79,0,50,100,null,1,0,0
1736081027624,1,Select By Actor_ID,200,OK,Select Actor 1-6,text,true,,82,0,50,100,null,1,0,0
1736081027628,1,Select By Actor_ID,200,OK,Select Actor 1-16,text,true,,81,0,50,100,null,1,0,0
1736081027629,2,Update Rental Date,200,OK,Update Rental 3-2,text,true,,11,0,50,100,null,2,0,0
1736081027631,1,Select By Actor_ID,200,OK,Select Actor 1-41,text,true,,79,0,50,100,null,1,0,0
1736081027632,1,Select By Actor_ID,200,OK,Select Actor 1-48,text,true,,85,0,50,100,null,1,0,0
1736081027650,2,Update Rental Date,200,OK,Update Rental 3-15,text,true,,11,0,50,100,null,2,0,0
1736081027665,3,Update Rental Date,200,OK,Update Rental 3-13,text,true,,11,0,50,100,null,3,0,0
1736081027685,2,Update Rental Date,200,OK,Update Rental 3-46,text,true,,11,0,50,100,null,2,0,0
1736081027691,2,Update Rental Date,200,OK,Update Rental 3-45,text,true,,11,0,50,100,null,2,0,0
1736081027703,1,Select By Actor_ID,200,OK,Select Actor 1-7,text,true,,83,0,50,100,null,0,0,0
1736081027713,2,Update Rental Date,200,OK,Update Rental 3-49,text,true,,11,0,50,100,null,2,0,0
1736081027717,2,Update Rental Date,200,OK,Update Rental 3-24,text,true,,11,0,50,100,null,2,0,0
1736081027725,1,Update Rental Date,200,OK,Update Rental 3-27,text,true,,11,0,50,100,null,1,0,0
1736081027732,0,Select By Actor_ID,200,OK,Select Actor 1-9,text,true,,79,0,50,100,null,0,0,0
1736081027767,0,Select By Actor_ID,200,OK,Select Actor 1-32,text,true,,81,0,50,100,null,0,0,0
1736081027768,0,Select By Actor_ID,200,OK,Select Actor 1-35,text,true,,83,0,50,100,null,0,0,0
1736081027774,2,Update Rental Date,200,OK,Update Rental 3-28,text,true,,11,0,50,100,null,2,0,0
1736081027790,1,Update Rental Date,200,OK,Update Rental 3-38,text,true,,11,0,50,100,null,1,0,0
1736081027794,0,Select By Actor_ID,200,OK,Select Actor 1-25,text,true,,81,0,50,100,null,0,0,0
1736081027794,1,Update Rental Date,200,OK,Update Rental 3-36,text,true,,11,0,50,100,null,1,0,0
1736081027808,0,Select By Actor_ID,200,OK,Select Actor 1-5,text,true,,80,0,50,100,null,0,0,0
1736081027817,2,Update Rental Date,200,OK,Update Rental 3-50,text,true,,11,0,50,100,null,2,0,0
1736081027820,1,Update Rental Date,200,OK,Update Rental 3-20,text,true,,11,0,50,100,null,1,0,0
1736081027841,1,Update Rental Date,200,OK,Update Rental 3-8,text,true,,11,0,50,100,null,1,0,0
1736081027853,2,Update Rental Date,200,OK,Update Rental 3-12,text,true,,11,0,50,100,null,2,0,0
1736081027854,2,Update Rental Date,200,OK,Update Rental 3-1,text,true,,11,0,50,100,null,2,0,0
1736081027856,1,Update Rental Date,200,OK,Update Rental 3-4,text,true,,11,0,50,100,null,1,0,0
1736081027866,0,Select By Actor_ID,200,OK,Select Actor 1-14,text,true,,81,0,50,100,null,0,0,0
1736081027885,0,Select By Actor_ID,200,OK,Select Actor 1-39,text,true,,85,0,50,100,null,0,0,0
1736081027890,0,Select By Actor_ID,200,OK,Select Actor 1-19,text,true,,78,0,50,100,null,0,0,0
1736081027907,2,Update Rental Date,200,OK,Update Rental 3-6,text,true,,11,0,50,100,null,2,0,0
1736081027913,1,Select By Actor_ID,200,OK,Select Actor 1-20,text,true,,84,0,50,100,null,1,0,0
1736081027918,2,Update Rental Date,200,OK,Update Rental 3-31,text,true,,11,0,50,100,null,2,0,0
1736081027921,1,Select By Actor_ID,200,OK,Select Actor 1-40,text,true,,81,0,50,100,null,1,0,0
1736081027921,1,Select By Actor_ID,200,OK,Select Actor 1-3,text,true,,80,0,50,100,null,1,0,0
1736081027923,1,Select By Actor_ID,200,OK,Select Actor 1-2,text,true,,81,0,50,100,null,1,0,0
1736081027931,1,Select By Actor_ID,200,OK,Select Actor 1-23,text,true,,83,0,50,100,null,1,0,0
1736081027932,2,Update Rental Date,200,OK,Update Rental 3-44,text,true,,11,0,50,100,null,2,0,0
1736081027935,2,Update Rental Date,200,OK,Update Rental 3-47,text,true,,11,0,50,100,null,2,0,0
1736081027965,2,Update Rental Date,200,OK,Update Rental 3-25,text,true,,11,0,50,100,null,2,0,0
1736081027978,2,Update Rental Date,200,OK,Update Rental 3-34,text,true,,11,0,50,100,null,2,0,0
1736081027981,1,Select By Actor_ID,200,OK,Select Actor 1-36,text,true,,80,0,50,100,null,1,0,0
1736081027982,1,Select By Actor_ID,200,OK,Select Actor 1-12,text,true,,78,0,50,100,null,1,0,0
1736081027991,2,Update Rental Date,200,OK,Update Rental 3-23,text,true,,11,0,50,100,null,2,0,0
1736081027998,2,Update Rental Date,200,OK,Update Rental 3-40,text,true,,11,0,50,100,null,2,0,0
1736081028001,2,Update Rental Date,200,OK,Update Rental 3-18,text,true,,11,0,50,100,null,2,0,0
1736081028015,1,Select By Actor_ID,200,OK,Select Actor 1-38,text,true,,80,0,50,100,null,1,0,0
1736081028043,2,Update Rental Date,200,OK,Update Rental 3-16,text,true,,11,0,50,100,null,2,0,0
1736081028059,1,Update Rental Date,200,OK,Update Rental 3-37,text,true,,11,0,50,100,null,1,0,0
1736081028061,0,Select By Actor_ID,200,OK,Select Actor 1-8,text,true,,82,0,50,100,null,0,0,0
1736081028078,0,Select By Actor_ID,200,OK,Select Actor 1-15,text,true,,83,0,50,100,null,0,0,0
1736081028090,1,Select By Actor_ID,200,OK,Select Actor 1-10,text,true,,79,0,50,100,null,0,0,0
1736081028113,2,Update Rental Date,200,OK,Update Rental 3-32,text,true,,11,0,50,100,null,2,0,0
1736081028129,2,Update Rental Date,200,OK,Update Rental 3-43,text,true,,11,0,50,100,null,2,0,0
1736081028145,2,Update Rental Date,200,OK,Update Rental 3-22,text,true,,11,0,50,100,null,2,0,0
1736081028153,0,Select By Actor_ID,200,OK,Select Actor 1-50,text,true,,84,0,50,100,null,0,0,0
1736081028165,0,Select By Actor_ID,200,OK,Select Actor 1-34,text,true,,80,0,50,100,null,0,0,0
1736081028185,0,Select By Actor_ID,200,OK,Select Actor 1-11,text,true,,78,0,50,100,null,0,0,0
1736081028201,0,Select By Actor_ID,200,OK,Select Actor 1-24,text,true,,77,0,50,100,null,0,0,0
1736081028202,0,Select By Actor_ID,200,OK,Select Actor 1-22,text,true,,76,0,50,100,null,0,0,0
1736081028210,0,Select By Actor_ID,200,OK,Select Actor 1-44,text,true,,78,0,50,100,null,0,0,0
1736081028215,0,Select By Actor_ID,200,OK,Select Actor 1-1,text,true,,79,0,50,100,null,0,0,0
1736081028214,2,Update Rental Date,200,OK,Update Rental 3-9,text,true,,11,0,50,100,null,2,0,0
1736081028241,0,Select By Actor_ID,200,OK,Select Actor 1-30,text,true,,82,0,50,100,null,0,0,0
1736081028242,0,Select By Actor_ID,200,OK,Select Actor 1-26,text,true,,81,0,50,100,null,0,0,0
1736081028250,3,Update Rental Date,200,OK,Update Rental 3-3,text,true,,11,0,50,100,null,3,0,0
1736081028257,0,Select By Actor_ID,200,OK,Select Actor 1-37,text,true,,80,0,50,100,null,0,0,0
1736081028264,0,Select By Actor_ID,200,OK,Select Actor 1-29,text,true,,82,0,50,100,null,0,0,0
1736081028275,2,Update Rental Date,200,OK,Update Rental 3-30,text,true,,11,0,50,100,null,2,0,0
1736081028283,2,Update Rental Date,200,OK,Update Rental 3-27,text,true,,11,0,50,100,null,2,0,0
1736081028289,0,Select By Actor_ID,200,OK,Select Actor 1-42,text,true,,78,0,50,100,null,0,0,0
1736081028309,0,Select By Actor_ID,200,OK,Select Actor 1-47,text,true,,81,0,50,100,null,0,0,0
1736081028315,0,Select By Actor_ID,200,OK,Select Actor 1-6,text,true,,84,0,50,100,null,0,0,0
1736081028316,2,Update Rental Date,200,OK,Update Rental 3-17,text,true,,11,0,50,100,null,2,0,0
1736081028318,1,Update Rental Date,200,OK,Update Rental 3-41,text,true,,11,0,50,100,null,1,0,0
1736081028327,0,Select By Actor_ID,200,OK,Select Actor 1-17,text,true,,80,0,50,100,null,0,0,0
1736081028331,1,Update Rental Date,200,OK,Update Rental 3-42,text,true,,11,0,50,100,null,1,0,0
1736081028349,2,Update Rental Date,200,OK,Update Rental 3-8,text,true,,11,0,50,100,null,2,0,0
1736081028365,2,Update Rental Date,200,OK,Update Rental 3-35,text,true,,11,0,50,100,null,2,0,0
1736081028373,2,Update Rental Date,200,OK,Update Rental 3-38,text,true,,11,0,50,100,null,2,0,0
1736081028386,2,Update Rental Date,200,OK,Update Rental 3-13,text,true,,11,0,50,100,null,2,0,0
1736081028388,1,Select By Actor_ID,200,OK,Select Actor 1-49,text,true,,83,0,50,100,null,1,0,0
1736081028399,1,Select By Actor_ID,200,OK,Select Actor 1-7,text,true,,82,0,50,100,null,1,0,0
1736081028405,4,Update Rental Date,200,OK,Update Rental 3-29,text,true,,11,0,50,100,null,4,0,0
1736081028416,2,Update Rental Date,200,OK,Update Rental 3-48,text,true,,11,0,50,100,null,2,0,0
1736081028428,2,Update Rental Date,200,OK,Update Rental 3-28,text,true,,11,0,50,100,null,2,0,0
1736081028433,2,Update Rental Date,200,OK,Update Rental 3-21,text,true,,11,0,50,100,null,2,0,0
1736081028437,1,Select By Actor_ID,200,OK,Select Actor 1-21,text,true,,80,0,50,100,null,1,0,0
1736081028446,1,Select By Actor_ID,200,OK,Select Actor 1-45,text,true,,81,0,50,100,null,1,0,0
1736081028453,2,Update Rental Date,200,OK,Update Rental 3-7,text,true,,11,0,50,100,null,2,0,0
1736081028466,2,Update Rental Date,200,OK,Update Rental 3-36,text,true,,11,0,50,100,null,2,0,0
1736081028471,0,Select By Actor_ID,200,OK,Select Actor 1-43,text,true,,83,0,50,100,null,0,0,0
1736081028474,1,Update Rental Date,200,OK,Update Rental 3-10,text,true,,11,0,50,100,null,1,0,0
1736081028493,0,Select By Actor_ID,200,OK,Select Actor 1-23,text,true,,83,0,50,100,null,0,0,0
1736081028502,0,Select By Actor_ID,200,OK,Select Actor 1-32,text,true,,78,0,50,100,null,0,0,0
1736081028537,0,Select By Actor_ID,200,OK,Select Actor 1-4,text,true,,81,0,50,100,null,0,0,0
1736081028546,3,Update Rental Date,200,OK,Update Rental 3-45,text,true,,11,0,50,100,null,3,0,1
1736081028546,3,Update Rental Date,200,OK,Update Rental 3-6,text,true,,11,0,50,100,null,3,0,1
1736081028548,1,Select By Actor_ID,200,OK,Select Actor 1-33,text,true,,81,0,50,100,null,1,0,0
1736081028550,0,Select By Actor_ID,200,OK,Select Actor 1-16,text,true,,82,0,50,100,null,0,0,0
1736081028556,2,Update Rental Date,200,OK,Update Rental 3-46,text,true,,11,0,50,100,null,2,0,0
1736081028566,2,Update Rental Date,200,OK,Update Rental 3-1,text,true,,11,0,50,100,null,2,0,0
1736081028566,2,Update Rental Date,200,OK,Update Rental 3-24,text,true,,11,0,50,100,null,2,0,0
1736081028575,0,Select By Actor_ID,200,OK,Select Actor 1-5,text,true,,83,0,50,100,null,0,0,0
1736081028635,1,Update Rental Date,200,OK,Update Rental 3-15,text,true,,11,0,50,100,null,1,0,0
1736081028645,0,Select By Actor_ID,200,OK,Select Actor 1-15,text,true,,80,0,50,100,null,0,0,0
1736081028671,0,Select By Actor_ID,200,OK,Select Actor 1-46,text,true,,79,0,50,100,null,0,0,0
1736081028674,2,Update Rental Date,200,OK,Update Rental 3-33,text,true,,11,0,50,100,null,2,0,0
1736081028683,2,Update Rental Date,200,OK,Update Rental 3-14,text,true,,11,0,50,100,null,2,0,0
1736081028688,0,Select By Actor_ID,200,OK,Select Actor 1-36,text,true,,84,0,50,100,null,0,0,0
1736081028688,0,Select By Actor_ID,200,OK,Select Actor 1-27,text,true,,82,0,50,100,null,0,0,0
1736081028687,2,Update Rental Date,200,OK,Update Rental 3-26,text,true,,11,0,50,100,null,2,0,0
1736081028694,0,Select By Actor_ID,200,OK,Select Actor 1-14,text,true,,84,0,50,100,null,0,0,0
1736081028700,0,Select By Actor_ID,200,OK,Select Actor 1-41,text,true,,77,0,50,100,null,0,0,0
1736081028726,0,Select By Actor_ID,200,OK,Select Actor 1-13,text,true,,78,0,50,100,null,0,0,0
1736081028734,0,Select By Actor_ID,200,OK,Select Actor 1-28,text,true,,80,0,50,100,null,0,0,0
1736081028735,2,Update Rental Date,200,OK,Update Rental 3-31,text,true,,11,0,50,100,null,2,0,1
1736081028738,2,Update Rental Date,200,OK,Update Rental 3-5,text,true,,11,0,50,100,null,2,0,0
1736081028770,1,Select By Actor_ID,200,OK,Select Actor 1-11,text,true,,85,0,50,100,null,1,0,0
1736081028780,2,Update Rental Date,200,OK,Update Rental 3-44,text,true,,11,0,50,100,null,2,0,0
1736081028785,2,Update Rental Date,200,OK,Update Rental 3-18,text,true,,11,0,50,100,null,2,0,0
1736081028798,2,Update Rental Date,200,OK,Update Rental 3-49,text,true,,11,0,50,100,null,2,0,0
1736081028802,2,Update Rental Date,200,OK,Update Rental 3-23,text,true,,11,0,50,100,null,2,0,0
1736081028811,1,Select By Actor_ID,200,OK,Select Actor 1-24,text,true,,80,0,50,100,null,1,0,0
1736081028813,2,Update Rental Date,200,OK,Update Rental 3-19,text,true,,11,0,50,100,null,2,0,0
1736081028815,1,Select By Actor_ID,200,OK,Select Actor 1-18,text,true,,79,0,50,100,null,1,0,0
1736081028823,1,Select By Actor_ID,200,OK,Select Actor 1-25,text,true,,78,0,50,100,null,1,0,0
1736081028822,2,Update Rental Date,200,OK,Update Rental 3-11,text,true,,11,0,50,100,null,2,0,0
1736081028826,2,Update Rental Date,200,OK,Update Rental 3-50,text,true,,11,0,50,100,null,2,0,0
1736081028833,1,Select By Actor_ID,200,OK,Select Actor 1-35,text,true,,80,0,50,100,null,1,0,0
1736081028834,2,Update Rental Date,200,OK,Update Rental 3-34,text,true,,11,0,50,100,null,2,0,0
1736081028840,1,Select By Actor_ID,200,OK,Select Actor 1-10,text,true,,83,0,50,100,null,1,0,0
1736081028853,1,Select By Actor_ID,200,OK,Select Actor 1-42,text,true,,81,0,50,100,null,1,0,0
1736081028862,2,Update Rental Date,200,OK,Update Rental 3-37,text,true,,11,0,50,100,null,2,0,0
1736081028886,1,Select By Actor_ID,200,OK,Select Actor 1-38,text,true,,81,0,50,100,null,0,0,0
1736081028921,2,Update Rental Date,200,OK,Update Rental 3-12,text,true,,11,0,50,100,null,2,0,0
1736081028966,0,Select By Actor_ID,200,OK,Select Actor 1-6,text,true,,80,0,50,100,null,0,0,0
1736081028965,2,Update Rental Date,200,OK,Update Rental 3-42,text,true,,11,0,50,100,null,2,0,0
1736081028972,0,Select By Actor_ID,200,OK,Select Actor 1-9,text,true,,83,0,50,100,null,0,0,0
1736081028971,2,Update Rental Date,200,OK,Update Rental 3-16,text,true,,11,0,50,100,null,2,0,0
1736081028985,0,Select By Actor_ID,200,OK,Select Actor 1-31,text,true,,81,0,50,100,null,0,0,0
1736081029023,1,Update Rental Date,200,OK,Update Rental 3-39,text,true,,11,0,50,100,null,1,0,0
1736081029036,0,Select By Actor_ID,200,OK,Select Actor 1-23,text,true,,82,0,50,100,null,0,0,0
1736081029042,0,Select By Actor_ID,200,OK,Select Actor 1-2,text,true,,78,0,50,100,null,0,0,0
1736081029061,0,Select By Actor_ID,200,OK,Select Actor 1-26,text,true,,83,0,50,100,null,0,0,0
1736081029091,2,Update Rental Date,200,OK,Update Rental 3-2,text,true,,11,0,50,100,null,2,0,0
1736081029091,2,Update Rental Date,200,OK,Update Rental 3-40,text,true,,11,0,50,100,null,2,0,0
1736081029096,0,Select By Actor_ID,200,OK,Select Actor 1-48,text,true,,80,0,50,100,null,0,0,0
1736081029097,0,Select By Actor_ID,200,OK,Select Actor 1-39,text,true,,80,0,50,100,null,0,0,0
1736081029107,1,Update Rental Date,200,OK,Update Rental 3-22,text,true,,11,0,50,100,null,1,0,0
1736081029156,1,Select By Actor_ID,200,OK,Select Actor 1-19,text,true,,81,0,50,100,null,1,0,0
1736081029167,2,Update Rental Date,200,OK,Update Rental 3-20,text,true,,11,0,50,100,null,2,0,0
1736081029183,2,Update Rental Date,200,OK,Update Rental 3-3,text,true,,11,0,50,100,null,2,0,0
1736081029193,2,Update Rental Date,200,OK,Update Rental 3-30,text,true,,11,0,50,100,null,2,0,0
1736081029197,1,Select By Actor_ID,200,OK,Select Actor 1-3,text,true,,79,0,50,100,null,1,0,0
1736081029205,1,Select By Actor_ID,200,OK,Select Actor 1-40,text,true,,80,0,50,100,null,1,0,0
1736081029208,1,Select By Actor_ID,200,OK,Select Actor 1-21,text,true,,79,0,50,100,null,1,0,0
1736081029219,2,Update Rental Date,200,OK,Update Rental 3-15,text,true,,11,0,50,100,null,2,0,0
1736081029224,1,Select By Actor_ID,200,OK,Select Actor 1-27,text,true,,84,0,50,100,null,1,0,0
1736081029259,2,Update Rental Date,200,OK,Update Rental 3-7,text,true,,11,0,50,100,null,2,0,0
1736081029263,2,Update Rental Date,200,OK,Update Rental 3-9,text,true,,11,0,50,100,null,2,0,0
1736081029263,2,Update Rental Date,200,OK,Update Rental 3-47,text,true,,11,0,50,100,null,2,0,0
1736081029271,0,Select By Actor_ID,200,OK,Select Actor 1-8,text,true,,80,0,50,100,null,0,0,0
1736081029273,0,Select By Actor_ID,200,OK,Select Actor 1-43,text,true,,81,0,50,100,null,0,0,0
1736081029277,2,Update Rental Date,200,OK,Update Rental 3-25,text,true,,11,0,50,100,null,2,0,0
1736081029281,2,Update Rental Date,200,OK,Update Rental 3-14,text,true,,11,0,50,100,null,2,0,0
1736081029315,0,Select By Actor_ID,200,OK,Select Actor 1-7,text,true,,84,0,50,100,null,0,0,0
1736081029320,2,Update Rental Date,200,OK,Update Rental 3-32,text,true,,11,0,50,100,null,2,0,0
1736081029324,2,Update Rental Date,200,OK,Update Rental 3-4,text,true,,11,0,50,100,null,2,0,0
1736081029329,2,Update Rental Date,200,OK,Update Rental 3-43,text,true,,11,0,50,100,null,2,0,0
1736081029342,0,Select By Actor_ID,200,OK,Select Actor 1-45,text,true,,77,0,50,100,null,0,0,0
1736081029353,0,Select By Actor_ID,200,OK,Select Actor 1-12,text,true,,78,0,50,100,null,0,0,0
1736081029357,0,Select By Actor_ID,200,OK,Select Actor 1-28,text,true,,84,0,50,100,null,0,0,0
1736081029368,0,Select By Actor_ID,200,OK,Select Actor 1-24,text,true,,84,0,50,100,null,0,0,0
1736081029370,2,Update Rental Date,200,OK,Update Rental 3-35,text,true,,11,0,50,100,null,2,0,0
1736081029374,0,Select By Actor_ID,200,OK,Select Actor 1-33,text,true,,82,0,50,100,null,0,0,0
1736081029375,0,Select By Actor_ID,200,OK,Select Actor 1-20,text,true,,79,0,50,100,null,0,0,0
1736081029376,0,Select By Actor_ID,200,OK,Select Actor 1-10,text,true,,81,0,50,100,null,0,0,0
1736081029417,2,Update Rental Date,200,OK,Update Rental 3-31,text,true,,11,0,50,100,null,2,0,0
1736081029419,2,Update Rental Date,200,OK,Update Rental 3-48,text,true,,11,0,50,100,null,2,0,0
1736081029457,0,Select By Actor_ID,200,OK,Select Actor 1-34,text,true,,86,0,50,100,null,0,0,0
1736081029457,0,Select By Actor_ID,200,OK,Select Actor 1-44,text,true,,83,0,50,100,null,0,0,0
1736081029463,0,Select By Actor_ID,200,OK,Select Actor 1-25,text,true,,81,0,50,100,null,0,0,0
1736081029471,2,Update Rental Date,200,OK,Update Rental 3-11,text,true,,11,0,50,100,null,2,0,0
1736081029475,0,Select By Actor_ID,200,OK,Select Actor 1-16,text,true,,80,0,50,100,null,0,0,0
1736081029476,0,Select By Actor_ID,200,OK,Select Actor 1-11,text,true,,84,0,50,100,null,0,0,0
1736081029487,1,Select By Actor_ID,200,OK,Select Actor 1-42,text,true,,79,0,50,100,null,1,0,0
1736081029501,1,Select By Actor_ID,200,OK,Select Actor 1-32,text,true,,81,0,50,100,null,1,0,0
1736081029508,1,Select By Actor_ID,200,OK,Select Actor 1-38,text,true,,84,0,50,100,null,1,0,0
1736081029508,1,Select By Actor_ID,200,OK,Select Actor 1-49,text,true,,83,0,50,100,null,1,0,0
1736081029509,2,Update Rental Date,200,OK,Update Rental 3-13,text,true,,11,0,50,100,null,2,0,0
1736081029519,1,Select By Actor_ID,200,OK,Select Actor 1-47,text,true,,86,0,50,100,null,1,0,0
1736081029522,2,Update Rental Date,200,OK,Update Rental 3-1,text,true,,11,0,50,100,null,2,0,0
1736081029545,2,Update Rental Date,200,OK,Update Rental 3-33,text,true,,11,0,50,100,null,2,0,0
1736081029550,2,Update Rental Date,200,OK,Update Rental 3-21,text,true,,11,0,50,100,null,2,0,0
1736081029561,2,Update Rental Date,200,OK,Update Rental 3-27,text,true,,11,0,50,100,null,2,0,0
1736081029564,1,Select By Actor_ID,200,OK,Select Actor 1-50,text,true,,79,0,50,100,null,1,0,0
1736081029585,3,Update Rental Date,200,OK,Update Rental 3-46,text,true,,11,0,50,100,null,3,0,0
1736081029592,2,Update Rental Date,200,OK,Update Rental 3-8,text,true,,11,0,50,100,null,2,0,0
1736081029603,2,Update Rental Date,200,OK,Update Rental 3-44,text,true,,11,0,50,100,null,2,0,0
1736081029614,2,Update Rental Date,200,OK,Update Rental 3-38,text,true,,11,0,50,100,null,2,0,0
1736081029616,2,Update Rental Date,200,OK,Update Rental 3-39,text,true,,11,0,50,100,null,2,0,0
1736081029628,1,Select By Actor_ID,200,OK,Select Actor 1-1,text,true,,85,0,50,100,null,0,0,0
1736081029628,2,Update Rental Date,200,OK,Update Rental 3-23,text,true,,11,0,50,100,null,2,0,0
1736081029638,2,Update Rental Date,200,OK,Update Rental 3-6,text,true,,11,0,50,100,null,2,0,0
1736081029648,2,Update Rental Date,200,OK,Update Rental 3-2,text,true,,11,0,50,100,null,2,0,0
1736081029650,0,Select By Actor_ID,200,OK,Select Actor 1-36,text,true,,83,0,50,100,null,0,0,0
1736081029656,2,Update Rental Date,200,OK,Update Rental 3-17,text,true,,11,0,50,100,null,2,0,0
1736081029659,2,Update Rental Date,200,OK,Update Rental 3-41,text,true,,11,0,50,100,null,2,0,0
1736081029661,0,Select By Actor_ID,200,OK,Select Actor 1-22,text,true,,81,0,50,100,null,0,0,0
1736081029671,0,Select By Actor_ID,200,OK,Select Actor 1-39,text,true,,79,0,50,100,null,0,0,0
1736081029693,2,Update Rental Date,200,OK,Update Rental 3-45,text,true,,11,0,50,100,null,2,0,0
1736081029712,2,Update Rental Date,200,OK,Update Rental 3-12,text,true,,11,0,50,100,null,2,0,0
1736081029719,0,Select By Actor_ID,200,OK,Select Actor 1-30,text,true,,80,0,50,100,null,0,0,0
1736081029721,0,Select By Actor_ID,200,OK,Select Actor 1-37,text,true,,83,0,50,100,null,0,0,0
1736081029725,2,Update Rental Date,200,OK,Update Rental 3-49,text,true,,11,0,50,100,null,2,0,0
1736081029739,2,Update Rental Date,200,OK,Update Rental 3-28,text,true,,11,0,50,100,null,2,0,0
1736081029741,0,Select By Actor_ID,200,OK,Select Actor 1-29,text,true,,83,0,50,100,null,0,0,0
1736081029739,3,Update Rental Date,200,OK,Update Rental 3-36,text,true,,11,0,50,100,null,3,0,0
1736081029773,0,Select By Actor_ID,200,OK,Select Actor 1-5,text,true,,80,0,50,100,null,0,0,0
1736081029775,0,Select By Actor_ID,200,OK,Select Actor 1-17,text,true,,80,0,50,100,null,0,0,0
1736081029794,0,Select By Actor_ID,200,OK,Select Actor 1-14,text,true,,78,0,50,100,null,0,0,0
1736081029808,1,Update Rental Date,200,OK,Update Rental 3-47,text,true,,11,0,50,100,null,1,0,0
1736081029812,0,Select By Actor_ID,200,OK,Select Actor 1-21,text,true,,83,0,50,100,null,0,0,0
1736081029827,0,Select By Actor_ID,200,OK,Select Actor 1-4,text,true,,80,0,50,100,null,0,0,0
1736081029827,1,Update Rental Date,200,OK,Update Rental 3-26,text,true,,11,0,50,100,null,1,0,0
1736081029839,1,Update Rental Date,200,OK,Update Rental 3-10,text,true,,11,0,50,100,null,1,0,0
1736081029844,0,Select By Actor_ID,200,OK,Select Actor 1-23,text,true,,81,0,50,100,null,0,0,0
1736081029875,3,Update Rental Date,200,OK,Update Rental 3-20,text,true,,11,0,50,100,null,3,0,0
1736081029902,2,Update Rental Date,200,OK,Update Rental 3-29,text,true,,11,0,50,100,null,2,0,0
1736081029956,3,Update Rental Date,200,OK,Update Rental 3-40,text,true,,11,0,50,100,null,3,0,0
1736081029958,2,Update Rental Date,200,OK,Update Rental 3-34,text,true,,11,0,50,100,null,2,0,0
1736081029970,0,Select By Actor_ID,200,OK,Select Actor 1-9,text,true,,78,0,50,100,null,0,0,0
1736081029978,1,Update Rental Date,200,OK,Update Rental 3-9,text,true,,11,0,50,100,null,1,0,0
1736081029985,2,Update Rental Date,200,OK,Update Rental 3-24,text,true,,11,0,50,100,null,2,0,0
1736081029987,2,Update Rental Date,200,OK,Update Rental 3-25,text,true,,11,0,50,100,null,2,0,0
1736081029993,0,Select By Actor_ID,200,OK,Select Actor 1-12,text,true,,82,0,50,100,null,0,0,0
1736081029992,2,Update Rental Date,200,OK,Update Rental 3-14,text,true,,11,0,50,100,null,2,0,0
1736081029995,0,Select By Actor_ID,200,OK,Select Actor 1-35,text,true,,83,0,50,100,null,0,0,0
1736081029995,1,Update Rental Date,200,OK,Update Rental 3-18,text,true,,11,0,50,100,null,1,0,0
1736081030003,0,Select By Actor_ID,200,OK,Select Actor 1-15,text,true,,80,0,50,100,null,0,0,0
1736081030013,0,Select By Actor_ID,200,OK,Select Actor 1-6,text,true,,80,0,50,100,null,0,0,0
1736081030016,1,Update Rental Date,200,OK,Update Rental 3-22,text,true,,11,0,50,100,null,1,0,0
1736081030043,0,Select By Actor_ID,200,OK,Select Actor 1-31,text,true,,84,0,50,100,null,0,0,0
1736081030047,0,Select By Actor_ID,200,OK,Select Actor 1-41,text,true,,81,0,50,100,null,0,0,0
1736081030049,1,Update Rental Date,200,OK,Update Rental 3-19,text,true,,11,0,50,100,null,1,0,0
1736081030064,3,Update Rental Date,200,OK,Update Rental 3-15,text,true,,11,0,50,100,null,3,0,0
1736081030074,0,Select By Actor_ID,200,OK,Select Actor 1-13,text,true,,80,0,50,100,null,0,0,0
1736081030076,2,Update Rental Date,200,OK,Update Rental 3-3,text,true,,11,0,50,100,null,2,0,0
1736081030078,2,Update Rental Date,200,OK,Update Rental 3-5,text,true,,11,0,50,100,null,2,0,0
1736081030123,0,Select By Actor_ID,200,OK,Select Actor 1-18,text,true,,82,0,50,100,null,0,0,0
1736081030136,0,Select By Actor_ID,200,OK,Select Actor 1-3,text,true,,81,0,50,100,null,0,0,0
1736081030140,0,Select By Actor_ID,200,OK,Select Actor 1-7,text,true,,80,0,50,100,null,0,0,0
1736081030146,0,Select By Actor_ID,200,OK,Select Actor 1-43,text,true,,80,0,50,100,null,0,0,0
1736081030150,2,Update Rental Date,200,OK,Update Rental 3-27,text,true,,11,0,50,100,null,2,0,0
1736081030153,0,Select By Actor_ID,200,OK,Select Actor 1-46,text,true,,79,0,50,100,null,0,0,0
1736081030161,1,Select By Actor_ID,200,OK,Select Actor 1-40,text,true,,81,0,50,100,null,1,0,0
1736081030165,2,Update Rental Date,200,OK,Update Rental 3-50,text,true,,11,0,50,100,null,2,0,0
1736081030171,1,Select By Actor_ID,200,OK,Select Actor 1-47,text,true,,79,0,50,100,null,1,0,0
1736081030181,1,Select By Actor_ID,200,OK,Select Actor 1-26,text,true,,80,0,50,100,null,1,0,0
1736081030181,1,Select By Actor_ID,200,OK,Select Actor 1-20,text,true,,82,0,50,100,null,1,0,0
1736081030183,2,Update Rental Date,200,OK,Update Rental 3-32,text,true,,11,0,50,100,null,2,0,0
1736081030185,1,Select By Actor_ID,200,OK,Select Actor 1-10,text,true,,80,0,50,100,null,1,0,0
1736081030200,2,Update Rental Date,200,OK,Update Rental 3-11,text,true,,11,0,50,100,null,2,0,0
1736081030209,2,Update Rental Date,200,OK,Update Rental 3-37,text,true,,11,0,50,100,null,2,0,0
1736081030239,3,Update Rental Date,200,OK,Update Rental 3-16,text,true,,11,0,50,100,null,3,0,0
1736081030247,0,Select By Actor_ID,200,OK,Select Actor 1-44,text,true,,78,0,50,100,null,0,0,0
1736081030248,2,Update Rental Date,200,OK,Update Rental 3-42,text,true,,11,0,50,100,null,2,0,0
1736081030250,2,Update Rental Date,200,OK,Update Rental 3-43,text,true,,11,0,50,100,null,2,0,0
1736081030257,0,Select By Actor_ID,200,OK,Select Actor 1-2,text,true,,82,0,50,100,null,0,0,0
1736081030267,0,Select By Actor_ID,200,OK,Select Actor 1-19,text,true,,84,0,50,100,null,0,0,0
1736081030270,2,Update Rental Date,200,OK,Update Rental 3-46,text,true,,11,0,50,100,null,2,0,0
1736081030332,0,Select By Actor_ID,200,OK,Select Actor 1-42,text,true,,82,0,50,100,null,0,0,0
1736081030336,2,Update Rental Date,200,OK,Update Rental 3-4,text,true,,11,0,50,100,null,2,0,0
1736081030358,0,Select By Actor_ID,200,OK,Select Actor 1-5,text,true,,83,0,50,100,null,0,0,0
1736081030375,2,Update Rental Date,200,OK,Update Rental 3-7,text,true,,11,0,50,100,null,2,0,0
1736081030380,0,Select By Actor_ID,200,OK,Select Actor 1-29,text,true,,79,0,50,100,null,0,0,0
1736081030381,0,Select By Actor_ID,200,OK,Select Actor 1-48,text,true,,80,0,50,100,null,0,0,0
1736081030404,1,Update Rental Date,200,OK,Update Rental 3-30,text,true,,11,0,50,100,null,1,0,0
1736081030406,1,Update Rental Date,200,OK,Update Rental 3-41,text,true,,11,0,50,100,null,1,0,0
1736081030412,0,Select By Actor_ID,200,OK,Select Actor 1-37,text,true,,80,0,50,100,null,0,0,0
1736081030411,2,Update Rental Date,200,OK,Update Rental 3-31,text,true,,11,0,50,100,null,2,0,0
1736081030421,0,Select By Actor_ID,200,OK,Select Actor 1-23,text,true,,82,0,50,100,null,0,0,0
1736081030434,0,Select By Actor_ID,200,OK,Select Actor 1-36,text,true,,82,0,50,100,null,0,0,0
1736081030434,1,Update Rental Date,200,OK,Update Rental 3-45,text,true,,11,0,50,100,null,1,0,0
1736081030447,0,Select By Actor_ID,200,OK,Select Actor 1-14,text,true,,83,0,50,100,null,0,0,0
1736081030457,1,Select By Actor_ID,200,OK,Select Actor 1-27,text,true,,79,0,50,100,null,1,0,1
1736081030475,1,Select By Actor_ID,200,OK,Select Actor 1-8,text,true,,81,0,50,100,null,1,0,0
1736081030475,3,Update Rental Date,200,OK,Update Rental 3-1,text,true,,11,0,50,100,null,3,0,0
1736081030493,2,Update Rental Date,200,OK,Update Rental 3-28,text,true,,11,0,50,100,null,2,0,0
1736081030520,2,Update Rental Date,200,OK,Update Rental 3-35,text,true,,11,0,50,100,null,2,0,0
1736081030527,2,Update Rental Date,200,OK,Update Rental 3-23,text,true,,11,0,50,100,null,2,0,0
1736081030538,1,Select By Actor_ID,200,OK,Select Actor 1-28,text,true,,81,0,50,100,null,1,0,0
1736081030550,1,Select By Actor_ID,200,OK,Select Actor 1-22,text,true,,86,0,50,100,null,1,0,0
1736081030564,1,Select By Actor_ID,200,OK,Select Actor 1-24,text,true,,84,0,50,100,null,1,0,0
1736081030579,1,Select By Actor_ID,200,OK,Select Actor 1-34,text,true,,81,0,50,100,null,1,0,0
1736081030585,3,Update Rental Date,200,OK,Update Rental 3-6,text,true,,11,0,50,100,null,3,0,0
1736081030586,3,Update Rental Date,200,OK,Update Rental 3-9,text,true,,11,0,50,100,null,3,0,0
1736081030600,2,Update Rental Date,200,OK,Update Rental 3-13,text,true,,11,0,50,100,null,2,0,0
1736081030604,2,Update Rental Date,200,OK,Update Rental 3-3,text,true,,11,0,50,100,null,2,0,0
1736081030611,2,Update Rental Date,200,OK,Update Rental 3-21,text,true,,11,0,50,100,null,2,0,0
1736081030616,0,Select By Actor_ID,200,OK,Select Actor 1-38,text,true,,79,0,50,100,null,0,0,0
1736081030635,0,Select By Actor_ID,200,OK,Select Actor 1-1,text,true,,83,0,50,100,null,0,0,0
1736081030655,2,Update Rental Date,200,OK,Update Rental 3-8,text,true,,11,0,50,100,null,2,0,0
1736081030657,0,Select By Actor_ID,200,OK,Select Actor 1-39,text,true,,79,0,50,100,null,0,0,0
1736081030664,2,Update Rental Date,200,OK,Update Rental 3-38,text,true,,11,0,50,100,null,2,0,0
1736081030688,0,Select By Actor_ID,200,OK,Select Actor 1-13,text,true,,77,0,50,100,null,0,0,0
1736081030690,0,Select By Actor_ID,200,OK,Select Actor 1-25,text,true,,80,0,50,100,null,0,0,0
1736081030709,0,Select By Actor_ID,200,OK,Select Actor 1-45,text,true,,80,0,50,100,null,0,0,0
1736081030719,0,Select By Actor_ID,200,OK,Select Actor 1-32,text,true,,80,0,50,100,null,0,0,0
1736081030720,2,Update Rental Date,200,OK,Update Rental 3-25,text,true,,11,0,50,100,null,2,0,0
1736081030734,0,Select By Actor_ID,200,OK,Select Actor 1-21,text,true,,80,0,50,100,null,0,0,0
1736081030736,2,Update Rental Date,200,OK,Update Rental 3-24,text,true,,11,0,50,100,null,2,0,0
1736081030738,2,Update Rental Date,200,OK,Update Rental 3-15,text,true,,11,0,50,100,null,2,0,0
1736081030738,2,Update Rental Date,200,OK,Update Rental 3-19,text,true,,11,0,50,100,null,2,0,0
1736081030750,0,Select By Actor_ID,200,OK,Select Actor 1-10,text,true,,79,0,50,100,null,0,0,0
1736081030759,1,Update Rental Date,200,OK,Update Rental 3-36,text,true,,11,0,50,100,null,1,0,0
1736081030766,0,Select By Actor_ID,200,OK,Select Actor 1-47,text,true,,76,0,50,100,null,0,0,0
1736081030771,2,Update Rental Date,200,OK,Update Rental 3-17,text,true,,11,0,50,100,null,2,0,0
1736081030774,0,Select By Actor_ID,200,OK,Select Actor 1-20,text,true,,84,0,50,100,null,0,0,0
1736081030805,0,Select By Actor_ID,200,OK,Select Actor 1-33,text,true,,83,0,50,100,null,0,0,0
1736081030806,0,Select By Actor_ID,200,OK,Select Actor 1-43,text,true,,81,0,50,100,null,0,0,0
1736081030811,2,Update Rental Date,200,OK,Update Rental 3-2,text,true,,11,0,50,100,null,2,0,0
1736081030823,2,Update Rental Date,200,OK,Update Rental 3-48,text,true,,11,0,50,100,null,2,0,0
1736081030837,2,Update Rental Date,200,OK,Update Rental 3-33,text,true,,11,0,50,100,null,2,0,0
1736081030839,1,Select By Actor_ID,200,OK,Select Actor 1-16,text,true,,77,0,50,100,null,1,0,0
1736081030846,1,Select By Actor_ID,200,OK,Select Actor 1-41,text,true,,88,0,50,100,null,1,0,0
1736081030869,1,Select By Actor_ID,200,OK,Select Actor 1-11,text,true,,86,0,50,100,null,1,0,0
1736081030873,2,Update Rental Date,200,OK,Update Rental 3-11,text,true,,11,0,50,100,null,2,0,0
1736081030876,1,Select By Actor_ID,200,OK,Select Actor 1-50,text,true,,80,0,50,100,null,1,0,0
1736081030886,1,Select By Actor_ID,200,OK,Select Actor 1-7,text,true,,78,0,50,100,null,1,0,0
1736081030887,1,Select By Actor_ID,200,OK,Select Actor 1-49,text,true,,88,0,50,100,null,1,0,0
1736081030915,1,Select By Actor_ID,200,OK,Select Actor 1-31,text,true,,79,0,50,100,null,1,0,0
1736081030921,1,Select By Actor_ID,200,OK,Select Actor 1-29,text,true,,83,0,50,100,null,1,0,0
1736081030927,2,Update Rental Date,200,OK,Update Rental 3-14,text,true,,11,0,50,100,null,2,0,0
1736081030966,0,Select By Actor_ID,200,OK,Select Actor 1-37,text,true,,79,0,50,100,null,0,0,0
1736081030968,2,Update Rental Date,200,OK,Update Rental 3-43,text,true,,11,0,50,100,null,2,0,0
1736081030992,2,Update Rental Date,200,OK,Update Rental 3-34,text,true,,11,0,50,100,null,2,0,0
1736081030993,2,Update Rental Date,200,OK,Update Rental 3-39,text,true,,11,0,50,100,null,2,0,0
1736081030998,0,Select By Actor_ID,200,OK,Select Actor 1-18,text,true,,81,0,50,100,null,0,0,0
1736081031018,3,Update Rental Date,200,OK,Update Rental 3-44,text,true,,11,0,50,100,null,3,0,0
1736081031047,0,Select By Actor_ID,200,OK,Select Actor 1-4,text,true,,78,0,50,100,null,0,0,0
1736081031047,2,Update Rental Date,200,OK,Update Rental 3-42,text,true,,11,0,50,100,null,2,0,0
1736081031051,0,Select By Actor_ID,200,OK,Select Actor 1-15,text,true,,81,0,50,100,null,0,0,0
1736081031062,0,Select By Actor_ID,200,OK,Select Actor 1-30,text,true,,81,0,50,100,null,0,0,0
1736081031071,2,Update Rental Date,200,OK,Update Rental 3-41,text,true,,11,0,50,100,null,2,0,0
1736081031080,0,Select By Actor_ID,200,OK,Select Actor 1-28,text,true,,81,0,50,100,null,0,0,0
1736081031089,2,Update Rental Date,200,OK,Update Rental 3-49,text,true,,11,0,50,100,null,2,0,0
1736081031103,2,Update Rental Date,200,OK,Update Rental 3-30,text,true,,11,0,50,100,null,2,0,0
1736081031103,2,Update Rental Date,200,OK,Update Rental 3-40,text,true,,11,0,50,100,null,2,0,0
1736081031105,2,Update Rental Date,200,OK,Update Rental 3-22,text,true,,11,0,50,100,null,1,0,0
1736081031127,0,Select By Actor_ID,200,OK,Select Actor 1-44,text,true,,79,0,50,100,null,0,0,0
1736081031139,1,Update Rental Date,200,OK,Update Rental 3-13,text,true,,11,0,50,100,null,1,0,0
1736081031153,1,Update Rental Date,200,OK,Update Rental 3-26,text,true,,11,0,50,100,null,1,0,0
1736081031157,1,Update Rental Date,200,OK,Update Rental 3-12,text,true,,11,0,50,100,null,1,0,0
1736081031179,1,Update Rental Date,200,OK,Update Rental 3-47,text,true,,11,0,50,100,null,1,0,0
1736081031194,2,Update Rental Date,200,OK,Update Rental 3-4,text,true,,11,0,50,100,null,2,0,1
1736081031197,2,Update Rental Date,200,OK,Update Rental 3-46,text,true,,11,0,50,100,null,2,0,0
1736081031211,2,Update Rental Date,200,OK,Update Rental 3-18,text,true,,11,0,50,100,null,2,0,0
1736081031212,3,Update Rental Date,200,OK,Update Rental 3-10,text,true,,11,0,50,100,null,3,0,0
1736081031225,1,Select By Actor_ID,200,OK,Select Actor 1-34,text,true,,81,0,50,100,null,1,0,0
1736081031231,1,Select By Actor_ID,200,OK,Select Actor 1-39,text,true,,82,0,50,100,null,1,0,0
1736081031246,1,Select By Actor_ID,200,OK,Select Actor 1-26,text,true,,80,0,50,100,null,1,0,0
1736081031246,1,Select By Actor_ID,200,OK,Select Actor 1-17,text,true,,80,0,50,100,null,1,0,0
1736081031252,1,Select By Actor_ID,200,OK,Select Actor 1-12,text,true,,80,0,50,100,null,1,0,0
1736081031258,1,Select By Actor_ID,200,OK,Select Actor 1-6,text,true,,85,0,50,100,null,1,0,0
1736081031265,1,Select By Actor_ID,200,OK,Select Actor 1-24,text,true,,80,0,50,100,null,1,0,0
1736081031301,1,Select By Actor_ID,200,OK,Select Actor 1-21,text,true,,79,0,50,100,null,1,0,0
1736081031308,3,Update Rental Date,200,OK,Update Rental 3-29,text,true,,11,0,50,100,null,2,0,0
1736081031312,2,Update Rental Date,200,OK,Update Rental 3-27,text,true,,11,0,50,100,null,2,0,0
1736081031329,2,Update Rental Date,200,OK,Update Rental 3-32,text,true,,11,0,50,100,null,2,0,0
1736081031340,1,Select By Actor_ID,200,OK,Select Actor 1-40,text,true,,79,0,50,100,null,1,0,0
1736081031353,2,Update Rental Date,200,OK,Update Rental 3-20,text,true,,11,0,50,100,null,2,0,0
1736081031359,1,Select By Actor_ID,200,OK,Select Actor 1-46,text,true,,80,0,50,100,null,1,0,0
1736081031363,2,Update Rental Date,200,OK,Update Rental 3-25,text,true,,11,0,50,100,null,2,0,0
1736081031368,1,Select By Actor_ID,200,OK,Select Actor 1-41,text,true,,76,0,50,100,null,1,0,0
1736081031378,3,Update Rental Date,200,OK,Update Rental 3-1,text,true,,11,0,50,100,null,3,0,0
1736081031394,2,Update Rental Date,200,OK,Update Rental 3-31,text,true,,11,0,50,100,null,2,0,0
1736081031427,0,Select By Actor_ID,200,OK,Select Actor 1-47,text,true,,81,0,50,100,null,0,0,0
1736081031437,0,Select By Actor_ID,200,OK,Select Actor 1-23,text,true,,80,0,50,100,null,0,0,0
1736081031447,0,Select By Actor_ID,200,OK,Select Actor 1-9,text,true,,82,0,50,100,null,0,0,0
1736081031462,0,Select By Actor_ID,200,OK,Select Actor 1-27,text,true,,79,0,50,100,null,0,0,0
1736081031471,0,Select By Actor_ID,200,OK,Select Actor 1-35,text,true,,83,0,50,100,null,0,0,0
1736081031473,1,Update Rental Date,200,OK,Update Rental 3-45,text,true,,11,0,50,100,null,1,0,0
1736081031475,1,Update Rental Date,200,OK,Update Rental 3-5,text,true,,11,0,50,100,null,1,0,0
1736081031480,0,Select By Actor_ID,200,OK,Select Actor 1-36,text,true,,79,0,50,100,null,0,0,0
1736081031489,0,Select By Actor_ID,200,OK,Select Actor 1-42,text,true,,79,0,50,100,null,0,0,0
1736081031499,0,Select By Actor_ID,200,OK,Select Actor 1-33,text,true,,78,0,50,100,null,0,0,0
1736081031507,2,Update Rental Date,200,OK,Update Rental 3-39,text,true,,11,0,50,100,null,2,0,0
1736081031511,0,Select By Actor_ID,200,OK,Select Actor 1-3,text,true,,81,0,50,100,null,0,0,0
1736081031515,0,Select By Actor_ID,200,OK,Select Actor 1-14,text,true,,82,0,50,100,null,0,0,0
1736081031522,0,Select By Actor_ID,200,OK,Select Actor 1-1,text,true,,80,0,50,100,null,0,0,0
1736081031521,1,Update Rental Date,200,OK,Update Rental 3-14,text,true,,11,0,50,100,null,1,0,0
1736081031553,1,Update Rental Date,200,OK,Update Rental 3-6,text,true,,11,0,50,100,null,1,0,0
1736081031561,1,Update Rental Date,200,OK,Update Rental 3-50,text,true,,11,0,50,100,null,1,0,0
1736081031566,0,Select By Actor_ID,200,OK,Select Actor 1-32,text,true,,84,0,50,100,null,0,0,0
1736081031567,1,Update Rental Date,200,OK,Update Rental 3-3,text,true,,11,0,50,100,null,1,0,0
1736081031575,0,Select By Actor_ID,200,OK,Select Actor 1-8,text,true,,81,0,50,100,null,0,0,0
1736081031589,2,Update Rental Date,200,OK,Update Rental 3-35,text,true,,11,0,50,100,null,2,0,0
1736081031598,0,Select By Actor_ID,200,OK,Select Actor 1-10,text,true,,79,0,50,100,null,0,0,0
1736081031601,0,Select By Actor_ID,200,OK,Select Actor 1-45,text,true,,80,0,50,100,null,0,0,0
1736081031609,0,Select By Actor_ID,200,OK,Select Actor 1-28,text,true,,84,0,50,100,null,0,0,0
1736081031627,0,Select By Actor_ID,200,OK,Select Actor 1-19,text,true,,78,0,50,100,null,0,0,0
1736081031631,0,Select By Actor_ID,200,OK,Select Actor 1-22,text,true,,81,0,50,100,null,0,0,0
1736081031667,2,Update Rental Date,200,OK,Update Rental 3-23,text,true,,11,0,50,100,null,2,0,0
1736081031675,1,Select By Actor_ID,200,OK,Select Actor 1-25,text,true,,80,0,50,100,null,1,0,0
1736081031674,2,Update Rental Date,200,OK,Update Rental 3-16,text,true,,11,0,50,100,null,2,0,0
1736081031678,2,Update Rental Date,200,OK,Update Rental 3-37,text,true,,11,0,50,100,null,2,0,0
1736081031684,1,Select By Actor_ID,200,OK,Select Actor 1-5,text,true,,83,0,50,100,null,1,0,0
1736081031685,2,Update Rental Date,200,OK,Update Rental 3-48,text,true,,11,0,50,100,null,2,0,0
1736081031686,2,Update Rental Date,200,OK,Update Rental 3-2,text,true,,11,0,50,100,null,2,0,0
1736081031717,1,Select By Actor_ID,200,OK,Select Actor 1-11,text,true,,80,0,50,100,null,1,0,0
1736081031717,1,Select By Actor_ID,200,OK,Select Actor 1-2,text,true,,80,0,50,100,null,1,0,0
1736081031734,1,Select By Actor_ID,200,OK,Select Actor 1-7,text,true,,82,0,50,100,null,1,0,0
1736081031754,2,Update Rental Date,200,OK,Update Rental 3-38,text,true,,11,0,50,100,null,2,0,0
1736081031757,2,Update Rental Date,200,OK,Update Rental 3-15,text,true,,11,0,50,100,null,2,0,0
1736081031761,2,Update Rental Date,200,OK,Update Rental 3-9,text,true,,11,0,50,100,null,2,0,0
1736081031789,0,Select By Actor_ID,200,OK,Select Actor 1-4,text,true,,80,0,50,100,null,0,0,0
1736081031790,2,Update Rental Date,200,OK,Update Rental 3-7,text,true,,11,0,50,100,null,2,0,0
1736081031807,2,Update Rental Date,200,OK,Update Rental 3-11,text,true,,11,0,50,100,null,2,0,0
1736081031822,2,Update Rental Date,200,OK,Update Rental 3-44,text,true,,11,0,50,100,null,2,0,0
1736081031840,0,Select By Actor_ID,200,OK,Select Actor 1-48,text,true,,80,0,50,100,null,0,0,0
1736081031847,2,Update Rental Date,200,OK,Update Rental 3-40,text,true,,11,0,50,100,null,2,0,0
1736081031866,0,Select By Actor_ID,200,OK,Select Actor 1-50,text,true,,80,0,50,100,null,0,0,0
1736081031867,0,Select By Actor_ID,200,OK,Select Actor 1-37,text,true,,81,0,50,100,null,0,0,0
1736081031894,2,Update Rental Date,200,OK,Update Rental 3-21,text,true,,11,0,50,100,null,2,0,0
1736081031897,0,Select By Actor_ID,200,OK,Select Actor 1-26,text,true,,78,0,50,100,null,0,0,0
1736081031897,0,Select By Actor_ID,200,OK,Select Actor 1-13,text,true,,82,0,50,100,null,0,0,0
1736081031896,1,Update Rental Date,200,OK,Update Rental 3-26,text,true,,11,0,50,100,null,1,0,0
1736081031900,1,Update Rental Date,200,OK,Update Rental 3-19,text,true,,11,0,50,100,null,1,0,0
1736081031910,2,Update Rental Date,200,OK,Update Rental 3-8,text,true,,11,0,50,100,null,2,0,0
1736081031914,0,Select By Actor_ID,200,OK,Select Actor 1-38,text,true,,85,0,50,100,null,0,0,0
1736081031913,1,Update Rental Date,200,OK,Update Rental 3-43,text,true,,11,0,50,100,null,1,0,0
1736081031913,2,Update Rental Date,200,OK,Update Rental 3-24,text,true,,11,0,50,100,null,2,0,0
1736081031915,2,Update Rental Date,200,OK,Update Rental 3-10,text,true,,11,0,50,100,null,2,0,0
1736081031917,2,Update Rental Date,200,OK,Update Rental 3-13,text,true,,11,0,50,100,null,2,0,0
1736081031938,1,Update Rental Date,200,OK,Update Rental 3-30,text,true,,11,0,50,100,null,1,0,0
1736081031940,0,Select By Actor_ID,200,OK,Select Actor 1-39,text,true,,85,0,50,100,null,0,0,0
1736081031939,1,Update Rental Date,200,OK,Update Rental 3-28,text,true,,11,0,50,100,null,1,0,0
1736081031964,1,Update Rental Date,200,OK,Update Rental 3-34,text,true,,11,0,50,100,null,1,0,0
1736081031993,2,Update Rental Date,200,OK,Update Rental 3-33,text,true,,11,0,50,100,null,2,0,0
1736081031997,1,Select By Actor_ID,200,OK,Select Actor 1-16,text,true,,79,0,50,100,null,1,0,0
1736081031997,1,Select By Actor_ID,200,OK,Select Actor 1-42,text,true,,79,0,50,100,null,1,0,0
1736081032001,1,Select By Actor_ID,200,OK,Select Actor 1-47,text,true,,82,0,50,100,null,1,0,0
1736081032003,3,Update Rental Date,200,OK,Update Rental 3-42,text,true,,11,0,50,100,null,3,0,0
1736081032011,1,Select By Actor_ID,200,OK,Select Actor 1-49,text,true,,78,0,50,100,null,1,0,0
1736081032025,2,Update Rental Date,200,OK,Update Rental 3-18,text,true,,11,0,50,100,null,2,0,0
1736081032036,1,Select By Actor_ID,200,OK,Select Actor 1-33,text,true,,77,0,50,100,null,1,0,0
1736081032046,2,Update Rental Date,200,OK,Update Rental 3-47,text,true,,11,0,50,100,null,2,0,0
1736081032050,2,Update Rental Date,200,OK,Update Rental 3-17,text,true,,11,0,50,100,null,2,0,0
1736081032053,2,Update Rental Date,200,OK,Update Rental 3-46,text,true,,11,0,50,100,null,2,0,0
1736081032070,4,Update Rental Date,200,OK,Update Rental 3-49,text,true,,11,0,50,100,null,4,0,0
1736081032077,1,Select By Actor_ID,200,OK,Select Actor 1-6,text,true,,81,0,50,100,null,1,0,0
1736081032101,1,Select By Actor_ID,200,OK,Select Actor 1-20,text,true,,81,0,50,100,null,1,0,0
1736081032102,2,Update Rental Date,200,OK,Update Rental 3-45,text,true,,11,0,50,100,null,2,0,0
1736081032113,2,Update Rental Date,200,OK,Update Rental 3-36,text,true,,11,0,50,100,null,2,0,0
1736081032133,1,Select By Actor_ID,200,OK,Select Actor 1-46,text,true,,78,0,50,100,null,0,0,0
1736081032141,1,Update Rental Date,200,OK,Update Rental 3-5,text,true,,11,0,50,100,null,1,0,0
1736081032145,1,Select By Actor_ID,200,OK,Select Actor 1-8,text,true,,84,0,50,100,null,1,0,0
1736081032152,0,Select By Actor_ID,200,OK,Select Actor 1-29,text,true,,81,0,50,100,null,0,0,0
1736081032158,0,Select By Actor_ID,200,OK,Select Actor 1-41,text,true,,82,0,50,100,null,0,0,0
1736081032170,0,Select By Actor_ID,200,OK,Select Actor 1-15,text,true,,83,0,50,100,null,0,0,0
1736081032170,2,Update Rental Date,200,OK,Update Rental 3-39,text,true,,11,0,50,100,null,2,0,0
1736081032204,2,Update Rental Date,200,OK,Update Rental 3-29,text,true,,11,0,50,100,null,2,0,0
1736081032212,0,Select By Actor_ID,200,OK,Select Actor 1-43,text,true,,76,0,50,100,null,0,0,0
1736081032217,0,Select By Actor_ID,200,OK,Select Actor 1-18,text,true,,81,0,50,100,null,0,0,0
1736081032219,0,Select By Actor_ID,200,OK,Select Actor 1-36,text,true,,80,0,50,100,null,0,0,0
1736081032221,2,Update Rental Date,200,OK,Update Rental 3-32,text,true,,11,0,50,100,null,2,0,0
1736081032241,0,Select By Actor_ID,200,OK,Select Actor 1-12,text,true,,80,0,50,100,null,0,0,0
1736081032243,0,Select By Actor_ID,200,OK,Select Actor 1-7,text,true,,83,0,50,100,null,0,0,0
1736081032257,0,Select By Actor_ID,200,OK,Select Actor 1-30,text,true,,78,0,50,100,null,0,0,0
1736081032286,0,Select By Actor_ID,200,OK,Select Actor 1-44,text,true,,81,0,50,100,null,0,0,0
1736081032290,0,Select By Actor_ID,200,OK,Select Actor 1-21,text,true,,83,0,50,100,null,0,0,0
1736081032305,0,Select By Actor_ID,200,OK,Select Actor 1-31,text,true,,80,0,50,100,null,0,0,0
1736081032309,0,Select By Actor_ID,200,OK,Select Actor 1-40,text,true,,79,0,50,100,null,0,0,0
1736081032319,0,Select By Actor_ID,200,OK,Select Actor 1-25,text,true,,83,0,50,100,null,0,0,0
1736081032359,2,Update Rental Date,200,OK,Update Rental 3-20,text,true,,11,0,50,100,null,2,0,0
1736081032378,3,Update Rental Date,200,OK,Update Rental 3-48,text,true,,11,0,50,100,null,3,0,0
1736081032386,1,Select By Actor_ID,200,OK,Select Actor 1-3,text,true,,82,0,50,100,null,1,0,0
1736081032390,1,Select By Actor_ID,200,OK,Select Actor 1-24,text,true,,80,0,50,100,null,1,0,0
1736081032420,1,Select By Actor_ID,200,OK,Select Actor 1-22,text,true,,82,0,50,100,null,1,0,0
1736081032431,2,Update Rental Date,200,OK,Update Rental 3-23,text,true,,11,0,50,100,null,2,0,0
1736081032438,2,Update Rental Date,200,OK,Update Rental 3-22,text,true,,11,0,50,100,null,2,0,0
1736081032440,1,Select By Actor_ID,200,OK,Select Actor 1-39,text,true,,83,0,50,100,null,1,0,0
1736081032445,1,Select By Actor_ID,200,OK,Select Actor 1-11,text,true,,78,0,50,100,null,1,0,0
1736081032450,2,Update Rental Date,200,OK,Update Rental 3-9,text,true,,11,0,50,100,null,2,0,0
1736081032463,2,Update Rental Date,200,OK,Update Rental 3-21,text,true,,11,0,50,100,null,2,0,0
1736081032481,1,Select By Actor_ID,200,OK,Select Actor 1-23,text,true,,82,0,50,100,null,1,0,0
1736081032497,2,Update Rental Date,200,OK,Update Rental 3-41,text,true,,11,0,50,100,null,2,0,0
1736081032501,0,Select By Actor_ID,200,OK,Select Actor 1-19,text,true,,80,0,50,100,null,0,0,0
1736081032507,2,Update Rental Date,200,OK,Update Rental 3-30,text,true,,11,0,50,100,null,2,0,0
1736081032520,0,Select By Actor_ID,200,OK,Select Actor 1-5,text,true,,78,0,50,100,null,0,0,0
1736081032524,0,Select By Actor_ID,200,OK,Select Actor 1-4,text,true,,84,0,50,100,null,0,0,0
1736081032543,2,Update Rental Date,200,OK,Update Rental 3-50,text,true,,11,0,50,100,null,2,0,0
1736081032548,1,Select By Actor_ID,200,OK,Select Actor 1-33,text,true,,80,0,50,100,null,0,0,0
1736081032562,2,Update Rental Date,200,OK,Update Rental 3-8,text,true,,11,0,50,100,null,2,0,0
1736081032566,0,Select By Actor_ID,200,OK,Select Actor 1-2,text,true,,80,0,50,100,null,0,0,0
1736081032565,2,Update Rental Date,200,OK,Update Rental 3-10,text,true,,11,0,50,100,null,2,0,0
1736081032591,2,Update Rental Date,200,OK,Update Rental 3-4,text,true,,11,0,50,100,null,2,0,0
1736081032594,0,Select By Actor_ID,200,OK,Select Actor 1-34,text,true,,81,0,50,100,null,0,0,0
1736081032596,2,Update Rental Date,200,OK,Update Rental 3-12,text,true,,11,0,50,100,null,2,0,0
1736081032597,2,Update Rental Date,200,OK,Update Rental 3-16,text,true,,11,0,50,100,null,2,0,0
1736081032625,0,Select By Actor_ID,200,OK,Select Actor 1-9,text,true,,83,0,50,100,null,0,0,0
1736081032625,2,Update Rental Date,200,OK,Update Rental 3-36,text,true,,11,0,50,100,null,2,0,0
1736081032641,2,Update Rental Date,200,OK,Update Rental 3-24,text,true,,11,0,50,100,null,2,0,0
1736081032645,0,Select By Actor_ID,200,OK,Select Actor 1-32,text,true,,81,0,50,100,null,0,0,0
1736081032660,2,Update Rental Date,200,OK,Update Rental 3-26,text,true,,11,0,50,100,null,2,0,0
1736081032679,0,Select By Actor_ID,200,OK,Select Actor 1-17,text,true,,78,0,50,100,null,0,0,0
1736081032699,2,Update Rental Date,200,OK,Update Rental 3-17,text,true,,11,0,50,100,null,2,0,0
1736081032705,1,Update Rental Date,200,OK,Update Rental 3-25,text,true,,11,0,50,100,null,1,0,0
1736081032710,1,Update Rental Date,200,OK,Update Rental 3-42,text,true,,11,0,50,100,null,1,0,0
1736081032722,0,Select By Actor_ID,200,OK,Select Actor 1-35,text,true,,81,0,50,100,null,0,0,0
1736081032733,0,Select By Actor_ID,200,OK,Select Actor 1-47,text,true,,81,0,50,100,null,0,0,0
1736081032757,2,Update Rental Date,200,OK,Update Rental 3-14,text,true,,11,0,50,100,null,2,0,0
1736081032766,2,Update Rental Date,200,OK,Update Rental 3-44,text,true,,11,0,50,100,null,2,0,0
1736081032775,2,Update Rental Date,200,OK,Update Rental 3-27,text,true,,11,0,50,100,null,2,0,0
1736081032781,1,Select By Actor_ID,200,OK,Select Actor 1-38,text,true,,78,0,50,100,null,1,0,0
1736081032787,2,Update Rental Date,200,OK,Update Rental 3-45,text,true,,11,0,50,100,null,2,0,0
1736081032790,2,Update Rental Date,200,OK,Update Rental 3-6,text,true,,11,0,50,100,null,2,0,0
1736081032792,1,Select By Actor_ID,200,OK,Select Actor 1-8,text,true,,85,0,50,100,null,1,0,0
1736081032799,2,Update Rental Date,200,OK,Update Rental 3-47,text,true,,11,0,50,100,null,2,0,0
1736081032804,1,Select By Actor_ID,200,OK,Select Actor 1-10,text,true,,84,0,50,100,null,1,0,0
1736081032818,2,Update Rental Date,200,OK,Update Rental 3-35,text,true,,11,0,50,100,null,2,0,0
1736081032820,2,Update Rental Date,200,OK,Update Rental 3-38,text,true,,11,0,50,100,null,2,0,0
1736081032848,3,Update Rental Date,200,OK,Update Rental 3-31,text,true,,11,0,50,100,null,3,0,0
1736081032858,1,Select By Actor_ID,200,OK,Select Actor 1-45,text,true,,82,0,50,100,null,1,0,0
1736081032864,1,Select By Actor_ID,200,OK,Select Actor 1-21,text,true,,80,0,50,100,null,1,0,0
1736081032863,2,Update Rental Date,200,OK,Update Rental 3-1,text,true,,11,0,50,100,null,2,0,0
1736081032869,2,Update Rental Date,200,OK,Update Rental 3-5,text,true,,11,0,50,100,null,2,0,0
1736081032884,1,Update Rental Date,200,OK,Update Rental 3-15,text,true,,11,0,50,100,null,0,0,0
1736081032888,0,Select By Actor_ID,200,OK,Select Actor 1-46,text,true,,86,0,50,100,null,0,0,0
1736081032890,0,Select By Actor_ID,200,OK,Select Actor 1-27,text,true,,83,0,50,100,null,0,0,0
1736081032898,0,Select By Actor_ID,200,OK,Select Actor 1-14,text,true,,83,0,50,100,null,0,0,0
1736081032927,0,Select By Actor_ID,200,OK,Select Actor 1-12,text,true,,83,0,50,100,null,0,0,0
1736081032938,0,Select By Actor_ID,200,OK,Select Actor 1-49,text,true,,80,0,50,100,null,0,0,0
1736081032937,2,Update Rental Date,200,OK,Update Rental 3-11,text,true,,11,0,50,100,null,2,0,0
1736081032940,2,Update Rental Date,200,OK,Update Rental 3-19,text,true,,11,0,50,100,null,2,0,0
1736081032950,0,Select By Actor_ID,200,OK,Select Actor 1-15,text,true,,83,0,50,100,null,0,0,0
1736081032956,0,Select By Actor_ID,200,OK,Select Actor 1-22,text,true,,81,0,50,100,null,0,0,0
1736081032962,2,Update Rental Date,200,OK,Update Rental 3-34,text,true,,11,0,50,100,null,2,0,0
1736081032970,0,Select By Actor_ID,200,OK,Select Actor 1-18,text,true,,80,0,50,100,null,0,0,0
1736081032972,0,Select By Actor_ID,200,OK,Select Actor 1-28,text,true,,77,0,50,100,null,0,0,0
1736081032973,0,Select By Actor_ID,200,OK,Select Actor 1-26,text,true,,79,0,50,100,null,0,0,0
1736081032984,0,Select By Actor_ID,200,OK,Select Actor 1-36,text,true,,83,0,50,100,null,0,0,0
1736081032990,2,Update Rental Date,200,OK,Update Rental 3-3,text,true,,11,0,50,100,null,2,0,0
1736081032998,0,Select By Actor_ID,200,OK,Select Actor 1-1,text,true,,79,0,50,100,null,0,0,0
1736081032997,2,Update Rental Date,200,OK,Update Rental 3-20,text,true,,11,0,50,100,null,2,0,0
1736081033029,2,Update Rental Date,200,OK,Update Rental 3-2,text,true,,11,0,50,100,null,2,0,0
1736081033044,0,Select By Actor_ID,200,OK,Select Actor 1-48,text,true,,80,0,50,100,null,0,0,0
1736081033045,2,Update Rental Date,200,OK,Update Rental 3-7,text,true,,11,0,50,100,null,2,0,0
1736081033046,2,Update Rental Date,200,OK,Update Rental 3-37,text,true,,11,0,50,100,null,1,0,0
1736081033048,0,Select By Actor_ID,200,OK,Select Actor 1-4,text,true,,80,0,50,100,null,0,0,0
1736081033080,1,Select By Actor_ID,200,OK,Select Actor 1-7,text,true,,83,0,50,100,null,1,0,0
1736081033103,0,Select By Actor_ID,200,OK,Select Actor 1-13,text,true,,80,0,50,100,null,0,0,0
1736081033110,0,Select By Actor_ID,200,OK,Select Actor 1-6,text,true,,83,0,50,100,null,0,0,0
1736081033118,0,Select By Actor_ID,200,OK,Select Actor 1-37,text,true,,79,0,50,100,null,0,0,0
1736081033125,0,Select By Actor_ID,200,OK,Select Actor 1-50,text,true,,81,0,50,100,null,0,0,0
1736081033134,2,Update Rental Date,200,OK,Update Rental 3-36,text,true,,11,0,50,100,null,2,0,0
1736081033151,0,Select By Actor_ID,200,OK,Select Actor 1-41,text,true,,81,0,50,100,null,0,0,0
1736081033171,0,Select By Actor_ID,200,OK,Select Actor 1-30,text,true,,81,0,50,100,null,0,0,0
1736081033174,2,Update Rental Date,200,OK,Update Rental 3-40,text,true,,11,0,50,100,null,2,0,0
1736081033179,1,Select By Actor_ID,200,OK,Select Actor 1-25,text,true,,84,0,50,100,null,1,0,0
1736081033192,2,Update Rental Date,200,OK,Update Rental 3-48,text,true,,11,0,50,100,null,2,0,0
1736081033204,2,Update Rental Date,200,OK,Update Rental 3-18,text,true,,11,0,50,100,null,2,0,0
1736081033208,1,Select By Actor_ID,200,OK,Select Actor 1-11,text,true,,81,0,50,100,null,1,0,0
1736081033209,2,Update Rental Date,200,OK,Update Rental 3-28,text,true,,11,0,50,100,null,2,0,0
1736081033210,2,Update Rental Date,200,OK,Update Rental 3-50,text,true,,11,0,50,100,null,2,0,0
1736081033248,2,Update Rental Date,200,OK,Update Rental 3-33,text,true,,11,0,50,100,null,2,0,0
1736081033249,2,Update Rental Date,200,OK,Update Rental 3-49,text,true,,11,0,50,100,null,2,0,0
1736081033258,2,Update Rental Date,200,OK,Update Rental 3-24,text,true,,11,0,50,100,null,2,0,0
1736081033260,1,Select By Actor_ID,200,OK,Select Actor 1-20,text,true,,79,0,50,100,null,0,0,0
1736081033281,1,Select By Actor_ID,200,OK,Select Actor 1-47,text,true,,84,0,50,100,null,1,0,0
1736081033286,2,Update Rental Date,200,OK,Update Rental 3-10,text,true,,11,0,50,100,null,2,0,0
1736081033295,2,Update Rental Date,200,OK,Update Rental 3-46,text,true,,11,0,50,100,null,2,0,0
1736081033320,2,Update Rental Date,200,OK,Update Rental 3-29,text,true,,11,0,50,100,null,2,0,0
1736081033336,0,Select By Actor_ID,200,OK,Select Actor 1-5,text,true,,80,0,50,100,null,0,0,0
1736081033342,0,Select By Actor_ID,200,OK,Select Actor 1-29,text,true,,80,0,50,100,null,0,0,0
1736081033343,2,Update Rental Date,200,OK,Update Rental 3-39,text,true,,11,0,50,100,null,2,0,0
1736081033346,0,Select By Actor_ID,200,OK,Select Actor 1-9,text,true,,84,0,50,100,null,0,0,0
1736081033347,2,Update Rental Date,200,OK,Update Rental 3-8,text,true,,11,0,50,100,null,2,0,0
1736081033348,2,Update Rental Date,200,OK,Update Rental 3-35,text,true,,11,0,50,100,null,2,0,0
1736081033350,0,Select By Actor_ID,200,OK,Select Actor 1-31,text,true,,80,0,50,100,null,0,0,0
1736081033355,2,Update Rental Date,200,OK,Update Rental 3-27,text,true,,11,0,50,100,null,2,0,0
1736081033359,0,Select By Actor_ID,200,OK,Select Actor 1-43,text,true,,85,0,50,100,null,0,0,0
1736081033362,2,Update Rental Date,200,OK,Update Rental 3-9,text,true,,11,0,50,100,null,2,0,0
1736081033374,2,Update Rental Date,200,OK,Update Rental 3-32,text,true,,11,0,50,100,null,2,0,0
1736081033394,0,Select By Actor_ID,200,OK,Select Actor 1-23,text,true,,80,0,50,100,null,0,0,0
1736081033396,0,Select By Actor_ID,200,OK,Select Actor 1-16,text,true,,78,0,50,100,null,0,0,0
1736081033405,2,Update Rental Date,200,OK,Update Rental 3-43,text,true,,11,0,50,100,null,2,0,0
1736081033411,2,Update Rental Date,200,OK,Update Rental 3-13,text,true,,11,0,50,100,null,2,0,0
1736081033427,0,Select By Actor_ID,200,OK,Select Actor 1-10,text,true,,82,0,50,100,null,0,0,0
1736081033441,2,Update Rental Date,200,OK,Update Rental 3-1,text,true,,11,0,50,100,null,2,0,0
1736081033448,1,Update Rental Date,200,OK,Update Rental 3-12,text,true,,11,0,50,100,null,1,0,0
1736081033488,0,Select By Actor_ID,200,OK,Select Actor 1-42,text,true,,84,0,50,100,null,0,0,0
1736081033506,0,Select By Actor_ID,200,OK,Select Actor 1-36,text,true,,79,0,50,100,null,0,0,0
1736081033513,2,Update Rental Date,200,OK,Update Rental 3-41,text,true,,11,0,50,100,null,2,0,0
1736081033515,0,Select By Actor_ID,200,OK,Select Actor 1-46,text,true,,81,0,50,100,null,0,0,0
1736081033520,2,Update Rental Date,200,OK,Update Rental 3-14,text,true,,11,0,50,100,null,2,0,0
1736081033522,0,Select By Actor_ID,200,OK,Select Actor 1-17,text,true,,81,0,50,100,null,0,0,0
1736081033522,1,Update Rental Date,200,OK,Update Rental 3-30,text,true,,11,0,50,100,null,1,0,0
1736081033526,3,Update Rental Date,200,OK,Update Rental 3-3,text,true,,11,0,50,100,null,3,0,0
1736081033542,2,Update Rental Date,200,OK,Update Rental 3-2,text,true,,11,0,50,100,null,2,0,0
1736081033556,1,Select By Actor_ID,200,OK,Select Actor 1-24,text,true,,77,0,50,100,null,1,0,0
1736081033559,2,Update Rental Date,200,OK,Update Rental 3-7,text,true,,11,0,50,100,null,2,0,0
1736081033565,1,Select By Actor_ID,200,OK,Select Actor 1-40,text,true,,83,0,50,100,null,1,0,0
1736081033569,2,Update Rental Date,200,OK,Update Rental 3-25,text,true,,11,0,50,100,null,2,0,0
1736081033575,1,Select By Actor_ID,200,OK,Select Actor 1-39,text,true,,82,0,50,100,null,1,0,0
1736081033583,1,Select By Actor_ID,200,OK,Select Actor 1-21,text,true,,83,0,50,100,null,1,0,0
1736081033585,1,Select By Actor_ID,200,OK,Select Actor 1-33,text,true,,80,0,50,100,null,1,0,0
1736081033610,1,Select By Actor_ID,200,OK,Select Actor 1-3,text,true,,79,0,50,100,null,1,0,0
1736081033636,1,Select By Actor_ID,200,OK,Select Actor 1-35,text,true,,80,0,50,100,null,1,0,0
1736081033646,1,Select By Actor_ID,200,OK,Select Actor 1-4,text,true,,81,0,50,100,null,1,0,0
1736081033649,1,Select By Actor_ID,200,OK,Select Actor 1-44,text,true,,86,0,50,100,null,1,0,0
1736081033659,2,Update Rental Date,200,OK,Update Rental 3-42,text,true,,11,0,50,100,null,2,0,0
1736081033684,2,Update Rental Date,200,OK,Update Rental 3-26,text,true,,11,0,50,100,null,2,0,0
1736081033703,0,Select By Actor_ID,200,OK,Select Actor 1-22,text,true,,81,0,50,100,null,0,0,0
1736081033703,2,Update Rental Date,200,OK,Update Rental 3-21,text,true,,11,0,50,100,null,2,0,0
1736081033718,0,Select By Actor_ID,200,OK,Select Actor 1-13,text,true,,79,0,50,100,null,0,0,0
1736081033727,2,Update Rental Date,200,OK,Update Rental 3-17,text,true,,11,0,50,100,null,2,0,0
1736081033742,0,Select By Actor_ID,200,OK,Select Actor 1-2,text,true,,79,0,50,100,null,0,0,0
1736081033767,2,Update Rental Date,200,OK,Update Rental 3-48,text,true,,11,0,50,100,null,2,0,0
1736081033783,0,Select By Actor_ID,200,OK,Select Actor 1-19,text,true,,82,0,50,100,null,0,0,0
1736081033794,2,Update Rental Date,200,OK,Update Rental 3-33,text,true,,11,0,50,100,null,2,0,0
1736081033807,0,Select By Actor_ID,200,OK,Select Actor 1-15,text,true,,84,0,50,100,null,0,0,0
1736081033813,0,Select By Actor_ID,200,OK,Select Actor 1-12,text,true,,80,0,50,100,null,0,0,0
1736081033826,1,Update Rental Date,200,OK,Update Rental 3-23,text,true,,11,0,50,100,null,1,0,0
1736081033829,1,Update Rental Date,200,OK,Update Rental 3-20,text,true,,11,0,50,100,null,1,0,0
1736081033832,1,Update Rental Date,200,OK,Update Rental 3-31,text,true,,11,0,50,100,null,1,0,0
1736081033839,2,Update Rental Date,200,OK,Update Rental 3-28,text,true,,11,0,50,100,null,2,0,0
1736081033857,0,Select By Actor_ID,200,OK,Select Actor 1-41,text,true,,80,0,50,100,null,0,0,0
1736081033870,2,Update Rental Date,200,OK,Update Rental 3-22,text,true,,11,0,50,100,null,2,0,0
1736081033874,0,Select By Actor_ID,200,OK,Select Actor 1-9,text,true,,78,0,50,100,null,0,0,0
1736081033878,1,Update Rental Date,200,OK,Update Rental 3-15,text,true,,11,0,50,100,null,1,0,0
1736081033886,0,Select By Actor_ID,200,OK,Select Actor 1-27,text,true,,79,0,50,100,null,0,0,0
1736081033902,2,Update Rental Date,200,OK,Update Rental 3-40,text,true,,11,0,50,100,null,2,0,0
1736081033914,1,Select By Actor_ID,200,OK,Select Actor 1-16,text,true,,82,0,50,100,null,1,0,0
1736081033932,1,Select By Actor_ID,200,OK,Select Actor 1-50,text,true,,80,0,50,100,null,1,0,0
1736081033938,1,Select By Actor_ID,200,OK,Select Actor 1-47,text,true,,82,0,50,100,null,1,0,0
1736081033937,2,Update Rental Date,200,OK,Update Rental 3-46,text,true,,11,0,50,100,null,2,0,0
1736081033949,2,Update Rental Date,200,OK,Update Rental 3-4,text,true,,11,0,50,100,null,2,0,0
1736081033958,1,Select By Actor_ID,200,OK,Select Actor 1-49,text,true,,78,0,50,100,null,1,0,0
1736081033973,3,Update Rental Date,200,OK,Update Rental 3-10,text,true,,11,0,50,100,null,3,0,0
1736081033987,3,Update Rental Date,200,OK,Update Rental 3-39,text,true,,11,0,50,100,null,3,0,0
1736081033998,2,Update Rental Date,200,OK,Update Rental 3-44,text,true,,11,0,50,100,null,2,0,0
1736081034003,2,Update Rental Date,200,OK,Update Rental 3-19,text,true,,11,0,50,100,null,2,0,0
1736081034005,1,Select By Actor_ID,200,OK,Select Actor 1-32,text,true,,78,0,50,100,null,1,0,0
1736081034009,1,Select By Actor_ID,200,OK,Select Actor 1-45,text,true,,81,0,50,100,null,1,0,0
1736081034011,1,Select By Actor_ID,200,OK,Select Actor 1-14,text,true,,84,0,50,100,null,1,0,0
1736081034025,1,Select By Actor_ID,200,OK,Select Actor 1-8,text,true,,84,0,50,100,null,1,0,0
1736081034025,2,Update Rental Date,200,OK,Update Rental 3-16,text,true,,11,0,50,100,null,2,0,0
1736081034053,2,Update Rental Date,200,OK,Update Rental 3-47,text,true,,11,0,50,100,null,2,0,0
1736081034074,0,Select By Actor_ID,200,OK,Select Actor 1-34,text,true,,83,0,50,100,null,0,0,0
1736081034089,0,Select By Actor_ID,200,OK,Select Actor 1-18,text,true,,82,0,50,100,null,0,0,0
1736081034091,2,Update Rental Date,200,OK,Update Rental 3-49,text,true,,11,0,50,100,null,2,0,0
1736081034103,2,Update Rental Date,200,OK,Update Rental 3-25,text,true,,11,0,50,100,null,2,0,0
1736081034115,1,Update Rental Date,200,OK,Update Rental 3-37,text,true,,11,0,50,100,null,1,0,0
1736081034147,1,Select By Actor_ID,200,OK,Select Actor 1-20,text,true,,83,0,50,100,null,1,0,0
1736081034135,32,Update Rental Date,200,OK,Update Rental 3-32,text,true,,11,0,50,100,null,32,0,0
1736081034160,8,Update Rental Date,200,OK,Update Rental 3-38,text,true,,11,0,50,100,null,8,0,0
1736081034166,3,Update Rental Date,200,OK,Update Rental 3-36,text,true,,11,0,50,100,null,3,0,0
1736081034175,0,Select By Actor_ID,200,OK,Select Actor 1-46,text,true,,79,0,50,100,null,0,0,0
1736081034182,2,Update Rental Date,200,OK,Update Rental 3-6,text,true,,11,0,50,100,null,2,0,0
1736081034197,1,Select By Actor_ID,200,OK,Select Actor 1-48,text,true,,81,0,50,100,null,1,0,0
1736081034198,2,Update Rental Date,200,OK,Update Rental 3-24,text,true,,11,0,50,100,null,2,0,0
1736081034203,1,Select By Actor_ID,200,OK,Select Actor 1-42,text,true,,88,0,50,100,null,1,0,0
1736081034229,3,Update Rental Date,200,OK,Update Rental 3-45,text,true,,11,0,50,100,null,3,0,0
1736081034237,1,Select By Actor_ID,200,OK,Select Actor 1-25,text,true,,81,0,50,100,null,1,0,0
1736081034243,1,Select By Actor_ID,200,OK,Select Actor 1-22,text,true,,83,0,50,100,null,1,0,0
1736081034245,1,Select By Actor_ID,200,OK,Select Actor 1-38,text,true,,84,0,50,100,null,1,0,0
1736081034278,2,Update Rental Date,200,OK,Update Rental 3-34,text,true,,11,0,50,100,null,2,0,0
1736081034293,0,Select By Actor_ID,200,OK,Select Actor 1-1,text,true,,84,0,50,100,null,0,0,0
1736081034297,2,Update Rental Date,200,OK,Update Rental 3-27,text,true,,11,0,50,100,null,2,0,0
1736081034313,2,Update Rental Date,200,OK,Update Rental 3-5,text,true,,11,0,50,100,null,2,0,0
1736081034326,0,Select By Actor_ID,200,OK,Select Actor 1-30,text,true,,82,0,50,100,null,0,0,0
1736081034347,2,Update Rental Date,200,OK,Update Rental 3-8,text,true,,11,0,50,100,null,2,0,0
1736081034368,1,Update Rental Date,200,OK,Update Rental 3-11,text,true,,11,0,50,100,null,1,0,0
1736081034378,0,Select By Actor_ID,200,OK,Select Actor 1-5,text,true,,80,0,50,100,null,0,0,0
1736081034390,1,Select By Actor_ID,200,OK,Select Actor 1-26,text,true,,80,0,50,100,null,1,0,0
1736081034393,2,Update Rental Date,200,OK,Update Rental 3-42,text,true,,11,0,50,100,null,2,0,0
1736081034417,1,Select By Actor_ID,200,OK,Select Actor 1-6,text,true,,81,0,50,100,null,1,0,0
1736081034432,2,Update Rental Date,200,OK,Update Rental 3-3,text,true,,11,0,50,100,null,2,0,0
1736081034437,0,Select By Actor_ID,200,OK,Select Actor 1-7,text,true,,83,0,50,100,null,0,0,0
1736081034439,2,Update Rental Date,200,OK,Update Rental 3-40,text,true,,11,0,50,100,null,2,0,0
1736081034441,0,Select By Actor_ID,200,OK,Select Actor 1-40,text,true,,82,0,50,100,null,0,0,0
1736081034441,0,Select By Actor_ID,200,OK,Select Actor 1-28,text,true,,80,0,50,100,null,0,0,0
1736081034445,0,Select By Actor_ID,200,OK,Select Actor 1-4,text,true,,83,0,50,100,null,0,0,0
1736081034446,0,Select By Actor_ID,200,OK,Select Actor 1-31,text,true,,80,0,50,100,null,0,0,0
1736081034471,0,Select By Actor_ID,200,OK,Select Actor 1-43,text,true,,77,0,50,100,null,0,0,0
1736081034490,1,Update Rental Date,200,OK,Update Rental 3-18,text,true,,11,0,50,100,null,1,0,0
1736081034507,1,Update Rental Date,200,OK,Update Rental 3-7,text,true,,11,0,50,100,null,1,0,0
1736081034536,3,Update Rental Date,200,OK,Update Rental 3-50,text,true,,11,0,50,100,null,3,0,0
1736081034547,2,Update Rental Date,200,OK,Update Rental 3-31,text,true,,11,0,50,100,null,2,0,0
1736081034563,1,Select By Actor_ID,200,OK,Select Actor 1-37,text,true,,80,0,50,100,null,1,0,0
1736081034564,2,Update Rental Date,200,OK,Update Rental 3-39,text,true,,11,0,50,100,null,2,0,0
1736081034586,2,Update Rental Date,200,OK,Update Rental 3-41,text,true,,11,0,50,100,null,2,0,0
1736081034601,1,Select By Actor_ID,200,OK,Select Actor 1-10,text,true,,80,0,50,100,null,1,0,0
1736081034608,1,Select By Actor_ID,200,OK,Select Actor 1-11,text,true,,84,0,50,100,null,1,0,0
1736081034620,2,Update Rental Date,200,OK,Update Rental 3-35,text,true,,11,0,50,100,null,2,0,0
1736081034620,2,Update Rental Date,200,OK,Update Rental 3-12,text,true,,11,0,50,100,null,2,0,0
1736081034623,2,Update Rental Date,200,OK,Update Rental 3-13,text,true,,11,0,50,100,null,2,0,0
1736081034629,2,Update Rental Date,200,OK,Update Rental 3-30,text,true,,11,0,50,100,null,2,0,0
1736081034635,1,Select By Actor_ID,200,OK,Select Actor 1-49,text,true,,81,0,50,100,null,1,0,0
1736081034634,2,Update Rental Date,200,OK,Update Rental 3-46,text,true,,11,0,50,100,null,2,0,0
1736081034658,2,Update Rental Date,200,OK,Update Rental 3-1,text,true,,11,0,50,100,null,2,0,0
1736081034674,2,Update Rental Date,200,OK,Update Rental 3-43,text,true,,11,0,50,100,null,2,0,0
1736081034676,0,Select By Actor_ID,200,OK,Select Actor 1-3,text,true,,80,0,50,100,null,0,0,0
1736081034685,1,Select By Actor_ID,200,OK,Select Actor 1-9,text,true,,81,0,50,100,null,1,0,0
1736081034691,1,Select By Actor_ID,200,OK,Select Actor 1-15,text,true,,82,0,50,100,null,1,0,0
1736081034694,1,Select By Actor_ID,200,OK,Select Actor 1-34,text,true,,79,0,50,100,null,1,0,0
1736081034696,2,Update Rental Date,200,OK,Update Rental 3-16,text,true,,11,0,50,100,null,2,0,0
1736081034699,1,Select By Actor_ID,200,OK,Select Actor 1-47,text,true,,77,0,50,100,null,1,0,0
1736081034714,2,Update Rental Date,200,OK,Update Rental 3-15,text,true,,11,0,50,100,null,2,0,0
1736081034733,1,Select By Actor_ID,200,OK,Select Actor 1-33,text,true,,81,0,50,100,null,1,0,0
1736081034784,1,Select By Actor_ID,200,OK,Select Actor 1-16,text,true,,79,0,50,100,null,1,0,0
1736081034791,1,Select By Actor_ID,200,OK,Select Actor 1-25,text,true,,80,0,50,100,null,1,0,0
1736081034794,2,Update Rental Date,200,OK,Update Rental 3-21,text,true,,11,0,50,100,null,2,0,0
1736081034797,1,Select By Actor_ID,200,OK,Select Actor 1-29,text,true,,81,0,50,100,null,1,0,0
1736081034796,2,Update Rental Date,200,OK,Update Rental 3-29,text,true,,11,0,50,100,null,2,0,0
1736081034801,2,Update Rental Date,200,OK,Update Rental 3-17,text,true,,11,0,50,100,null,2,0,0
1736081034809,1,Select By Actor_ID,200,OK,Select Actor 1-35,text,true,,79,0,50,100,null,0,0,0
1736081034815,1,Select By Actor_ID,200,OK,Select Actor 1-23,text,true,,86,0,50,100,null,0,0,0
1736081034815,2,Update Rental Date,200,OK,Update Rental 3-4,text,true,,11,0,50,100,null,2,0,0
1736081034835,0,Select By Actor_ID,200,OK,Select Actor 1-36,text,true,,79,0,50,100,null,0,0,0
1736081034834,2,Update Rental Date,200,OK,Update Rental 3-45,text,true,,11,0,50,100,null,2,0,0
1736081034834,2,Update Rental Date,200,OK,Update Rental 3-9,text,true,,11,0,50,100,null,2,0,0
1736081034850,0,Select By Actor_ID,200,OK,Select Actor 1-44,text,true,,80,0,50,100,null,0,0,0
1736081034860,0,Select By Actor_ID,200,OK,Select Actor 1-42,text,true,,79,0,50,100,null,0,0,0
1736081034875,0,Select By Actor_ID,200,OK,Select Actor 1-14,text,true,,81,0,50,100,null,0,0,0
1736081034877,0,Select By Actor_ID,200,OK,Select Actor 1-20,text,true,,80,0,50,100,null,0,0,0
1736081034883,2,Update Rental Date,200,OK,Update Rental 3-2,text,true,,11,0,50,100,null,2,0,0
1736081034887,2,Update Rental Date,200,OK,Update Rental 3-36,text,true,,11,0,50,100,null,2,0,0
1736081034918,0,Select By Actor_ID,200,OK,Select Actor 1-41,text,true,,83,0,50,100,null,0,0,0
1736081034941,0,Select By Actor_ID,200,OK,Select Actor 1-24,text,true,,83,0,50,100,null,0,0,0
1736081034943,0,Select By Actor_ID,200,OK,Select Actor 1-1,text,true,,83,0,50,100,null,0,0,0
1736081034948,0,Select By Actor_ID,200,OK,Select Actor 1-5,text,true,,80,0,50,100,null,0,0,0
1736081034960,2,Update Rental Date,200,OK,Update Rental 3-34,text,true,,11,0,50,100,null,2,0,0
1736081034967,0,Select By Actor_ID,200,OK,Select Actor 1-13,text,true,,80,0,50,100,null,0,0,0
1736081034968,1,Update Rental Date,200,OK,Update Rental 3-14,text,true,,11,0,50,100,null,1,0,0
1736081034972,1,Update Rental Date,200,OK,Update Rental 3-28,text,true,,11,0,50,100,null,1,0,0
1736081034989,0,Select By Actor_ID,200,OK,Select Actor 1-17,text,true,,80,0,50,100,null,0,0,0
1736081034992,0,Select By Actor_ID,200,OK,Select Actor 1-19,text,true,,82,0,50,100,null,0,0,0
1736081034992,1,Update Rental Date,200,OK,Update Rental 3-26,text,true,,11,0,50,100,null,1,0,0
1736081035014,0,Select By Actor_ID,200,OK,Select Actor 1-21,text,true,,79,0,50,100,null,0,0,0
1736081035036,0,Select By Actor_ID,200,OK,Select Actor 1-39,text,true,,86,0,50,100,null,0,0,0
1736081035044,0,Select By Actor_ID,200,OK,Select Actor 1-2,text,true,,78,0,50,100,null,0,0,0
1736081035060,2,Update Rental Date,200,OK,Update Rental 3-11,text,true,,11,0,50,100,null,2,0,0
1736081035068,2,Update Rental Date,200,OK,Update Rental 3-3,text,true,,11,0,50,100,null,2,0,0
1736081035074,1,Select By Actor_ID,200,OK,Select Actor 1-4,text,true,,81,0,50,100,null,1,0,0
1736081035090,1,Select By Actor_ID,200,OK,Select Actor 1-32,text,true,,81,0,50,100,null,1,0,0
1736081035095,1,Select By Actor_ID,200,OK,Select Actor 1-26,text,true,,79,0,50,100,null,1,0,0
1736081035095,2,Update Rental Date,200,OK,Update Rental 3-41,text,true,,11,0,50,100,null,2,0,0
1736081035102,2,Update Rental Date,200,OK,Update Rental 3-39,text,true,,11,0,50,100,null,2,0,0
1736081035105,2,Update Rental Date,200,OK,Update Rental 3-33,text,true,,11,0,50,100,null,2,0,0
1736081035110,2,Update Rental Date,200,OK,Update Rental 3-19,text,true,,11,0,50,100,null,2,0,0
1736081035121,1,Select By Actor_ID,200,OK,Select Actor 1-27,text,true,,85,0,50,100,null,1,0,0
1736081035123,2,Update Rental Date,200,OK,Update Rental 3-48,text,true,,11,0,50,100,null,2,0,0
1736081035143,3,Update Rental Date,200,OK,Update Rental 3-10,text,true,,11,0,50,100,null,3,0,0
1736081035164,2,Update Rental Date,200,OK,Update Rental 3-46,text,true,,11,0,50,100,null,2,0,0
1736081035169,1,Select By Actor_ID,200,OK,Select Actor 1-18,text,true,,76,0,50,100,null,1,0,0
1736081035172,1,Select By Actor_ID,200,OK,Select Actor 1-6,text,true,,80,0,50,100,null,1,0,0
1736081035185,1,Select By Actor_ID,200,OK,Select Actor 1-8,text,true,,80,0,50,100,null,0,0,0
1736081035189,2,Update Rental Date,200,OK,Update Rental 3-20,text,true,,11,0,50,100,null,2,0,0
1736081035196,2,Update Rental Date,200,OK,Update Rental 3-5,text,true,,11,0,50,100,null,2,0,0
1736081035197,2,Update Rental Date,200,OK,Update Rental 3-1,text,true,,11,0,50,100,null,2,0,0
1736081035233,2,Update Rental Date,200,OK,Update Rental 3-37,text,true,,11,0,50,100,null,2,0,0
1736081035252,1,Select By Actor_ID,200,OK,Select Actor 1-12,text,true,,80,0,50,100,null,1,0,0
1736081035252,3,Update Rental Date,200,OK,Update Rental 3-25,text,true,,11,0,50,100,null,3,0,0
1736081035256,2,Update Rental Date,200,OK,Update Rental 3-32,text,true,,11,0,50,100,null,2,0,0
1736081035257,2,Update Rental Date,200,OK,Update Rental 3-43,text,true,,11,0,50,100,null,2,0,0
1736081035274,2,Update Rental Date,200,OK,Update Rental 3-44,text,true,,11,0,50,100,null,2,0,0
1736081035284,0,Select By Actor_ID,200,OK,Select Actor 1-47,text,true,,84,0,50,100,null,0,0,0
1736081035287,1,Update Rental Date,200,OK,Update Rental 3-23,text,true,,11,0,50,100,null,1,0,0
1736081035297,0,Select By Actor_ID,200,OK,Select Actor 1-9,text,true,,82,0,50,100,null,0,0,0
1736081035316,3,Update Rental Date,200,OK,Update Rental 3-6,text,true,,11,0,50,100,null,3,0,0
1736081035333,0,Select By Actor_ID,200,OK,Select Actor 1-46,text,true,,84,0,50,100,null,0,0,0
1736081035334,1,Update Rental Date,200,OK,Update Rental 3-22,text,true,,11,0,50,100,null,1,0,0
1736081035337,0,Select By Actor_ID,200,OK,Select Actor 1-37,text,true,,80,0,50,100,null,0,0,0
1736081035344,1,Update Rental Date,200,OK,Update Rental 3-49,text,true,,11,0,50,100,null,1,0,0
1736081035352,1,Update Rental Date,200,OK,Update Rental 3-8,text,true,,11,0,50,100,null,1,0,0
1736081035356,1,Update Rental Date,200,OK,Update Rental 3-38,text,true,,11,0,50,100,null,1,0,0
1736081035362,0,Select By Actor_ID,200,OK,Select Actor 1-50,text,true,,88,0,50,100,null,0,0,0
1736081035367,0,Select By Actor_ID,200,OK,Select Actor 1-30,text,true,,83,0,50,100,null,0,0,0
1736081035373,1,Update Rental Date,200,OK,Update Rental 3-18,text,true,,11,0,50,100,null,1,0,0
1736081035378,0,Select By Actor_ID,200,OK,Select Actor 1-28,text,true,,79,0,50,100,null,0,0,0
1736081035400,0,Select By Actor_ID,200,OK,Select Actor 1-15,text,true,,80,0,50,100,null,0,0,0
1736081035406,0,Select By Actor_ID,200,OK,Select Actor 1-45,text,true,,78,0,50,100,null,0,0,0
1736081035420,2,Update Rental Date,200,OK,Update Rental 3-47,text,true,,11,0,50,100,null,2,0,0
1736081035460,2,Update Rental Date,200,OK,Update Rental 3-13,text,true,,11,0,50,100,null,2,0,0
1736081035470,1,Select By Actor_ID,200,OK,Select Actor 1-23,text,true,,76,0,50,100,null,1,0,0
1736081035494,2,Update Rental Date,200,OK,Update Rental 3-42,text,true,,11,0,50,100,null,2,0,0
1736081035505,1,Select By Actor_ID,200,OK,Select Actor 1-14,text,true,,80,0,50,100,null,1,0,0
1736081035512,1,Select By Actor_ID,200,OK,Select Actor 1-48,text,true,,79,0,50,100,null,1,0,0
1736081035513,1,Select By Actor_ID,200,OK,Select Actor 1-44,text,true,,76,0,50,100,null,0,0,0
1736081035525,1,Select By Actor_ID,200,OK,Select Actor 1-5,text,true,,81,0,50,100,null,1,0,0
1736081035537,1,Select By Actor_ID,200,OK,Select Actor 1-25,text,true,,81,0,50,100,null,1,0,0
1736081035562,1,Select By Actor_ID,200,OK,Select Actor 1-33,text,true,,79,0,50,100,null,1,0,0
1736081035561,2,Update Rental Date,200,OK,Update Rental 3-50,text,true,,11,0,50,100,null,2,0,0
1736081035571,0,Select By Actor_ID,200,OK,Select Actor 1-49,text,true,,80,0,50,100,null,0,0,0
1736081035575,2,Update Rental Date,200,OK,Update Rental 3-15,text,true,,11,0,50,100,null,2,0,0
1736081035583,0,Select By Actor_ID,200,OK,Select Actor 1-11,text,true,,85,0,50,100,null,0,0,0
1736081035588,2,Update Rental Date,200,OK,Update Rental 3-16,text,true,,11,0,50,100,null,2,0,0
1736081035594,2,Update Rental Date,200,OK,Update Rental 3-24,text,true,,11,0,50,100,null,2,0,0
1736081035598,2,Update Rental Date,200,OK,Update Rental 3-35,text,true,,11,0,50,100,null,2,0,0
1736081035600,0,Select By Actor_ID,200,OK,Select Actor 1-22,text,true,,78,0,50,100,null,0,0,0
1736081035601,0,Select By Actor_ID,200,OK,Select Actor 1-34,text,true,,80,0,50,100,null,0,0,0
1736081035617,0,Select By Actor_ID,200,OK,Select Actor 1-24,text,true,,80,0,50,100,null,0,0,0
1736081035619,0,Select By Actor_ID,200,OK,Select Actor 1-38,text,true,,79,0,50,100,null,0,0,0
1736081035638,2,Update Rental Date,200,OK,Update Rental 3-45,text,true,,11,0,50,100,null,2,0,0
1736081035641,1,Update Rental Date,200,OK,Update Rental 3-7,text,true,,11,0,50,100,null,1,0,0
1736081035648,2,Update Rental Date,200,OK,Update Rental 3-17,text,true,,11,0,50,100,null,2,0,0
1736081035679,2,Update Rental Date,200,OK,Update Rental 3-27,text,true,,11,0,50,100,null,2,0,0
1736081035682,0,Select By Actor_ID,200,OK,Select Actor 1-10,text,true,,81,0,50,100,null,0,0,0
1736081035690,0,Select By Actor_ID,200,OK,Select Actor 1-19,text,true,,83,0,50,100,null,0,0,0
1736081035706,0,Select By Actor_ID,200,OK,Select Actor 1-1,text,true,,81,0,50,100,null,0,0,0
1736081035743,0,Select By Actor_ID,200,OK,Select Actor 1-40,text,true,,82,0,50,100,null,0,0,0
1736081035750,0,Select By Actor_ID,200,OK,Select Actor 1-7,text,true,,79,0,50,100,null,0,0,0
1736081035760,1,Update Rental Date,200,OK,Update Rental 3-34,text,true,,11,0,50,100,null,1,0,0
1736081035761,1,Update Rental Date,200,OK,Update Rental 3-5,text,true,,11,0,50,100,null,1,0,0
1736081035766,0,Select By Actor_ID,200,OK,Select Actor 1-2,text,true,,81,0,50,100,null,0,0,0
1736081035776,0,Select By Actor_ID,200,OK,Select Actor 1-43,text,true,,81,0,50,100,null,0,0,0
1736081035779,0,Select By Actor_ID,200,OK,Select Actor 1-27,text,true,,78,0,50,100,null,0,0,0
1736081035796,3,Update Rental Date,200,OK,Update Rental 3-31,text,true,,11,0,50,100,null,3,0,0
1736081035799,1,Update Rental Date,200,OK,Update Rental 3-40,text,true,,11,0,50,100,null,1,0,0
1736081035819,2,Update Rental Date,200,OK,Update Rental 3-4,text,true,,11,0,50,100,null,2,0,0
1736081035826,3,Update Rental Date,200,OK,Update Rental 3-29,text,true,,11,0,50,100,null,3,0,0
1736081035838,2,Update Rental Date,200,OK,Update Rental 3-25,text,true,,11,0,50,100,null,2,0,0
1736081035849,2,Update Rental Date,200,OK,Update Rental 3-36,text,true,,11,0,50,100,null,2,0,0
1736081035852,2,Update Rental Date,200,OK,Update Rental 3-2,text,true,,11,0,50,100,null,2,0,0
1736081035857,2,Update Rental Date,200,OK,Update Rental 3-44,text,true,,11,0,50,100,null,2,0,0
1736081035861,1,Select By Actor_ID,200,OK,Select Actor 1-4,text,true,,81,0,50,100,null,1,0,0
1736081035867,1,Select By Actor_ID,200,OK,Select Actor 1-31,text,true,,81,0,50,100,null,1,0,0
1736081035885,2,Update Rental Date,200,OK,Update Rental 3-37,text,true,,11,0,50,100,null,2,0,0
1736081035897,2,Update Rental Date,200,OK,Update Rental 3-28,text,true,,11,0,50,100,null,2,0,0
1736081035920,1,Select By Actor_ID,200,OK,Select Actor 1-39,text,true,,84,0,50,100,null,0,0,0
1736081035922,0,Select By Actor_ID,200,OK,Select Actor 1-8,text,true,,80,0,50,100,null,0,0,0
1736081035941,0,Select By Actor_ID,200,OK,Select Actor 1-3,text,true,,82,0,50,100,null,0,0,0
1736081035953,0,Select By Actor_ID,200,OK,Select Actor 1-20,text,true,,82,0,50,100,null,0,0,0
1736081035969,2,Update Rental Date,200,OK,Update Rental 3-30,text,true,,11,0,50,100,null,2,0,0
1736081035998,0,Select By Actor_ID,200,OK,Select Actor 1-16,text,true,,79,0,50,100,null,0,0,0
1736081036003,0,Select By Actor_ID,200,OK,Select Actor 1-18,text,true,,80,0,50,100,null,0,0,0
1736081036017,2,Update Rental Date,200,OK,Update Rental 3-33,text,true,,11,0,50,100,null,2,0,0
1736081036023,2,Update Rental Date,200,OK,Update Rental 3-21,text,true,,11,0,50,100,null,2,0,0
1736081036032,2,Update Rental Date,200,OK,Update Rental 3-3,text,true,,11,0,50,100,null,1,0,0
1736081036034,0,Select By Actor_ID,200,OK,Select Actor 1-35,text,true,,78,0,50,100,null,0,0,0
1736081036050,2,Update Rental Date,200,OK,Update Rental 3-9,text,true,,11,0,50,100,null,2,0,0
1736081036052,0,Select By Actor_ID,200,OK,Select Actor 1-15,text,true,,81,0,50,100,null,0,0,0
1736081036056,2,Update Rental Date,200,OK,Update Rental 3-11,text,true,,11,0,50,100,null,2,0,0
1736081036059,2,Update Rental Date,200,OK,Update Rental 3-19,text,true,,11,0,50,100,null,2,0,0
1736081036061,0,Select By Actor_ID,200,OK,Select Actor 1-12,text,true,,83,0,50,100,null,0,0,0
1736081036073,3,Update Rental Date,200,OK,Update Rental 3-12,text,true,,11,0,50,100,null,3,0,0
1736081036082,0,Select By Actor_ID,200,OK,Select Actor 1-45,text,true,,80,0,50,100,null,0,0,0
1736081036103,1,Select By Actor_ID,200,OK,Select Actor 1-41,text,true,,78,0,50,100,null,1,0,0
1736081036111,2,Update Rental Date,200,OK,Update Rental 3-22,text,true,,11,0,50,100,null,2,0,0
1736081036123,1,Select By Actor_ID,200,OK,Select Actor 1-50,text,true,,82,0,50,100,null,1,0,0
1736081036128,1,Select By Actor_ID,200,OK,Select Actor 1-36,text,true,,79,0,50,100,null,1,0,0
1736081036162,0,Select By Actor_ID,200,OK,Select Actor 1-44,text,true,,83,0,50,100,null,0,0,0
1736081036164,2,Update Rental Date,200,OK,Update Rental 3-20,text,true,,11,0,50,100,null,2,0,0
1736081036171,0,Select By Actor_ID,200,OK,Select Actor 1-32,text,true,,85,0,50,100,null,0,0,0
1736081036183,2,Update Rental Date,200,OK,Update Rental 3-38,text,true,,11,0,50,100,null,2,0,0
1736081036200,0,Select By Actor_ID,200,OK,Select Actor 1-47,text,true,,79,0,50,100,null,0,0,0
1736081036208,2,Update Rental Date,200,OK,Update Rental 3-26,text,true,,11,0,50,100,null,2,0,0
1736081036217,3,Update Rental Date,200,OK,Update Rental 3-17,text,true,,11,0,50,100,null,3,0,0
1736081036225,1,Select By Actor_ID,200,OK,Select Actor 1-49,text,true,,84,0,50,100,null,1,0,0
1736081036246,1,Select By Actor_ID,200,OK,Select Actor 1-42,text,true,,80,0,50,100,null,1,0,0
1736081036247,1,Select By Actor_ID,200,OK,Select Actor 1-46,text,true,,82,0,50,100,null,1,0,0
1736081036256,1,Select By Actor_ID,200,OK,Select Actor 1-34,text,true,,80,0,50,100,null,1,0,0
1736081036269,1,Select By Actor_ID,200,OK,Select Actor 1-6,text,true,,81,0,50,100,null,1,0,0
1736081036270,1,Select By Actor_ID,200,OK,Select Actor 1-7,text,true,,84,0,50,100,null,1,0,0
1736081036273,2,Update Rental Date,200,OK,Update Rental 3-39,text,true,,11,0,50,100,null,2,0,0
1736081036281,1,Select By Actor_ID,200,OK,Select Actor 1-13,text,true,,81,0,50,100,null,1,0,0
1736081036286,1,Select By Actor_ID,200,OK,Select Actor 1-29,text,true,,81,0,50,100,null,1,0,0
1736081036320,1,Select By Actor_ID,200,OK,Select Actor 1-48,text,true,,82,0,50,100,null,1,0,0
1736081036325,2,Update Rental Date,200,OK,Update Rental 3-48,text,true,,11,0,50,100,null,2,0,0
1736081036338,2,Update Rental Date,200,OK,Update Rental 3-14,text,true,,11,0,50,100,null,2,0,0
1736081036364,0,Select By Actor_ID,200,OK,Select Actor 1-17,text,true,,80,0,50,100,null,0,0,0
1736081036370,2,Update Rental Date,200,OK,Update Rental 3-45,text,true,,11,0,50,100,null,2,0,0
1736081036400,2,Update Rental Date,200,OK,Update Rental 3-8,text,true,,11,0,50,100,null,2,0,0
1736081036416,0,Select By Actor_ID,200,OK,Select Actor 1-28,text,true,,83,0,50,100,null,0,0,0
1736081036417,0,Select By Actor_ID,200,OK,Select Actor 1-19,text,true,,80,0,50,100,null,0,0,0
1736081036436,0,Select By Actor_ID,200,OK,Select Actor 1-26,text,true,,78,0,50,100,null,0,0,0
1736081036438,2,Update Rental Date,200,OK,Update Rental 3-42,text,true,,11,0,50,100,null,2,0,0
1736081036440,0,Select By Actor_ID,200,OK,Select Actor 1-5,text,true,,79,0,50,100,null,0,0,0
1736081036447,1,Update Rental Date,200,OK,Update Rental 3-46,text,true,,11,0,50,100,null,1,0,0
1736081036458,2,Update Rental Date,200,OK,Update Rental 3-1,text,true,,11,0,50,100,null,2,0,0
1736081036460,0,Select By Actor_ID,200,OK,Select Actor 1-21,text,true,,78,0,50,100,null,0,0,0
1736081036463,2,Update Rental Date,200,OK,Update Rental 3-32,text,true,,11,0,50,100,null,2,0,0
1736081036467,0,Select By Actor_ID,200,OK,Select Actor 1-9,text,true,,78,0,50,100,null,0,0,0
1736081036470,2,Update Rental Date,200,OK,Update Rental 3-4,text,true,,11,0,50,100,null,2,0,0
1736081036472,2,Update Rental Date,200,OK,Update Rental 3-10,text,true,,11,0,50,100,null,2,0,0
1736081036486,0,Select By Actor_ID,200,OK,Select Actor 1-33,text,true,,84,0,50,100,null,0,0,0
1736081036489,2,Update Rental Date,200,OK,Update Rental 3-34,text,true,,11,0,50,100,null,2,0,0
1736081036505,0,Select By Actor_ID,200,OK,Select Actor 1-31,text,true,,80,0,50,100,null,0,0,0
1736081036522,0,Select By Actor_ID,200,OK,Select Actor 1-40,text,true,,83,0,50,100,null,0,0,0
1736081036532,1,Update Rental Date,200,OK,Update Rental 3-40,text,true,,11,0,50,100,null,1,0,0
1736081036535,1,Update Rental Date,200,OK,Update Rental 3-43,text,true,,11,0,50,100,null,1,0,0
1736081036562,2,Update Rental Date,200,OK,Update Rental 3-27,text,true,,11,0,50,100,null,2,0,0
1736081036565,0,Select By Actor_ID,200,OK,Select Actor 1-1,text,true,,78,0,50,100,null,0,0,0
1736081036565,0,Select By Actor_ID,200,OK,Select Actor 1-22,text,true,,77,0,50,100,null,0,0,0
1736081036564,2,Update Rental Date,200,OK,Update Rental 3-41,text,true,,11,0,50,100,null,2,0,0
1736081036568,0,Select By Actor_ID,200,OK,Select Actor 1-20,text,true,,78,0,50,100,null,0,0,0
1736081036586,1,Select By Actor_ID,200,OK,Select Actor 1-37,text,true,,82,0,50,100,null,1,0,0
1736081036585,2,Update Rental Date,200,OK,Update Rental 3-15,text,true,,11,0,50,100,null,2,0,0
1736081036604,3,Update Rental Date,200,OK,Update Rental 3-6,text,true,,11,0,50,100,null,3,0,0
1736081036610,1,Select By Actor_ID,200,OK,Select Actor 1-23,text,true,,79,0,50,100,null,1,0,0
1736081036622,1,Select By Actor_ID,200,OK,Select Actor 1-30,text,true,,83,0,50,100,null,1,0,0
1736081036640,2,Update Rental Date,200,OK,Update Rental 3-5,text,true,,11,0,50,100,null,2,0,0
1736081036640,2,Update Rental Date,200,OK,Update Rental 3-22,text,true,,11,0,50,100,null,2,0,0
1736081036670,1,Select By Actor_ID,200,OK,Select Actor 1-12,text,true,,79,0,50,100,null,1,0,0
1736081036672,1,Select By Actor_ID,200,OK,Select Actor 1-11,text,true,,82,0,50,100,null,1,0,0
1736081036672,3,Update Rental Date,200,OK,Update Rental 3-23,text,true,,11,0,50,100,null,3,0,0
1736081036696,2,Update Rental Date,200,OK,Update Rental 3-2,text,true,,11,0,50,100,null,2,0,0
1736081036721,1,Select By Actor_ID,200,OK,Select Actor 1-14,text,true,,77,0,50,100,null,0,0,0
1736081036738,1,Select By Actor_ID,200,OK,Select Actor 1-25,text,true,,81,0,50,100,null,0,0,0
1736081036747,0,Select By Actor_ID,200,OK,Select Actor 1-2,text,true,,80,0,50,100,null,0,0,0
1736081036749,2,Update Rental Date,200,OK,Update Rental 3-16,text,true,,11,0,50,100,null,2,0,0
1736081036759,0,Select By Actor_ID,200,OK,Select Actor 1-15,text,true,,83,0,50,100,null,0,0,0
1736081036761,0,Select By Actor_ID,200,OK,Select Actor 1-24,text,true,,82,0,50,100,null,0,0,0
1736081036776,2,Update Rental Date,200,OK,Update Rental 3-35,text,true,,11,0,50,100,null,2,0,0
1736081036780,0,Select By Actor_ID,200,OK,Select Actor 1-4,text,true,,79,0,50,100,null,0,0,0
1736081036783,2,Update Rental Date,200,OK,Update Rental 3-49,text,true,,11,0,50,100,null,2,0,0
1736081036786,2,Update Rental Date,200,OK,Update Rental 3-47,text,true,,11,0,50,100,null,2,0,0
1736081036787,2,Update Rental Date,200,OK,Update Rental 3-31,text,true,,11,0,50,100,null,2,0,0
1736081036794,2,Update Rental Date,200,OK,Update Rental 3-18,text,true,,11,0,50,100,null,2,0,0
1736081036797,2,Update Rental Date,200,OK,Update Rental 3-37,text,true,,11,0,50,100,null,2,0,0
1736081036814,0,Select By Actor_ID,200,OK,Select Actor 1-49,text,true,,83,0,50,100,null,0,0,0
1736081036817,0,Select By Actor_ID,200,OK,Select Actor 1-3,text,true,,84,0,50,100,null,0,0,0
1736081036822,2,Update Rental Date,200,OK,Update Rental 3-24,text,true,,11,0,50,100,null,2,0,0
1736081036837,0,Select By Actor_ID,200,OK,Select Actor 1-43,text,true,,81,0,50,100,null,0,0,0
1736081036836,2,Update Rental Date,200,OK,Update Rental 3-13,text,true,,11,0,50,100,null,2,0,0
1736081036887,0,Select By Actor_ID,200,OK,Select Actor 1-35,text,true,,80,0,50,100,null,0,0,0
1736081036887,0,Select By Actor_ID,200,OK,Select Actor 1-38,text,true,,83,0,50,100,null,0,0,0
1736081036886,2,Update Rental Date,200,OK,Update Rental 3-44,text,true,,11,0,50,100,null,2,0,0
1736081036896,0,Select By Actor_ID,200,OK,Select Actor 1-16,text,true,,81,0,50,100,null,0,0,0
1736081036929,0,Select By Actor_ID,200,OK,Select Actor 1-28,text,true,,77,0,50,100,null,0,0,0
1736081036933,0,Select By Actor_ID,200,OK,Select Actor 1-27,text,true,,79,0,50,100,null,0,0,0
1736081037005,1,Select By Actor_ID,200,OK,Select Actor 1-46,text,true,,83,0,50,100,null,1,0,0
1736081037016,2,Update Rental Date,200,OK,Update Rental 3-29,text,true,,11,0,50,100,null,2,0,0
1736081037017,2,Update Rental Date,200,OK,Update Rental 3-50,text,true,,11,0,50,100,null,2,0,0
1736081037021,2,Update Rental Date,200,OK,Update Rental 3-36,text,true,,11,0,50,100,null,2,0,0
1736081037023,1,Select By Actor_ID,200,OK,Select Actor 1-39,text,true,,78,0,50,100,null,1,0,0
1736081037023,2,Update Rental Date,200,OK,Update Rental 3-14,text,true,,11,0,50,100,null,2,0,0
1736081037023,2,Update Rental Date,200,OK,Update Rental 3-3,text,true,,11,0,50,100,null,2,0,0
1736081037038,2,Update Rental Date,200,OK,Update Rental 3-7,text,true,,11,0,50,100,null,2,0,0
1736081037046,1,Select By Actor_ID,200,OK,Select Actor 1-32,text,true,,85,0,50,100,null,1,0,0
1736081037054,1,Select By Actor_ID,200,OK,Select Actor 1-10,text,true,,78,0,50,100,null,1,0,0
1736081037077,2,Update Rental Date,200,OK,Update Rental 3-21,text,true,,11,0,50,100,null,2,0,0
1736081037090,2,Update Rental Date,200,OK,Update Rental 3-28,text,true,,11,0,50,100,null,2,0,0
1736081037092,0,Select By Actor_ID,200,OK,Select Actor 1-41,text,true,,85,0,50,100,null,0,0,0
1736081037093,0,Select By Actor_ID,200,OK,Select Actor 1-17,text,true,,79,0,50,100,null,0,0,0
1736081037096,0,Select By Actor_ID,200,OK,Select Actor 1-18,text,true,,80,0,50,100,null,0,0,0
1736081037104,2,Update Rental Date,200,OK,Update Rental 3-48,text,true,,11,0,50,100,null,2,0,0
1736081037133,0,Select By Actor_ID,200,OK,Select Actor 1-34,text,true,,81,0,50,100,null,0,0,0
1736081037153,2,Update Rental Date,200,OK,Update Rental 3-33,text,true,,11,0,50,100,null,2,0,0
1736081037154,2,Update Rental Date,200,OK,Update Rental 3-46,text,true,,11,0,50,100,null,2,0,0
1736081037159,4,Update Rental Date,200,OK,Update Rental 3-30,text,true,,11,0,50,100,null,4,0,0
1736081037175,0,Select By Actor_ID,200,OK,Select Actor 1-12,text,true,,84,0,50,100,null,0,0,0
1736081037174,2,Update Rental Date,200,OK,Update Rental 3-26,text,true,,11,0,50,100,null,2,0,0
1736081037179,0,Select By Actor_ID,200,OK,Select Actor 1-8,text,true,,83,0,50,100,null,0,0,0
1736081037201,1,Update Rental Date,200,OK,Update Rental 3-5,text,true,,11,0,50,100,null,1,0,0
1736081037204,0,Select By Actor_ID,200,OK,Select Actor 1-20,text,true,,84,0,50,100,null,0,0,0
1736081037204,1,Update Rental Date,200,OK,Update Rental 3-4,text,true,,11,0,50,100,null,1,0,0
1736081037216,0,Select By Actor_ID,200,OK,Select Actor 1-31,text,true,,80,0,50,100,null,0,0,0
1736081037253,2,Update Rental Date,200,OK,Update Rental 3-12,text,true,,11,0,50,100,null,2,0,0
1736081037261,2,Update Rental Date,200,OK,Update Rental 3-25,text,true,,11,0,50,100,null,2,0,0
1736081037272,2,Update Rental Date,200,OK,Update Rental 3-34,text,true,,11,0,50,100,null,1,0,0
1736081037274,0,Select By Actor_ID,200,OK,Select Actor 1-42,text,true,,83,0,50,100,null,0,0,0
1736081037278,0,Select By Actor_ID,200,OK,Select Actor 1-29,text,true,,83,0,50,100,null,0,0,0
1736081037281,1,Update Rental Date,200,OK,Update Rental 3-15,text,true,,11,0,50,100,null,1,0,0
1736081037282,1,Update Rental Date,200,OK,Update Rental 3-45,text,true,,11,0,50,100,null,1,0,0
1736081037300,0,Select By Actor_ID,200,OK,Select Actor 1-26,text,true,,82,0,50,100,null,0,0,0
1736081037301,1,Update Rental Date,200,OK,Update Rental 3-32,text,true,,11,0,50,100,null,1,0,0
1736081037312,2,Update Rental Date,200,OK,Update Rental 3-19,text,true,,11,0,50,100,null,2,0,0
1736081037322,1,Select By Actor_ID,200,OK,Select Actor 1-30,text,true,,80,0,50,100,null,1,0,1
1736081037328,0,Select By Actor_ID,200,OK,Select Actor 1-13,text,true,,80,0,50,100,null,0,0,0
1736081037331,2,Update Rental Date,200,OK,Update Rental 3-37,text,true,,11,0,50,100,null,2,0,0
1736081037359,1,Select By Actor_ID,200,OK,Select Actor 1-33,text,true,,80,0,50,100,null,1,0,0
1736081037358,2,Update Rental Date,200,OK,Update Rental 3-2,text,true,,11,0,50,100,null,2,0,0
1736081037364,2,Update Rental Date,200,OK,Update Rental 3-6,text,true,,11,0,50,100,null,2,0,0
1736081037374,2,Update Rental Date,200,OK,Update Rental 3-9,text,true,,11,0,50,100,null,2,0,0
1736081037387,1,Select By Actor_ID,200,OK,Select Actor 1-45,text,true,,86,0,50,100,null,1,0,0
1736081037410,1,Select By Actor_ID,200,OK,Select Actor 1-50,text,true,,80,0,50,100,null,1,0,0
1736081037435,1,Select By Actor_ID,200,OK,Select Actor 1-35,text,true,,84,0,50,100,null,1,0,0
1736081037434,3,Update Rental Date,200,OK,Update Rental 3-40,text,true,,11,0,50,100,null,3,0,0
1736081037441,1,Select By Actor_ID,200,OK,Select Actor 1-5,text,true,,81,0,50,100,null,1,0,0
1736081037445,2,Update Rental Date,200,OK,Update Rental 3-8,text,true,,11,0,50,100,null,2,0,0
1736081037465,1,Select By Actor_ID,200,OK,Select Actor 1-11,text,true,,84,0,50,100,null,1,0,0
1736081037470,2,Update Rental Date,200,OK,Update Rental 3-41,text,true,,11,0,50,100,null,2,0,0
1736081037473,1,Select By Actor_ID,200,OK,Select Actor 1-9,text,true,,82,0,50,100,null,1,0,0
1736081037493,0,Select By Actor_ID,200,OK,Select Actor 1-47,text,true,,80,0,50,100,null,0,0,0
1736081037493,2,Update Rental Date,200,OK,Update Rental 3-22,text,true,,11,0,50,100,null,2,0,0
1736081037500,2,Update Rental Date,200,OK,Update Rental 3-42,text,true,,11,0,50,100,null,2,0,0
1736081037504,2,Update Rental Date,200,OK,Update Rental 3-11,text,true,,11,0,50,100,null,2,0,0
1736081037525,0,Select By Actor_ID,200,OK,Select Actor 1-36,text,true,,81,0,50,100,null,0,0,0
1736081037529,2,Update Rental Date,200,OK,Update Rental 3-38,text,true,,11,0,50,100,null,2,0,0
1736081037537,0,Select By Actor_ID,200,OK,Select Actor 1-23,text,true,,81,0,50,100,null,0,0,0
1736081037548,2,Update Rental Date,200,OK,Update Rental 3-17,text,true,,11,0,50,100,null,2,0,0
1736081037550,0,Select By Actor_ID,200,OK,Select Actor 1-7,text,true,,80,0,50,100,null,0,0,0
1736081037582,0,Select By Actor_ID,200,OK,Select Actor 1-37,text,true,,78,0,50,100,null,0,0,0
1736081037585,0,Select By Actor_ID,200,OK,Select Actor 1-21,text,true,,80,0,50,100,null,0,0,0
1736081037595,2,Update Rental Date,200,OK,Update Rental 3-39,text,true,,11,0,50,100,null,2,0,0
1736081037602,0,Select By Actor_ID,200,OK,Select Actor 1-44,text,true,,83,0,50,100,null,0,0,0
1736081037631,2,Update Rental Date,200,OK,Update Rental 3-20,text,true,,11,0,50,100,null,2,0,0
1736081037652,2,Update Rental Date,200,OK,Update Rental 3-21,text,true,,11,0,50,100,null,2,0,0
1736081037664,2,Update Rental Date,200,OK,Update Rental 3-43,text,true,,11,0,50,100,null,2,0,0
1736081037689,1,Select By Actor_ID,200,OK,Select Actor 1-2,text,true,,81,0,50,100,null,1,0,0
1736081037694,2,Update Rental Date,200,OK,Update Rental 3-31,text,true,,11,0,50,100,null,2,0,0
1736081037734,1,Select By Actor_ID,200,OK,Select Actor 1-34,text,true,,80,0,50,100,null,1,0,0
1736081037739,1,Select By Actor_ID,200,OK,Select Actor 1-32,text,true,,81,0,50,100,null,1,0,0
1736081037741,1,Select By Actor_ID,200,OK,Select Actor 1-22,text,true,,83,0,50,100,null,1,0,0
1736081037740,2,Update Rental Date,200,OK,Update Rental 3-23,text,true,,11,0,50,100,null,2,0,0
1736081037742,1,Select By Actor_ID,200,OK,Select Actor 1-48,text,true,,84,0,50,100,null,1,0,0
1736081037755,1,Select By Actor_ID,200,OK,Select Actor 1-6,text,true,,86,0,50,100,null,1,0,0
1736081037766,1,Select By Actor_ID,200,OK,Select Actor 1-8,text,true,,80,0,50,100,null,1,0,0
1736081037770,2,Update Rental Date,200,OK,Update Rental 3-14,text,true,,11,0,50,100,null,2,0,0
1736081037771,2,Update Rental Date,200,OK,Update Rental 3-50,text,true,,11,0,50,100,null,2,0,0
1736081037777,2,Update Rental Date,200,OK,Update Rental 3-35,text,true,,11,0,50,100,null,2,0,0
1736081037784,1,Select By Actor_ID,200,OK,Select Actor 1-4,text,true,,79,0,50,100,null,1,0,0
1736081037790,1,Select By Actor_ID,200,OK,Select Actor 1-25,text,true,,82,0,50,100,null,1,0,0
1736081037799,1,Select By Actor_ID,200,OK,Select Actor 1-10,text,true,,81,0,50,100,null,1,0,0
1736081037799,1,Select By Actor_ID,200,OK,Select Actor 1-28,text,true,,80,0,50,100,null,1,0,0
1736081037810,2,Update Rental Date,200,OK,Update Rental 3-10,text,true,,11,0,50,100,null,2,0,0
1736081037824,1,Select By Actor_ID,200,OK,Select Actor 1-31,text,true,,81,0,50,100,null,1,0,0
1736081037826,2,Update Rental Date,200,OK,Update Rental 3-19,text,true,,11,0,50,100,null,2,0,0
1736081037839,1,Select By Actor_ID,200,OK,Select Actor 1-49,text,true,,84,0,50,100,null,1,0,0
1736081037839,2,Update Rental Date,200,OK,Update Rental 3-7,text,true,,11,0,50,100,null,2,0,0
1736081037856,1,Select By Actor_ID,200,OK,Select Actor 1-15,text,true,,83,0,50,100,null,1,0,0
1736081037856,1,Select By Actor_ID,200,OK,Select Actor 1-1,text,true,,79,0,50,100,null,1,0,0
1736081037885,2,Update Rental Date,200,OK,Update Rental 3-1,text,true,,11,0,50,100,null,2,0,0
1736081037891,0,Select By Actor_ID,200,OK,Select Actor 1-19,text,true,,81,0,50,100,null,0,0,0
1736081037894,0,Select By Actor_ID,200,OK,Select Actor 1-24,text,true,,81,0,50,100,null,0,0,0
1736081037927,0,Select By Actor_ID,200,OK,Select Actor 1-26,text,true,,82,0,50,100,null,0,0,0
1736081037951,2,Update Rental Date,200,OK,Update Rental 3-47,text,true,,11,0,50,100,null,2,0,0
1736081037961,2,Update Rental Date,200,OK,Update Rental 3-4,text,true,,11,0,50,100,null,2,0,0
1736081037982,0,Select By Actor_ID,200,OK,Select Actor 1-14,text,true,,84,0,50,100,null,0,0,0
1736081038014,0,Select By Actor_ID,200,OK,Select Actor 1-17,text,true,,79,0,50,100,null,0,0,0
1736081038020,0,Select By Actor_ID,200,OK,Select Actor 1-40,text,true,,80,0,50,100,null,0,0,0
1736081038025,0,Select By Actor_ID,200,OK,Select Actor 1-18,text,true,,81,0,50,100,null,0,0,0
1736081038032,1,Update Rental Date,200,OK,Update Rental 3-27,text,true,,11,0,50,100,null,1,0,0
1736081038037,1,Update Rental Date,200,OK,Update Rental 3-15,text,true,,11,0,50,100,null,1,0,0
1736081038047,0,Select By Actor_ID,200,OK,Select Actor 1-50,text,true,,77,0,50,100,null,0,0,0
1736081038063,1,Update Rental Date,200,OK,Update Rental 3-6,text,true,,11,0,50,100,null,1,0,0
1736081038069,0,Select By Actor_ID,200,OK,Select Actor 1-12,text,true,,80,0,50,100,null,0,0,0
1736081038078,0,Select By Actor_ID,200,OK,Select Actor 1-11,text,true,,80,0,50,100,null,0,0,0
1736081038079,1,Update Rental Date,200,OK,Update Rental 3-41,text,true,,11,0,50,100,null,1,0,0
1736081038084,0,Select By Actor_ID,200,OK,Select Actor 1-38,text,true,,81,0,50,100,null,0,0,0
1736081038088,0,Select By Actor_ID,200,OK,Select Actor 1-3,text,true,,80,0,50,100,null,0,0,0
1736081038092,0,Select By Actor_ID,200,OK,Select Actor 1-47,text,true,,79,0,50,100,null,0,0,0
1736081038096,0,Select By Actor_ID,200,OK,Select Actor 1-46,text,true,,79,0,50,100,null,0,0,0
1736081038110,1,Select By Actor_ID,200,OK,Select Actor 1-16,text,true,,82,0,50,100,null,1,0,0
1736081038111,3,Update Rental Date,200,OK,Update Rental 3-16,text,true,,11,0,50,100,null,3,0,0
1736081038126,2,Update Rental Date,200,OK,Update Rental 3-24,text,true,,11,0,50,100,null,2,0,0
1736081038158,1,Select By Actor_ID,200,OK,Select Actor 1-37,text,true,,82,0,50,100,null,1,0,0
1736081038159,2,Update Rental Date,200,OK,Update Rental 3-12,text,true,,11,0,50,100,null,2,0,0
1736081038160,2,Update Rental Date,200,OK,Update Rental 3-33,text,true,,11,0,50,100,null,2,0,0
1736081038178,2,Update Rental Date,200,OK,Update Rental 3-13,text,true,,11,0,50,100,null,2,0,0
1736081038183,2,Update Rental Date,200,OK,Update Rental 3-49,text,true,,11,0,50,100,null,2,0,0
1736081038187,3,Update Rental Date,200,OK,Update Rental 3-5,text,true,,11,0,50,100,null,3,0,0
1736081038203,1,Select By Actor_ID,200,OK,Select Actor 1-5,text,true,,82,0,50,100,null,1,0,0
1736081038214,1,Select By Actor_ID,200,OK,Select Actor 1-45,text,true,,80,0,50,100,null,1,0,0
1736081038218,1,Select By Actor_ID,200,OK,Select Actor 1-33,text,true,,78,0,50,100,null,1,0,0
1736081038234,3,Update Rental Date,200,OK,Update Rental 3-18,text,true,,11,0,50,100,null,3,0,0
1736081038252,1,Select By Actor_ID,200,OK,Select Actor 1-43,text,true,,78,0,50,100,null,1,0,0
1736081038245,17,Update Rental Date,200,OK,Update Rental 3-31,text,true,,11,0,50,100,null,17,0,0
1736081038274,1,Select By Actor_ID,200,OK,Select Actor 1-27,text,true,,80,0,50,100,null,1,0,0
1736081038274,2,Update Rental Date,200,OK,Update Rental 3-26,text,true,,11,0,50,100,null,2,0,0
1736081038275,2,Update Rental Date,200,OK,Update Rental 3-14,text,true,,11,0,50,100,null,2,0,0
1736081038279,1,Select By Actor_ID,200,OK,Select Actor 1-36,text,true,,79,0,50,100,null,0,0,0
1736081038286,2,Update Rental Date,200,OK,Update Rental 3-44,text,true,,11,0,50,100,null,2,0,0
1736081038287,2,Update Rental Date,200,OK,Update Rental 3-45,text,true,,11,0,50,100,null,2,0,0
1736081038294,0,Select By Actor_ID,200,OK,Select Actor 1-20,text,true,,82,0,50,100,null,0,0,0
1736081038292,3,Update Rental Date,200,OK,Update Rental 3-8,text,true,,11,0,50,100,null,3,0,0
1736081038293,3,Update Rental Date,200,OK,Update Rental 3-30,text,true,,11,0,50,100,null,3,0,0
1736081038309,2,Update Rental Date,200,OK,Update Rental 3-43,text,true,,11,0,50,100,null,2,0,0
1736081038326,1,Select By Actor_ID,200,OK,Select Actor 1-32,text,true,,79,0,50,100,null,0,0,0
1736081038331,2,Update Rental Date,200,OK,Update Rental 3-3,text,true,,11,0,50,100,null,2,0,0
1736081038358,1,Select By Actor_ID,200,OK,Select Actor 1-9,text,true,,88,0,50,100,null,1,0,0
1736081038377,0,Select By Actor_ID,200,OK,Select Actor 1-39,text,true,,84,0,50,100,null,0,0,0
1736081038379,2,Update Rental Date,200,OK,Update Rental 3-36,text,true,,11,0,50,100,null,2,0,0
1736081038386,2,Update Rental Date,200,OK,Update Rental 3-32,text,true,,11,0,50,100,null,1,0,0
1736081038386,2,Update Rental Date,200,OK,Update Rental 3-28,text,true,,11,0,50,100,null,1,0,0
1736081038394,0,Select By Actor_ID,200,OK,Select Actor 1-49,text,true,,81,0,50,100,null,0,0,0
1736081038402,0,Select By Actor_ID,200,OK,Select Actor 1-41,text,true,,83,0,50,100,null,0,0,0
1736081038413,0,Select By Actor_ID,200,OK,Select Actor 1-28,text,true,,80,0,50,100,null,0,0,0
1736081038420,2,Update Rental Date,200,OK,Update Rental 3-25,text,true,,11,0,50,100,null,1,0,0
1736081038421,1,Update Rental Date,200,OK,Update Rental 3-2,text,true,,11,0,50,100,null,1,0,0
1736081038425,1,Update Rental Date,200,OK,Update Rental 3-29,text,true,,11,0,50,100,null,1,0,0
1736081038440,2,Update Rental Date,200,OK,Update Rental 3-40,text,true,,11,0,50,100,null,2,0,0
1736081038477,3,Update Rental Date,200,OK,Update Rental 3-48,text,true,,11,0,50,100,null,3,0,0
1736081038479,2,Update Rental Date,200,OK,Update Rental 3-17,text,true,,11,0,50,100,null,2,0,0
1736081038499,2,Update Rental Date,200,OK,Update Rental 3-42,text,true,,11,0,50,100,null,2,0,0
1736081038514,4,Update Rental Date,200,OK,Update Rental 3-23,text,true,,11,0,50,100,null,4,0,0
1736081038521,1,Select By Actor_ID,200,OK,Select Actor 1-42,text,true,,84,0,50,100,null,1,0,0
1736081038535,1,Select By Actor_ID,200,OK,Select Actor 1-7,text,true,,83,0,50,100,null,1,0,0
1736081038535,1,Select By Actor_ID,200,OK,Select Actor 1-8,text,true,,80,0,50,100,null,1,0,0
1736081038535,2,Update Rental Date,200,OK,Update Rental 3-11,text,true,,11,0,50,100,null,2,0,0
1736081038539,2,Update Rental Date,200,OK,Update Rental 3-10,text,true,,11,0,50,100,null,2,0,0
1736081038567,1,Select By Actor_ID,200,OK,Select Actor 1-35,text,true,,86,0,50,100,null,1,0,0
1736081038622,2,Update Rental Date,200,OK,Update Rental 3-35,text,true,,11,0,50,100,null,2,0,0
1736081038623,2,Update Rental Date,200,OK,Update Rental 3-46,text,true,,11,0,50,100,null,2,0,0
1736081038628,2,Update Rental Date,200,OK,Update Rental 3-34,text,true,,11,0,50,100,null,2,0,0
1736081038638,2,Update Rental Date,200,OK,Update Rental 3-38,text,true,,11,0,50,100,null,2,0,0
1736081038653,0,Select By Actor_ID,200,OK,Select Actor 1-14,text,true,,81,0,50,100,null,0,0,0
1736081038700,0,Select By Actor_ID,200,OK,Select Actor 1-30,text,true,,80,0,50,100,null,0,0,0
1736081038703,2,Update Rental Date,200,OK,Update Rental 3-16,text,true,,11,0,50,100,null,2,0,0
1736081038705,2,Update Rental Date,200,OK,Update Rental 3-41,text,true,,11,0,50,100,null,2,0,0
1736081038716,0,Select By Actor_ID,200,OK,Select Actor 1-18,text,true,,80,0,50,100,null,0,0,0
1736081038742,0,Select By Actor_ID,200,OK,Select Actor 1-13,text,true,,81,0,50,100,null,0,0,0
1736081038756,0,Select By Actor_ID,200,OK,Select Actor 1-50,text,true,,79,0,50,100,null,0,0,0
1736081038757,2,Update Rental Date,200,OK,Update Rental 3-50,text,true,,11,0,50,100,null,2,0,0
1736081038760,1,Update Rental Date,200,OK,Update Rental 3-37,text,true,,11,0,50,100,null,1,0,0
1736081038766,0,Select By Actor_ID,200,OK,Select Actor 1-34,text,true,,80,0,50,100,null,0,0,0
1736081038772,0,Select By Actor_ID,200,OK,Select Actor 1-29,text,true,,83,0,50,100,null,0,0,0
1736081038793,0,Select By Actor_ID,200,OK,Select Actor 1-2,text,true,,81,0,50,100,null,0,0,0
1736081038815,0,Select By Actor_ID,200,OK,Select Actor 1-19,text,true,,88,0,50,100,null,0,0,0
1736081038850,1,Select By Actor_ID,200,OK,Select Actor 1-1,text,true,,85,0,50,100,null,1,0,0
1736081038856,3,Update Rental Date,200,OK,Update Rental 3-9,text,true,,11,0,50,100,null,3,0,0
1736081038862,3,Update Rental Date,200,OK,Update Rental 3-33,text,true,,11,0,50,100,null,3,0,0
1736081038864,1,Select By Actor_ID,200,OK,Select Actor 1-44,text,true,,79,0,50,100,null,1,0,0
1736081038869,1,Select By Actor_ID,200,OK,Select Actor 1-15,text,true,,79,0,50,100,null,1,0,0
1736081038870,2,Update Rental Date,200,OK,Update Rental 3-22,text,true,,11,0,50,100,null,2,0,0
1736081038881,1,Select By Actor_ID,200,OK,Select Actor 1-21,text,true,,86,0,50,100,null,1,0,0
1736081038884,1,Select By Actor_ID,200,OK,Select Actor 1-3,text,true,,79,0,50,100,null,1,0,0
1736081038886,3,Update Rental Date,200,OK,Update Rental 3-39,text,true,,11,0,50,100,null,3,0,0
1736081038894,1,Select By Actor_ID,200,OK,Select Actor 1-45,text,true,,83,0,50,100,null,1,0,0
1736081038896,1,Select By Actor_ID,200,OK,Select Actor 1-22,text,true,,83,0,50,100,null,1,0,0
1736081038902,1,Select By Actor_ID,200,OK,Select Actor 1-23,text,true,,80,0,50,100,null,1,0,0
1736081038902,1,Select By Actor_ID,200,OK,Select Actor 1-41,text,true,,80,0,50,100,null,1,0,0
1736081038913,1,Select By Actor_ID,200,OK,Select Actor 1-5,text,true,,83,0,50,100,null,1,0,0
1736081038924,1,Select By Actor_ID,200,OK,Select Actor 1-26,text,true,,81,0,50,100,null,1,0,0
1736081038932,2,Update Rental Date,200,OK,Update Rental 3-2,text,true,,11,0,50,100,null,2,0,0
1736081038935,1,Select By Actor_ID,200,OK,Select Actor 1-25,text,true,,82,0,50,100,null,1,0,0
1736081038937,2,Update Rental Date,200,OK,Update Rental 3-43,text,true,,11,0,50,100,null,2,0,0
1736081038940,2,Update Rental Date,200,OK,Update Rental 3-3,text,true,,11,0,50,100,null,2,0,0
1736081038967,1,Select By Actor_ID,200,OK,Select Actor 1-4,text,true,,78,0,50,100,null,1,0,0
1736081038977,1,Select By Actor_ID,200,OK,Select Actor 1-10,text,true,,82,0,50,100,null,0,0,0
1736081038982,1,Select By Actor_ID,200,OK,Select Actor 1-9,text,true,,81,0,50,100,null,1,0,0
1736081038998,1,Select By Actor_ID,200,OK,Select Actor 1-20,text,true,,82,0,50,100,null,1,0,0
1736081038997,2,Update Rental Date,200,OK,Update Rental 3-20,text,true,,11,0,50,100,null,2,0,0
1736081039006,0,Select By Actor_ID,200,OK,Select Actor 1-40,text,true,,81,0,50,100,null,0,0,0
1736081039009,0,Select By Actor_ID,200,OK,Select Actor 1-6,text,true,,83,0,50,100,null,0,0,0
1736081039018,2,Update Rental Date,200,OK,Update Rental 3-4,text,true,,11,0,50,100,null,2,0,0
1736081039059,2,Update Rental Date,200,OK,Update Rental 3-36,text,true,,11,0,50,100,null,2,0,0
1736081039063,0,Select By Actor_ID,200,OK,Select Actor 1-24,text,true,,77,0,50,100,null,0,0,0
1736081039068,2,Update Rental Date,200,OK,Update Rental 3-42,text,true,,11,0,50,100,null,2,0,0
1736081039070,0,Select By Actor_ID,200,OK,Select Actor 1-8,text,true,,80,0,50,100,null,0,0,0
1736081039071,0,Select By Actor_ID,200,OK,Select Actor 1-47,text,true,,79,0,50,100,null,0,0,0
1736081039082,2,Update Rental Date,200,OK,Update Rental 3-21,text,true,,11,0,50,100,null,2,0,0
1736081039086,0,Select By Actor_ID,200,OK,Select Actor 1-28,text,true,,81,0,50,100,null,0,0,0
1736081039092,0,Select By Actor_ID,200,OK,Select Actor 1-36,text,true,,79,0,50,100,null,0,0,0
1736081039095,0,Select By Actor_ID,200,OK,Select Actor 1-43,text,true,,79,0,50,100,null,0,0,0
1736081039118,0,Select By Actor_ID,200,OK,Select Actor 1-11,text,true,,80,0,50,100,null,0,0,0
1736081039117,2,Update Rental Date,200,OK,Update Rental 3-29,text,true,,11,0,50,100,null,2,0,0
1736081039120,1,Select By Actor_ID,200,OK,Select Actor 1-27,text,true,,80,0,50,100,null,1,0,0
1736081039122,2,Update Rental Date,200,OK,Update Rental 3-24,text,true,,11,0,50,100,null,2,0,0
1736081039131,1,Select By Actor_ID,200,OK,Select Actor 1-48,text,true,,80,0,50,100,null,1,0,0
1736081039132,1,Select By Actor_ID,200,OK,Select Actor 1-16,text,true,,78,0,50,100,null,1,0,0
1736081039162,2,Update Rental Date,200,OK,Update Rental 3-7,text,true,,11,0,50,100,null,2,0,0
1736081039163,2,Update Rental Date,200,OK,Update Rental 3-15,text,true,,11,0,50,100,null,2,0,0
1736081039180,1,Select By Actor_ID,200,OK,Select Actor 1-39,text,true,,81,0,50,100,null,0,0,0
1736081039179,2,Update Rental Date,200,OK,Update Rental 3-40,text,true,,11,0,50,100,null,2,0,0
1736081039193,2,Update Rental Date,200,OK,Update Rental 3-1,text,true,,11,0,50,100,null,2,0,0
1736081039197,2,Update Rental Date,200,OK,Update Rental 3-18,text,true,,11,0,50,100,null,2,0,0
1736081039203,2,Update Rental Date,200,OK,Update Rental 3-45,text,true,,11,0,50,100,null,2,0,0
1736081039220,0,Select By Actor_ID,200,OK,Select Actor 1-49,text,true,,81,0,50,100,null,0,0,0
1736081039240,1,Update Rental Date,200,OK,Update Rental 3-48,text,true,,11,0,50,100,null,1,0,0
1736081039246,1,Update Rental Date,200,OK,Update Rental 3-27,text,true,,11,0,50,100,null,1,0,0
1736081039248,1,Update Rental Date,200,OK,Update Rental 3-31,text,true,,11,0,50,100,null,1,0,0
1736081039256,1,Update Rental Date,200,OK,Update Rental 3-11,text,true,,11,0,50,100,null,1,0,0
1736081039266,0,Select By Actor_ID,200,OK,Select Actor 1-12,text,true,,76,0,50,100,null,0,0,0
1736081039267,2,Update Rental Date,200,OK,Update Rental 3-19,text,true,,11,0,50,100,null,2,0,0
1736081039299,3,Update Rental Date,200,OK,Update Rental 3-28,text,true,,11,0,50,100,null,3,0,0
1736081039301,2,Update Rental Date,200,OK,Update Rental 3-12,text,true,,11,0,50,100,null,2,0,0
1736081039313,1,Select By Actor_ID,200,OK,Select Actor 1-17,text,true,,78,0,50,100,null,1,0,0
1736081039317,1,Select By Actor_ID,200,OK,Select Actor 1-31,text,true,,83,0,50,100,null,1,0,0
1736081039344,2,Update Rental Date,200,OK,Update Rental 3-8,text,true,,11,0,50,100,null,2,0,0
1736081039348,1,Select By Actor_ID,200,OK,Select Actor 1-37,text,true,,79,0,50,100,null,1,0,0
1736081039352,2,Update Rental Date,200,OK,Update Rental 3-30,text,true,,11,0,50,100,null,2,0,0
1736081039375,2,Update Rental Date,200,OK,Update Rental 3-47,text,true,,11,0,50,100,null,2,0,0
1736081039384,3,Update Rental Date,200,OK,Update Rental 3-26,text,true,,11,0,50,100,null,3,0,0
1736081039417,2,Update Rental Date,200,OK,Update Rental 3-49,text,true,,11,0,50,100,null,2,0,0
1736081039437,2,Update Rental Date,200,OK,Update Rental 3-2,text,true,,11,0,50,100,null,2,0,0
1736081039447,2,Update Rental Date,200,OK,Update Rental 3-6,text,true,,11,0,50,100,null,2,0,0
1736081039458,0,Select By Actor_ID,200,OK,Select Actor 1-35,text,true,,82,0,50,100,null,0,0,0
1736081039471,2,Update Rental Date,200,OK,Update Rental 3-44,text,true,,11,0,50,100,null,2,0,0
1736081039493,0,Select By Actor_ID,200,OK,Select Actor 1-45,text,true,,78,0,50,100,null,0,0,0
1736081039507,2,Update Rental Date,200,OK,Update Rental 3-5,text,true,,11,0,50,100,null,2,0,0
1736081039512,0,Select By Actor_ID,200,OK,Select Actor 1-50,text,true,,79,0,50,100,null,0,0,0
1736081039548,0,Select By Actor_ID,200,OK,Select Actor 1-42,text,true,,85,0,50,100,null,0,0,0
1736081039549,0,Select By Actor_ID,200,OK,Select Actor 1-46,text,true,,80,0,50,100,null,0,0,0
1736081039565,0,Select By Actor_ID,200,OK,Select Actor 1-38,text,true,,84,0,50,100,null,0,0,0
1736081039570,0,Select By Actor_ID,200,OK,Select Actor 1-21,text,true,,80,0,50,100,null,0,0,0
1736081039598,1,Update Rental Date,200,OK,Update Rental 3-14,text,true,,11,0,50,100,null,1,0,0
1736081039620,1,Update Rental Date,200,OK,Update Rental 3-38,text,true,,11,0,50,100,null,1,0,0
1736081039641,1,Update Rental Date,200,OK,Update Rental 3-13,text,true,,11,0,50,100,null,1,0,0
1736081039644,1,Update Rental Date,200,OK,Update Rental 3-17,text,true,,11,0,50,100,null,1,0,0
1736081039644,2,Update Rental Date,200,OK,Update Rental 3-34,text,true,,11,0,50,100,null,2,0,0
1736081039649,0,Select By Actor_ID,200,OK,Select Actor 1-33,text,true,,80,0,50,100,null,0,0,0
1736081039650,2,Update Rental Date,200,OK,Update Rental 3-32,text,true,,11,0,50,100,null,2,0,0
1736081039662,1,Select By Actor_ID,200,OK,Select Actor 1-4,text,true,,78,0,50,100,null,1,0,0
1736081039670,1,Select By Actor_ID,200,OK,Select Actor 1-18,text,true,,84,0,50,100,null,1,0,0
1736081039674,1,Select By Actor_ID,200,OK,Select Actor 1-14,text,true,,80,0,50,100,null,1,0,0
1736081039685,1,Select By Actor_ID,200,OK,Select Actor 1-32,text,true,,79,0,50,100,null,1,0,0
1736081039699,2,Update Rental Date,200,OK,Update Rental 3-21,text,true,,11,0,50,100,null,2,0,0
1736081039712,2,Update Rental Date,200,OK,Update Rental 3-23,text,true,,11,0,50,100,null,2,0,0
1736081039719,1,Select By Actor_ID,200,OK,Select Actor 1-7,text,true,,82,0,50,100,null,1,0,0
1736081039744,2,Update Rental Date,200,OK,Update Rental 3-35,text,true,,11,0,50,100,null,2,0,0
1736081039766,2,Update Rental Date,200,OK,Update Rental 3-16,text,true,,11,0,50,100,null,2,0,0
1736081039768,1,Select By Actor_ID,200,OK,Select Actor 1-9,text,true,,81,0,50,100,null,0,0,0
1736081039771,1,Select By Actor_ID,200,OK,Select Actor 1-3,text,true,,82,0,50,100,null,1,0,0
1736081039773,0,Select By Actor_ID,200,OK,Select Actor 1-48,text,true,,82,0,50,100,null,0,0,0
1736081039782,0,Select By Actor_ID,200,OK,Select Actor 1-19,text,true,,76,0,50,100,null,0,0,0
1736081039786,0,Select By Actor_ID,200,OK,Select Actor 1-34,text,true,,81,0,50,100,null,0,0,0
1736081039809,2,Update Rental Date,200,OK,Update Rental 3-3,text,true,,11,0,50,100,null,2,0,0
1736081039826,2,Update Rental Date,200,OK,Update Rental 3-43,text,true,,11,0,50,100,null,2,0,0
1736081039830,2,Update Rental Date,200,OK,Update Rental 3-12,text,true,,11,0,50,100,null,2,0,0
1736081039836,2,Update Rental Date,200,OK,Update Rental 3-15,text,true,,11,0,50,100,null,2,0,0
1736081039846,1,Select By Actor_ID,200,OK,Select Actor 1-6,text,true,,78,0,50,100,null,1,0,0
1736081039846,2,Update Rental Date,200,OK,Update Rental 3-24,text,true,,11,0,50,100,null,2,0,0
1736081039848,1,Select By Actor_ID,200,OK,Select Actor 1-23,text,true,,81,0,50,100,null,0,0,0
1736081039870,2,Update Rental Date,200,OK,Update Rental 3-25,text,true,,11,0,50,100,null,2,0,0
1736081039881,0,Select By Actor_ID,200,OK,Select Actor 1-20,text,true,,81,0,50,100,null,0,0,0
1736081039889,2,Update Rental Date,200,OK,Update Rental 3-46,text,true,,11,0,50,100,null,2,0,0
1736081039891,1,Update Rental Date,200,OK,Update Rental 3-28,text,true,,11,0,50,100,null,1,0,0
1736081039900,1,Update Rental Date,200,OK,Update Rental 3-10,text,true,,11,0,50,100,null,1,0,0
1736081039911,0,Select By Actor_ID,200,OK,Select Actor 1-5,text,true,,81,0,50,100,null,0,0,0
1736081039928,1,Update Rental Date,200,OK,Update Rental 3-4,text,true,,11,0,50,100,null,1,0,0
1736081039951,1,Update Rental Date,200,OK,Update Rental 3-7,text,true,,11,0,50,100,null,1,0,0
1736081039958,1,Select By Actor_ID,200,OK,Select Actor 1-43,text,true,,79,0,50,100,null,1,0,0
1736081039963,2,Update Rental Date,200,OK,Update Rental 3-41,text,true,,11,0,50,100,null,2,0,0
1736081039974,0,Select By Actor_ID,200,OK,Select Actor 1-1,text,true,,79,0,50,100,null,0,0,0
1736081039989,0,Select By Actor_ID,200,OK,Select Actor 1-35,text,true,,82,0,50,100,null,0,0,0
1736081039990,1,Update Rental Date,200,OK,Update Rental 3-50,text,true,,11,0,50,100,null,1,0,0
1736081039996,0,Select By Actor_ID,200,OK,Select Actor 1-10,text,true,,84,0,50,100,null,0,0,0
1736081039997,1,Update Rental Date,200,OK,Update Rental 3-19,text,true,,11,0,50,100,null,1,0,0
1736081040001,1,Update Rental Date,200,OK,Update Rental 3-47,text,true,,11,0,50,100,null,1,0,0
1736081040001,2,Update Rental Date,200,OK,Update Rental 3-8,text,true,,11,0,50,100,null,2,0,0
1736081040008,0,Select By Actor_ID,200,OK,Select Actor 1-8,text,true,,80,0,50,100,null,0,0,0
1736081040034,1,Select By Actor_ID,200,OK,Select Actor 1-30,text,true,,80,0,50,100,null,1,0,0
1736081040056,2,Update Rental Date,200,OK,Update Rental 3-5,text,true,,11,0,50,100,null,2,0,0
1736081040060,1,Select By Actor_ID,200,OK,Select Actor 1-49,text,true,,83,0,50,100,null,1,0,0
1736081040073,2,Update Rental Date,200,OK,Update Rental 3-29,text,true,,11,0,50,100,null,2,0,0
1736081040088,3,Update Rental Date,200,OK,Update Rental 3-22,text,true,,11,0,50,100,null,2,0,0
1736081040102,1,Select By Actor_ID,200,OK,Select Actor 1-28,text,true,,80,0,50,100,null,1,0,0
1736081040113,2,Update Rental Date,200,OK,Update Rental 3-11,text,true,,11,0,50,100,null,2,0,0
1736081040137,2,Update Rental Date,200,OK,Update Rental 3-33,text,true,,11,0,50,100,null,2,0,0
1736081040140,1,Select By Actor_ID,200,OK,Select Actor 1-38,text,true,,84,0,50,100,null,0,0,0
1736081040144,1,Select By Actor_ID,200,OK,Select Actor 1-22,text,true,,80,0,50,100,null,0,0,0
1736081040154,1,Select By Actor_ID,200,OK,Select Actor 1-26,text,true,,80,0,50,100,null,0,0,0
1736081040155,0,Select By Actor_ID,200,OK,Select Actor 1-13,text,true,,79,0,50,100,null,0,0,0
1736081040163,2,Update Rental Date,200,OK,Update Rental 3-27,text,true,,11,0,50,100,null,2,0,0
1736081040169,2,Update Rental Date,200,OK,Update Rental 3-37,text,true,,11,0,50,100,null,2,0,0
1736081040171,0,Select By Actor_ID,200,OK,Select Actor 1-25,text,true,,83,0,50,100,null,0,0,0
1736081040172,0,Select By Actor_ID,200,OK,Select Actor 1-27,text,true,,82,0,50,100,null,0,0,0
1736081040187,0,Select By Actor_ID,200,OK,Select Actor 1-2,text,true,,78,0,50,100,null,0,0,0
1736081040191,0,Select By Actor_ID,200,OK,Select Actor 1-36,text,true,,83,0,50,100,null,0,0,0
1736081040191,0,Select By Actor_ID,200,OK,Select Actor 1-41,text,true,,81,0,50,100,null,0,0,0
1736081040203,0,Select By Actor_ID,200,OK,Select Actor 1-44,text,true,,76,0,50,100,null,0,0,0
1736081040207,1,Select By Actor_ID,200,OK,Select Actor 1-29,text,true,,81,0,50,100,null,0,0,0
1736081040233,2,Update Rental Date,200,OK,Update Rental 3-30,text,true,,11,0,50,100,null,2,0,0
1736081040238,2,Update Rental Date,200,OK,Update Rental 3-39,text,true,,11,0,50,100,null,2,0,0
1736081040243,2,Update Rental Date,200,OK,Update Rental 3-9,text,true,,11,0,50,100,null,2,0,0
1736081040246,2,Update Rental Date,200,OK,Update Rental 3-44,text,true,,11,0,50,100,null,2,0,0
1736081040249,2,Update Rental Date,200,OK,Update Rental 3-1,text,true,,11,0,50,100,null,2,0,0
1736081040260,1,Update Rental Date,200,OK,Update Rental 3-35,text,true,,11,0,50,100,null,1,0,0
1736081040274,2,Update Rental Date,200,OK,Update Rental 3-48,text,true,,11,0,50,100,null,2,0,0
1736081040275,2,Update Rental Date,200,OK,Update Rental 3-20,text,true,,11,0,50,100,null,2,0,0
1736081040291,0,Select By Actor_ID,200,OK,Select Actor 1-16,text,true,,82,0,50,100,null,0,0,0
1736081040292,0,Select By Actor_ID,200,OK,Select Actor 1-48,text,true,,84,0,50,100,null,0,0,0
1736081040316,0,Select By Actor_ID,200,OK,Select Actor 1-21,text,true,,82,0,50,100,null,0,0,0
1736081040324,0,Select By Actor_ID,200,OK,Select Actor 1-47,text,true,,81,0,50,100,null,0,0,0
1736081040324,0,Select By Actor_ID,200,OK,Select Actor 1-11,text,true,,78,0,50,100,null,0,0,0
1736081040324,2,Update Rental Date,200,OK,Update Rental 3-16,text,true,,11,0,50,100,null,2,0,0
1736081040324,2,Update Rental Date,200,OK,Update Rental 3-45,text,true,,11,0,50,100,null,2,0,0
1736081040328,1,Update Rental Date,200,OK,Update Rental 3-42,text,true,,11,0,50,100,null,1,0,0
1736081040357,0,Select By Actor_ID,200,OK,Select Actor 1-37,text,true,,77,0,50,100,null,0,0,0
1736081040358,0,Select By Actor_ID,200,OK,Select Actor 1-15,text,true,,80,0,50,100,null,0,0,0
1736081040374,2,Update Rental Date,200,OK,Update Rental 3-13,text,true,,11,0,50,100,null,2,0,0
1736081040384,1,Update Rental Date,200,OK,Update Rental 3-18,text,true,,11,0,50,100,null,1,0,0
1736081040395,3,Update Rental Date,200,OK,Update Rental 3-36,text,true,,11,0,50,100,null,3,0,0
1736081040402,2,Update Rental Date,200,OK,Update Rental 3-34,text,true,,11,0,50,100,null,2,0,0
1736081040411,1,Select By Actor_ID,200,OK,Select Actor 1-40,text,true,,85,0,50,100,null,1,0,0
1736081040412,1,Select By Actor_ID,200,OK,Select Actor 1-17,text,true,,80,0,50,100,null,1,0,0
1736081040441,1,Select By Actor_ID,200,OK,Select Actor 1-6,text,true,,79,0,50,100,null,1,0,0
1736081040462,1,Select By Actor_ID,200,OK,Select Actor 1-42,text,true,,81,0,50,100,null,1,0,0
1736081040492,2,Update Rental Date,200,OK,Update Rental 3-49,text,true,,11,0,50,100,null,2,0,0
1736081040496,2,Update Rental Date,200,OK,Update Rental 3-2,text,true,,11,0,50,100,null,2,0,0
1736081040506,1,Select By Actor_ID,200,OK,Select Actor 1-3,text,true,,83,0,50,100,null,1,0,0
1736081040533,2,Update Rental Date,200,OK,Update Rental 3-40,text,true,,11,0,50,100,null,2,0,0
1736081040562,0,Select By Actor_ID,200,OK,Select Actor 1-24,text,true,,78,0,50,100,null,0,0,0
1736081040565,2,Update Rental Date,200,OK,Update Rental 3-17,text,true,,11,0,50,100,null,2,0,0
1736081040568,0,Select By Actor_ID,200,OK,Select Actor 1-4,text,true,,80,0,50,100,null,0,0,0
1736081040568,0,Select By Actor_ID,200,OK,Select Actor 1-31,text,true,,79,0,50,100,null,0,0,0
1736081040578,0,Select By Actor_ID,200,OK,Select Actor 1-8,text,true,,80,0,50,100,null,0,0,0
1736081040587,1,Update Rental Date,200,OK,Update Rental 3-21,text,true,,11,0,50,100,null,1,0,0
1736081040608,0,Select By Actor_ID,200,OK,Select Actor 1-39,text,true,,83,0,50,100,null,0,0,0
1736081040641,1,Select By Actor_ID,200,OK,Select Actor 1-12,text,true,,81,0,50,100,null,1,0,0
1736081040643,2,Update Rental Date,200,OK,Update Rental 3-31,text,true,,11,0,50,100,null,2,0,0
1736081040654,2,Update Rental Date,200,OK,Update Rental 3-4,text,true,,11,0,50,100,null,2,0,0
1736081040660,1,Select By Actor_ID,200,OK,Select Actor 1-46,text,true,,84,0,50,100,null,1,0,0
1736081040723,1,Select By Actor_ID,200,OK,Select Actor 1-10,text,true,,81,0,50,100,null,1,0,0
1736081040730,2,Update Rental Date,200,OK,Update Rental 3-7,text,true,,11,0,50,100,null,2,0,0
1736081040736,2,Update Rental Date,200,OK,Update Rental 3-30,text,true,,11,0,50,100,null,2,0,0
1736081040758,0,Select By Actor_ID,200,OK,Select Actor 1-2,text,true,,80,0,50,100,null,0,0,0
1736081040766,0,Select By Actor_ID,200,OK,Select Actor 1-9,text,true,,78,0,50,100,null,0,0,0
1736081040767,0,Select By Actor_ID,200,OK,Select Actor 1-29,text,true,,81,0,50,100,null,0,0,0
1736081040780,3,Update Rental Date,200,OK,Update Rental 3-43,text,true,,11,0,50,100,null,3,0,0
1736081040785,1,Update Rental Date,200,OK,Update Rental 3-20,text,true,,11,0,50,100,null,1,0,0
1736081040792,0,Select By Actor_ID,200,OK,Select Actor 1-41,text,true,,83,0,50,100,null,0,0,0
1736081040798,1,Update Rental Date,200,OK,Update Rental 3-38,text,true,,11,0,50,100,null,1,0,0
1736081040803,1,Update Rental Date,200,OK,Update Rental 3-26,text,true,,11,0,50,100,null,1,0,0
1736081040805,0,Select By Actor_ID,200,OK,Select Actor 1-49,text,true,,83,0,50,100,null,0,0,0
1736081040810,2,Update Rental Date,200,OK,Update Rental 3-22,text,true,,11,0,50,100,null,2,0,0
1736081040817,2,Update Rental Date,200,OK,Update Rental 3-47,text,true,,11,0,50,100,null,2,0,0
1736081040831,2,Update Rental Date,200,OK,Update Rental 3-33,text,true,,11,0,50,100,null,2,0,0
1736081040836,2,Update Rental Date,200,OK,Update Rental 3-50,text,true,,11,0,50,100,null,2,0,0
1736081040839,2,Update Rental Date,200,OK,Update Rental 3-23,text,true,,11,0,50,100,null,2,0,0
1736081040847,2,Update Rental Date,200,OK,Update Rental 3-37,text,true,,11,0,50,100,null,2,0,0
1736081040851,2,Update Rental Date,200,OK,Update Rental 3-27,text,true,,11,0,50,100,null,2,0,0
1736081040854,2,Update Rental Date,200,OK,Update Rental 3-6,text,true,,11,0,50,100,null,2,0,0
1736081040865,1,Select By Actor_ID,200,OK,Select Actor 1-14,text,true,,83,0,50,100,null,1,0,0
1736081040876,2,Update Rental Date,200,OK,Update Rental 3-39,text,true,,11,0,50,100,null,2,0,0
1736081040878,1,Select By Actor_ID,200,OK,Select Actor 1-33,text,true,,77,0,50,100,null,1,0,0
1736081040894,1,Select By Actor_ID,200,OK,Select Actor 1-7,text,true,,80,0,50,100,null,1,0,0
1736081040894,1,Select By Actor_ID,200,OK,Select Actor 1-50,text,true,,79,0,50,100,null,1,0,0
1736081040904,2,Update Rental Date,200,OK,Update Rental 3-32,text,true,,11,0,50,100,null,2,0,0
1736081040919,1,Select By Actor_ID,200,OK,Select Actor 1-20,text,true,,80,0,50,100,null,1,0,0
1736081040922,1,Select By Actor_ID,200,OK,Select Actor 1-25,text,true,,83,0,50,100,null,1,0,0
1736081040925,1,Select By Actor_ID,200,OK,Select Actor 1-11,text,true,,84,0,50,100,null,1,0,0
1736081040926,2,Update Rental Date,200,OK,Update Rental 3-5,text,true,,11,0,50,100,null,2,0,0
1736081040928,1,Select By Actor_ID,200,OK,Select Actor 1-45,text,true,,83,0,50,100,null,1,0,0
1736081040934,2,Update Rental Date,200,OK,Update Rental 3-29,text,true,,11,0,50,100,null,2,0,0
1736081040940,1,Select By Actor_ID,200,OK,Select Actor 1-1,text,true,,84,0,50,100,null,1,0,0
1736081040950,2,Update Rental Date,200,OK,Update Rental 3-10,text,true,,11,0,50,100,null,2,0,0
1736081040971,2,Update Rental Date,200,OK,Update Rental 3-3,text,true,,11,0,50,100,null,2,0,0
1736081040984,2,Update Rental Date,200,OK,Update Rental 3-15,text,true,,11,0,50,100,null,2,0,0
1736081040986,0,Select By Actor_ID,200,OK,Select Actor 1-15,text,true,,77,0,50,100,null,0,0,0
1736081040995,2,Update Rental Date,200,OK,Update Rental 3-44,text,true,,11,0,50,100,null,2,0,0
1736081041001,0,Select By Actor_ID,200,OK,Select Actor 1-18,text,true,,82,0,50,100,null,0,0,0
1736081041016,2,Update Rental Date,200,OK,Update Rental 3-19,text,true,,11,0,50,100,null,2,0,0
1736081041031,2,Update Rental Date,200,OK,Update Rental 3-16,text,true,,11,0,50,100,null,2,0,0
1736081041044,2,Update Rental Date,200,OK,Update Rental 3-14,text,true,,11,0,50,100,null,2,0,0
1736081041046,0,Select By Actor_ID,200,OK,Select Actor 1-6,text,true,,81,0,50,100,null,0,0,0
1736081041050,2,Update Rental Date,200,OK,Update Rental 3-9,text,true,,11,0,50,100,null,2,0,0
1736081041076,0,Select By Actor_ID,200,OK,Select Actor 1-47,text,true,,83,0,50,100,null,0,0,0
1736081041077,0,Select By Actor_ID,200,OK,Select Actor 1-26,text,true,,80,0,50,100,null,0,0,0
1736081041087,2,Update Rental Date,200,OK,Update Rental 3-12,text,true,,11,0,50,100,null,2,0,0
1736081041087,2,Update Rental Date,200,OK,Update Rental 3-11,text,true,,11,0,50,100,null,2,0,0
1736081041102,0,Select By Actor_ID,200,OK,Select Actor 1-35,text,true,,78,0,50,100,null,0,0,0
1736081041110,0,Select By Actor_ID,200,OK,Select Actor 1-19,text,true,,80,0,50,100,null,0,0,0
1736081041110,2,Update Rental Date,200,OK,Update Rental 3-46,text,true,,11,0,50,100,null,2,0,0
1736081041124,0,Select By Actor_ID,200,OK,Select Actor 1-17,text,true,,82,0,50,100,null,0,0,0
1736081041131,0,Select By Actor_ID,200,OK,Select Actor 1-32,text,true,,78,0,50,100,null,0,0,0
1736081041135,0,Select By Actor_ID,200,OK,Select Actor 1-37,text,true,,79,0,50,100,null,0,0,0
1736081041141,0,Select By Actor_ID,200,OK,Select Actor 1-40,text,true,,81,0,50,100,null,0,0,0
1736081041173,4,Update Rental Date,200,OK,Update Rental 3-2,text,true,,11,0,50,100,null,4,0,0
1736081041178,1,Update Rental Date,200,OK,Update Rental 3-41,text,true,,11,0,50,100,null,1,0,0
1736081041181,0,Select By Actor_ID,200,OK,Select Actor 1-28,text,true,,79,0,50,100,null,0,0,0
1736081041203,1,Select By Actor_ID,200,OK,Select Actor 1-34,text,true,,81,0,50,100,null,1,0,0
1736081041202,3,Update Rental Date,200,OK,Update Rental 3-18,text,true,,11,0,50,100,null,3,0,0
1736081041218,2,Update Rental Date,200,OK,Update Rental 3-25,text,true,,11,0,50,100,null,2,0,0
1736081041221,2,Update Rental Date,200,OK,Update Rental 3-24,text,true,,11,0,50,100,null,2,0,0
1736081041228,1,Select By Actor_ID,200,OK,Select Actor 1-23,text,true,,79,0,50,100,null,1,0,0
1736081041235,1,Select By Actor_ID,200,OK,Select Actor 1-16,text,true,,86,0,50,100,null,1,0,0
1736081041255,2,Update Rental Date,200,OK,Update Rental 3-28,text,true,,11,0,50,100,null,2,0,0
1736081041261,1,Select By Actor_ID,200,OK,Select Actor 1-30,text,true,,80,0,50,100,null,1,0,0
1736081041268,1,Select By Actor_ID,200,OK,Select Actor 1-27,text,true,,85,0,50,100,null,1,0,0
1736081041271,2,Update Rental Date,200,OK,Update Rental 3-7,text,true,,11,0,50,100,null,2,0,0
1736081041276,2,Update Rental Date,200,OK,Update Rental 3-30,text,true,,11,0,50,100,null,2,0,0
1736081041289,1,Select By Actor_ID,200,OK,Select Actor 1-22,text,true,,85,0,50,100,null,1,0,0
1736081041301,2,Update Rental Date,200,OK,Update Rental 3-13,text,true,,11,0,50,100,null,2,0,0
1736081041303,1,Select By Actor_ID,200,OK,Select Actor 1-43,text,true,,83,0,50,100,null,1,0,0
1736081041314,1,Select By Actor_ID,200,OK,Select Actor 1-24,text,true,,80,0,50,100,null,1,0,0
1736081041315,0,Select By Actor_ID,200,OK,Select Actor 1-12,text,true,,84,0,50,100,null,0,0,0
1736081041318,1,Select By Actor_ID,200,OK,Select Actor 1-42,text,true,,80,0,50,100,null,1,0,0
1736081041332,2,Update Rental Date,200,OK,Update Rental 3-8,text,true,,11,0,50,100,null,2,0,0
1736081041343,2,Update Rental Date,200,OK,Update Rental 3-40,text,true,,11,0,50,100,null,2,0,0
1736081041362,2,Update Rental Date,200,OK,Update Rental 3-48,text,true,,11,0,50,100,null,2,0,0
1736081041380,0,Select By Actor_ID,200,OK,Select Actor 1-5,text,true,,78,0,50,100,null,0,0,0
1736081041426,2,Update Rental Date,200,OK,Update Rental 3-1,text,true,,11,0,50,100,null,2,0,0
1736081041433,1,Select By Actor_ID,200,OK,Select Actor 1-44,text,true,,83,0,50,100,null,0,0,0
1736081041446,0,Select By Actor_ID,200,OK,Select Actor 1-13,text,true,,81,0,50,100,null,0,0,0
1736081041451,1,Update Rental Date,200,OK,Update Rental 3-42,text,true,,11,0,50,100,null,1,0,0
1736081041455,0,Select By Actor_ID,200,OK,Select Actor 1-39,text,true,,83,0,50,100,null,0,0,0
1736081041469,2,Update Rental Date,200,OK,Update Rental 3-36,text,true,,11,0,50,100,null,2,0,0
1736081041491,0,Select By Actor_ID,200,OK,Select Actor 1-10,text,true,,81,0,50,100,null,0,0,0
1736081041507,0,Select By Actor_ID,200,OK,Select Actor 1-38,text,true,,86,0,50,100,null,0,0,0
1736081041506,2,Update Rental Date,200,OK,Update Rental 3-45,text,true,,11,0,50,100,null,2,0,0
1736081041531,0,Select By Actor_ID,200,OK,Select Actor 1-31,text,true,,80,0,50,100,null,0,0,0
1736081041535,2,Update Rental Date,200,OK,Update Rental 3-34,text,true,,11,0,50,100,null,2,0,0
1736081041547,0,Select By Actor_ID,200,OK,Select Actor 1-48,text,true,,80,0,50,100,null,0,0,0
1736081041556,2,Update Rental Date,200,OK,Update Rental 3-50,text,true,,11,0,50,100,null,2,0,0
1736081041558,0,Select By Actor_ID,200,OK,Select Actor 1-7,text,true,,81,0,50,100,null,0,0,0
1736081041574,0,Select By Actor_ID,200,OK,Select Actor 1-36,text,true,,83,0,50,100,null,0,0,0
1736081041577,1,Select By Actor_ID,200,OK,Select Actor 1-14,text,true,,81,0,50,100,null,1,0,0
1736081041597,1,Select By Actor_ID,200,OK,Select Actor 1-25,text,true,,80,0,50,100,null,1,0,0
1736081041601,1,Select By Actor_ID,200,OK,Select Actor 1-26,text,true,,84,0,50,100,null,1,0,0
1736081041601,2,Update Rental Date,200,OK,Update Rental 3-37,text,true,,11,0,50,100,null,2,0,0
1736081041614,2,Update Rental Date,200,OK,Update Rental 3-21,text,true,,11,0,50,100,null,2,0,0
1736081041623,2,Update Rental Date,200,OK,Update Rental 3-35,text,true,,11,0,50,100,null,2,0,0
1736081041640,2,Update Rental Date,200,OK,Update Rental 3-15,text,true,,11,0,50,100,null,2,0,0
1736081041656,3,Update Rental Date,200,OK,Update Rental 3-33,text,true,,11,0,50,100,null,3,0,0
1736081041658,2,Update Rental Date,200,OK,Update Rental 3-14,text,true,,11,0,50,100,null,2,0,0
1736081041659,3,Update Rental Date,200,OK,Update Rental 3-23,text,true,,11,0,50,100,null,3,0,0
1736081041663,2,Update Rental Date,200,OK,Update Rental 3-38,text,true,,11,0,50,100,null,2,0,0
1736081041664,2,Update Rental Date,200,OK,Update Rental 3-29,text,true,,11,0,50,100,null,2,0,0
1736081041686,2,Update Rental Date,200,OK,Update Rental 3-5,text,true,,11,0,50,100,null,2,0,0
1736081041689,1,Select By Actor_ID,200,OK,Select Actor 1-1,text,true,,81,0,50,100,null,1,0,0
1736081041692,2,Update Rental Date,200,OK,Update Rental 3-12,text,true,,11,0,50,100,null,2,0,0
1736081041711,2,Update Rental Date,200,OK,Update Rental 3-20,text,true,,11,0,50,100,null,2,0,0
1736081041718,2,Update Rental Date,200,OK,Update Rental 3-11,text,true,,11,0,50,100,null,2,0,0
1736081041721,2,Update Rental Date,200,OK,Update Rental 3-44,text,true,,11,0,50,100,null,2,0,0
1736081041743,0,Select By Actor_ID,200,OK,Select Actor 1-28,text,true,,80,0,50,100,null,0,0,0
1736081041750,0,Select By Actor_ID,200,OK,Select Actor 1-23,text,true,,82,0,50,100,null,0,0,0
1736081041754,2,Update Rental Date,200,OK,Update Rental 3-46,text,true,,11,0,50,100,null,2,0,0
1736081041759,2,Update Rental Date,200,OK,Update Rental 3-32,text,true,,11,0,50,100,null,2,0,0
1736081041796,0,Select By Actor_ID,200,OK,Select Actor 1-29,text,true,,84,0,50,100,null,0,0,0
1736081041803,0,Select By Actor_ID,200,OK,Select Actor 1-37,text,true,,81,0,50,100,null,0,0,0
1736081041808,0,Select By Actor_ID,200,OK,Select Actor 1-21,text,true,,80,0,50,100,null,0,0,0
1736081041857,0,Select By Actor_ID,200,OK,Select Actor 1-3,text,true,,82,0,50,100,null,0,0,0
1736081041876,0,Select By Actor_ID,200,OK,Select Actor 1-34,text,true,,80,0,50,100,null,0,0,0
1736081041890,1,Update Rental Date,200,OK,Update Rental 3-4,text,true,,11,0,50,100,null,1,0,0
1736081041894,1,Update Rental Date,200,OK,Update Rental 3-6,text,true,,11,0,50,100,null,1,0,0
1736081041898,2,Update Rental Date,200,OK,Update Rental 3-48,text,true,,11,0,50,100,null,2,0,0
1736081041898,2,Update Rental Date,200,OK,Update Rental 3-28,text,true,,11,0,50,100,null,2,0,0
1736081041905,1,Update Rental Date,200,OK,Update Rental 3-43,text,true,,11,0,50,100,null,1,0,0
1736081041921,0,Select By Actor_ID,200,OK,Select Actor 1-45,text,true,,84,0,50,100,null,0,0,0
1736081041924,1,Update Rental Date,200,OK,Update Rental 3-22,text,true,,11,0,50,100,null,1,0,0
1736081041932,1,Update Rental Date,200,OK,Update Rental 3-18,text,true,,11,0,50,100,null,1,0,0
1736081041939,0,Select By Actor_ID,200,OK,Select Actor 1-50,text,true,,79,0,50,100,null,0,0,0
1736081041940,0,Select By Actor_ID,200,OK,Select Actor 1-4,text,true,,80,0,50,100,null,0,0,0
1736081041944,2,Update Rental Date,200,OK,Update Rental 3-31,text,true,,11,0,50,100,null,2,0,1
1736081041954,1,Select By Actor_ID,200,OK,Select Actor 1-11,text,true,,78,0,50,100,null,1,0,0
1736081041957,1,Select By Actor_ID,200,OK,Select Actor 1-8,text,true,,79,0,50,100,null,1,0,0
1736081041962,1,Select By Actor_ID,200,OK,Select Actor 1-24,text,true,,81,0,50,100,null,1,0,0
1736081041972,1,Select By Actor_ID,200,OK,Select Actor 1-20,text,true,,84,0,50,100,null,1,0,0
1736081041971,2,Update Rental Date,200,OK,Update Rental 3-49,text,true,,11,0,50,100,null,2,0,0
1736081041982,2,Update Rental Date,200,OK,Update Rental 3-17,text,true,,11,0,50,100,null,2,0,0
1736081041987,2,Update Rental Date,200,OK,Update Rental 3-41,text,true,,11,0,50,100,null,2,0,0
1736081041991,1,Select By Actor_ID,200,OK,Select Actor 1-46,text,true,,78,0,50,100,null,1,0,0
1736081041990,2,Update Rental Date,200,OK,Update Rental 3-25,text,true,,11,0,50,100,null,2,0,0
1736081041992,2,Update Rental Date,200,OK,Update Rental 3-10,text,true,,11,0,50,100,null,2,0,0
1736081041995,1,Select By Actor_ID,200,OK,Select Actor 1-13,text,true,,82,0,50,100,null,1,0,0
1736081042000,2,Update Rental Date,200,OK,Update Rental 3-26,text,true,,11,0,50,100,null,2,0,0
1736081042012,2,Update Rental Date,200,OK,Update Rental 3-7,text,true,,11,0,50,100,null,2,0,0
1736081042021,1,Select By Actor_ID,200,OK,Select Actor 1-19,text,true,,81,0,50,100,null,1,0,0
1736081042044,1,Select By Actor_ID,200,OK,Select Actor 1-33,text,true,,83,0,50,100,null,1,0,0
1736081042055,1,Select By Actor_ID,200,OK,Select Actor 1-9,text,true,,84,0,50,100,null,1,0,0
1736081042087,1,Select By Actor_ID,200,OK,Select Actor 1-41,text,true,,84,0,50,100,null,0,0,0
1736081042119,2,Update Rental Date,200,OK,Update Rental 3-47,text,true,,11,0,50,100,null,2,0,0
1736081042140,0,Select By Actor_ID,200,OK,Select Actor 1-2,text,true,,80,0,50,100,null,0,0,0
1736081042181,1,Select By Actor_ID,200,OK,Select Actor 1-30,text,true,,84,0,50,100,null,1,0,0
1736081042180,2,Update Rental Date,200,OK,Update Rental 3-30,text,true,,11,0,50,100,null,2,0,0
1736081042188,2,Update Rental Date,200,OK,Update Rental 3-39,text,true,,11,0,50,100,null,2,0,0
1736081042189,2,Update Rental Date,200,OK,Update Rental 3-8,text,true,,11,0,50,100,null,2,0,0
1736081042191,1,Select By Actor_ID,200,OK,Select Actor 1-49,text,true,,82,0,50,100,null,1,0,0
1736081042194,1,Select By Actor_ID,200,OK,Select Actor 1-35,text,true,,81,0,50,100,null,1,0,0
1736081042201,2,Update Rental Date,200,OK,Update Rental 3-27,text,true,,11,0,50,100,null,2,0,0
1736081042215,1,Select By Actor_ID,200,OK,Select Actor 1-25,text,true,,79,0,50,100,null,1,0,0
1736081042219,1,Select By Actor_ID,200,OK,Select Actor 1-48,text,true,,80,0,50,100,null,1,0,0
1736081042269,1,Select By Actor_ID,200,OK,Select Actor 1-28,text,true,,79,0,50,100,null,1,0,0
1736081042245,25,Update Rental Date,200,OK,Update Rental 3-5,text,true,,11,0,50,100,null,25,0,0
1736081042279,0,Select By Actor_ID,200,OK,Select Actor 1-12,text,true,,78,0,50,100,null,0,0,0
1736081042296,1,Select By Actor_ID,200,OK,Select Actor 1-40,text,true,,80,0,50,100,null,0,0,0
1736081042297,2,Update Rental Date,200,OK,Update Rental 3-19,text,true,,11,0,50,100,null,2,0,0
1736081042323,2,Update Rental Date,200,OK,Update Rental 3-46,text,true,,11,0,50,100,null,2,0,0
1736081042338,2,Update Rental Date,200,OK,Update Rental 3-42,text,true,,11,0,50,100,null,2,0,0
1736081042340,0,Select By Actor_ID,200,OK,Select Actor 1-42,text,true,,80,0,50,100,null,0,0,0
1736081042356,0,Select By Actor_ID,200,OK,Select Actor 1-17,text,true,,83,0,50,100,null,0,0,0
1736081042400,0,Select By Actor_ID,200,OK,Select Actor 1-29,text,true,,80,0,50,100,null,0,0,0
1736081042401,1,Update Rental Date,200,OK,Update Rental 3-2,text,true,,11,0,50,100,null,1,0,0
1736081042407,0,Select By Actor_ID,200,OK,Select Actor 1-15,text,true,,82,0,50,100,null,0,0,0
1736081042408,1,Update Rental Date,200,OK,Update Rental 3-9,text,true,,11,0,50,100,null,1,0,0
1736081042437,1,Select By Actor_ID,200,OK,Select Actor 1-10,text,true,,88,0,50,100,null,1,0,0
1736081042445,1,Select By Actor_ID,200,OK,Select Actor 1-37,text,true,,83,0,50,100,null,1,0,0
1736081042454,1,Select By Actor_ID,200,OK,Select Actor 1-6,text,true,,80,0,50,100,null,1,0,0
1736081042453,2,Update Rental Date,200,OK,Update Rental 3-16,text,true,,11,0,50,100,null,2,0,0
1736081042459,2,Update Rental Date,200,OK,Update Rental 3-29,text,true,,11,0,50,100,null,2,0,0
1736081042468,2,Update Rental Date,200,OK,Update Rental 3-3,text,true,,11,0,50,100,null,2,0,0
1736081042477,1,Select By Actor_ID,200,OK,Select Actor 1-18,text,true,,80,0,50,100,null,1,0,0
1736081042477,1,Select By Actor_ID,200,OK,Select Actor 1-32,text,true,,79,0,50,100,null,1,0,0
1736081042492,2,Update Rental Date,200,OK,Update Rental 3-24,text,true,,11,0,50,100,null,2,0,0
1736081042497,2,Update Rental Date,200,OK,Update Rental 3-14,text,true,,11,0,50,100,null,2,0,0
1736081042500,3,Update Rental Date,200,OK,Update Rental 3-17,text,true,,11,0,50,100,null,3,0,0
1736081042516,1,Select By Actor_ID,200,OK,Select Actor 1-7,text,true,,83,0,50,100,null,1,0,0
1736081042526,1,Select By Actor_ID,200,OK,Select Actor 1-47,text,true,,79,0,50,100,null,1,0,0
1736081042536,1,Select By Actor_ID,200,OK,Select Actor 1-50,text,true,,80,0,50,100,null,1,0,0
1736081042549,2,Update Rental Date,200,OK,Update Rental 3-40,text,true,,11,0,50,100,null,2,0,0
1736081042560,1,Select By Actor_ID,200,OK,Select Actor 1-39,text,true,,80,0,50,100,null,0,0,0
1736081042572,0,Select By Actor_ID,200,OK,Select Actor 1-3,text,true,,78,0,50,100,null,0,0,0
1736081042581,2,Update Rental Date,200,OK,Update Rental 3-38,text,true,,11,0,50,100,null,2,0,0
1736081042593,1,Select By Actor_ID,200,OK,Select Actor 1-36,text,true,,82,0,50,100,null,1,0,0
1736081042607,0,Select By Actor_ID,200,OK,Select Actor 1-20,text,true,,88,0,50,100,null,0,0,0
1736081042613,0,Select By Actor_ID,200,OK,Select Actor 1-43,text,true,,80,0,50,100,null,0,0,0
1736081042616,0,Select By Actor_ID,200,OK,Select Actor 1-44,text,true,,86,0,50,100,null,0,0,0
1736081042618,0,Select By Actor_ID,200,OK,Select Actor 1-13,text,true,,81,0,50,100,null,0,0,0
1736081042624,0,Select By Actor_ID,200,OK,Select Actor 1-27,text,true,,83,0,50,100,null,0,0,0
1736081042635,0,Select By Actor_ID,200,OK,Select Actor 1-46,text,true,,77,0,50,100,null,0,0,0
1736081042635,2,Update Rental Date,200,OK,Update Rental 3-34,text,true,,11,0,50,100,null,2,0,0
1736081042640,1,Select By Actor_ID,200,OK,Select Actor 1-38,text,true,,79,0,50,100,null,0,0,0
1736081042671,2,Update Rental Date,200,OK,Update Rental 3-31,text,true,,11,0,50,100,null,2,0,0
1736081042674,2,Update Rental Date,200,OK,Update Rental 3-1,text,true,,11,0,50,100,null,2,0,0
1736081042712,2,Update Rental Date,200,OK,Update Rental 3-21,text,true,,11,0,50,100,null,1,0,0
1736081042722,0,Select By Actor_ID,200,OK,Select Actor 1-16,text,true,,81,0,50,100,null,0,0,0
1736081042726,0,Select By Actor_ID,200,OK,Select Actor 1-34,text,true,,82,0,50,100,null,0,0,0
1736081042771,0,Select By Actor_ID,200,OK,Select Actor 1-22,text,true,,82,0,50,100,null,0,0,0
1736081042778,0,Select By Actor_ID,200,OK,Select Actor 1-31,text,true,,79,0,50,100,null,0,0,0
1736081042788,1,Update Rental Date,200,OK,Update Rental 3-13,text,true,,11,0,50,100,null,1,0,0
1736081042791,1,Update Rental Date,200,OK,Update Rental 3-4,text,true,,11,0,50,100,null,1,0,0
1736081042796,1,Select By Actor_ID,200,OK,Select Actor 1-48,text,true,,79,0,50,100,null,1,0,0
1736081042818,3,Update Rental Date,200,OK,Update Rental 3-36,text,true,,11,0,50,100,null,3,0,0
1736081042823,1,Select By Actor_ID,200,OK,Select Actor 1-49,text,true,,80,0,50,100,null,1,0,0
1736081042823,2,Update Rental Date,200,OK,Update Rental 3-27,text,true,,11,0,50,100,null,2,0,0
1736081042828,1,Select By Actor_ID,200,OK,Select Actor 1-21,text,true,,80,0,50,100,null,1,0,0
1736081042829,2,Update Rental Date,200,OK,Update Rental 3-20,text,true,,11,0,50,100,null,2,0,0
1736081042844,2,Update Rental Date,200,OK,Update Rental 3-10,text,true,,11,0,50,100,null,2,0,0
1736081042850,2,Update Rental Date,200,OK,Update Rental 3-5,text,true,,11,0,50,100,null,2,0,0
1736081042867,1,Select By Actor_ID,200,OK,Select Actor 1-5,text,true,,77,0,50,100,null,1,0,0
1736081042872,2,Update Rental Date,200,OK,Update Rental 3-26,text,true,,11,0,50,100,null,2,0,0
1736081042880,1,Select By Actor_ID,200,OK,Select Actor 1-26,text,true,,81,0,50,100,null,1,0,0
1736081042887,1,Select By Actor_ID,200,OK,Select Actor 1-24,text,true,,79,0,50,100,null,1,0,0
1736081042899,2,Update Rental Date,200,OK,Update Rental 3-37,text,true,,11,0,50,100,null,2,0,0
1736081042908,2,Update Rental Date,200,OK,Update Rental 3-18,text,true,,11,0,50,100,null,2,0,0
1736081042914,1,Select By Actor_ID,200,OK,Select Actor 1-28,text,true,,80,0,50,100,null,1,0,0
1736081042916,2,Update Rental Date,200,OK,Update Rental 3-50,text,true,,11,0,50,100,null,2,0,0
1736081042929,1,Select By Actor_ID,200,OK,Select Actor 1-2,text,true,,79,0,50,100,null,1,0,0
1736081042932,0,Select By Actor_ID,200,OK,Select Actor 1-8,text,true,,85,0,50,100,null,0,0,0
1736081042933,2,Update Rental Date,200,OK,Update Rental 3-6,text,true,,11,0,50,100,null,2,0,0
1736081042963,2,Update Rental Date,200,OK,Update Rental 3-45,text,true,,11,0,50,100,null,2,0,0
1736081042964,2,Update Rental Date,200,OK,Update Rental 3-23,text,true,,11,0,50,100,null,2,0,0
1736081042968,8,Update Rental Date,200,OK,Update Rental 3-35,text,true,,11,0,50,100,null,8,0,0
1736081042969,8,Update Rental Date,200,OK,Update Rental 3-39,text,true,,11,0,50,100,null,8,0,0
1736081042971,7,Update Rental Date,200,OK,Update Rental 3-44,text,true,,11,0,50,100,null,7,0,0
1736081042985,0,Select By Actor_ID,200,OK,Select Actor 1-4,text,true,,83,0,50,100,null,0,0,0
1736081043007,0,Select By Actor_ID,200,OK,Select Actor 1-19,text,true,,81,0,50,100,null,0,0,0
1736081043009,2,Update Rental Date,200,OK,Update Rental 3-17,text,true,,11,0,50,100,null,2,0,0
1736081043020,0,Select By Actor_ID,200,OK,Select Actor 1-14,text,true,,86,0,50,100,null,0,0,0
1736081043025,2,Update Rental Date,200,OK,Update Rental 3-2,text,true,,11,0,50,100,null,2,0,0
1736081043029,0,Select By Actor_ID,200,OK,Select Actor 1-35,text,true,,84,0,50,100,null,0,0,0
1736081043031,1,Select By Actor_ID,200,OK,Select Actor 1-41,text,true,,80,0,50,100,null,1,0,0
1736081043035,2,Update Rental Date,200,OK,Update Rental 3-33,text,true,,11,0,50,100,null,2,0,0
1736081043056,0,Select By Actor_ID,200,OK,Select Actor 1-1,text,true,,80,0,50,100,null,0,0,0
1736081043071,2,Update Rental Date,200,OK,Update Rental 3-7,text,true,,11,0,50,100,null,2,0,0
1736081043108,2,Update Rental Date,200,OK,Update Rental 3-15,text,true,,11,0,50,100,null,2,0,0
1736081043110,0,Select By Actor_ID,200,OK,Select Actor 1-23,text,true,,83,0,50,100,null,0,0,0
1736081043118,1,Update Rental Date,200,OK,Update Rental 3-48,text,true,,11,0,50,100,null,1,0,0
1736081043122,1,Update Rental Date,200,OK,Update Rental 3-11,text,true,,11,0,50,100,null,1,0,0
1736081043127,1,Update Rental Date,200,OK,Update Rental 3-25,text,true,,11,0,50,100,null,1,0,0
1736081043142,1,Update Rental Date,200,OK,Update Rental 3-12,text,true,,11,0,50,100,null,1,0,0
1736081043166,0,Select By Actor_ID,200,OK,Select Actor 1-33,text,true,,78,0,50,100,null,0,0,0
1736081043209,1,Select By Actor_ID,200,OK,Select Actor 1-27,text,true,,84,0,50,100,null,1,0,0
1736081043215,3,Update Rental Date,200,OK,Update Rental 3-41,text,true,,11,0,50,100,null,3,0,0
1736081043230,3,Update Rental Date,200,OK,Update Rental 3-14,text,true,,11,0,50,100,null,3,0,0
1736081043253,2,Update Rental Date,200,OK,Update Rental 3-42,text,true,,11,0,50,100,null,2,0,0
1736081043259,1,Select By Actor_ID,200,OK,Select Actor 1-40,text,true,,79,0,50,100,null,1,0,0
1736081043260,2,Update Rental Date,200,OK,Update Rental 3-32,text,true,,11,0,50,100,null,2,0,0
1736081043271,1,Select By Actor_ID,200,OK,Select Actor 1-18,text,true,,81,0,50,100,null,1,0,0
1736081043277,1,Select By Actor_ID,200,OK,Select Actor 1-9,text,true,,81,0,50,100,null,1,0,0
1736081043287,2,Update Rental Date,200,OK,Update Rental 3-43,text,true,,11,0,50,100,null,2,0,0
1736081043295,1,Select By Actor_ID,200,OK,Select Actor 1-11,text,true,,81,0,50,100,null,1,0,0
1736081043303,2,Update Rental Date,200,OK,Update Rental 3-29,text,true,,11,0,50,100,null,2,0,0
1736081043345,2,Update Rental Date,200,OK,Update Rental 3-16,text,true,,11,0,50,100,null,2,0,0
1736081043354,2,Update Rental Date,200,OK,Update Rental 3-47,text,true,,11,0,50,100,null,2,0,0
1736081043361,1,Update Rental Date,200,OK,Update Rental 3-22,text,true,,11,0,50,100,null,1,0,0
1736081043367,1,Update Rental Date,200,OK,Update Rental 3-10,text,true,,11,0,50,100,null,1,0,0
1736081043372,2,Update Rental Date,200,OK,Update Rental 3-49,text,true,,11,0,50,100,null,2,0,0
1736081043389,2,Update Rental Date,200,OK,Update Rental 3-28,text,true,,11,0,50,100,null,2,0,0
1736081043395,1,Select By Actor_ID,200,OK,Select Actor 1-45,text,true,,82,0,50,100,null,1,0,0
1736081043396,2,Update Rental Date,200,OK,Update Rental 3-19,text,true,,11,0,50,100,null,2,0,0
1736081043409,1,Select By Actor_ID,200,OK,Select Actor 1-25,text,true,,79,0,50,100,null,1,0,0
1736081043415,1,Select By Actor_ID,200,OK,Select Actor 1-38,text,true,,79,0,50,100,null,1,0,0
1736081043428,3,Update Rental Date,200,OK,Update Rental 3-36,text,true,,11,0,50,100,null,3,0,0
1736081043456,1,Update Rental Date,200,OK,Update Rental 3-5,text,true,,11,0,50,100,null,1,0,0
1736081043466,1,Update Rental Date,200,OK,Update Rental 3-50,text,true,,11,0,50,100,null,1,0,0
1736081043484,0,Select By Actor_ID,200,OK,Select Actor 1-15,text,true,,79,0,50,100,null,0,0,0
1736081043486,0,Select By Actor_ID,200,OK,Select Actor 1-29,text,true,,80,0,50,100,null,0,0,0
1736081043495,2,Update Rental Date,200,OK,Update Rental 3-46,text,true,,11,0,50,100,null,2,0,0
1736081043521,2,Update Rental Date,200,OK,Update Rental 3-3,text,true,,11,0,50,100,null,2,0,0
1736081043534,1,Update Rental Date,200,OK,Update Rental 3-30,text,true,,11,0,50,100,null,1,0,0
1736081043536,0,Select By Actor_ID,200,OK,Select Actor 1-7,text,true,,81,0,50,100,null,0,0,0
1736081043537,0,Select By Actor_ID,200,OK,Select Actor 1-49,text,true,,76,0,50,100,null,0,0,0
1736081043538,1,Update Rental Date,200,OK,Update Rental 3-38,text,true,,11,0,50,100,null,1,0,0
1736081043541,0,Select By Actor_ID,200,OK,Select Actor 1-32,text,true,,79,0,50,100,null,0,0,0
1736081043564,0,Select By Actor_ID,200,OK,Select Actor 1-3,text,true,,85,0,50,100,null,0,0,0
1736081043564,0,Select By Actor_ID,200,OK,Select Actor 1-47,text,true,,81,0,50,100,null,0,0,0
1736081043569,3,Update Rental Date,200,OK,Update Rental 3-1,text,true,,11,0,50,100,null,3,0,0
1736081043572,1,Select By Actor_ID,200,OK,Select Actor 1-16,text,true,,81,0,50,100,null,1,0,0
1736081043573,1,Select By Actor_ID,200,OK,Select Actor 1-24,text,true,,78,0,50,100,null,1,0,0
1736081043579,2,Update Rental Date,200,OK,Update Rental 3-31,text,true,,11,0,50,100,null,2,0,0
1736081043594,1,Select By Actor_ID,200,OK,Select Actor 1-8,text,true,,81,0,50,100,null,1,0,0
1736081043604,1,Select By Actor_ID,200,OK,Select Actor 1-31,text,true,,76,0,50,100,null,1,0,0
1736081043615,3,Update Rental Date,200,OK,Update Rental 3-18,text,true,,11,0,50,100,null,3,0,0
1736081043623,1,Select By Actor_ID,200,OK,Select Actor 1-48,text,true,,79,0,50,100,null,1,0,0
1736081043625,1,Select By Actor_ID,200,OK,Select Actor 1-2,text,true,,81,0,50,100,null,1,0,0
1736081043634,1,Select By Actor_ID,200,OK,Select Actor 1-30,text,true,,76,0,50,100,null,1,0,0
1736081043641,1,Select By Actor_ID,200,OK,Select Actor 1-14,text,true,,83,0,50,100,null,1,0,0
1736081043643,2,Update Rental Date,200,OK,Update Rental 3-35,text,true,,11,0,50,100,null,2,0,0
1736081043645,2,Update Rental Date,200,OK,Update Rental 3-26,text,true,,11,0,50,100,null,2,0,0
1736081043651,2,Update Rental Date,200,OK,Update Rental 3-4,text,true,,11,0,50,100,null,2,0,0
1736081043655,2,Update Rental Date,200,OK,Update Rental 3-9,text,true,,11,0,50,100,null,2,0,0
1736081043673,2,Update Rental Date,200,OK,Update Rental 3-8,text,true,,11,0,50,100,null,2,0,0
1736081043674,2,Update Rental Date,200,OK,Update Rental 3-40,text,true,,11,0,50,100,null,2,0,0
1736081043681,1,Select By Actor_ID,200,OK,Select Actor 1-12,text,true,,78,0,50,100,null,1,0,0
1736081043683,0,Select By Actor_ID,200,OK,Select Actor 1-23,text,true,,81,0,50,100,null,0,0,0
1736081043727,0,Select By Actor_ID,200,OK,Select Actor 1-20,text,true,,82,0,50,100,null,0,0,0
1736081043756,0,Select By Actor_ID,200,OK,Select Actor 1-42,text,true,,83,0,50,100,null,0,0,0
1736081043758,0,Select By Actor_ID,200,OK,Select Actor 1-34,text,true,,81,0,50,100,null,0,0,0
1736081043765,1,Select By Actor_ID,200,OK,Select Actor 1-5,text,true,,80,0,50,100,null,1,0,0
1736081043767,1,Select By Actor_ID,200,OK,Select Actor 1-13,text,true,,80,0,50,100,null,1,0,0
1736081043789,1,Select By Actor_ID,200,OK,Select Actor 1-17,text,true,,83,0,50,100,null,1,0,0
1736081043788,3,Update Rental Date,200,OK,Update Rental 3-2,text,true,,11,0,50,100,null,3,0,0
1736081043790,1,Select By Actor_ID,200,OK,Select Actor 1-26,text,true,,82,0,50,100,null,1,0,0
1736081043791,1,Select By Actor_ID,200,OK,Select Actor 1-50,text,true,,80,0,50,100,null,1,0,0
1736081043792,1,Select By Actor_ID,200,OK,Select Actor 1-37,text,true,,79,0,50,100,null,1,0,0
1736081043795,2,Update Rental Date,200,OK,Update Rental 3-27,text,true,,11,0,50,100,null,2,0,0
1736081043819,1,Select By Actor_ID,200,OK,Select Actor 1-6,text,true,,82,0,50,100,null,1,0,0
1736081043870,2,Update Rental Date,200,OK,Update Rental 3-24,text,true,,11,0,50,100,null,2,0,0
1736081043873,2,Update Rental Date,200,OK,Update Rental 3-10,text,true,,11,0,50,100,null,2,0,0
1736081043875,0,Select By Actor_ID,200,OK,Select Actor 1-10,text,true,,80,0,50,100,null,0,0,0
1736081043888,2,Update Rental Date,200,OK,Update Rental 3-39,text,true,,11,0,50,100,null,2,0,0
1736081043890,0,Select By Actor_ID,200,OK,Select Actor 1-9,text,true,,81,0,50,100,null,0,0,0
1736081043893,2,Update Rental Date,200,OK,Update Rental 3-34,text,true,,11,0,50,100,null,2,0,0
1736081043908,2,Update Rental Date,200,OK,Update Rental 3-45,text,true,,11,0,50,100,null,2,0,0
1736081043923,0,Select By Actor_ID,200,OK,Select Actor 1-36,text,true,,80,0,50,100,null,0,0,0
1736081043946,0,Select By Actor_ID,200,OK,Select Actor 1-46,text,true,,79,0,50,100,null,0,0,0
1736081043949,0,Select By Actor_ID,200,OK,Select Actor 1-22,text,true,,78,0,50,100,null,0,0,0
1736081043951,0,Select By Actor_ID,200,OK,Select Actor 1-44,text,true,,80,0,50,100,null,0,0,0
1736081043956,2,Update Rental Date,200,OK,Update Rental 3-33,text,true,,11,0,50,100,null,2,0,0
1736081043979,1,Update Rental Date,200,OK,Update Rental 3-11,text,true,,11,0,50,100,null,1,0,0
1736081043989,0,Select By Actor_ID,200,OK,Select Actor 1-35,text,true,,78,0,50,100,null,0,0,0
1736081044009,2,Update Rental Date,200,OK,Update Rental 3-49,text,true,,11,0,50,100,null,2,0,0
1736081044031,5,Update Rental Date,200,OK,Update Rental 3-37,text,true,,11,0,50,100,null,5,0,0
1736081044044,1,Select By Actor_ID,200,OK,Select Actor 1-39,text,true,,81,0,50,100,null,1,0,0
1736081044056,1,Select By Actor_ID,200,OK,Select Actor 1-43,text,true,,82,0,50,100,null,1,0,0
1736081044071,3,Update Rental Date,200,OK,Update Rental 3-42,text,true,,11,0,50,100,null,3,0,0
1736081044084,1,Select By Actor_ID,200,OK,Select Actor 1-4,text,true,,81,0,50,100,null,1,0,0
1736081044118,2,Update Rental Date,200,OK,Update Rental 3-21,text,true,,11,0,50,100,null,2,0,0
1736081044124,2,Update Rental Date,200,OK,Update Rental 3-20,text,true,,11,0,50,100,null,2,0,0
1736081044126,2,Update Rental Date,200,OK,Update Rental 3-25,text,true,,11,0,50,100,null,2,0,0
1736081044129,1,Select By Actor_ID,200,OK,Select Actor 1-27,text,true,,78,0,50,100,null,0,0,0
1736081044159,2,Update Rental Date,200,OK,Update Rental 3-4,text,true,,11,0,50,100,null,2,0,0
1736081044164,0,Select By Actor_ID,200,OK,Select Actor 1-41,text,true,,84,0,50,100,null,0,0,0
1736081044163,2,Update Rental Date,200,OK,Update Rental 3-12,text,true,,11,0,50,100,null,2,0,0
1736081044175,2,Update Rental Date,200,OK,Update Rental 3-13,text,true,,11,0,50,100,null,2,0,0
1736081044187,2,Update Rental Date,200,OK,Update Rental 3-6,text,true,,11,0,50,100,null,2,0,0
1736081044189,2,Update Rental Date,200,OK,Update Rental 3-28,text,true,,11,0,50,100,null,2,0,0
1736081044194,0,Select By Actor_ID,200,OK,Select Actor 1-1,text,true,,81,0,50,100,null,0,0,0
1736081044217,0,Select By Actor_ID,200,OK,Select Actor 1-32,text,true,,83,0,50,100,null,0,0,0
1736081044217,2,Update Rental Date,200,OK,Update Rental 3-48,text,true,,11,0,50,100,null,2,0,0
1736081044224,2,Update Rental Date,200,OK,Update Rental 3-41,text,true,,11,0,50,100,null,2,0,0
1736081044228,2,Update Rental Date,200,OK,Update Rental 3-31,text,true,,11,0,50,100,null,2,0,0
1736081044252,2,Update Rental Date,200,OK,Update Rental 3-1,text,true,,11,0,50,100,null,2,0,0
1736081044265,1,Update Rental Date,200,OK,Update Rental 3-16,text,true,,11,0,50,100,null,1,0,0
1736081044288,0,Select By Actor_ID,200,OK,Select Actor 1-21,text,true,,80,0,50,100,null,0,0,0
1736081044288,0,Select By Actor_ID,200,OK,Select Actor 1-28,text,true,,80,0,50,100,null,0,0,0
1736081044291,1,Update Rental Date,200,OK,Update Rental 3-9,text,true,,11,0,50,100,null,1,0,0
1736081044303,0,Select By Actor_ID,200,OK,Select Actor 1-8,text,true,,82,0,50,100,null,0,0,0
1736081044304,1,Update Rental Date,200,OK,Update Rental 3-17,text,true,,11,0,50,100,null,1,0,0
1736081044314,2,Update Rental Date,200,OK,Update Rental 3-32,text,true,,11,0,50,100,null,2,0,0
1736081044316,2,Update Rental Date,200,OK,Update Rental 3-38,text,true,,11,0,50,100,null,2,0,0
1736081044353,1,Update Rental Date,200,OK,Update Rental 3-47,text,true,,11,0,50,100,null,1,0,0
1736081044355,1,Update Rental Date,200,OK,Update Rental 3-19,text,true,,11,0,50,100,null,1,0,0
1736081044362,0,Select By Actor_ID,200,OK,Select Actor 1-12,text,true,,82,0,50,100,null,0,0,0
1736081044372,1,Select By Actor_ID,200,OK,Select Actor 1-42,text,true,,82,0,50,100,null,1,0,1
1736081044394,1,Select By Actor_ID,200,OK,Select Actor 1-13,text,true,,80,0,50,100,null,1,0,0
1736081044394,1,Select By Actor_ID,200,OK,Select Actor 1-11,text,true,,80,0,50,100,null,1,0,0
1736081044399,2,Update Rental Date,200,OK,Update Rental 3-44,text,true,,11,0,50,100,null,2,0,0
1736081044401,1,Select By Actor_ID,200,OK,Select Actor 1-49,text,true,,83,0,50,100,null,1,0,0
1736081044419,2,Update Rental Date,200,OK,Update Rental 3-23,text,true,,11,0,50,100,null,2,0,0
1736081044428,3,Update Rental Date,200,OK,Update Rental 3-14,text,true,,11,0,50,100,null,3,0,0
1736081044449,1,Select By Actor_ID,200,OK,Select Actor 1-46,text,true,,78,0,50,100,null,1,0,0
1736081044455,1,Select By Actor_ID,200,OK,Select Actor 1-33,text,true,,85,0,50,100,null,1,0,0
1736081044459,2,Update Rental Date,200,OK,Update Rental 3-33,text,true,,11,0,50,100,null,2,0,0
1736081044475,2,Update Rental Date,200,OK,Update Rental 3-26,text,true,,11,0,50,100,null,2,0,0
1736081044478,1,Select By Actor_ID,200,OK,Select Actor 1-18,text,true,,80,0,50,100,null,1,0,0
1736081044479,1,Select By Actor_ID,200,OK,Select Actor 1-19,text,true,,80,0,50,100,null,1,0,0
1736081044481,1,Select By Actor_ID,200,OK,Select Actor 1-2,text,true,,81,0,50,100,null,1,0,0
1736081044480,2,Update Rental Date,200,OK,Update Rental 3-7,text,true,,11,0,50,100,null,2,0,0
1736081044494,2,Update Rental Date,200,OK,Update Rental 3-40,text,true,,11,0,50,100,null,2,0,0
1736081044497,2,Update Rental Date,200,OK,Update Rental 3-3,text,true,,11,0,50,100,null,2,0,0
1736081044499,2,Update Rental Date,200,OK,Update Rental 3-43,text,true,,11,0,50,100,null,2,0,0
1736081044509,1,Select By Actor_ID,200,OK,Select Actor 1-17,text,true,,78,0,50,100,null,0,0,0
1736081044530,1,Select By Actor_ID,200,OK,Select Actor 1-9,text,true,,79,0,50,100,null,0,0,0
1736081044534,0,Select By Actor_ID,200,OK,Select Actor 1-26,text,true,,83,0,50,100,null,0,0,0
1736081044551,0,Select By Actor_ID,200,OK,Select Actor 1-36,text,true,,80,0,50,100,null,0,0,0
1736081044556,2,Update Rental Date,200,OK,Update Rental 3-15,text,true,,11,0,50,100,null,2,0,0
1736081044558,0,Select By Actor_ID,200,OK,Select Actor 1-39,text,true,,81,0,50,100,null,0,0,0
1736081044565,0,Select By Actor_ID,200,OK,Select Actor 1-14,text,true,,84,0,50,100,null,0,0,0
1736081044573,0,Select By Actor_ID,200,OK,Select Actor 1-23,text,true,,77,0,50,100,null,0,0,0
1736081044596,0,Select By Actor_ID,200,OK,Select Actor 1-38,text,true,,78,0,50,100,null,0,0,0
1736081044596,2,Update Rental Date,200,OK,Update Rental 3-29,text,true,,11,0,50,100,null,2,0,0
1736081044609,0,Select By Actor_ID,200,OK,Select Actor 1-29,text,true,,82,0,50,100,null,0,0,0
1736081044614,2,Update Rental Date,200,OK,Update Rental 3-18,text,true,,11,0,50,100,null,2,0,0
1736081044631,2,Update Rental Date,200,OK,Update Rental 3-36,text,true,,11,0,50,100,null,2,0,0
1736081044649,0,Select By Actor_ID,200,OK,Select Actor 1-15,text,true,,82,0,50,100,null,0,0,0
1736081044649,2,Update Rental Date,200,OK,Update Rental 3-30,text,true,,11,0,50,100,null,2,0,0
1736081044653,1,Update Rental Date,200,OK,Update Rental 3-42,text,true,,11,0,50,100,null,1,0,0
1736081044667,0,Select By Actor_ID,200,OK,Select Actor 1-27,text,true,,83,0,50,100,null,0,0,0
1736081044667,2,Update Rental Date,200,OK,Update Rental 3-5,text,true,,11,0,50,100,null,2,0,0
1736081044670,1,Update Rental Date,200,OK,Update Rental 3-39,text,true,,11,0,50,100,null,1,0,0
1736081044675,1,Update Rental Date,200,OK,Update Rental 3-22,text,true,,11,0,50,100,null,1,0,0
1736081044684,0,Select By Actor_ID,200,OK,Select Actor 1-20,text,true,,80,0,50,100,null,0,0,0
1736081044706,0,Select By Actor_ID,200,OK,Select Actor 1-34,text,true,,83,0,50,100,null,0,0,0
1736081044707,0,Select By Actor_ID,200,OK,Select Actor 1-45,text,true,,83,0,50,100,null,0,0,0
1736081044709,1,Update Rental Date,200,OK,Update Rental 3-37,text,true,,11,0,50,100,null,1,0,0
1736081044713,0,Select By Actor_ID,200,OK,Select Actor 1-48,text,true,,79,0,50,100,null,0,0,0
1736081044716,0,Select By Actor_ID,200,OK,Select Actor 1-1,text,true,,86,0,50,100,null,0,0,0
1736081044721,0,Select By Actor_ID,200,OK,Select Actor 1-40,text,true,,78,0,50,100,null,0,0,0
1736081044727,1,Update Rental Date,200,OK,Update Rental 3-46,text,true,,11,0,50,100,null,1,0,0
1736081044729,0,Select By Actor_ID,200,OK,Select Actor 1-5,text,true,,78,0,50,100,null,0,0,0
1736081044755,2,Update Rental Date,200,OK,Update Rental 3-11,text,true,,11,0,50,100,null,2,0,0
1736081044777,1,Select By Actor_ID,200,OK,Select Actor 1-10,text,true,,79,0,50,100,null,1,0,0
1736081044778,2,Update Rental Date,200,OK,Update Rental 3-25,text,true,,11,0,50,100,null,2,0,0
1736081044780,2,Update Rental Date,200,OK,Update Rental 3-45,text,true,,11,0,50,100,null,2,0,0
1736081044805,1,Select By Actor_ID,200,OK,Select Actor 1-25,text,true,,79,0,50,100,null,1,0,0
1736081044806,3,Update Rental Date,200,OK,Update Rental 3-34,text,true,,11,0,50,100,null,3,0,0
1736081044809,2,Update Rental Date,200,OK,Update Rental 3-41,text,true,,11,0,50,100,null,2,0,0
1736081044809,2,Update Rental Date,200,OK,Update Rental 3-10,text,true,,11,0,50,100,null,2,0,0
1736081044812,2,Update Rental Date,200,OK,Update Rental 3-35,text,true,,11,0,50,100,null,2,0,0
1736081044823,1,Select By Actor_ID,200,OK,Select Actor 1-3,text,true,,81,0,50,100,null,1,0,0
1736081044832,2,Update Rental Date,200,OK,Update Rental 3-20,text,true,,11,0,50,100,null,2,0,0
1736081044840,1,Select By Actor_ID,200,OK,Select Actor 1-22,text,true,,83,0,50,100,null,1,0,0
1736081044842,1,Select By Actor_ID,200,OK,Select Actor 1-6,text,true,,81,0,50,100,null,1,0,0
1736081044842,1,Select By Actor_ID,200,OK,Select Actor 1-31,text,true,,83,0,50,100,null,1,0,0
1736081044861,1,Select By Actor_ID,200,OK,Select Actor 1-7,text,true,,82,0,50,100,null,1,0,0
1736081044877,1,Select By Actor_ID,200,OK,Select Actor 1-50,text,true,,84,0,50,100,null,0,0,0
1736081044884,0,Select By Actor_ID,200,OK,Select Actor 1-43,text,true,,80,0,50,100,null,0,0,0
1736081044889,2,Update Rental Date,200,OK,Update Rental 3-50,text,true,,11,0,50,100,null,2,0,0
1736081044896,1,Select By Actor_ID,200,OK,Select Actor 1-16,text,true,,79,0,50,100,null,1,0,0
1736081044907,0,Select By Actor_ID,200,OK,Select Actor 1-49,text,true,,83,0,50,100,null,0,0,0
1736081044912,2,Update Rental Date,200,OK,Update Rental 3-6,text,true,,11,0,50,100,null,2,0,0
1736081044922,0,Select By Actor_ID,200,OK,Select Actor 1-44,text,true,,84,0,50,100,null,0,0,0
1736081044924,0,Select By Actor_ID,200,OK,Select Actor 1-4,text,true,,80,0,50,100,null,0,0,0
1736081044925,0,Select By Actor_ID,200,OK,Select Actor 1-30,text,true,,84,0,50,100,null,0,0,0
1736081044952,2,Update Rental Date,200,OK,Update Rental 3-8,text,true,,11,0,50,100,null,2,0,0
1736081044963,0,Select By Actor_ID,200,OK,Select Actor 1-47,text,true,,80,0,50,100,null,0,0,0
1736081044965,0,Select By Actor_ID,200,OK,Select Actor 1-37,text,true,,80,0,50,100,null,0,0,0
1736081044983,0,Select By Actor_ID,200,OK,Select Actor 1-12,text,true,,85,0,50,100,null,0,0,0
1736081044990,2,Update Rental Date,200,OK,Update Rental 3-32,text,true,,11,0,50,100,null,2,0,0
1736081044998,0,Select By Actor_ID,200,OK,Select Actor 1-19,text,true,,80,0,50,100,null,0,0,0
1736081045005,0,Select By Actor_ID,200,OK,Select Actor 1-32,text,true,,85,0,50,100,null,0,0,0
1736081045016,2,Update Rental Date,200,OK,Update Rental 3-7,text,true,,11,0,50,100,null,2,0,0
1736081045033,0,Select By Actor_ID,200,OK,Select Actor 1-24,text,true,,77,0,50,100,null,0,0,0
1736081045056,1,Update Rental Date,200,OK,Update Rental 3-26,text,true,,11,0,50,100,null,1,0,0
1736081045096,1,Update Rental Date,200,OK,Update Rental 3-23,text,true,,11,0,50,100,null,1,0,0
1736081045121,2,Update Rental Date,200,OK,Update Rental 3-27,text,true,,11,0,50,100,null,2,0,0
1736081045123,2,Update Rental Date,200,OK,Update Rental 3-38,text,true,,11,0,50,100,null,2,0,0
1736081045132,2,Update Rental Date,200,OK,Update Rental 3-2,text,true,,11,0,50,100,null,2,0,0
1736081045134,1,Select By Actor_ID,200,OK,Select Actor 1-29,text,true,,80,0,50,100,null,1,0,0
1736081045188,1,Select By Actor_ID,200,OK,Select Actor 1-35,text,true,,78,0,50,100,null,1,0,0
1736081045202,1,Select By Actor_ID,200,OK,Select Actor 1-13,text,true,,83,0,50,100,null,1,0,0
1736081045202,1,Select By Actor_ID,200,OK,Select Actor 1-46,text,true,,81,0,50,100,null,1,0,0
1736081045209,2,Update Rental Date,200,OK,Update Rental 3-30,text,true,,11,0,50,100,null,2,0,0
1736081045215,2,Update Rental Date,200,OK,Update Rental 3-1,text,true,,11,0,50,100,null,2,0,0
1736081045218,1,Select By Actor_ID,200,OK,Select Actor 1-14,text,true,,81,0,50,100,null,1,0,0
1736081045221,2,Update Rental Date,200,OK,Update Rental 3-47,text,true,,11,0,50,100,null,2,0,0
1736081045228,1,Select By Actor_ID,200,OK,Select Actor 1-26,text,true,,77,0,50,100,null,1,0,0
1736081045244,1,Select By Actor_ID,200,OK,Select Actor 1-18,text,true,,80,0,50,100,null,1,0,0
1736081045252,0,Select By Actor_ID,200,OK,Select Actor 1-48,text,true,,78,0,50,100,null,0,0,0
1736081045254,0,Select By Actor_ID,200,OK,Select Actor 1-15,text,true,,80,0,50,100,null,0,0,0
1736081045261,2,Update Rental Date,200,OK,Update Rental 3-37,text,true,,11,0,50,100,null,2,0,0
1736081045264,2,Update Rental Date,200,OK,Update Rental 3-48,text,true,,11,0,50,100,null,2,0,0
1736081045271,0,Select By Actor_ID,200,OK,Select Actor 1-5,text,true,,84,0,50,100,null,0,0,0
1736081045290,0,Select By Actor_ID,200,OK,Select Actor 1-27,text,true,,80,0,50,100,null,0,0,0
1736081045293,1,Update Rental Date,200,OK,Update Rental 3-31,text,true,,11,0,50,100,null,1,0,0
1736081045298,1,Update Rental Date,200,OK,Update Rental 3-16,text,true,,11,0,50,100,null,1,0,0
1736081045302,0,Select By Actor_ID,200,OK,Select Actor 1-39,text,true,,82,0,50,100,null,0,0,0
1736081045302,1,Update Rental Date,200,OK,Update Rental 3-24,text,true,,11,0,50,100,null,1,0,0
1736081045307,1,Update Rental Date,200,OK,Update Rental 3-5,text,true,,11,0,50,100,null,1,0,0
1736081045322,2,Update Rental Date,200,OK,Update Rental 3-18,text,true,,11,0,50,100,null,2,0,0
1736081045332,2,Update Rental Date,200,OK,Update Rental 3-42,text,true,,11,0,50,100,null,2,0,0
1736081045337,1,Select By Actor_ID,200,OK,Select Actor 1-42,text,true,,80,0,50,100,null,1,0,0
1736081045338,1,Select By Actor_ID,200,OK,Select Actor 1-28,text,true,,80,0,50,100,null,1,0,0
1736081045357,1,Select By Actor_ID,200,OK,Select Actor 1-17,text,true,,84,0,50,100,null,1,0,0
1736081045358,1,Select By Actor_ID,200,OK,Select Actor 1-41,text,true,,79,0,50,100,null,1,0,0
1736081045357,3,Update Rental Date,200,OK,Update Rental 3-11,text,true,,11,0,50,100,null,3,0,0
1736081045364,2,Update Rental Date,200,OK,Update Rental 3-17,text,true,,11,0,50,100,null,2,0,0
1736081045396,2,Update Rental Date,200,OK,Update Rental 3-21,text,true,,11,0,50,100,null,2,0,0
1736081045419,0,Select By Actor_ID,200,OK,Select Actor 1-11,text,true,,83,0,50,100,null,0,0,0
1736081045438,0,Select By Actor_ID,200,OK,Select Actor 1-20,text,true,,79,0,50,100,null,0,0,0
1736081045436,3,Update Rental Date,200,OK,Update Rental 3-40,text,true,,11,0,50,100,null,3,0,0
1736081045438,2,Update Rental Date,200,OK,Update Rental 3-36,text,true,,11,0,50,100,null,2,0,0
1736081045441,0,Select By Actor_ID,200,OK,Select Actor 1-30,text,true,,80,0,50,100,null,0,0,0
1736081045440,2,Update Rental Date,200,OK,Update Rental 3-28,text,true,,11,0,50,100,null,2,0,0
1736081045452,2,Update Rental Date,200,OK,Update Rental 3-22,text,true,,11,0,50,100,null,2,0,0
1736081045457,1,Update Rental Date,200,OK,Update Rental 3-25,text,true,,11,0,50,100,null,1,0,0
1736081045463,0,Select By Actor_ID,200,OK,Select Actor 1-23,text,true,,80,0,50,100,null,0,0,0
1736081045483,2,Update Rental Date,200,OK,Update Rental 3-49,text,true,,11,0,50,100,null,2,0,0
1736081045486,0,Select By Actor_ID,200,OK,Select Actor 1-21,text,true,,81,0,50,100,null,0,0,0
1736081045496,0,Select By Actor_ID,200,OK,Select Actor 1-25,text,true,,84,0,50,100,null,0,0,0
1736081045496,0,Select By Actor_ID,200,OK,Select Actor 1-33,text,true,,86,0,50,100,null,0,0,0
1736081045510,0,Select By Actor_ID,200,OK,Select Actor 1-45,text,true,,84,0,50,100,null,0,0,0
1736081045509,2,Update Rental Date,200,OK,Update Rental 3-19,text,true,,11,0,50,100,null,2,0,0
1736081045515,1,Update Rental Date,200,OK,Update Rental 3-4,text,true,,11,0,50,100,null,1,0,0
1736081045517,0,Select By Actor_ID,200,OK,Select Actor 1-10,text,true,,84,0,50,100,null,0,0,0
1736081045517,1,Update Rental Date,200,OK,Update Rental 3-29,text,true,,11,0,50,100,null,1,0,0
1736081045533,0,Select By Actor_ID,200,OK,Select Actor 1-9,text,true,,79,0,50,100,null,0,0,0
1736081045536,1,Update Rental Date,200,OK,Update Rental 3-45,text,true,,11,0,50,100,null,1,0,0
1736081045541,1,Update Rental Date,200,OK,Update Rental 3-3,text,true,,11,0,50,100,null,1,0,0
1736081045561,2,Update Rental Date,200,OK,Update Rental 3-12,text,true,,11,0,50,100,null,2,0,0
1736081045568,3,Update Rental Date,200,OK,Update Rental 3-13,text,true,,11,0,50,100,null,3,0,1
1736081045584,2,Update Rental Date,200,OK,Update Rental 3-9,text,true,,11,0,50,100,null,2,0,0
1736081045623,1,Select By Actor_ID,200,OK,Select Actor 1-8,text,true,,83,0,50,100,null,1,0,0
1736081045637,2,Update Rental Date,200,OK,Update Rental 3-33,text,true,,11,0,50,100,null,2,0,0
1736081045652,1,Select By Actor_ID,200,OK,Select Actor 1-43,text,true,,80,0,50,100,null,1,0,0
1736081045682,2,Update Rental Date,200,OK,Update Rental 3-14,text,true,,11,0,50,100,null,2,0,0
1736081045686,2,Update Rental Date,200,OK,Update Rental 3-15,text,true,,11,0,50,100,null,2,0,0
1736081045714,0,Select By Actor_ID,200,OK,Select Actor 1-7,text,true,,79,0,50,100,null,0,0,0
1736081045745,0,Select By Actor_ID,200,OK,Select Actor 1-35,text,true,,81,0,50,100,null,0,0,0
1736081045750,0,Select By Actor_ID,200,OK,Select Actor 1-1,text,true,,81,0,50,100,null,0,0,0
1736081045751,2,Update Rental Date,200,OK,Update Rental 3-20,text,true,,11,0,50,100,null,2,0,0
1736081045765,0,Select By Actor_ID,200,OK,Select Actor 1-24,text,true,,83,0,50,100,null,0,0,0
1736081045764,2,Update Rental Date,200,OK,Update Rental 3-26,text,true,,11,0,50,100,null,2,0,0
1736081045766,0,Select By Actor_ID,200,OK,Select Actor 1-2,text,true,,83,0,50,100,null,0,0,0
1736081045780,0,Select By Actor_ID,200,OK,Select Actor 1-6,text,true,,83,0,50,100,null,0,0,0
1736081045783,0,Select By Actor_ID,200,OK,Select Actor 1-46,text,true,,80,0,50,100,null,0,0,0
1736081045782,2,Update Rental Date,200,OK,Update Rental 3-6,text,true,,11,0,50,100,null,2,0,0
1736081045786,0,Select By Actor_ID,200,OK,Select Actor 1-32,text,true,,81,0,50,100,null,0,0,0
1736081045792,2,Update Rental Date,200,OK,Update Rental 3-50,text,true,,11,0,50,100,null,2,0,0
1736081045795,1,Update Rental Date,200,OK,Update Rental 3-44,text,true,,11,0,50,100,null,1,0,0
1736081045808,2,Update Rental Date,200,OK,Update Rental 3-30,text,true,,11,0,50,100,null,2,0,0
1736081045825,2,Update Rental Date,200,OK,Update Rental 3-43,text,true,,11,0,50,100,null,2,0,0
1736081045835,0,Select By Actor_ID,200,OK,Select Actor 1-19,text,true,,81,0,50,100,null,0,0,0
1736081045848,0,Select By Actor_ID,200,OK,Select Actor 1-3,text,true,,82,0,50,100,null,0,0,0
1736081045851,2,Update Rental Date,200,OK,Update Rental 3-42,text,true,,11,0,50,100,null,2,0,0
1736081045853,0,Select By Actor_ID,200,OK,Select Actor 1-27,text,true,,80,0,50,100,null,0,0,0
1736081045858,0,Select By Actor_ID,200,OK,Select Actor 1-47,text,true,,80,0,50,100,null,0,0,0
1736081045869,0,Select By Actor_ID,200,OK,Select Actor 1-38,text,true,,82,0,50,100,null,0,0,0
1736081045873,2,Update Rental Date,200,OK,Update Rental 3-38,text,true,,11,0,50,100,null,2,0,0
1736081045892,0,Select By Actor_ID,200,OK,Select Actor 1-15,text,true,,83,0,50,100,null,0,0,0
1736081045897,0,Select By Actor_ID,200,OK,Select Actor 1-16,text,true,,78,0,50,100,null,0,0,0
1736081045923,1,Update Rental Date,200,OK,Update Rental 3-24,text,true,,11,0,50,100,null,1,0,0
1736081045939,1,Select By Actor_ID,200,OK,Select Actor 1-50,text,true,,84,0,50,100,null,1,0,0
1736081045943,2,Update Rental Date,200,OK,Update Rental 3-10,text,true,,11,0,50,100,null,2,0,0
1736081045963,5,Update Rental Date,200,OK,Update Rental 3-41,text,true,,11,0,50,100,null,5,0,0
1736081045994,0,Select By Actor_ID,200,OK,Select Actor 1-41,text,true,,86,0,50,100,null,0,0,0
1736081045994,0,Select By Actor_ID,200,OK,Select Actor 1-22,text,true,,81,0,50,100,null,0,0,0
1736081045993,4,Update Rental Date,200,OK,Update Rental 3-16,text,true,,11,0,50,100,null,4,0,0
1736081045994,4,Update Rental Date,200,OK,Update Rental 3-18,text,true,,11,0,50,100,null,4,0,0
1736081046000,1,Select By Actor_ID,200,OK,Select Actor 1-28,text,true,,80,0,50,100,null,1,0,0
1736081046002,1,Select By Actor_ID,200,OK,Select Actor 1-48,text,true,,84,0,50,100,null,1,0,0
1736081046013,2,Update Rental Date,200,OK,Update Rental 3-27,text,true,,11,0,50,100,null,2,0,0
1736081046028,1,Select By Actor_ID,200,OK,Select Actor 1-36,text,true,,81,0,50,100,null,1,0,0
1736081046031,1,Select By Actor_ID,200,OK,Select Actor 1-40,text,true,,80,0,50,100,null,1,0,0
1736081046044,1,Select By Actor_ID,200,OK,Select Actor 1-26,text,true,,82,0,50,100,null,1,0,0
1736081046045,1,Select By Actor_ID,200,OK,Select Actor 1-34,text,true,,83,0,50,100,null,1,0,0
1736081046052,1,Select By Actor_ID,200,OK,Select Actor 1-30,text,true,,88,0,50,100,null,1,0,0
1736081046053,3,Update Rental Date,200,OK,Update Rental 3-32,text,true,,11,0,50,100,null,3,0,0
1736081046070,3,Update Rental Date,200,OK,Update Rental 3-47,text,true,,11,0,50,100,null,3,0,0
1736081046091,1,Select By Actor_ID,200,OK,Select Actor 1-14,text,true,,80,0,50,100,null,1,0,0
1736081046095,3,Update Rental Date,200,OK,Update Rental 3-31,text,true,,11,0,50,100,null,3,0,0
1736081046098,2,Update Rental Date,200,OK,Update Rental 3-9,text,true,,11,0,50,100,null,2,0,0
1736081046106,0,Select By Actor_ID,200,OK,Select Actor 1-23,text,true,,79,0,50,100,null,0,0,0
1736081046113,2,Update Rental Date,200,OK,Update Rental 3-11,text,true,,11,0,50,100,null,2,0,0
1736081046118,2,Update Rental Date,200,OK,Update Rental 3-39,text,true,,11,0,50,100,null,2,0,0
1736081046134,2,Update Rental Date,200,OK,Update Rental 3-49,text,true,,11,0,50,100,null,2,0,0
1736081046137,0,Select By Actor_ID,200,OK,Select Actor 1-37,text,true,,79,0,50,100,null,0,0,0
1736081046139,2,Update Rental Date,200,OK,Update Rental 3-34,text,true,,11,0,50,100,null,2,0,0
1736081046142,0,Select By Actor_ID,200,OK,Select Actor 1-33,text,true,,83,0,50,100,null,0,0,0
1736081046144,0,Select By Actor_ID,200,OK,Select Actor 1-4,text,true,,82,0,50,100,null,0,0,0
1736081046143,2,Update Rental Date,200,OK,Update Rental 3-35,text,true,,11,0,50,100,null,2,0,0
1736081046167,2,Update Rental Date,200,OK,Update Rental 3-40,text,true,,11,0,50,100,null,2,0,0
1736081046174,0,Select By Actor_ID,200,OK,Select Actor 1-31,text,true,,81,0,50,100,null,0,0,0
1736081046178,1,Update Rental Date,200,OK,Update Rental 3-46,text,true,,11,0,50,100,null,1,0,0
1736081046182,0,Select By Actor_ID,200,OK,Select Actor 1-10,text,true,,86,0,50,100,null,0,0,0
1736081046211,2,Update Rental Date,200,OK,Update Rental 3-8,text,true,,11,0,50,100,null,2,0,0
1736081046230,0,Select By Actor_ID,200,OK,Select Actor 1-20,text,true,,80,0,50,100,null,0,0,0
1736081046238,0,Select By Actor_ID,200,OK,Select Actor 1-44,text,true,,81,0,50,100,null,0,0,0
1736081046254,0,Select By Actor_ID,200,OK,Select Actor 1-12,text,true,,84,0,50,100,null,0,0,0
1736081046257,0,Select By Actor_ID,200,OK,Select Actor 1-7,text,true,,79,0,50,100,null,0,0,0
1736081046262,0,Select By Actor_ID,200,OK,Select Actor 1-13,text,true,,80,0,50,100,null,0,0,0
1736081046269,1,Update Rental Date,200,OK,Update Rental 3-29,text,true,,11,0,50,100,null,1,0,0
1736081046271,1,Update Rental Date,200,OK,Update Rental 3-21,text,true,,11,0,50,100,null,1,0,0
1736081046274,0,Select By Actor_ID,200,OK,Select Actor 1-18,text,true,,81,0,50,100,null,0,0,0
1736081046281,0,Select By Actor_ID,200,OK,Select Actor 1-42,text,true,,78,0,50,100,null,0,0,0
1736081046286,0,Select By Actor_ID,200,OK,Select Actor 1-49,text,true,,84,0,50,100,null,0,0,0
1736081046297,0,Select By Actor_ID,200,OK,Select Actor 1-2,text,true,,80,0,50,100,null,0,0,0
1736081046299,2,Update Rental Date,200,OK,Update Rental 3-7,text,true,,11,0,50,100,null,2,0,0
1736081046303,3,Update Rental Date,200,OK,Update Rental 3-13,text,true,,11,0,50,100,null,3,0,1
1736081046305,2,Update Rental Date,200,OK,Update Rental 3-23,text,true,,11,0,50,100,null,2,0,0
1736081046312,1,Select By Actor_ID,200,OK,Select Actor 1-24,text,true,,83,0,50,100,null,1,0,1
1736081046317,1,Select By Actor_ID,200,OK,Select Actor 1-35,text,true,,83,0,50,100,null,1,0,0
1736081046320,2,Update Rental Date,200,OK,Update Rental 3-2,text,true,,11,0,50,100,null,2,0,0
1736081046335,2,Update Rental Date,200,OK,Update Rental 3-44,text,true,,11,0,50,100,null,2,0,0
1736081046352,3,Update Rental Date,200,OK,Update Rental 3-22,text,true,,11,0,50,100,null,3,0,0
1736081046379,1,Select By Actor_ID,200,OK,Select Actor 1-46,text,true,,82,0,50,100,null,1,0,0
1736081046421,2,Update Rental Date,200,OK,Update Rental 3-28,text,true,,11,0,50,100,null,2,0,0
1736081046459,1,Select By Actor_ID,200,OK,Select Actor 1-15,text,true,,88,0,50,100,null,1,0,0
1736081046463,0,Select By Actor_ID,200,OK,Select Actor 1-17,text,true,,77,0,50,100,null,0,0,0
1736081046467,2,Update Rental Date,200,OK,Update Rental 3-42,text,true,,11,0,50,100,null,2,0,0
1736081046485,1,Select By Actor_ID,200,OK,Select Actor 1-16,text,true,,77,0,50,100,null,1,0,0
1736081046492,0,Select By Actor_ID,200,OK,Select Actor 1-29,text,true,,79,0,50,100,null,0,0,0
1736081046494,2,Update Rental Date,200,OK,Update Rental 3-1,text,true,,11,0,50,100,null,2,0,0
1736081046512,0,Select By Actor_ID,200,OK,Select Actor 1-39,text,true,,81,0,50,100,null,0,0,0
1736081046526,2,Update Rental Date,200,OK,Update Rental 3-19,text,true,,11,0,50,100,null,2,0,0
1736081046541,0,Select By Actor_ID,200,OK,Select Actor 1-9,text,true,,79,0,50,100,null,0,0,0
1736081046545,0,Select By Actor_ID,200,OK,Select Actor 1-11,text,true,,82,0,50,100,null,0,0,0
1736081046572,2,Update Rental Date,200,OK,Update Rental 3-15,text,true,,11,0,50,100,null,2,0,0
1736081046584,0,Select By Actor_ID,200,OK,Select Actor 1-21,text,true,,79,0,50,100,null,0,0,0
1736081046596,2,Update Rental Date,200,OK,Update Rental 3-48,text,true,,11,0,50,100,null,2,0,0
1736081046603,0,Select By Actor_ID,200,OK,Select Actor 1-5,text,true,,82,0,50,100,null,0,0,0
1736081046638,0,Select By Actor_ID,200,OK,Select Actor 1-48,text,true,,80,0,50,100,null,0,0,0
1736081046646,2,Update Rental Date,200,OK,Update Rental 3-11,text,true,,11,0,50,100,null,2,0,0
1736081046647,1,Update Rental Date,200,OK,Update Rental 3-37,text,true,,11,0,50,100,null,1,0,0
1736081046648,2,Update Rental Date,200,OK,Update Rental 3-5,text,true,,11,0,50,100,null,1,0,0
1736081046647,3,Update Rental Date,200,OK,Update Rental 3-17,text,true,,11,0,50,100,null,2,0,0
1736081046650,0,Select By Actor_ID,200,OK,Select Actor 1-38,text,true,,79,0,50,100,null,0,0,0
1736081046688,2,Update Rental Date,200,OK,Update Rental 3-25,text,true,,11,0,50,100,null,2,0,0
1736081046692,2,Update Rental Date,200,OK,Update Rental 3-33,text,true,,11,0,50,100,null,2,0,0
1736081046709,1,Select By Actor_ID,200,OK,Select Actor 1-26,text,true,,80,0,50,100,null,1,0,0
1736081046714,1,Select By Actor_ID,200,OK,Select Actor 1-34,text,true,,84,0,50,100,null,1,0,0
1736081046727,1,Select By Actor_ID,200,OK,Select Actor 1-31,text,true,,83,0,50,100,null,1,0,0
1736081046750,2,Update Rental Date,200,OK,Update Rental 3-30,text,true,,11,0,50,100,null,2,0,0
1736081046753,2,Update Rental Date,200,OK,Update Rental 3-20,text,true,,11,0,50,100,null,2,0,0
1736081046764,1,Select By Actor_ID,200,OK,Select Actor 1-36,text,true,,79,0,50,100,null,1,0,0
1736081046771,2,Update Rental Date,200,OK,Update Rental 3-41,text,true,,11,0,50,100,null,2,0,0
1736081046775,0,Select By Actor_ID,200,OK,Select Actor 1-22,text,true,,78,0,50,100,null,0,0,0
1736081046774,2,Update Rental Date,200,OK,Update Rental 3-4,text,true,,11,0,50,100,null,2,0,0
1736081046801,2,Update Rental Date,200,OK,Update Rental 3-32,text,true,,11,0,50,100,null,2,0,0
1736081046821,2,Update Rental Date,200,OK,Update Rental 3-43,text,true,,11,0,50,100,null,2,0,0
1736081046828,0,Select By Actor_ID,200,OK,Select Actor 1-19,text,true,,80,0,50,100,null,0,0,0
1736081046827,2,Update Rental Date,200,OK,Update Rental 3-50,text,true,,11,0,50,100,null,2,0,0
1736081046834,0,Select By Actor_ID,200,OK,Select Actor 1-25,text,true,,80,0,50,100,null,0,0,0
1736081046844,0,Select By Actor_ID,200,OK,Select Actor 1-12,text,true,,79,0,50,100,null,0,0,0
1736081046844,1,Update Rental Date,200,OK,Update Rental 3-10,text,true,,11,0,50,100,null,1,0,0
1736081046850,1,Update Rental Date,200,OK,Update Rental 3-36,text,true,,11,0,50,100,null,1,0,0
1736081046864,1,Update Rental Date,200,OK,Update Rental 3-22,text,true,,11,0,50,100,null,1,0,0
1736081046875,0,Select By Actor_ID,200,OK,Select Actor 1-45,text,true,,82,0,50,100,null,0,0,0
1736081046910,2,Update Rental Date,200,OK,Update Rental 3-3,text,true,,11,0,50,100,null,2,0,0
1736081046931,0,Select By Actor_ID,200,OK,Select Actor 1-3,text,true,,83,0,50,100,null,0,0,0
1736081046931,0,Select By Actor_ID,200,OK,Select Actor 1-43,text,true,,80,0,50,100,null,0,0,0
1736081046942,0,Select By Actor_ID,200,OK,Select Actor 1-13,text,true,,79,0,50,100,null,0,0,0
1736081046940,2,Update Rental Date,200,OK,Update Rental 3-18,text,true,,11,0,50,100,null,2,0,0
1736081046948,0,Select By Actor_ID,200,OK,Select Actor 1-41,text,true,,81,0,50,100,null,0,0,0
1736081046947,2,Update Rental Date,200,OK,Update Rental 3-49,text,true,,11,0,50,100,null,2,0,0
1736081046953,2,Update Rental Date,200,OK,Update Rental 3-24,text,true,,11,0,50,100,null,2,0,0
1736081046967,0,Select By Actor_ID,200,OK,Select Actor 1-32,text,true,,82,0,50,100,null,0,0,0
1736081046975,1,Update Rental Date,200,OK,Update Rental 3-31,text,true,,11,0,50,100,null,1,0,0
1736081046976,1,Update Rental Date,200,OK,Update Rental 3-35,text,true,,11,0,50,100,null,1,0,0
1736081046981,1,Update Rental Date,200,OK,Update Rental 3-29,text,true,,11,0,50,100,null,1,0,0
1736081046984,2,Update Rental Date,200,OK,Update Rental 3-45,text,true,,11,0,50,100,null,2,0,0
1736081046997,2,Update Rental Date,200,OK,Update Rental 3-12,text,true,,11,0,50,100,null,2,0,0
1736081047004,1,Update Rental Date,200,OK,Update Rental 3-2,text,true,,11,0,50,100,null,1,0,0
1736081047005,1,Update Rental Date,200,OK,Update Rental 3-46,text,true,,11,0,50,100,null,1,0,0
1736081047012,1,Update Rental Date,200,OK,Update Rental 3-38,text,true,,11,0,50,100,null,1,0,0
1736081047022,0,Select By Actor_ID,200,OK,Select Actor 1-47,text,true,,85,0,50,100,null,0,0,0
1736081047030,0,Select By Actor_ID,200,OK,Select Actor 1-4,text,true,,83,0,50,100,null,0,0,0
1736081047038,1,Update Rental Date,200,OK,Update Rental 3-27,text,true,,11,0,50,100,null,1,0,0
1736081047052,0,Select By Actor_ID,200,OK,Select Actor 1-6,text,true,,78,0,50,100,null,0,0,0
1736081047056,1,Update Rental Date,200,OK,Update Rental 3-39,text,true,,11,0,50,100,null,1,0,0
1736081047061,0,Select By Actor_ID,200,OK,Select Actor 1-7,text,true,,82,0,50,100,null,0,0,0
1736081047061,0,Select By Actor_ID,200,OK,Select Actor 1-27,text,true,,81,0,50,100,null,0,0,0
1736081047066,1,Update Rental Date,200,OK,Update Rental 3-14,text,true,,11,0,50,100,null,1,0,0
1736081047075,1,Select By Actor_ID,200,OK,Select Actor 1-20,text,true,,79,0,50,100,null,1,0,0
1736081047089,1,Select By Actor_ID,200,OK,Select Actor 1-8,text,true,,81,0,50,100,null,1,0,0
1736081047118,1,Select By Actor_ID,200,OK,Select Actor 1-23,text,true,,80,0,50,100,null,1,0,0
1736081047132,1,Select By Actor_ID,200,OK,Select Actor 1-15,text,true,,82,0,50,100,null,1,0,0
1736081047143,1,Select By Actor_ID,200,OK,Select Actor 1-24,text,true,,81,0,50,100,null,1,0,0
1736081047158,1,Select By Actor_ID,200,OK,Select Actor 1-1,text,true,,80,0,50,100,null,1,0,0
1736081047173,1,Select By Actor_ID,200,OK,Select Actor 1-16,text,true,,80,0,50,100,null,1,0,0
1736081047190,1,Select By Actor_ID,200,OK,Select Actor 1-28,text,true,,81,0,50,100,null,1,0,0
1736081047200,1,Select By Actor_ID,200,OK,Select Actor 1-18,text,true,,81,0,50,100,null,0,0,0
1736081047208,1,Select By Actor_ID,200,OK,Select Actor 1-2,text,true,,80,0,50,100,null,0,0,0
1736081047213,2,Update Rental Date,200,OK,Update Rental 3-26,text,true,,11,0,50,100,null,2,0,0
1736081047216,0,Select By Actor_ID,200,OK,Select Actor 1-50,text,true,,81,0,50,100,null,0,0,0
1736081047220,2,Update Rental Date,200,OK,Update Rental 3-6,text,true,,11,0,50,100,null,2,0,0
1736081047227,2,Update Rental Date,200,OK,Update Rental 3-7,text,true,,11,0,50,100,null,2,0,0
1736081047251,0,Select By Actor_ID,200,OK,Select Actor 1-29,text,true,,80,0,50,100,null,0,0,0
1736081047251,2,Update Rental Date,200,OK,Update Rental 3-25,text,true,,11,0,50,100,null,2,0,0
1736081047280,0,Select By Actor_ID,200,OK,Select Actor 1-30,text,true,,79,0,50,100,null,0,0,0
1736081047338,0,Select By Actor_ID,200,OK,Select Actor 1-14,text,true,,79,0,50,100,null,0,0,0
1736081047354,0,Select By Actor_ID,200,OK,Select Actor 1-35,text,true,,85,0,50,100,null,0,0,0
1736081047353,2,Update Rental Date,200,OK,Update Rental 3-34,text,true,,11,0,50,100,null,2,0,0
1736081047360,0,Select By Actor_ID,200,OK,Select Actor 1-34,text,true,,76,0,50,100,null,0,0,0
1736081047374,0,Select By Actor_ID,200,OK,Select Actor 1-40,text,true,,76,0,50,100,null,0,0,0
1736081047383,2,Update Rental Date,200,OK,Update Rental 3-17,text,true,,11,0,50,100,null,2,0,0
1736081047410,1,Update Rental Date,200,OK,Update Rental 3-16,text,true,,11,0,50,100,null,1,0,0
1736081047423,0,Select By Actor_ID,200,OK,Select Actor 1-5,text,true,,81,0,50,100,null,0,0,0
1736081047423,1,Update Rental Date,200,OK,Update Rental 3-42,text,true,,11,0,50,100,null,1,0,0
1736081047429,1,Update Rental Date,200,OK,Update Rental 3-8,text,true,,11,0,50,100,null,1,0,0
1736081047439,2,Update Rental Date,200,OK,Update Rental 3-37,text,true,,11,0,50,100,null,2,0,0
1736081047448,1,Select By Actor_ID,200,OK,Select Actor 1-49,text,true,,81,0,50,100,null,1,0,1
1736081047450,1,Select By Actor_ID,200,OK,Select Actor 1-11,text,true,,79,0,50,100,null,1,0,0
1736081047459,1,Select By Actor_ID,200,OK,Select Actor 1-41,text,true,,78,0,50,100,null,1,0,0
1736081047459,1,Select By Actor_ID,200,OK,Select Actor 1-33,text,true,,79,0,50,100,null,1,0,0
1736081047477,2,Update Rental Date,200,OK,Update Rental 3-43,text,true,,11,0,50,100,null,2,0,0
1736081047480,1,Select By Actor_ID,200,OK,Select Actor 1-10,text,true,,80,0,50,100,null,1,0,0
1736081047486,1,Select By Actor_ID,200,OK,Select Actor 1-45,text,true,,81,0,50,100,null,1,0,0
1736081047492,1,Select By Actor_ID,200,OK,Select Actor 1-37,text,true,,78,0,50,100,null,1,0,0
1736081047494,2,Update Rental Date,200,OK,Update Rental 3-36,text,true,,11,0,50,100,null,2,0,0
1736081047498,2,Update Rental Date,200,OK,Update Rental 3-49,text,true,,11,0,50,100,null,2,0,0
1736081047504,2,Update Rental Date,200,OK,Update Rental 3-21,text,true,,11,0,50,100,null,2,0,0
1736081047519,2,Update Rental Date,200,OK,Update Rental 3-9,text,true,,11,0,50,100,null,2,0,0
1736081047519,2,Update Rental Date,200,OK,Update Rental 3-50,text,true,,11,0,50,100,null,2,0,0
1736081047519,3,Update Rental Date,200,OK,Update Rental 3-40,text,true,,11,0,50,100,null,3,0,0
1736081047521,2,Update Rental Date,200,OK,Update Rental 3-20,text,true,,11,0,50,100,null,2,0,0
1736081047536,2,Update Rental Date,200,OK,Update Rental 3-48,text,true,,11,0,50,100,null,2,0,0
1736081047547,3,Update Rental Date,200,OK,Update Rental 3-30,text,true,,11,0,50,100,null,3,0,0
1736081047560,1,Select By Actor_ID,200,OK,Select Actor 1-12,text,true,,81,0,50,100,null,1,0,0
1736081047560,2,Update Rental Date,200,OK,Update Rental 3-47,text,true,,11,0,50,100,null,2,0,0
1736081047591,0,Select By Actor_ID,200,OK,Select Actor 1-32,text,true,,84,0,50,100,null,0,0,0
1736081047597,0,Select By Actor_ID,200,OK,Select Actor 1-42,text,true,,81,0,50,100,null,0,0,0
1736081047596,2,Update Rental Date,200,OK,Update Rental 3-15,text,true,,11,0,50,100,null,2,0,0
1736081047602,0,Select By Actor_ID,200,OK,Select Actor 1-3,text,true,,81,0,50,100,null,0,0,0
1736081047605,2,Update Rental Date,200,OK,Update Rental 3-18,text,true,,11,0,50,100,null,2,0,0
1736081047610,0,Select By Actor_ID,200,OK,Select Actor 1-4,text,true,,81,0,50,100,null,0,0,0
1736081047650,0,Select By Actor_ID,200,OK,Select Actor 1-17,text,true,,82,0,50,100,null,0,0,0
1736081047649,2,Update Rental Date,200,OK,Update Rental 3-38,text,true,,11,0,50,100,null,2,0,0
1736081047667,2,Update Rental Date,200,OK,Update Rental 3-23,text,true,,11,0,50,100,null,2,0,0
1736081047694,2,Update Rental Date,200,OK,Update Rental 3-31,text,true,,11,0,50,100,null,2,0,0
1736081047698,3,Update Rental Date,200,OK,Update Rental 3-13,text,true,,11,0,50,100,null,3,0,0
1736081047704,0,Select By Actor_ID,200,OK,Select Actor 1-44,text,true,,80,0,50,100,null,0,0,0
1736081047722,2,Update Rental Date,200,OK,Update Rental 3-12,text,true,,11,0,50,100,null,2,0,0
1736081047728,0,Select By Actor_ID,200,OK,Select Actor 1-26,text,true,,79,0,50,100,null,0,0,0
1736081047760,0,Select By Actor_ID,200,OK,Select Actor 1-18,text,true,,82,0,50,100,null,0,0,0
1736081047761,1,Update Rental Date,200,OK,Update Rental 3-41,text,true,,11,0,50,100,null,1,0,0
1736081047764,1,Update Rental Date,200,OK,Update Rental 3-10,text,true,,11,0,50,100,null,1,0,0
1736081047772,0,Select By Actor_ID,200,OK,Select Actor 1-8,text,true,,81,0,50,100,null,0,0,0
1736081047774,0,Select By Actor_ID,200,OK,Select Actor 1-15,text,true,,83,0,50,100,null,0,0,0
1736081047805,1,Update Rental Date,200,OK,Update Rental 3-44,text,true,,11,0,50,100,null,1,0,0
1736081047814,1,Update Rental Date,200,OK,Update Rental 3-2,text,true,,11,0,50,100,null,1,0,0
1736081047823,2,Update Rental Date,200,OK,Update Rental 3-24,text,true,,11,0,50,100,null,2,0,1
1736081047826,1,Select By Actor_ID,200,OK,Select Actor 1-13,text,true,,83,0,50,100,null,1,0,0
1736081047840,1,Select By Actor_ID,200,OK,Select Actor 1-46,text,true,,80,0,50,100,null,1,0,0
1736081047845,3,Update Rental Date,200,OK,Update Rental 3-5,text,true,,11,0,50,100,null,3,0,0
1736081047845,3,Update Rental Date,200,OK,Update Rental 3-7,text,true,,11,0,50,100,null,3,0,0
1736081047849,2,Update Rental Date,200,OK,Update Rental 3-1,text,true,,11,0,50,100,null,2,0,0
1736081047854,2,Update Rental Date,200,OK,Update Rental 3-28,text,true,,11,0,50,100,null,2,0,0
1736081047860,1,Select By Actor_ID,200,OK,Select Actor 1-2,text,true,,83,0,50,100,null,1,0,0
1736081047900,2,Update Rental Date,200,OK,Update Rental 3-19,text,true,,11,0,50,100,null,2,0,0
1736081047911,2,Update Rental Date,200,OK,Update Rental 3-17,text,true,,11,0,50,100,null,2,0,0
1736081047919,1,Select By Actor_ID,200,OK,Select Actor 1-39,text,true,,84,0,50,100,null,1,0,0
1736081047923,1,Select By Actor_ID,200,OK,Select Actor 1-43,text,true,,80,0,50,100,null,1,0,0
1736081047926,1,Select By Actor_ID,200,OK,Select Actor 1-22,text,true,,82,0,50,100,null,1,0,0
1736081047937,1,Select By Actor_ID,200,OK,Select Actor 1-5,text,true,,79,0,50,100,null,1,0,0
1736081047943,1,Select By Actor_ID,200,OK,Select Actor 1-28,text,true,,82,0,50,100,null,1,0,0
1736081047969,1,Select By Actor_ID,200,OK,Select Actor 1-24,text,true,,79,0,50,100,null,1,0,0
1736081047990,0,Select By Actor_ID,200,OK,Select Actor 1-9,text,true,,79,0,50,100,null,0,0,0
1736081048005,2,Update Rental Date,200,OK,Update Rental 3-39,text,true,,11,0,50,100,null,2,0,0
1736081048020,0,Select By Actor_ID,200,OK,Select Actor 1-36,text,true,,80,0,50,100,null,0,0,0
1736081048023,0,Select By Actor_ID,200,OK,Select Actor 1-21,text,true,,81,0,50,100,null,0,0,0
1736081048025,0,Select By Actor_ID,200,OK,Select Actor 1-38,text,true,,76,0,50,100,null,0,0,0
1736081048047,2,Update Rental Date,200,OK,Update Rental 3-21,text,true,,11,0,50,100,null,2,0,0
1736081048051,2,Update Rental Date,200,OK,Update Rental 3-35,text,true,,11,0,50,100,null,2,0,0
1736081048054,0,Select By Actor_ID,200,OK,Select Actor 1-48,text,true,,78,0,50,100,null,0,0,0
1736081048072,1,Update Rental Date,200,OK,Update Rental 3-4,text,true,,11,0,50,100,null,1,0,0
1736081048074,0,Select By Actor_ID,200,OK,Select Actor 1-10,text,true,,77,0,50,100,null,0,0,0
1736081048091,0,Select By Actor_ID,200,OK,Select Actor 1-6,text,true,,85,0,50,100,null,0,0,0
1736081048091,2,Update Rental Date,200,OK,Update Rental 3-11,text,true,,11,0,50,100,null,2,0,0
1736081048099,0,Select By Actor_ID,200,OK,Select Actor 1-16,text,true,,82,0,50,100,null,0,0,0
1736081048099,0,Select By Actor_ID,200,OK,Select Actor 1-27,text,true,,78,0,50,100,null,0,0,0
1736081048100,2,Update Rental Date,200,OK,Update Rental 3-3,text,true,,11,0,50,100,null,2,0,0
1736081048102,2,Update Rental Date,200,OK,Update Rental 3-47,text,true,,11,0,50,100,null,1,0,0
1736081048112,0,Select By Actor_ID,200,OK,Select Actor 1-31,text,true,,80,0,50,100,null,0,0,0
1736081048116,0,Select By Actor_ID,200,OK,Select Actor 1-47,text,true,,81,0,50,100,null,0,0,0
1736081048132,0,Select By Actor_ID,200,OK,Select Actor 1-25,text,true,,80,0,50,100,null,0,0,0
1736081048134,0,Select By Actor_ID,200,OK,Select Actor 1-30,text,true,,80,0,50,100,null,0,0,0
1736081048152,2,Update Rental Date,200,OK,Update Rental 3-33,text,true,,11,0,50,100,null,2,0,0
1736081048159,0,Select By Actor_ID,200,OK,Select Actor 1-7,text,true,,78,0,50,100,null,0,0,0
1736081048163,1,Update Rental Date,200,OK,Update Rental 3-36,text,true,,11,0,50,100,null,1,0,0
1736081048181,0,Select By Actor_ID,200,OK,Select Actor 1-50,text,true,,83,0,50,100,null,0,0,0
1736081048189,0,Select By Actor_ID,200,OK,Select Actor 1-45,text,true,,80,0,50,100,null,0,0,0
1736081048192,1,Select By Actor_ID,200,OK,Select Actor 1-11,text,true,,84,0,50,100,null,1,0,0
1736081048205,2,Update Rental Date,200,OK,Update Rental 3-22,text,true,,11,0,50,100,null,2,0,0
1736081048215,2,Update Rental Date,200,OK,Update Rental 3-32,text,true,,11,0,50,100,null,2,0,0
1736081048221,1,Select By Actor_ID,200,OK,Select Actor 1-19,text,true,,78,0,50,100,null,1,0,0
1736081048221,2,Update Rental Date,200,OK,Update Rental 3-45,text,true,,11,0,50,100,null,2,0,0
1736081048236,1,Select By Actor_ID,200,OK,Select Actor 1-14,text,true,,79,0,50,100,null,1,0,0
1736081048241,2,Update Rental Date,200,OK,Update Rental 3-40,text,true,,11,0,50,100,null,2,0,0
1736081048265,2,Update Rental Date,200,OK,Update Rental 3-14,text,true,,11,0,50,100,null,2,0,0
1736081048267,2,Update Rental Date,200,OK,Update Rental 3-26,text,true,,11,0,50,100,null,2,0,0
1736081048290,2,Update Rental Date,200,OK,Update Rental 3-43,text,true,,11,0,50,100,null,2,0,0
1736081048301,0,Select By Actor_ID,200,OK,Select Actor 1-8,text,true,,79,0,50,100,null,0,0,0
1736081048302,0,Select By Actor_ID,200,OK,Select Actor 1-20,text,true,,80,0,50,100,null,0,0,0
1736081048306,0,Select By Actor_ID,200,OK,Select Actor 1-26,text,true,,81,0,50,100,null,0,0,0
1736081048308,0,Select By Actor_ID,200,OK,Select Actor 1-41,text,true,,84,0,50,100,null,0,0,0
1736081048312,0,Select By Actor_ID,200,OK,Select Actor 1-12,text,true,,83,0,50,100,null,0,0,0
1736081048316,1,Update Rental Date,200,OK,Update Rental 3-29,text,true,,11,0,50,100,null,1,0,0
1736081048317,1,Update Rental Date,200,OK,Update Rental 3-27,text,true,,11,0,50,100,null,1,0,0
1736081048350,2,Update Rental Date,200,OK,Update Rental 3-9,text,true,,11,0,50,100,null,2,0,0
1736081048364,0,Select By Actor_ID,200,OK,Select Actor 1-29,text,true,,81,0,50,100,null,0,0,0
1736081048366,1,Update Rental Date,200,OK,Update Rental 3-16,text,true,,11,0,50,100,null,1,0,0
1736081048378,0,Select By Actor_ID,200,OK,Select Actor 1-17,text,true,,84,0,50,100,null,0,0,0
1736081048433,0,Select By Actor_ID,200,OK,Select Actor 1-46,text,true,,83,0,50,100,null,0,0,0
1736081048434,2,Update Rental Date,200,OK,Update Rental 3-25,text,true,,11,0,50,100,null,2,0,0
1736081048453,2,Update Rental Date,200,OK,Update Rental 3-38,text,true,,11,0,50,100,null,2,0,0
1736081048465,2,Update Rental Date,200,OK,Update Rental 3-46,text,true,,11,0,50,100,null,2,0,0
1736081048472,0,Select By Actor_ID,200,OK,Select Actor 1-40,text,true,,83,0,50,100,null,0,0,0
1736081048492,0,Select By Actor_ID,200,OK,Select Actor 1-42,text,true,,80,0,50,100,null,0,0,0
1736081048508,2,Update Rental Date,200,OK,Update Rental 3-49,text,true,,11,0,50,100,null,2,0,0
1736081048518,0,Select By Actor_ID,200,OK,Select Actor 1-28,text,true,,83,0,50,100,null,0,0,0
1736081048536,1,Update Rental Date,200,OK,Update Rental 3-5,text,true,,11,0,50,100,null,1,0,0
1736081048537,1,Update Rental Date,200,OK,Update Rental 3-41,text,true,,11,0,50,100,null,1,0,0
1736081048543,0,Select By Actor_ID,200,OK,Select Actor 1-15,text,true,,80,0,50,100,null,0,0,0
1736081048550,0,Select By Actor_ID,200,OK,Select Actor 1-35,text,true,,77,0,50,100,null,0,0,0
1736081048552,1,Update Rental Date,200,OK,Update Rental 3-50,text,true,,11,0,50,100,null,1,0,0
1736081048560,2,Update Rental Date,200,OK,Update Rental 3-24,text,true,,11,0,50,100,null,2,0,0
1736081048570,2,Update Rental Date,200,OK,Update Rental 3-42,text,true,,11,0,50,100,null,2,0,0
1736081048574,0,Select By Actor_ID,200,OK,Select Actor 1-43,text,true,,81,0,50,100,null,0,0,0
1736081048593,1,Select By Actor_ID,200,OK,Select Actor 1-23,text,true,,80,0,50,100,null,1,0,0
1736081048597,1,Select By Actor_ID,200,OK,Select Actor 1-1,text,true,,78,0,50,100,null,1,0,0
1736081048605,2,Update Rental Date,200,OK,Update Rental 3-1,text,true,,11,0,50,100,null,2,0,0
1736081048614,2,Update Rental Date,200,OK,Update Rental 3-7,text,true,,11,0,50,100,null,2,0,0
1736081048623,1,Select By Actor_ID,200,OK,Select Actor 1-31,text,true,,83,0,50,100,null,1,0,0
1736081048623,1,Select By Actor_ID,200,OK,Select Actor 1-32,text,true,,78,0,50,100,null,1,0,0
1736081048655,1,Select By Actor_ID,200,OK,Select Actor 1-47,text,true,,81,0,50,100,null,1,0,0
1736081048665,2,Update Rental Date,200,OK,Update Rental 3-30,text,true,,11,0,50,100,null,2,0,0
1736081048673,2,Update Rental Date,200,OK,Update Rental 3-31,text,true,,11,0,50,100,null,2,0,0
1736081048674,2,Update Rental Date,200,OK,Update Rental 3-13,text,true,,11,0,50,100,null,2,0,0
1736081048687,2,Update Rental Date,200,OK,Update Rental 3-6,text,true,,11,0,50,100,null,2,0,0
1736081048694,1,Select By Actor_ID,200,OK,Select Actor 1-10,text,true,,85,0,50,100,null,1,0,0
1736081048704,2,Update Rental Date,200,OK,Update Rental 3-44,text,true,,11,0,50,100,null,2,0,0
1736081048713,1,Select By Actor_ID,200,OK,Select Actor 1-30,text,true,,80,0,50,100,null,0,0,0
1736081048724,2,Update Rental Date,200,OK,Update Rental 3-34,text,true,,11,0,50,100,null,2,0,0
1736081048736,2,Update Rental Date,200,OK,Update Rental 3-10,text,true,,11,0,50,100,null,2,0,0
1736081048740,0,Select By Actor_ID,200,OK,Select Actor 1-14,text,true,,81,0,50,100,null,0,0,0
1736081048752,2,Update Rental Date,200,OK,Update Rental 3-4,text,true,,11,0,50,100,null,2,0,0
1736081048757,0,Select By Actor_ID,200,OK,Select Actor 1-18,text,true,,79,0,50,100,null,0,0,0
1736081048760,0,Select By Actor_ID,200,OK,Select Actor 1-24,text,true,,79,0,50,100,null,0,0,0
1736081048773,3,Update Rental Date,200,OK,Update Rental 3-8,text,true,,11,0,50,100,null,3,0,0
1736081048789,2,Update Rental Date,200,OK,Update Rental 3-36,text,true,,11,0,50,100,null,2,0,0
1736081048791,0,Select By Actor_ID,200,OK,Select Actor 1-48,text,true,,83,0,50,100,null,0,0,0
1736081048794,2,Update Rental Date,200,OK,Update Rental 3-20,text,true,,11,0,50,100,null,2,0,0
1736081048794,2,Update Rental Date,200,OK,Update Rental 3-2,text,true,,11,0,50,100,null,2,0,0
1736081048798,0,Select By Actor_ID,200,OK,Select Actor 1-37,text,true,,82,0,50,100,null,0,0,0
1736081048810,0,Select By Actor_ID,200,OK,Select Actor 1-4,text,true,,83,0,50,100,null,0,0,0
1736081048816,0,Select By Actor_ID,200,OK,Select Actor 1-34,text,true,,82,0,50,100,null,0,0,0
1736081048834,0,Select By Actor_ID,200,OK,Select Actor 1-26,text,true,,80,0,50,100,null,0,0,0
1736081048833,2,Update Rental Date,200,OK,Update Rental 3-48,text,true,,11,0,50,100,null,1,0,0
1736081048836,0,Select By Actor_ID,200,OK,Select Actor 1-41,text,true,,82,0,50,100,null,0,0,0
1736081048837,0,Select By Actor_ID,200,OK,Select Actor 1-49,text,true,,81,0,50,100,null,0,0,0
1736081048846,0,Select By Actor_ID,200,OK,Select Actor 1-45,text,true,,84,0,50,100,null,0,0,0
1736081048848,0,Select By Actor_ID,200,OK,Select Actor 1-11,text,true,,79,0,50,100,null,0,0,0
1736081048859,0,Select By Actor_ID,200,OK,Select Actor 1-5,text,true,,80,0,50,100,null,0,0,0
1736081048866,0,Select By Actor_ID,200,OK,Select Actor 1-44,text,true,,80,0,50,100,null,0,0,0
1736081048881,2,Update Rental Date,200,OK,Update Rental 3-16,text,true,,11,0,50,100,null,1,0,0
1736081048884,0,Select By Actor_ID,200,OK,Select Actor 1-33,text,true,,82,0,50,100,null,0,0,0
1736081048889,0,Select By Actor_ID,200,OK,Select Actor 1-2,text,true,,84,0,50,100,null,0,0,0
1736081048888,2,Update Rental Date,200,OK,Update Rental 3-23,text,true,,11,0,50,100,null,2,0,0
1736081048892,2,Update Rental Date,200,OK,Update Rental 3-18,text,true,,11,0,50,100,null,2,0,0
1736081048910,0,Select By Actor_ID,200,OK,Select Actor 1-6,text,true,,80,0,50,100,null,0,0,0
1736081048909,1,Update Rental Date,200,OK,Update Rental 3-15,text,true,,11,0,50,100,null,1,0,0
1736081048923,0,Select By Actor_ID,200,OK,Select Actor 1-36,text,true,,85,0,50,100,null,0,0,0
1736081048926,0,Select By Actor_ID,200,OK,Select Actor 1-7,text,true,,80,0,50,100,null,0,0,0
1736081048932,2,Update Rental Date,200,OK,Update Rental 3-37,text,true,,11,0,50,100,null,2,0,0
1736081048953,1,Update Rental Date,200,OK,Update Rental 3-28,text,true,,11,0,50,100,null,1,0,0
1736081048959,0,Select By Actor_ID,200,OK,Select Actor 1-3,text,true,,78,0,50,100,null,0,0,0
1736081048959,0,Select By Actor_ID,200,OK,Select Actor 1-46,text,true,,79,0,50,100,null,0,0,0
1736081048970,1,Select By Actor_ID,200,OK,Select Actor 1-13,text,true,,78,0,50,100,null,1,0,0
1736081048976,3,Update Rental Date,200,OK,Update Rental 3-12,text,true,,11,0,50,100,null,3,0,0
1736081048985,1,Select By Actor_ID,200,OK,Select Actor 1-39,text,true,,78,0,50,100,null,1,0,0
1736081049004,3,Update Rental Date,200,OK,Update Rental 3-14,text,true,,11,0,50,100,null,3,0,0
1736081049012,1,Select By Actor_ID,200,OK,Select Actor 1-21,text,true,,80,0,50,100,null,1,0,0
1736081049026,2,Update Rental Date,200,OK,Update Rental 3-11,text,true,,11,0,50,100,null,2,0,0
1736081049036,1,Select By Actor_ID,200,OK,Select Actor 1-16,text,true,,83,0,50,100,null,1,0,0
1736081049060,2,Update Rental Date,200,OK,Update Rental 3-46,text,true,,11,0,50,100,null,2,0,0
1736081049070,1,Select By Actor_ID,200,OK,Select Actor 1-22,text,true,,80,0,50,100,null,1,0,0
1736081049100,2,Update Rental Date,200,OK,Update Rental 3-25,text,true,,11,0,50,100,null,2,0,0
1736081049110,0,Select By Actor_ID,200,OK,Select Actor 1-38,text,true,,81,0,50,100,null,0,0,0
1736081049118,2,Update Rental Date,200,OK,Update Rental 3-50,text,true,,11,0,50,100,null,2,0,0
1736081049118,2,Update Rental Date,200,OK,Update Rental 3-1,text,true,,11,0,50,100,null,2,0,0
1736081049119,3,Update Rental Date,200,OK,Update Rental 3-9,text,true,,11,0,50,100,null,3,0,0
1736081049134,0,Select By Actor_ID,200,OK,Select Actor 1-15,text,true,,81,0,50,100,null,0,0,0
1736081049154,2,Update Rental Date,200,OK,Update Rental 3-27,text,true,,11,0,50,100,null,2,0,0
1736081049168,0,Select By Actor_ID,200,OK,Select Actor 1-40,text,true,,83,0,50,100,null,0,0,0
1736081049170,1,Select By Actor_ID,200,OK,Select Actor 1-8,text,true,,82,0,50,100,null,1,0,0
1736081049196,2,Update Rental Date,200,OK,Update Rental 3-35,text,true,,11,0,50,100,null,2,0,0
1736081049219,2,Update Rental Date,200,OK,Update Rental 3-3,text,true,,11,0,50,100,null,2,0,0
1736081049236,2,Update Rental Date,200,OK,Update Rental 3-47,text,true,,11,0,50,100,null,2,0,0
1736081049260,0,Select By Actor_ID,200,OK,Select Actor 1-9,text,true,,86,0,50,100,null,0,0,0
1736081049261,1,Update Rental Date,200,OK,Update Rental 3-30,text,true,,11,0,50,100,null,1,0,0
1736081049271,1,Update Rental Date,200,OK,Update Rental 3-10,text,true,,11,0,50,100,null,1,0,0
1736081049281,1,Update Rental Date,200,OK,Update Rental 3-34,text,true,,11,0,50,100,null,1,0,0
1736081049296,0,Select By Actor_ID,200,OK,Select Actor 1-29,text,true,,80,0,50,100,null,0,0,0
1736081049302,0,Select By Actor_ID,200,OK,Select Actor 1-19,text,true,,77,0,50,100,null,0,0,0
1736081049302,0,Select By Actor_ID,200,OK,Select Actor 1-42,text,true,,84,0,50,100,null,0,0,0
1736081049304,1,Update Rental Date,200,OK,Update Rental 3-19,text,true,,11,0,50,100,null,1,0,0
1736081049333,3,Update Rental Date,200,OK,Update Rental 3-4,text,true,,11,0,50,100,null,3,0,1
1736081049335,2,Update Rental Date,200,OK,Update Rental 3-33,text,true,,11,0,50,100,null,2,0,1
1736081049358,2,Update Rental Date,200,OK,Update Rental 3-40,text,true,,11,0,50,100,null,2,0,0
1736081049378,2,Update Rental Date,200,OK,Update Rental 3-39,text,true,,11,0,50,100,null,2,0,0
1736081049395,1,Select By Actor_ID,200,OK,Select Actor 1-50,text,true,,83,0,50,100,null,1,0,0
1736081049394,2,Update Rental Date,200,OK,Update Rental 3-17,text,true,,11,0,50,100,null,2,0,0
1736081049402,1,Select By Actor_ID,200,OK,Select Actor 1-14,text,true,,84,0,50,100,null,1,0,0
1736081049413,2,Update Rental Date,200,OK,Update Rental 3-6,text,true,,11,0,50,100,null,2,0,0
1736081049437,1,Select By Actor_ID,200,OK,Select Actor 1-49,text,true,,84,0,50,100,null,1,0,0
1736081049435,4,Update Rental Date,200,OK,Update Rental 3-18,text,true,,11,0,50,100,null,4,0,0
1736081049450,2,Update Rental Date,200,OK,Update Rental 3-42,text,true,,11,0,50,100,null,2,0,0
1736081049461,2,Update Rental Date,200,OK,Update Rental 3-22,text,true,,11,0,50,100,null,2,0,0
1736081049464,2,Update Rental Date,200,OK,Update Rental 3-20,text,true,,11,0,50,100,null,2,0,0
1736081049480,2,Update Rental Date,200,OK,Update Rental 3-24,text,true,,11,0,50,100,null,2,0,0
1736081049486,2,Update Rental Date,200,OK,Update Rental 3-43,text,true,,11,0,50,100,null,2,0,0
1736081049494,2,Update Rental Date,200,OK,Update Rental 3-45,text,true,,11,0,50,100,null,2,0,0
1736081049520,2,Update Rental Date,200,OK,Update Rental 3-41,text,true,,11,0,50,100,null,2,0,0
1736081049524,0,Select By Actor_ID,200,OK,Select Actor 1-10,text,true,,81,0,50,100,null,0,0,0
1736081049531,2,Update Rental Date,200,OK,Update Rental 3-11,text,true,,11,0,50,100,null,2,0,0
1736081049531,2,Update Rental Date,200,OK,Update Rental 3-21,text,true,,11,0,50,100,null,2,0,0
1736081049533,0,Select By Actor_ID,200,OK,Select Actor 1-2,text,true,,80,0,50,100,null,0,0,0
1736081049543,0,Select By Actor_ID,200,OK,Select Actor 1-5,text,true,,83,0,50,100,null,0,0,0
1736081049553,2,Update Rental Date,200,OK,Update Rental 3-26,text,true,,11,0,50,100,null,2,0,0
1736081049557,2,Update Rental Date,200,OK,Update Rental 3-14,text,true,,11,0,50,100,null,2,0,0
1736081049560,0,Select By Actor_ID,200,OK,Select Actor 1-41,text,true,,79,0,50,100,null,0,0,0
1736081049566,0,Select By Actor_ID,200,OK,Select Actor 1-25,text,true,,86,0,50,100,null,0,0,0
1736081049566,2,Update Rental Date,200,OK,Update Rental 3-29,text,true,,11,0,50,100,null,2,0,0
1736081049571,2,Update Rental Date,200,OK,Update Rental 3-16,text,true,,11,0,50,100,null,2,0,0
1736081049587,2,Update Rental Date,200,OK,Update Rental 3-28,text,true,,11,0,50,100,null,2,0,0
1736081049588,2,Update Rental Date,200,OK,Update Rental 3-7,text,true,,11,0,50,100,null,2,0,0
1736081049590,0,Select By Actor_ID,200,OK,Select Actor 1-28,text,true,,78,0,50,100,null,0,0,0
1736081049592,0,Select By Actor_ID,200,OK,Select Actor 1-27,text,true,,83,0,50,100,null,0,0,0
1736081049611,2,Update Rental Date,200,OK,Update Rental 3-49,text,true,,11,0,50,100,null,2,0,0
1736081049619,0,Select By Actor_ID,200,OK,Select Actor 1-22,text,true,,78,0,50,100,null,0,0,0
1736081049624,0,Select By Actor_ID,200,OK,Select Actor 1-35,text,true,,80,0,50,100,null,0,0,0
1736081049636,0,Select By Actor_ID,200,OK,Select Actor 1-37,text,true,,81,0,50,100,null,0,0,0
1736081049645,0,Select By Actor_ID,200,OK,Select Actor 1-46,text,true,,84,0,50,100,null,0,0,0
1736081049646,2,Update Rental Date,200,OK,Update Rental 3-31,text,true,,11,0,50,100,null,2,0,0
1736081049652,0,Select By Actor_ID,200,OK,Select Actor 1-31,text,true,,82,0,50,100,null,0,0,0
1736081049712,0,Select By Actor_ID,200,OK,Select Actor 1-20,text,true,,81,0,50,100,null,0,0,0
1736081049719,0,Select By Actor_ID,200,OK,Select Actor 1-13,text,true,,83,0,50,100,null,0,0,0
1736081049698,24,Update Rental Date,200,OK,Update Rental 3-32,text,true,,11,0,50,100,null,23,0,0
1736081049728,3,Update Rental Date,200,OK,Update Rental 3-5,text,true,,11,0,50,100,null,2,0,0
1736081049747,1,Select By Actor_ID,200,OK,Select Actor 1-17,text,true,,80,0,50,100,null,1,0,0
1736081049754,1,Select By Actor_ID,200,OK,Select Actor 1-12,text,true,,80,0,50,100,null,1,0,0
1736081049778,1,Select By Actor_ID,200,OK,Select Actor 1-44,text,true,,79,0,50,100,null,1,0,0
1736081049785,2,Update Rental Date,200,OK,Update Rental 3-38,text,true,,11,0,50,100,null,2,0,0
1736081049788,1,Select By Actor_ID,200,OK,Select Actor 1-24,text,true,,78,0,50,100,null,1,0,0
1736081049849,1,Select By Actor_ID,200,OK,Select Actor 1-43,text,true,,84,0,50,100,null,0,0,0
1736081049852,0,Select By Actor_ID,200,OK,Select Actor 1-11,text,true,,81,0,50,100,null,0,0,0
1736081049862,2,Update Rental Date,200,OK,Update Rental 3-4,text,true,,11,0,50,100,null,2,0,0
1736081049869,2,Update Rental Date,200,OK,Update Rental 3-15,text,true,,11,0,50,100,null,2,0,0
1736081049872,0,Select By Actor_ID,200,OK,Select Actor 1-29,text,true,,88,0,50,100,null,0,0,0
1736081049872,0,Select By Actor_ID,200,OK,Select Actor 1-48,text,true,,84,0,50,100,null,0,0,0
1736081049878,0,Select By Actor_ID,200,OK,Select Actor 1-1,text,true,,84,0,50,100,null,0,0,0
1736081049902,0,Select By Actor_ID,200,OK,Select Actor 1-8,text,true,,82,0,50,100,null,0,0,0
1736081049931,2,Update Rental Date,200,OK,Update Rental 3-17,text,true,,11,0,50,100,null,2,0,0
1736081049941,1,Select By Actor_ID,200,OK,Select Actor 1-47,text,true,,83,0,50,100,null,1,0,0
1736081049951,0,Select By Actor_ID,200,OK,Select Actor 1-30,text,true,,79,0,50,100,null,0,0,0
1736081049950,2,Update Rental Date,200,OK,Update Rental 3-50,text,true,,11,0,50,100,null,2,0,0
1736081049960,2,Update Rental Date,200,OK,Update Rental 3-27,text,true,,11,0,50,100,null,2,0,0
1736081049970,0,Select By Actor_ID,200,OK,Select Actor 1-40,text,true,,86,0,50,100,null,0,0,0
1736081049998,0,Select By Actor_ID,200,OK,Select Actor 1-23,text,true,,84,0,50,100,null,0,0,0
1736081050001,0,Select By Actor_ID,200,OK,Select Actor 1-33,text,true,,81,0,50,100,null,0,0,0
1736081050021,2,Update Rental Date,200,OK,Update Rental 3-8,text,true,,11,0,50,100,null,2,0,0
1736081050021,2,Update Rental Date,200,OK,Update Rental 3-25,text,true,,11,0,50,100,null,2,0,0
1736081050041,2,Update Rental Date,200,OK,Update Rental 3-9,text,true,,11,0,50,100,null,2,0,0
1736081050042,2,Update Rental Date,200,OK,Update Rental 3-30,text,true,,11,0,50,100,null,2,0,0
1736081050049,0,Select By Actor_ID,200,OK,Select Actor 1-39,text,true,,82,0,50,100,null,0,0,0
1736081050049,1,Update Rental Date,200,OK,Update Rental 3-23,text,true,,11,0,50,100,null,1,0,0
1736081050052,1,Update Rental Date,200,OK,Update Rental 3-36,text,true,,11,0,50,100,null,1,0,0
1736081050052,2,Update Rental Date,200,OK,Update Rental 3-13,text,true,,11,0,50,100,null,2,0,0
1736081050055,1,Update Rental Date,200,OK,Update Rental 3-44,text,true,,11,0,50,100,null,1,0,0
1736081050061,0,Select By Actor_ID,200,OK,Select Actor 1-18,text,true,,80,0,50,100,null,0,0,0
1736081050067,0,Select By Actor_ID,200,OK,Select Actor 1-9,text,true,,80,0,50,100,null,0,0,0
1736081050076,0,Select By Actor_ID,200,OK,Select Actor 1-6,text,true,,80,0,50,100,null,0,0,0
1736081050076,2,Update Rental Date,200,OK,Update Rental 3-35,text,true,,11,0,50,100,null,2,0,0
1736081050077,2,Update Rental Date,200,OK,Update Rental 3-6,text,true,,11,0,50,100,null,2,0,0
1736081050078,3,Update Rental Date,200,OK,Update Rental 3-47,text,true,,11,0,50,100,null,3,0,0
1736081050082,2,Update Rental Date,200,OK,Update Rental 3-48,text,true,,11,0,50,100,null,2,0,1
1736081050102,1,Select By Actor_ID,200,OK,Select Actor 1-32,text,true,,81,0,50,100,null,1,0,0
1736081050106,1,Select By Actor_ID,200,OK,Select Actor 1-45,text,true,,81,0,50,100,null,1,0,0
1736081050115,1,Select By Actor_ID,200,OK,Select Actor 1-7,text,true,,82,0,50,100,null,1,0,0
1736081050142,1,Select By Actor_ID,200,OK,Select Actor 1-34,text,true,,80,0,50,100,null,1,0,0
1736081050167,2,Update Rental Date,200,OK,Update Rental 3-39,text,true,,11,0,50,100,null,2,0,0
1736081050170,1,Select By Actor_ID,200,OK,Select Actor 1-4,text,true,,82,0,50,100,null,1,0,0
1736081050173,1,Select By Actor_ID,200,OK,Select Actor 1-36,text,true,,80,0,50,100,null,1,0,0
1736081050202,2,Update Rental Date,200,OK,Update Rental 3-20,text,true,,11,0,50,100,null,2,0,0
1736081050205,1,Select By Actor_ID,200,OK,Select Actor 1-26,text,true,,80,0,50,100,null,0,0,0
1736081050214,2,Update Rental Date,200,OK,Update Rental 3-10,text,true,,11,0,50,100,null,2,0,0
1736081050234,1,Select By Actor_ID,200,OK,Select Actor 1-27,text,true,,80,0,50,100,null,0,0,0
1736081050234,3,Update Rental Date,200,OK,Update Rental 3-12,text,true,,11,0,50,100,null,3,0,0
1736081050238,1,Select By Actor_ID,200,OK,Select Actor 1-2,text,true,,79,0,50,100,null,1,0,0
1736081050238,1,Select By Actor_ID,200,OK,Select Actor 1-15,text,true,,77,0,50,100,null,1,0,0
1736081050250,0,Select By Actor_ID,200,OK,Select Actor 1-49,text,true,,82,0,50,100,null,0,0,0
1736081050251,2,Update Rental Date,200,OK,Update Rental 3-2,text,true,,11,0,50,100,null,2,0,0
1736081050257,2,Update Rental Date,200,OK,Update Rental 3-29,text,true,,11,0,50,100,null,2,0,0
1736081050279,2,Update Rental Date,200,OK,Update Rental 3-3,text,true,,11,0,50,100,null,2,0,0
1736081050298,0,Select By Actor_ID,200,OK,Select Actor 1-21,text,true,,80,0,50,100,null,0,0,0
1736081050311,2,Update Rental Date,200,OK,Update Rental 3-49,text,true,,11,0,50,100,null,2,0,0
1736081050338,0,Select By Actor_ID,200,OK,Select Actor 1-16,text,true,,81,0,50,100,null,0,0,0
1736081050353,2,Update Rental Date,200,OK,Update Rental 3-1,text,true,,11,0,50,100,null,2,0,0
1736081050355,2,Update Rental Date,200,OK,Update Rental 3-37,text,true,,11,0,50,100,null,2,0,0
1736081050361,0,Select By Actor_ID,200,OK,Select Actor 1-3,text,true,,81,0,50,100,null,0,0,0
1736081050363,1,Update Rental Date,200,OK,Update Rental 3-45,text,true,,11,0,50,100,null,1,0,0
1736081050382,0,Select By Actor_ID,200,OK,Select Actor 1-17,text,true,,81,0,50,100,null,0,0,0
1736081050386,0,Select By Actor_ID,200,OK,Select Actor 1-19,text,true,,79,0,50,100,null,0,0,0
1736081050400,2,Update Rental Date,200,OK,Update Rental 3-41,text,true,,11,0,50,100,null,2,0,0
1736081050421,1,Update Rental Date,200,OK,Update Rental 3-24,text,true,,11,0,50,100,null,1,0,0
1736081050433,0,Select By Actor_ID,200,OK,Select Actor 1-38,text,true,,80,0,50,100,null,0,0,0
1736081050435,2,Update Rental Date,200,OK,Update Rental 3-43,text,true,,11,0,50,100,null,2,0,0
1736081050438,0,Select By Actor_ID,200,OK,Select Actor 1-46,text,true,,82,0,50,100,null,0,0,0
1736081050468,3,Update Rental Date,200,OK,Update Rental 3-4,text,true,,11,0,50,100,null,3,0,0
1736081050470,2,Update Rental Date,200,OK,Update Rental 3-40,text,true,,11,0,50,100,null,2,0,0
1736081050493,2,Update Rental Date,200,OK,Update Rental 3-16,text,true,,11,0,50,100,null,2,0,0
1736081050494,2,Update Rental Date,200,OK,Update Rental 3-14,text,true,,11,0,50,100,null,2,0,0
1736081050501,1,Select By Actor_ID,200,OK,Select Actor 1-25,text,true,,79,0,50,100,null,1,0,0
1736081050508,3,Update Rental Date,200,OK,Update Rental 3-38,text,true,,11,0,50,100,null,3,0,0
1736081050523,1,Select By Actor_ID,200,OK,Select Actor 1-13,text,true,,83,0,50,100,null,1,0,0
1736081050533,1,Select By Actor_ID,200,OK,Select Actor 1-31,text,true,,82,0,50,100,null,1,0,0
1736081050533,2,Update Rental Date,200,OK,Update Rental 3-46,text,true,,11,0,50,100,null,2,0,0
1736081050561,2,Update Rental Date,200,OK,Update Rental 3-19,text,true,,11,0,50,100,null,2,0,0
1736081050569,1,Select By Actor_ID,200,OK,Select Actor 1-50,text,true,,80,0,50,100,null,1,0,0
1736081050598,2,Update Rental Date,200,OK,Update Rental 3-7,text,true,,11,0,50,100,null,2,0,0
1736081050625,2,Update Rental Date,200,OK,Update Rental 3-42,text,true,,11,0,50,100,null,2,0,0
1736081050627,2,Update Rental Date,200,OK,Update Rental 3-34,text,true,,11,0,50,100,null,2,0,0
1736081050643,3,Update Rental Date,200,OK,Update Rental 3-22,text,true,,11,0,50,100,null,3,0,0
1736081050650,0,Select By Actor_ID,200,OK,Select Actor 1-35,text,true,,80,0,50,100,null,0,0,0
1736081050649,2,Update Rental Date,200,OK,Update Rental 3-11,text,true,,11,0,50,100,null,2,0,0
1736081050651,2,Update Rental Date,200,OK,Update Rental 3-30,text,true,,11,0,50,100,null,2,0,0
1736081050686,0,Select By Actor_ID,200,OK,Select Actor 1-6,text,true,,79,0,50,100,null,0,0,0
1736081050707,2,Update Rental Date,200,OK,Update Rental 3-28,text,true,,11,0,50,100,null,2,0,0
1736081050714,0,Select By Actor_ID,200,OK,Select Actor 1-14,text,true,,83,0,50,100,null,0,0,0
1736081050718,0,Select By Actor_ID,200,OK,Select Actor 1-40,text,true,,80,0,50,100,null,0,0,0
1736081050749,2,Update Rental Date,200,OK,Update Rental 3-21,text,true,,11,0,50,100,null,2,0,0
1736081050751,0,Select By Actor_ID,200,OK,Select Actor 1-42,text,true,,79,0,50,100,null,0,0,0
1736081050757,0,Select By Actor_ID,200,OK,Select Actor 1-41,text,true,,80,0,50,100,null,0,0,0
1736081050765,0,Select By Actor_ID,200,OK,Select Actor 1-28,text,true,,83,0,50,100,null,0,0,0
1736081050773,0,Select By Actor_ID,200,OK,Select Actor 1-37,text,true,,78,0,50,100,null,0,0,0
1736081050773,2,Update Rental Date,200,OK,Update Rental 3-25,text,true,,11,0,50,100,null,2,0,0
1736081050786,3,Update Rental Date,200,OK,Update Rental 3-39,text,true,,11,0,50,100,null,3,0,0
1736081050791,0,Select By Actor_ID,200,OK,Select Actor 1-10,text,true,,86,0,50,100,null,0,0,0
1736081050800,0,Select By Actor_ID,200,OK,Select Actor 1-7,text,true,,80,0,50,100,null,0,0,0
1736081050806,0,Select By Actor_ID,200,OK,Select Actor 1-36,text,true,,79,0,50,100,null,0,0,0
1736081050807,1,Update Rental Date,200,OK,Update Rental 3-33,text,true,,11,0,50,100,null,1,0,0
1736081050817,1,Update Rental Date,200,OK,Update Rental 3-18,text,true,,11,0,50,100,null,1,0,0
1736081050834,1,Select By Actor_ID,200,OK,Select Actor 1-11,text,true,,81,0,50,100,null,1,0,0
1736081050862,1,Select By Actor_ID,200,OK,Select Actor 1-1,text,true,,81,0,50,100,null,1,0,0
1736081050868,1,Select By Actor_ID,200,OK,Select Actor 1-9,text,true,,78,0,50,100,null,1,0,0
1736081050873,2,Update Rental Date,200,OK,Update Rental 3-32,text,true,,11,0,50,100,null,2,0,0
1736081050887,1,Select By Actor_ID,200,OK,Select Actor 1-29,text,true,,81,0,50,100,null,1,0,0
1736081050905,1,Select By Actor_ID,200,OK,Select Actor 1-5,text,true,,81,0,50,100,null,1,0,0
1736081050916,1,Select By Actor_ID,200,OK,Select Actor 1-17,text,true,,80,0,50,100,null,1,0,0
1736081050930,1,Select By Actor_ID,200,OK,Select Actor 1-49,text,true,,81,0,50,100,null,1,0,0
1736081050932,2,Update Rental Date,200,OK,Update Rental 3-5,text,true,,11,0,50,100,null,2,0,0
1736081050939,1,Select By Actor_ID,200,OK,Select Actor 1-21,text,true,,80,0,50,99,null,1,0,0
1736081050944,2,Update Rental Date,200,OK,Update Rental 3-27,text,true,,11,0,49,99,null,2,0,0
1736081050946,1,Select By Actor_ID,200,OK,Select Actor 1-43,text,true,,77,0,50,99,null,1,0,0
1736081050946,2,Update Rental Date,200,OK,Update Rental 3-26,text,true,,11,0,49,99,null,2,0,0
1736081050954,1,Select By Actor_ID,200,OK,Select Actor 1-4,text,true,,80,0,50,99,null,1,0,0
1736081050963,1,Select By Actor_ID,200,OK,Select Actor 1-22,text,true,,83,0,50,99,null,0,0,0
1736081050969,1,Select By Actor_ID,200,OK,Select Actor 1-48,text,true,,78,0,50,99,null,0,0,0
1736081050973,2,Update Rental Date,200,OK,Update Rental 3-20,text,true,,11,0,49,99,null,2,0,0
1736081050973,2,Update Rental Date,200,OK,Update Rental 3-31,text,true,,11,0,49,99,null,2,0,0
1736081050981,1,Select By Actor_ID,200,OK,Select Actor 1-8,text,true,,80,0,50,99,null,0,0,0
1736081050981,2,Update Rental Date,200,OK,Update Rental 3-15,text,true,,11,0,49,99,null,2,0,0
1736081050984,0,Select By Actor_ID,200,OK,Select Actor 1-33,text,true,,79,0,50,99,null,0,0,0
1736081050984,0,Select By Actor_ID,200,OK,Select Actor 1-30,text,true,,76,0,50,99,null,0,0,0
1736081050997,2,Update Rental Date,200,OK,Update Rental 3-48,text,true,,11,0,49,99,null,2,0,0
1736081051006,2,Update Rental Date,200,OK,Update Rental 3-23,text,true,,11,0,49,99,null,2,0,0
1736081051008,0,Select By Actor_ID,200,OK,Select Actor 1-26,text,true,,82,0,50,99,null,0,0,0
1736081051015,0,Select By Actor_ID,200,OK,Select Actor 1-20,text,true,,80,0,50,99,null,0,0,0
1736081051023,0,Select By Actor_ID,200,OK,Select Actor 1-12,text,true,,85,0,50,99,null,0,0,0
1736081051042,2,Update Rental Date,200,OK,Update Rental 3-13,text,true,,11,0,49,99,null,2,0,0
1736081051044,2,Update Rental Date,200,OK,Update Rental 3-9,text,true,,11,0,49,99,null,2,0,0
1736081051046,1,Update Rental Date,200,OK,Update Rental 3-35,text,true,,11,0,49,99,null,1,0,0
1736081051098,0,Select By Actor_ID,200,OK,Select Actor 1-23,text,true,,84,0,50,99,null,0,0,0
1736081051107,2,Update Rental Date,200,OK,Update Rental 3-17,text,true,,11,0,49,99,null,2,0,0
1736081051113,2,Update Rental Date,200,OK,Update Rental 3-44,text,true,,11,0,49,99,null,2,0,0
1736081051136,0,Select By Actor_ID,200,OK,Select Actor 1-18,text,true,,80,0,50,99,null,0,0,0
1736081051144,2,Update Rental Date,200,OK,Update Rental 3-47,text,true,,11,0,49,99,null,2,0,0
1736081051146,1,Update Rental Date,200,OK,Update Rental 3-4,text,true,,11,0,49,99,null,1,0,0
1736081051182,1,Update Rental Date,200,OK,Update Rental 3-24,text,true,,11,0,49,99,null,1,0,0
1736081051186,0,Select By Actor_ID,200,OK,Select Actor 1-24,text,true,,88,0,50,99,null,0,0,0
1736081051199,1,Select By Actor_ID,200,OK,Select Actor 1-44,text,true,,79,0,50,99,null,0,0,0
1736081051237,0,Select By Actor_ID,200,OK,Select Actor 1-35,text,true,,81,0,50,99,null,0,0,0
1736081051242,2,Update Rental Date,200,OK,Update Rental 3-6,text,true,,11,0,49,99,null,2,0,0
1736081051245,1,Update Rental Date,200,OK,Update Rental 3-41,text,true,,11,0,49,99,null,1,0,0
1736081051254,2,Update Rental Date,200,OK,Update Rental 3-8,text,true,,11,0,49,99,null,2,0,0
1736081051265,0,Select By Actor_ID,200,OK,Select Actor 1-34,text,true,,79,0,50,99,null,0,0,0
1736081051270,0,Select By Actor_ID,200,OK,Select Actor 1-46,text,true,,80,0,50,99,null,0,0,0
1736081051270,0,Select By Actor_ID,200,OK,Select Actor 1-2,text,true,,81,0,50,99,null,0,0,0
1736081051290,0,Select By Actor_ID,200,OK,Select Actor 1-28,text,true,,80,0,50,99,null,0,0,0
1736081051320,3,Update Rental Date,200,OK,Update Rental 3-46,text,true,,11,0,49,99,null,3,0,0
1736081051322,2,Update Rental Date,200,OK,Update Rental 3-3,text,true,,11,0,49,99,null,2,0,0
1736081051334,1,Select By Actor_ID,200,OK,Select Actor 1-47,text,true,,79,0,50,99,null,1,0,0
1736081051344,1,Select By Actor_ID,200,OK,Select Actor 1-32,text,true,,83,0,50,99,null,1,0,0
1736081051345,2,Update Rental Date,200,OK,Update Rental 3-36,text,true,,11,0,49,99,null,2,0,0
1736081051348,1,Select By Actor_ID,200,OK,Select Actor 1-15,text,true,,81,0,50,99,null,1,0,0
1736081051360,2,Update Rental Date,200,OK,Update Rental 3-18,text,true,,11,0,49,98,null,2,0,0
1736081051363,2,Update Rental Date,200,OK,Update Rental 3-1,text,true,,11,0,49,98,null,2,0,0
1736081051375,3,Update Rental Date,200,OK,Update Rental 3-21,text,true,,11,0,49,98,null,3,0,0
1736081051383,0,Select By Actor_ID,200,OK,Select Actor 1-39,text,true,,79,0,49,98,null,0,0,0
1736081051386,0,Select By Actor_ID,200,OK,Select Actor 1-31,text,true,,79,0,49,98,null,0,0,0
1736081051405,0,Select By Actor_ID,200,OK,Select Actor 1-50,text,true,,79,0,49,98,null,0,0,0
1736081051429,0,Select By Actor_ID,200,OK,Select Actor 1-6,text,true,,81,0,49,98,null,0,0,0
1736081051432,2,Update Rental Date,200,OK,Update Rental 3-50,text,true,,11,0,49,98,null,2,0,0
1736081051462,0,Select By Actor_ID,200,OK,Select Actor 1-19,text,true,,82,0,49,98,null,0,0,0
1736081051464,2,Update Rental Date,200,OK,Update Rental 3-12,text,true,,11,0,49,98,null,2,0,0
1736081051468,1,Update Rental Date,200,OK,Update Rental 3-49,text,true,,11,0,49,98,null,1,0,0
1736081051475,0,Select By Actor_ID,200,OK,Select Actor 1-27,text,true,,79,0,49,98,null,0,0,0
1736081051483,2,Update Rental Date,200,OK,Update Rental 3-22,text,true,,11,0,49,98,null,2,0,0
1736081051500,0,Select By Actor_ID,200,OK,Select Actor 1-25,text,true,,80,0,49,98,null,0,0,0
1736081051502,2,Update Rental Date,200,OK,Update Rental 3-7,text,true,,11,0,49,98,null,2,0,0
1736081051518,2,Update Rental Date,200,OK,Update Rental 3-11,text,true,,11,0,49,98,null,2,0,0
1736081051527,1,Update Rental Date,200,OK,Update Rental 3-2,text,true,,11,0,49,98,null,1,0,0
1736081051537,1,Update Rental Date,200,OK,Update Rental 3-10,text,true,,11,0,49,98,null,1,0,0
1736081051539,0,Select By Actor_ID,200,OK,Select Actor 1-49,text,true,,84,0,49,98,null,0,0,0
1736081051541,0,Select By Actor_ID,200,OK,Select Actor 1-40,text,true,,76,0,49,98,null,0,0,0
1736081051547,0,Select By Actor_ID,200,OK,Select Actor 1-3,text,true,,85,0,49,98,null,0,0,0
1736081051554,0,Select By Actor_ID,200,OK,Select Actor 1-33,text,true,,80,0,49,98,null,0,0,0
1736081051555,1,Update Rental Date,200,OK,Update Rental 3-28,text,true,,11,0,49,98,null,1,0,0
1736081051555,2,Update Rental Date,200,OK,Update Rental 3-40,text,true,,11,0,49,98,null,2,0,0
1736081051564,1,Update Rental Date,200,OK,Update Rental 3-31,text,true,,11,0,49,98,null,1,0,0
1736081051574,2,Update Rental Date,200,OK,Update Rental 3-38,text,true,,11,0,49,98,null,2,0,0
1736081051578,1,Update Rental Date,200,OK,Update Rental 3-30,text,true,,11,0,49,98,null,1,0,0
1736081051588,0,Select By Actor_ID,200,OK,Select Actor 1-45,text,true,,83,0,49,98,null,0,0,0
1736081051603,1,Select By Actor_ID,200,OK,Select Actor 1-11,text,true,,81,0,49,98,null,1,0,1
1736081051627,2,Update Rental Date,200,OK,Update Rental 3-29,text,true,,11,0,49,98,null,2,0,0
1736081051635,1,Select By Actor_ID,200,OK,Select Actor 1-8,text,true,,80,0,49,98,null,1,0,0
1736081051638,2,Update Rental Date,200,OK,Update Rental 3-43,text,true,,11,0,49,98,null,2,0,0
1736081051645,2,Update Rental Date,200,OK,Update Rental 3-37,text,true,,11,0,49,98,null,2,0,0
1736081051659,1,Select By Actor_ID,200,OK,Select Actor 1-38,text,true,,82,0,49,98,null,1,0,0
1736081051668,3,Update Rental Date,200,OK,Update Rental 3-23,text,true,,11,0,49,98,null,3,0,0
1736081051696,3,Update Rental Date,200,OK,Update Rental 3-16,text,true,,11,0,49,98,null,3,0,0
1736081051723,2,Update Rental Date,200,OK,Update Rental 3-33,text,true,,11,0,49,98,null,2,0,0
1736081051738,1,Select By Actor_ID,200,OK,Select Actor 1-30,text,true,,81,0,49,98,null,1,0,0
1736081051741,2,Update Rental Date,200,OK,Update Rental 3-14,text,true,,11,0,49,98,null,2,0,0
1736081051745,2,Update Rental Date,200,OK,Update Rental 3-44,text,true,,11,0,49,98,null,2,0,0
1736081051755,0,Select By Actor_ID,200,OK,Select Actor 1-5,text,true,,83,0,49,98,null,0,0,0
1736081051772,0,Select By Actor_ID,200,OK,Select Actor 1-17,text,true,,78,0,49,98,null,0,0,0
1736081051783,0,Select By Actor_ID,200,OK,Select Actor 1-16,text,true,,81,0,49,98,null,0,0,0
1736081051797,0,Select By Actor_ID,200,OK,Select Actor 1-22,text,true,,78,0,49,98,null,0,0,0
1736081051798,2,Update Rental Date,200,OK,Update Rental 3-4,text,true,,11,0,49,98,null,2,0,0
1736081051813,3,Update Rental Date,200,OK,Update Rental 3-45,text,true,,11,0,49,98,null,3,0,0
1736081051831,2,Update Rental Date,200,OK,Update Rental 3-19,text,true,,11,0,49,98,null,2,0,0
1736081051836,0,Select By Actor_ID,200,OK,Select Actor 1-46,text,true,,79,0,49,98,null,0,0,0
1736081051852,1,Update Rental Date,200,OK,Update Rental 3-25,text,true,,11,0,49,98,null,1,0,0
1736081051855,0,Select By Actor_ID,200,OK,Select Actor 1-24,text,true,,82,0,49,98,null,0,0,0
1736081051860,2,Update Rental Date,200,OK,Update Rental 3-9,text,true,,11,0,49,98,null,2,0,0
1736081051861,2,Update Rental Date,200,OK,Update Rental 3-34,text,true,,11,0,49,98,null,2,0,0
1736081051867,2,Update Rental Date,200,OK,Update Rental 3-35,text,true,,11,0,49,98,null,1,0,0
1736081051870,0,Select By Actor_ID,200,OK,Select Actor 1-21,text,true,,81,0,49,98,null,0,0,0
1736081051869,3,Update Rental Date,200,OK,Update Rental 3-41,text,true,,11,0,49,98,null,3,0,0
1736081051885,2,Update Rental Date,200,OK,Update Rental 3-8,text,true,,11,0,49,98,null,2,0,0
1736081051888,1,Update Rental Date,200,OK,Update Rental 3-39,text,true,,11,0,49,98,null,1,0,0
1736081051915,0,Select By Actor_ID,200,OK,Select Actor 1-14,text,true,,78,0,49,98,null,0,0,0
1736081051939,0,Select By Actor_ID,200,OK,Select Actor 1-20,text,true,,79,0,49,98,null,0,0,0
1736081051951,0,Select By Actor_ID,200,OK,Select Actor 1-23,text,true,,82,0,49,98,null,0,0,0
1736081051952,0,Select By Actor_ID,200,OK,Select Actor 1-13,text,true,,84,0,49,98,null,0,0,0
1736081051953,0,Select By Actor_ID,200,OK,Select Actor 1-37,text,true,,80,0,49,98,null,0,0,0
1736081051963,1,Update Rental Date,200,OK,Update Rental 3-42,text,true,,11,0,49,98,null,1,0,0
1736081051967,1,Update Rental Date,200,OK,Update Rental 3-20,text,true,,11,0,49,98,null,1,0,0
1736081051973,0,Select By Actor_ID,200,OK,Select Actor 1-6,text,true,,84,0,49,98,null,0,0,0
1736081051984,2,Update Rental Date,200,OK,Update Rental 3-18,text,true,,11,0,49,98,null,2,0,0
1736081051986,1,Select By Actor_ID,200,OK,Select Actor 1-35,text,true,,83,0,49,98,null,1,0,0
1736081051998,1,Select By Actor_ID,200,OK,Select Actor 1-31,text,true,,81,0,49,98,null,1,0,0
1736081052046,1,Select By Actor_ID,200,OK,Select Actor 1-41,text,true,,76,0,49,98,null,1,0,0
1736081052048,1,Select By Actor_ID,200,OK,Select Actor 1-36,text,true,,80,0,49,98,null,1,0,0
1736081052051,2,Update Rental Date,200,OK,Update Rental 3-24,text,true,,11,0,49,98,null,2,0,0
1736081052057,1,Select By Actor_ID,200,OK,Select Actor 1-42,text,true,,79,0,49,98,null,1,0,0
1736081052059,1,Select By Actor_ID,200,OK,Select Actor 1-43,text,true,,81,0,49,98,null,1,0,0
1736081052061,1,Select By Actor_ID,200,OK,Select Actor 1-1,text,true,,81,0,49,98,null,1,0,0
1736081052075,1,Select By Actor_ID,200,OK,Select Actor 1-26,text,true,,83,0,49,98,null,1,0,0
1736081052081,1,Select By Actor_ID,200,OK,Select Actor 1-33,text,true,,80,0,49,98,null,1,0,0
1736081052093,3,Update Rental Date,200,OK,Update Rental 3-32,text,true,,11,0,49,98,null,3,0,0
1736081052116,1,Select By Actor_ID,200,OK,Select Actor 1-48,text,true,,78,0,49,98,null,0,0,0
1736081052123,0,Select By Actor_ID,200,OK,Select Actor 1-9,text,true,,81,0,49,98,null,0,0,0
1736081052143,0,Select By Actor_ID,200,OK,Select Actor 1-12,text,true,,78,0,49,98,null,0,0,0
1736081052153,0,Select By Actor_ID,200,OK,Select Actor 1-7,text,true,,78,0,49,98,null,0,0,0
1736081052153,0,Select By Actor_ID,200,OK,Select Actor 1-47,text,true,,82,0,49,98,null,0,0,0
1736081052154,0,Select By Actor_ID,200,OK,Select Actor 1-44,text,true,,83,0,49,98,null,0,0,0
1736081052161,1,Select By Actor_ID,200,OK,Select Actor 1-49,text,true,,82,0,49,98,null,1,0,0
1736081052181,2,Update Rental Date,200,OK,Update Rental 3-27,text,true,,11,0,49,98,null,2,0,0
1736081052202,0,Select By Actor_ID,200,OK,Select Actor 1-28,text,true,,77,0,49,98,null,0,0,0
1736081052211,2,Update Rental Date,200,OK,Update Rental 3-28,text,true,,11,0,49,98,null,2,0,0
1736081052221,0,Select By Actor_ID,200,OK,Select Actor 1-29,text,true,,80,0,49,98,null,0,0,0
1736081052253,0,Select By Actor_ID,200,OK,Select Actor 1-32,text,true,,83,0,49,98,null,0,0,0
1736081052273,0,Select By Actor_ID,200,OK,Select Actor 1-10,text,true,,82,0,49,98,null,0,0,0
1736081052274,1,Update Rental Date,200,OK,Update Rental 3-14,text,true,,11,0,49,98,null,1,0,0
1736081052277,2,Update Rental Date,200,OK,Update Rental 3-13,text,true,,11,0,49,98,null,2,0,0
1736081052284,2,Update Rental Date,200,OK,Update Rental 3-48,text,true,,11,0,49,98,null,2,0,0
1736081052287,1,Update Rental Date,200,OK,Update Rental 3-7,text,true,,11,0,49,98,null,1,0,0
1736081052306,0,Select By Actor_ID,200,OK,Select Actor 1-18,text,true,,82,0,49,98,null,0,0,0
1736081052329,0,Select By Actor_ID,200,OK,Select Actor 1-34,text,true,,81,0,49,98,null,0,0,0
1736081052343,0,Select By Actor_ID,200,OK,Select Actor 1-22,text,true,,78,0,49,98,null,0,0,0
1736081052347,0,Select By Actor_ID,200,OK,Select Actor 1-3,text,true,,78,0,49,98,null,0,0,0
1736081052364,2,Update Rental Date,200,OK,Update Rental 3-26,text,true,,11,0,49,98,null,2,0,0
1736081052379,2,Update Rental Date,200,OK,Update Rental 3-37,text,true,,11,0,49,98,null,2,0,0
1736081052385,1,Select By Actor_ID,200,OK,Select Actor 1-21,text,true,,78,0,49,98,null,1,0,0
1736081052397,2,Update Rental Date,200,OK,Update Rental 3-1,text,true,,11,0,49,98,null,2,0,0
1736081052404,2,Update Rental Date,200,OK,Update Rental 3-15,text,true,,11,0,49,98,null,2,0,0
1736081052423,1,Select By Actor_ID,200,OK,Select Actor 1-4,text,true,,85,0,49,98,null,1,0,0
1736081052424,3,Update Rental Date,200,OK,Update Rental 3-17,text,true,,11,0,49,98,null,3,0,0
1736081052428,2,Update Rental Date,200,OK,Update Rental 3-45,text,true,,11,0,49,98,null,2,0,0
1736081052430,2,Update Rental Date,200,OK,Update Rental 3-9,text,true,,11,0,49,98,null,2,0,0
1736081052433,2,Update Rental Date,200,OK,Update Rental 3-47,text,true,,11,0,49,98,null,2,0,0
1736081052447,2,Update Rental Date,200,OK,Update Rental 3-31,text,true,,11,0,49,98,null,2,0,0
1736081052448,3,Update Rental Date,200,OK,Update Rental 3-33,text,true,,11,0,49,98,null,3,0,0
1736081052476,2,Update Rental Date,200,OK,Update Rental 3-39,text,true,,11,0,49,98,null,2,0,0
1736081052481,1,Select By Actor_ID,200,OK,Select Actor 1-46,text,true,,83,0,49,98,null,0,0,0
1736081052498,0,Select By Actor_ID,200,OK,Select Actor 1-13,text,true,,83,0,49,98,null,0,0,0
1736081052499,0,Select By Actor_ID,200,OK,Select Actor 1-45,text,true,,78,0,49,98,null,0,0,0
1736081052507,2,Update Rental Date,200,OK,Update Rental 3-30,text,true,,11,0,49,98,null,2,0,0
1736081052507,2,Update Rental Date,200,OK,Update Rental 3-6,text,true,,11,0,49,98,null,2,0,0
1736081052508,2,Update Rental Date,200,OK,Update Rental 3-3,text,true,,11,0,49,98,null,2,0,0
1736081052510,2,Update Rental Date,200,OK,Update Rental 3-29,text,true,,11,0,49,98,null,2,0,0
1736081052519,1,Select By Actor_ID,200,OK,Select Actor 1-17,text,true,,79,0,49,98,null,1,0,0
1736081052527,0,Select By Actor_ID,200,OK,Select Actor 1-19,text,true,,82,0,49,98,null,0,0,0
1736081052546,2,Update Rental Date,200,OK,Update Rental 3-41,text,true,,11,0,49,98,null,2,0,0
1736081052553,0,Select By Actor_ID,200,OK,Select Actor 1-31,text,true,,80,0,49,98,null,0,0,0
1736081052557,2,Update Rental Date,200,OK,Update Rental 3-50,text,true,,11,0,49,98,null,2,0,0
1736081052567,2,Update Rental Date,200,OK,Update Rental 3-36,text,true,,11,0,49,98,null,2,0,0
1736081052580,2,Update Rental Date,200,OK,Update Rental 3-43,text,true,,11,0,49,98,null,2,0,0
1736081052604,0,Select By Actor_ID,200,OK,Select Actor 1-8,text,true,,84,0,49,98,null,0,0,0
1736081052607,0,Select By Actor_ID,200,OK,Select Actor 1-20,text,true,,80,0,49,98,null,0,0,0
1736081052626,0,Select By Actor_ID,200,OK,Select Actor 1-2,text,true,,80,0,49,98,null,0,0,0
1736081052645,0,Select By Actor_ID,200,OK,Select Actor 1-36,text,true,,83,0,49,98,null,0,0,0
1736081052670,2,Update Rental Date,200,OK,Update Rental 3-21,text,true,,11,0,49,98,null,2,0,0
1736081052675,1,Update Rental Date,200,OK,Update Rental 3-8,text,true,,11,0,49,98,null,1,0,0
1736081052687,0,Select By Actor_ID,200,OK,Select Actor 1-27,text,true,,77,0,49,98,null,0,0,0
1736081052690,2,Update Rental Date,200,OK,Update Rental 3-42,text,true,,11,0,49,98,null,2,0,0
1736081052711,1,Select By Actor_ID,200,OK,Select Actor 1-5,text,true,,79,0,49,98,null,1,0,0
1736081052716,2,Update Rental Date,200,OK,Update Rental 3-40,text,true,,11,0,49,98,null,2,0,0
1736081052729,2,Update Rental Date,200,OK,Update Rental 3-44,text,true,,11,0,49,98,null,2,0,0
1736081052736,1,Select By Actor_ID,200,OK,Select Actor 1-25,text,true,,80,0,49,98,null,1,0,0
1736081052742,2,Update Rental Date,200,OK,Update Rental 3-12,text,true,,11,0,49,98,null,2,0,0
1736081052753,0,Select By Actor_ID,200,OK,Select Actor 1-50,text,true,,84,0,49,98,null,0,0,0
1736081052766,0,Select By Actor_ID,200,OK,Select Actor 1-39,text,true,,79,0,49,98,null,0,0,0
1736081052765,2,Update Rental Date,200,OK,Update Rental 3-46,text,true,,11,0,49,98,null,2,0,0
1736081052767,0,Select By Actor_ID,200,OK,Select Actor 1-12,text,true,,80,0,49,98,null,0,0,0
1736081052771,2,Update Rental Date,200,OK,Update Rental 3-10,text,true,,11,0,49,98,null,2,0,0
1736081052780,0,Select By Actor_ID,200,OK,Select Actor 1-37,text,true,,79,0,49,98,null,0,0,0
1736081052795,0,Select By Actor_ID,200,OK,Select Actor 1-7,text,true,,80,0,49,98,null,0,0,0
1736081052802,0,Select By Actor_ID,200,OK,Select Actor 1-42,text,true,,85,0,49,98,null,0,0,0
1736081052809,2,Update Rental Date,200,OK,Update Rental 3-49,text,true,,11,0,49,98,null,2,0,0
1736081052815,0,Select By Actor_ID,200,OK,Select Actor 1-23,text,true,,80,0,49,98,null,0,0,0
1736081052814,2,Update Rental Date,200,OK,Update Rental 3-7,text,true,,11,0,49,98,null,2,0,0
1736081052825,2,Update Rental Date,200,OK,Update Rental 3-16,text,true,,11,0,49,98,null,2,0,0
1736081052865,2,Update Rental Date,200,OK,Update Rental 3-28,text,true,,11,0,49,98,null,2,0,0
1736081052869,0,Update Rental Date,200,OK,Update Rental 3-22,text,true,,11,0,49,98,null,0,0,0
1736081052878,2,Update Rental Date,200,OK,Update Rental 3-13,text,true,,11,0,49,98,null,2,0,0
1736081052881,2,Update Rental Date,200,OK,Update Rental 3-11,text,true,,11,0,49,98,null,2,0,0
1736081052903,0,Select By Actor_ID,200,OK,Select Actor 1-21,text,true,,80,0,49,98,null,0,0,0
1736081052905,0,Select By Actor_ID,200,OK,Select Actor 1-11,text,true,,83,0,49,98,null,0,0,0
1736081052910,0,Select By Actor_ID,200,OK,Select Actor 1-29,text,true,,81,0,49,98,null,0,0,0
1736081052912,2,Update Rental Date,200,OK,Update Rental 3-2,text,true,,11,0,49,98,null,2,0,0
1736081052928,0,Select By Actor_ID,200,OK,Select Actor 1-30,text,true,,81,0,49,98,null,0,0,0
1736081052930,1,Update Rental Date,200,OK,Update Rental 3-23,text,true,,11,0,49,98,null,1,0,0
1736081052936,1,Update Rental Date,200,OK,Update Rental 3-35,text,true,,11,0,49,98,null,1,0,0
1736081052938,1,Update Rental Date,200,OK,Update Rental 3-38,text,true,,11,0,49,98,null,1,0,0
1736081052944,2,Update Rental Date,200,OK,Update Rental 3-47,text,true,,11,0,49,98,null,2,0,0
1736081052946,0,Select By Actor_ID,200,OK,Select Actor 1-9,text,true,,86,0,49,98,null,0,0,0
1736081052947,0,Select By Actor_ID,200,OK,Select Actor 1-24,text,true,,84,0,49,98,null,0,0,0
1736081052965,0,Select By Actor_ID,200,OK,Select Actor 1-16,text,true,,80,0,49,98,null,0,0,0
1736081052992,1,Select By Actor_ID,200,OK,Select Actor 1-22,text,true,,80,0,49,98,null,1,0,0
1736081052996,1,Select By Actor_ID,200,OK,Select Actor 1-49,text,true,,79,0,49,98,null,1,0,0
1736081053021,3,Update Rental Date,200,OK,Update Rental 3-25,text,true,,11,0,49,98,null,3,0,0
1736081053024,2,Update Rental Date,200,OK,Update Rental 3-6,text,true,,11,0,49,98,null,2,0,0
1736081053029,1,Select By Actor_ID,200,OK,Select Actor 1-35,text,true,,85,0,49,98,null,1,0,0
1736081053033,1,Select By Actor_ID,200,OK,Select Actor 1-40,text,true,,83,0,49,98,null,1,0,0
1736081053045,1,Select By Actor_ID,200,OK,Select Actor 1-4,text,true,,79,0,49,98,null,1,0,0
1736081053064,2,Update Rental Date,200,OK,Update Rental 3-45,text,true,,11,0,49,98,null,2,0,0
1736081053086,1,Select By Actor_ID,200,OK,Select Actor 1-6,text,true,,86,0,49,98,null,1,0,0
1736081053124,0,Select By Actor_ID,200,OK,Select Actor 1-38,text,true,,80,0,49,98,null,0,0,0
1736081053128,2,Update Rental Date,200,OK,Update Rental 3-15,text,true,,11,0,49,98,null,2,0,0
1736081053136,2,Update Rental Date,200,OK,Update Rental 3-33,text,true,,11,0,49,98,null,2,0,0
1736081053139,2,Update Rental Date,200,OK,Update Rental 3-1,text,true,,11,0,49,98,null,2,0,0
1736081053170,0,Select By Actor_ID,200,OK,Select Actor 1-19,text,true,,80,0,49,98,null,0,0,0
1736081053174,2,Update Rental Date,200,OK,Update Rental 3-27,text,true,,11,0,49,98,null,2,0,0
1736081053183,2,Update Rental Date,200,OK,Update Rental 3-50,text,true,,11,0,49,98,null,2,0,0
1736081053183,3,Update Rental Date,200,OK,Update Rental 3-24,text,true,,11,0,49,98,null,3,0,0
1736081053184,3,Update Rental Date,200,OK,Update Rental 3-21,text,true,,11,0,49,98,null,3,0,0
1736081053188,2,Update Rental Date,200,OK,Update Rental 3-18,text,true,,11,0,49,98,null,2,0,0
1736081053213,0,Select By Actor_ID,200,OK,Select Actor 1-45,text,true,,78,0,49,98,null,0,0,0
1736081053228,0,Select By Actor_ID,200,OK,Select Actor 1-41,text,true,,81,0,49,98,null,0,0,0
1736081053239,0,Select By Actor_ID,200,OK,Select Actor 1-20,text,true,,84,0,49,98,null,0,0,0
1736081053245,2,Update Rental Date,200,OK,Update Rental 3-4,text,true,,11,0,49,98,null,2,0,0
1736081053254,0,Select By Actor_ID,200,OK,Select Actor 1-43,text,true,,80,0,49,98,null,0,0,0
1736081053286,0,Select By Actor_ID,200,OK,Select Actor 1-5,text,true,,81,0,49,98,null,0,0,0
1736081053293,2,Update Rental Date,200,OK,Update Rental 3-9,text,true,,11,0,49,97,null,2,0,0
1736081053297,0,Select By Actor_ID,200,OK,Select Actor 1-34,text,true,,82,0,48,97,null,0,0,0
1736081053305,2,Update Rental Date,200,OK,Update Rental 3-3,text,true,,11,0,49,97,null,2,0,0
1736081053310,0,Select By Actor_ID,200,OK,Select Actor 1-37,text,true,,84,0,48,97,null,0,0,0
1736081053332,1,Update Rental Date,200,OK,Update Rental 3-19,text,true,,11,0,49,97,null,1,0,0
1736081053340,0,Select By Actor_ID,200,OK,Select Actor 1-23,text,true,,80,0,48,97,null,0,0,0
1736081053342,1,Update Rental Date,200,OK,Update Rental 3-34,text,true,,11,0,49,97,null,1,0,0
1736081053351,2,Update Rental Date,200,OK,Update Rental 3-20,text,true,,11,0,49,97,null,2,0,0
1736081053367,1,Select By Actor_ID,200,OK,Select Actor 1-14,text,true,,81,0,48,97,null,1,0,0
1736081053376,2,Update Rental Date,200,OK,Update Rental 3-22,text,true,,11,0,49,97,null,2,0,0
1736081053378,1,Select By Actor_ID,200,OK,Select Actor 1-2,text,true,,82,0,48,97,null,1,0,0
1736081053383,1,Select By Actor_ID,200,OK,Select Actor 1-48,text,true,,81,0,48,97,null,1,0,0
1736081053409,1,Select By Actor_ID,200,OK,Select Actor 1-18,text,true,,80,0,48,97,null,1,0,0
1736081053409,1,Select By Actor_ID,200,OK,Select Actor 1-25,text,true,,79,0,48,97,null,1,0,0
1736081053419,1,Select By Actor_ID,200,OK,Select Actor 1-12,text,true,,78,0,48,97,null,1,0,0
1736081053437,2,Update Rental Date,200,OK,Update Rental 3-37,text,true,,11,0,49,97,null,2,0,0
1736081053453,1,Select By Actor_ID,200,OK,Select Actor 1-1,text,true,,83,0,48,97,null,1,0,0
1736081053470,2,Update Rental Date,200,OK,Update Rental 3-31,text,true,,11,0,49,97,null,2,0,0
1736081053472,0,Select By Actor_ID,200,OK,Select Actor 1-29,text,true,,84,0,48,97,null,0,0,0
1736081053475,0,Select By Actor_ID,200,OK,Select Actor 1-33,text,true,,83,0,48,97,null,0,0,0
1736081053484,1,Select By Actor_ID,200,OK,Select Actor 1-26,text,true,,83,0,48,97,null,0,0,0
1736081053490,0,Select By Actor_ID,200,OK,Select Actor 1-44,text,true,,84,0,48,97,null,0,0,0
1736081053493,0,Select By Actor_ID,200,OK,Select Actor 1-39,text,true,,80,0,48,97,null,0,0,0
1736081053505,2,Update Rental Date,200,OK,Update Rental 3-48,text,true,,11,0,49,97,null,2,0,0
1736081053529,0,Select By Actor_ID,200,OK,Select Actor 1-28,text,true,,77,0,48,97,null,0,0,0
1736081053533,3,Update Rental Date,200,OK,Update Rental 3-17,text,true,,11,0,49,97,null,3,0,0
1736081053548,0,Select By Actor_ID,200,OK,Select Actor 1-13,text,true,,84,0,48,97,null,0,0,0
1736081053583,0,Select By Actor_ID,200,OK,Select Actor 1-47,text,true,,83,0,48,97,null,0,0,0
1736081053591,2,Update Rental Date,200,OK,Update Rental 3-32,text,true,,11,0,49,97,null,2,0,0
1736081053595,2,Update Rental Date,200,OK,Update Rental 3-7,text,true,,11,0,49,97,null,2,0,0
1736081053607,0,Select By Actor_ID,200,OK,Select Actor 1-46,text,true,,83,0,48,97,null,0,0,0
1736081053609,2,Update Rental Date,200,OK,Update Rental 3-47,text,true,,11,0,49,97,null,2,0,0
1736081053620,0,Select By Actor_ID,200,OK,Select Actor 1-32,text,true,,82,0,48,97,null,0,0,0
1736081053625,1,Update Rental Date,200,OK,Update Rental 3-41,text,true,,11,0,49,97,null,1,0,0
1736081053653,2,Update Rental Date,200,OK,Update Rental 3-23,text,true,,11,0,49,97,null,2,0,0
1736081053667,2,Update Rental Date,200,OK,Update Rental 3-14,text,true,,11,0,49,97,null,2,0,0
1736081053669,1,Update Rental Date,200,OK,Update Rental 3-8,text,true,,11,0,49,97,null,1,0,0
1736081053706,0,Select By Actor_ID,200,OK,Select Actor 1-10,text,true,,81,0,48,97,null,0,0,0
1736081053714,2,Update Rental Date,200,OK,Update Rental 3-12,text,true,,11,0,49,97,null,2,0,0
1736081053730,2,Update Rental Date,200,OK,Update Rental 3-16,text,true,,11,0,49,97,null,2,0,0
1736081053744,1,Select By Actor_ID,200,OK,Select Actor 1-36,text,true,,81,0,48,97,null,0,0,0
1736081053760,1,Select By Actor_ID,200,OK,Select Actor 1-17,text,true,,81,0,48,97,null,1,0,0
1736081053767,2,Update Rental Date,200,OK,Update Rental 3-10,text,true,,11,0,49,97,null,2,0,0
1736081053781,1,Select By Actor_ID,200,OK,Select Actor 1-3,text,true,,80,0,48,97,null,1,0,0
1736081053783,3,Update Rental Date,200,OK,Update Rental 3-1,text,true,,11,0,49,97,null,3,0,0
1736081053785,2,Update Rental Date,200,OK,Update Rental 3-26,text,true,,11,0,49,97,null,2,0,0
1736081053807,2,Update Rental Date,200,OK,Update Rental 3-29,text,true,,11,0,49,97,null,2,0,0
1736081053812,2,Update Rental Date,200,OK,Update Rental 3-3,text,true,,11,0,49,97,null,2,0,0
1736081053830,0,Select By Actor_ID,200,OK,Select Actor 1-31,text,true,,84,0,48,97,null,0,0,0
1736081053868,2,Update Rental Date,200,OK,Update Rental 3-4,text,true,,11,0,49,97,null,2,0,0
1736081053871,1,Update Rental Date,200,OK,Update Rental 3-36,text,true,,11,0,49,97,null,1,0,0
1736081053875,2,Update Rental Date,200,OK,Update Rental 3-30,text,true,,11,0,49,97,null,2,0,0
1736081053876,2,Update Rental Date,200,OK,Update Rental 3-43,text,true,,11,0,49,97,null,2,0,0
1736081053883,1,Update Rental Date,200,OK,Update Rental 3-2,text,true,,11,0,49,97,null,1,0,0
1736081053889,0,Select By Actor_ID,200,OK,Select Actor 1-34,text,true,,80,0,48,97,null,0,0,0
1736081053911,1,Update Rental Date,200,OK,Update Rental 3-9,text,true,,11,0,49,97,null,1,0,0
1736081053919,2,Update Rental Date,200,OK,Update Rental 3-46,text,true,,11,0,49,97,null,2,0,0
1736081053928,0,Select By Actor_ID,200,OK,Select Actor 1-8,text,true,,84,0,48,97,null,0,0,0
1736081053936,1,Select By Actor_ID,200,OK,Select Actor 1-7,text,true,,81,0,48,97,null,1,0,0
1736081053954,0,Select By Actor_ID,200,OK,Select Actor 1-24,text,true,,83,0,48,97,null,0,0,0
1736081053959,0,Select By Actor_ID,200,OK,Select Actor 1-40,text,true,,80,0,48,97,null,0,0,0
1736081053970,0,Select By Actor_ID,200,OK,Select Actor 1-41,text,true,,80,0,48,97,null,0,0,0
1736081053970,2,Update Rental Date,200,OK,Update Rental 3-39,text,true,,11,0,49,97,null,2,0,0
1736081053985,0,Select By Actor_ID,200,OK,Select Actor 1-30,text,true,,81,0,48,97,null,0,0,0
1736081053984,2,Update Rental Date,200,OK,Update Rental 3-40,text,true,,11,0,49,97,null,2,0,0
1736081053990,0,Select By Actor_ID,200,OK,Select Actor 1-22,text,true,,81,0,48,97,null,0,0,0
1736081053995,0,Select By Actor_ID,200,OK,Select Actor 1-27,text,true,,83,0,48,97,null,0,0,0
1736081053996,1,Update Rental Date,200,OK,Update Rental 3-25,text,true,,11,0,49,97,null,1,0,0
1736081054016,0,Select By Actor_ID,200,OK,Select Actor 1-42,text,true,,82,0,48,97,null,0,0,0
1736081054020,2,Update Rental Date,200,OK,Update Rental 3-42,text,true,,11,0,49,97,null,2,0,0
1736081054031,1,Select By Actor_ID,200,OK,Select Actor 1-35,text,true,,80,0,48,97,null,1,0,0
1736081054053,1,Select By Actor_ID,200,OK,Select Actor 1-43,text,true,,78,0,48,97,null,1,0,0
1736081054054,2,Update Rental Date,200,OK,Update Rental 3-21,text,true,,11,0,49,97,null,2,0,0
1736081054061,1,Select By Actor_ID,200,OK,Select Actor 1-38,text,true,,84,0,48,97,null,1,0,0
1736081054073,2,Update Rental Date,200,OK,Update Rental 3-31,text,true,,11,0,49,97,null,2,0,0
1736081054139,2,Update Rental Date,200,OK,Update Rental 3-11,text,true,,11,0,49,97,null,2,0,0
1736081054144,1,Select By Actor_ID,200,OK,Select Actor 1-33,text,true,,86,0,48,97,null,1,0,0
1736081054149,0,Select By Actor_ID,200,OK,Select Actor 1-20,text,true,,81,0,48,97,null,0,0,0
1736081054155,2,Update Rental Date,200,OK,Update Rental 3-28,text,true,,11,0,49,97,null,2,0,0
1736081054170,2,Update Rental Date,200,OK,Update Rental 3-48,text,true,,11,0,49,97,null,2,0,0
1736081054179,0,Select By Actor_ID,200,OK,Select Actor 1-50,text,true,,84,0,48,97,null,0,0,0
1736081054181,2,Update Rental Date,200,OK,Update Rental 3-44,text,true,,11,0,49,97,null,2,0,0
1736081054195,2,Update Rental Date,200,OK,Update Rental 3-24,text,true,,11,0,49,97,null,2,0,0
1736081054222,0,Select By Actor_ID,200,OK,Select Actor 1-9,text,true,,81,0,48,97,null,0,0,0
1736081054226,2,Update Rental Date,200,OK,Update Rental 3-38,text,true,,11,0,49,97,null,2,0,0
1736081054242,2,Update Rental Date,200,OK,Update Rental 3-35,text,true,,11,0,49,97,null,2,0,0
1736081054248,2,Update Rental Date,200,OK,Update Rental 3-49,text,true,,11,0,49,97,null,2,0,0
1736081054260,2,Update Rental Date,200,OK,Update Rental 3-45,text,true,,11,0,49,97,null,2,0,0
1736081054269,0,Select By Actor_ID,200,OK,Select Actor 1-49,text,true,,80,0,48,97,null,0,0,0
1736081054275,0,Select By Actor_ID,200,OK,Select Actor 1-21,text,true,,80,0,48,97,null,0,0,0
1736081054293,0,Select By Actor_ID,200,OK,Select Actor 1-13,text,true,,83,0,48,97,null,0,0,0
1736081054297,0,Select By Actor_ID,200,OK,Select Actor 1-10,text,true,,78,0,48,97,null,0,0,0
1736081054299,0,Select By Actor_ID,200,OK,Select Actor 1-11,text,true,,79,0,48,97,null,0,0,0
1736081054307,1,Update Rental Date,200,OK,Update Rental 3-22,text,true,,11,0,49,97,null,1,0,0
1736081054346,1,Select By Actor_ID,200,OK,Select Actor 1-1,text,true,,83,0,48,97,null,1,0,0
1736081054345,2,Update Rental Date,200,OK,Update Rental 3-6,text,true,,11,0,49,97,null,2,0,0
1736081054354,1,Select By Actor_ID,200,OK,Select Actor 1-14,text,true,,82,0,48,97,null,0,0,0
1736081054355,2,Update Rental Date,200,OK,Update Rental 3-26,text,true,,11,0,49,97,null,2,0,0
1736081054359,2,Update Rental Date,200,OK,Update Rental 3-13,text,true,,11,0,49,97,null,2,0,0
1736081054361,2,Update Rental Date,200,OK,Update Rental 3-34,text,true,,11,0,49,97,null,2,0,0
1736081054366,2,Update Rental Date,200,OK,Update Rental 3-20,text,true,,11,0,49,97,null,2,0,0
1736081054371,0,Select By Actor_ID,200,OK,Select Actor 1-16,text,true,,79,0,48,97,null,0,0,0
1736081054400,0,Select By Actor_ID,200,OK,Select Actor 1-26,text,true,,79,0,48,97,null,0,0,0
1736081054399,2,Update Rental Date,200,OK,Update Rental 3-7,text,true,,11,0,49,97,null,2,0,0
1736081054402,0,Select By Actor_ID,200,OK,Select Actor 1-4,text,true,,82,0,48,97,null,0,0,0
1736081054409,0,Select By Actor_ID,200,OK,Select Actor 1-47,text,true,,80,0,48,97,null,0,0,0
1736081054409,0,Select By Actor_ID,200,OK,Select Actor 1-12,text,true,,80,0,48,97,null,0,0,0
1736081054409,2,Update Rental Date,200,OK,Update Rental 3-1,text,true,,11,0,49,97,null,2,0,0
1736081054459,1,Select By Actor_ID,200,OK,Select Actor 1-31,text,true,,83,0,48,97,null,1,0,0
1736081054462,2,Update Rental Date,200,OK,Update Rental 3-23,text,true,,11,0,49,97,null,2,0,0
1736081054463,3,Update Rental Date,200,OK,Update Rental 3-33,text,true,,11,0,49,97,null,3,0,0
1736081054469,1,Select By Actor_ID,200,OK,Select Actor 1-6,text,true,,81,0,48,97,null,1,0,0
1736081054470,1,Select By Actor_ID,200,OK,Select Actor 1-45,text,true,,82,0,48,97,null,1,0,0
1736081054489,1,Select By Actor_ID,200,OK,Select Actor 1-48,text,true,,88,0,48,97,null,1,0,0
1736081054507,1,Select By Actor_ID,200,OK,Select Actor 1-23,text,true,,86,0,48,97,null,1,0,0
1736081054519,2,Update Rental Date,200,OK,Update Rental 3-3,text,true,,11,0,49,97,null,2,0,0
1736081054538,2,Update Rental Date,200,OK,Update Rental 3-32,text,true,,11,0,49,97,null,2,0,0
1736081054546,1,Select By Actor_ID,200,OK,Select Actor 1-34,text,true,,81,0,48,97,null,0,0,0
1736081054552,1,Select By Actor_ID,200,OK,Select Actor 1-30,text,true,,81,0,48,97,null,0,0,0
1736081054550,3,Update Rental Date,200,OK,Update Rental 3-27,text,true,,11,0,49,97,null,3,0,0
1736081054565,2,Update Rental Date,200,OK,Update Rental 3-18,text,true,,11,0,49,97,null,2,0,0
1736081054565,3,Update Rental Date,200,OK,Update Rental 3-30,text,true,,11,0,49,97,null,3,0,0
1736081054567,2,Update Rental Date,200,OK,Update Rental 3-50,text,true,,11,0,49,97,null,2,0,0
1736081054577,0,Select By Actor_ID,200,OK,Select Actor 1-37,text,true,,77,0,48,97,null,0,0,0
1736081054580,0,Select By Actor_ID,200,OK,Select Actor 1-19,text,true,,83,0,48,97,null,0,0,0
1736081054582,2,Update Rental Date,200,OK,Update Rental 3-14,text,true,,11,0,49,97,null,2,0,0
1736081054589,0,Select By Actor_ID,200,OK,Select Actor 1-39,text,true,,80,0,48,97,null,0,0,0
1736081054591,2,Update Rental Date,200,OK,Update Rental 3-47,text,true,,11,0,49,97,null,2,0,0
1736081054596,2,Update Rental Date,200,OK,Update Rental 3-15,text,true,,11,0,49,97,null,2,0,0
1736081054607,0,Select By Actor_ID,200,OK,Select Actor 1-2,text,true,,80,0,48,97,null,0,0,0
1736081054648,2,Update Rental Date,200,OK,Update Rental 3-12,text,true,,11,0,49,97,null,2,0,0
1736081054655,2,Update Rental Date,200,OK,Update Rental 3-9,text,true,,11,0,49,97,null,2,0,0
1736081054671,2,Update Rental Date,200,OK,Update Rental 3-10,text,true,,11,0,49,97,null,2,0,0
1736081054679,0,Select By Actor_ID,200,OK,Select Actor 1-40,text,true,,77,0,48,97,null,0,0,0
1736081054711,0,Select By Actor_ID,200,OK,Select Actor 1-24,text,true,,88,0,48,97,null,0,0,0
1736081054735,0,Select By Actor_ID,200,OK,Select Actor 1-28,text,true,,79,0,48,97,null,0,0,0
1736081054744,1,Update Rental Date,200,OK,Update Rental 3-29,text,true,,11,0,49,97,null,1,0,0
1736081054756,0,Select By Actor_ID,200,OK,Select Actor 1-44,text,true,,81,0,48,97,null,0,0,0
1736081054762,0,Select By Actor_ID,200,OK,Select Actor 1-25,text,true,,79,0,48,97,null,0,0,0
1736081054766,1,Update Rental Date,200,OK,Update Rental 3-42,text,true,,11,0,49,97,null,1,0,0
1736081054774,1,Update Rental Date,200,OK,Update Rental 3-17,text,true,,11,0,49,97,null,1,0,0
1736081054784,0,Select By Actor_ID,200,OK,Select Actor 1-36,text,true,,82,0,48,97,null,0,0,0
1736081054788,0,Select By Actor_ID,200,OK,Select Actor 1-18,text,true,,79,0,48,97,null,0,0,0
1736081054792,1,Select By Actor_ID,200,OK,Select Actor 1-3,text,true,,80,0,48,97,null,1,0,1
1736081054803,3,Update Rental Date,200,OK,Update Rental 3-19,text,true,,11,0,49,97,null,3,0,0
1736081054839,1,Select By Actor_ID,200,OK,Select Actor 1-29,text,true,,82,0,48,97,null,1,0,0
1736081054842,2,Update Rental Date,200,OK,Update Rental 3-37,text,true,,11,0,49,97,null,2,0,0
1736081054849,1,Select By Actor_ID,200,OK,Select Actor 1-32,text,true,,80,0,48,97,null,1,0,0
1736081054856,1,Select By Actor_ID,200,OK,Select Actor 1-17,text,true,,82,0,48,97,null,1,0,0
1736081054870,2,Update Rental Date,200,OK,Update Rental 3-2,text,true,,11,0,49,97,null,2,0,0
1736081054881,1,Select By Actor_ID,200,OK,Select Actor 1-46,text,true,,83,0,48,97,null,1,0,0
1736081054885,1,Select By Actor_ID,200,OK,Select Actor 1-8,text,true,,85,0,48,97,null,1,0,0
1736081054900,1,Select By Actor_ID,200,OK,Select Actor 1-14,text,true,,80,0,48,97,null,1,0,0
1736081054902,2,Update Rental Date,200,OK,Update Rental 3-39,text,true,,11,0,49,97,null,2,0,0
1736081054904,2,Update Rental Date,200,OK,Update Rental 3-44,text,true,,11,0,49,97,null,2,0,0
1736081054929,2,Update Rental Date,200,OK,Update Rental 3-31,text,true,,11,0,49,97,null,2,0,0
1736081054942,2,Update Rental Date,200,OK,Update Rental 3-13,text,true,,11,0,49,97,null,2,0,0
1736081054956,0,Select By Actor_ID,200,OK,Select Actor 1-20,text,true,,79,0,48,97,null,0,0,0
1736081054984,2,Update Rental Date,200,OK,Update Rental 3-41,text,true,,11,0,49,97,null,2,0,0
1736081054987,2,Update Rental Date,200,OK,Update Rental 3-16,text,true,,11,0,49,97,null,2,0,0
1736081054993,2,Update Rental Date,200,OK,Update Rental 3-43,text,true,,11,0,49,97,null,2,0,0
1736081055035,0,Select By Actor_ID,200,OK,Select Actor 1-43,text,true,,76,0,48,97,null,0,0,0
1736081055042,2,Update Rental Date,200,OK,Update Rental 3-28,text,true,,11,0,49,97,null,2,0,0
1736081055057,0,Select By Actor_ID,200,OK,Select Actor 1-9,text,true,,80,0,48,97,null,0,0,0
1736081055060,2,Update Rental Date,200,OK,Update Rental 3-26,text,true,,11,0,49,97,null,2,0,0
1736081055061,2,Update Rental Date,200,OK,Update Rental 3-48,text,true,,11,0,49,97,null,2,0,0
1736081055070,0,Select By Actor_ID,200,OK,Select Actor 1-42,text,true,,80,0,48,97,null,0,0,0
1736081055075,0,Select By Actor_ID,200,OK,Select Actor 1-12,text,true,,81,0,48,97,null,0,0,0
1736081055078,1,Update Rental Date,200,OK,Update Rental 3-21,text,true,,11,0,49,97,null,1,0,0
1736081055087,0,Select By Actor_ID,200,OK,Select Actor 1-35,text,true,,79,0,48,97,null,0,0,0
1736081055090,2,Update Rental Date,200,OK,Update Rental 3-46,text,true,,11,0,49,97,null,2,0,0
1736081055092,0,Select By Actor_ID,200,OK,Select Actor 1-27,text,true,,81,0,48,97,null,0,0,0
1736081055102,1,Update Rental Date,200,OK,Update Rental 3-8,text,true,,11,0,49,97,null,1,0,0
1736081055118,0,Select By Actor_ID,200,OK,Select Actor 1-49,text,true,,78,0,48,97,null,0,0,0
1736081055128,2,Update Rental Date,200,OK,Update Rental 3-3,text,true,,11,0,49,97,null,2,0,0
1736081055141,2,Update Rental Date,200,OK,Update Rental 3-4,text,true,,11,0,49,97,null,2,0,0
1736081055151,0,Select By Actor_ID,200,OK,Select Actor 1-7,text,true,,79,0,48,97,null,0,0,0
1736081055157,0,Select By Actor_ID,200,OK,Select Actor 1-10,text,true,,83,0,48,97,null,0,0,0
1736081055159,0,Select By Actor_ID,200,OK,Select Actor 1-30,text,true,,82,0,48,97,null,0,0,0
1736081055168,1,Update Rental Date,200,OK,Update Rental 3-23,text,true,,11,0,49,97,null,1,0,0
1736081055170,1,Select By Actor_ID,200,OK,Select Actor 1-33,text,true,,84,0,48,97,null,1,0,0
1736081055180,2,Update Rental Date,200,OK,Update Rental 3-36,text,true,,11,0,49,97,null,2,0,0
1736081055187,1,Select By Actor_ID,200,OK,Select Actor 1-47,text,true,,81,0,48,97,null,1,0,0
1736081055188,1,Select By Actor_ID,200,OK,Select Actor 1-31,text,true,,81,0,48,97,null,1,0,0
1736081055195,1,Select By Actor_ID,200,OK,Select Actor 1-23,text,true,,80,0,48,97,null,1,0,0
1736081055210,1,Select By Actor_ID,200,OK,Select Actor 1-26,text,true,,82,0,48,97,null,1,0,0
1736081055212,2,Update Rental Date,200,OK,Update Rental 3-6,text,true,,11,0,49,97,null,2,0,0
1736081055218,1,Select By Actor_ID,200,OK,Select Actor 1-48,text,true,,85,0,48,97,null,1,0,0
1736081055244,2,Update Rental Date,200,OK,Update Rental 3-40,text,true,,11,0,49,97,null,2,0,0
1736081055254,2,Update Rental Date,200,OK,Update Rental 3-32,text,true,,11,0,49,97,null,2,0,0
1736081055260,2,Update Rental Date,200,OK,Update Rental 3-50,text,true,,11,0,49,97,null,2,0,0
1736081055325,0,Select By Actor_ID,200,OK,Select Actor 1-38,text,true,,80,0,48,97,null,0,0,0
1736081055334,0,Select By Actor_ID,200,OK,Select Actor 1-41,text,true,,81,0,48,97,null,0,0,0
1736081055340,2,Update Rental Date,200,OK,Update Rental 3-9,text,true,,11,0,49,97,null,2,0,0
1736081055345,2,Update Rental Date,200,OK,Update Rental 3-10,text,true,,11,0,49,97,null,2,0,0
1736081055345,2,Update Rental Date,200,OK,Update Rental 3-25,text,true,,11,0,49,97,null,2,0,0
1736081055358,2,Update Rental Date,200,OK,Update Rental 3-11,text,true,,11,0,49,97,null,2,0,0
1736081055361,0,Select By Actor_ID,200,OK,Select Actor 1-3,text,true,,80,0,48,96,null,0,0,0
1736081055387,0,Select By Actor_ID,200,OK,Select Actor 1-6,text,true,,80,0,48,96,null,0,0,0
1736081055389,0,Select By Actor_ID,200,OK,Select Actor 1-46,text,true,,80,0,48,96,null,0,0,0
1736081055410,0,Select By Actor_ID,200,OK,Select Actor 1-22,text,true,,78,0,48,96,null,0,0,0
1736081055425,2,Update Rental Date,200,OK,Update Rental 3-34,text,true,,11,0,48,96,null,2,0,0
1736081055458,0,Select By Actor_ID,200,OK,Select Actor 1-39,text,true,,84,0,48,96,null,0,0,0
1736081055459,0,Select By Actor_ID,200,OK,Select Actor 1-14,text,true,,81,0,48,96,null,0,0,0
1736081055473,0,Select By Actor_ID,200,OK,Select Actor 1-16,text,true,,79,0,48,96,null,0,0,0
1736081055472,1,Update Rental Date,200,OK,Update Rental 3-29,text,true,,11,0,48,96,null,1,0,0
1736081055490,1,Update Rental Date,200,OK,Update Rental 3-24,text,true,,11,0,48,96,null,1,0,0
1736081055511,0,Select By Actor_ID,200,OK,Select Actor 1-13,text,true,,83,0,48,96,null,0,0,0
1736081055521,1,Update Rental Date,200,OK,Update Rental 3-22,text,true,,11,0,48,96,null,1,0,0
1736081055523,0,Select By Actor_ID,200,OK,Select Actor 1-45,text,true,,81,0,48,96,null,0,0,0
1736081055527,2,Update Rental Date,200,OK,Update Rental 3-27,text,true,,11,0,48,96,null,2,0,0
1736081055560,3,Update Rental Date,200,OK,Update Rental 3-28,text,true,,11,0,48,96,null,3,0,0
1736081055580,2,Update Rental Date,200,OK,Update Rental 3-18,text,true,,11,0,48,96,null,2,0,0
1736081055588,2,Update Rental Date,200,OK,Update Rental 3-17,text,true,,11,0,48,96,null,2,0,0
1736081055597,2,Update Rental Date,200,OK,Update Rental 3-15,text,true,,11,0,48,96,null,2,0,0
1736081055607,2,Update Rental Date,200,OK,Update Rental 3-20,text,true,,11,0,48,96,null,2,0,0
1736081055616,1,Select By Actor_ID,200,OK,Select Actor 1-37,text,true,,80,0,48,96,null,1,0,0
1736081055621,1,Select By Actor_ID,200,OK,Select Actor 1-50,text,true,,79,0,48,96,null,1,0,0
1736081055629,2,Update Rental Date,200,OK,Update Rental 3-44,text,true,,11,0,48,96,null,2,0,0
1736081055639,1,Select By Actor_ID,200,OK,Select Actor 1-11,text,true,,80,0,48,96,null,1,0,0
1736081055645,1,Select By Actor_ID,200,OK,Select Actor 1-4,text,true,,79,0,48,96,null,1,0,0
1736081055659,1,Select By Actor_ID,200,OK,Select Actor 1-34,text,true,,82,0,48,96,null,1,0,0
1736081055660,0,Select By Actor_ID,200,OK,Select Actor 1-1,text,true,,79,0,48,96,null,0,0,0
1736081055674,2,Update Rental Date,200,OK,Update Rental 3-33,text,true,,11,0,48,96,null,2,0,0
1736081055676,2,Update Rental Date,200,OK,Update Rental 3-38,text,true,,11,0,48,96,null,2,0,0
1736081055684,2,Update Rental Date,200,OK,Update Rental 3-8,text,true,,11,0,48,96,null,2,0,0
1736081055686,2,Update Rental Date,200,OK,Update Rental 3-35,text,true,,11,0,48,96,null,2,0,0
1736081055687,2,Update Rental Date,200,OK,Update Rental 3-7,text,true,,11,0,48,96,null,2,0,0
1736081055691,0,Select By Actor_ID,200,OK,Select Actor 1-21,text,true,,79,0,48,96,null,0,0,0
1736081055698,0,Select By Actor_ID,200,OK,Select Actor 1-35,text,true,,81,0,48,96,null,0,0,0
1736081055704,0,Select By Actor_ID,200,OK,Select Actor 1-44,text,true,,78,0,48,96,null,0,0,0
1736081055712,0,Select By Actor_ID,200,OK,Select Actor 1-23,text,true,,79,0,48,96,null,0,0,0
1736081055717,0,Select By Actor_ID,200,OK,Select Actor 1-29,text,true,,80,0,48,96,null,0,0,0
1736081055721,0,Select By Actor_ID,200,OK,Select Actor 1-2,text,true,,79,0,48,96,null,0,0,0
1736081055723,2,Update Rental Date,200,OK,Update Rental 3-49,text,true,,11,0,48,96,null,2,0,0
1736081055740,2,Update Rental Date,200,OK,Update Rental 3-30,text,true,,11,0,48,96,null,2,0,0
1736081055744,0,Select By Actor_ID,200,OK,Select Actor 1-20,text,true,,81,0,48,96,null,0,0,0
1736081055753,2,Update Rental Date,200,OK,Update Rental 3-45,text,true,,11,0,48,96,null,2,0,0
1736081055763,2,Update Rental Date,200,OK,Update Rental 3-47,text,true,,11,0,48,96,null,2,0,0
1736081055780,2,Update Rental Date,200,OK,Update Rental 3-41,text,true,,11,0,48,96,null,2,0,0
1736081055784,0,Select By Actor_ID,200,OK,Select Actor 1-12,text,true,,84,0,48,96,null,0,0,0
1736081055795,0,Select By Actor_ID,200,OK,Select Actor 1-18,text,true,,76,0,48,96,null,0,0,0
1736081055824,1,Update Rental Date,200,OK,Update Rental 3-1,text,true,,11,0,48,96,null,1,0,0
1736081055849,1,Select By Actor_ID,200,OK,Select Actor 1-19,text,true,,80,0,48,96,null,1,0,0
1736081055852,1,Select By Actor_ID,200,OK,Select Actor 1-40,text,true,,79,0,48,96,null,1,0,0
1736081055865,2,Update Rental Date,200,OK,Update Rental 3-42,text,true,,11,0,48,96,null,2,0,0
1736081055869,2,Update Rental Date,200,OK,Update Rental 3-14,text,true,,11,0,48,96,null,2,0,0
1736081055874,2,Update Rental Date,200,OK,Update Rental 3-3,text,true,,11,0,48,96,null,2,0,0
1736081055879,1,Select By Actor_ID,200,OK,Select Actor 1-8,text,true,,81,0,48,95,null,1,0,0
1736081055882,2,Update Rental Date,200,OK,Update Rental 3-12,text,true,,11,0,47,95,null,2,0,0
1736081055885,0,Select By Actor_ID,200,OK,Select Actor 1-49,text,true,,85,0,48,95,null,0,0,0
1736081055891,2,Update Rental Date,200,OK,Update Rental 3-23,text,true,,11,0,47,95,null,2,0,0
1736081055911,0,Select By Actor_ID,200,OK,Select Actor 1-24,text,true,,81,0,48,95,null,0,0,0
1736081055928,2,Update Rental Date,200,OK,Update Rental 3-6,text,true,,11,0,47,95,null,2,0,0
1736081055940,2,Update Rental Date,200,OK,Update Rental 3-31,text,true,,11,0,47,95,null,2,0,0
1736081055953,1,Select By Actor_ID,200,OK,Select Actor 1-25,text,true,,76,0,48,95,null,1,0,0
1736081055960,2,Update Rental Date,200,OK,Update Rental 3-36,text,true,,11,0,47,95,null,2,0,0
1736081055974,2,Update Rental Date,200,OK,Update Rental 3-37,text,true,,11,0,47,95,null,2,0,0
1736081055983,1,Select By Actor_ID,200,OK,Select Actor 1-33,text,true,,81,0,48,95,null,1,0,0
1736081055991,2,Update Rental Date,200,OK,Update Rental 3-2,text,true,,11,0,47,95,null,2,0,0
1736081056000,2,Update Rental Date,200,OK,Update Rental 3-26,text,true,,11,0,47,95,null,2,0,0
1736081056021,1,Select By Actor_ID,200,OK,Select Actor 1-9,text,true,,83,0,48,95,null,1,0,0
1736081056062,1,Select By Actor_ID,200,OK,Select Actor 1-27,text,true,,81,0,48,95,null,1,0,0
1736081056085,0,Select By Actor_ID,200,OK,Select Actor 1-47,text,true,,80,0,48,95,null,0,0,0
1736081056086,0,Select By Actor_ID,200,OK,Select Actor 1-13,text,true,,83,0,48,95,null,0,0,0
1736081056090,0,Select By Actor_ID,200,OK,Select Actor 1-32,text,true,,82,0,48,95,null,0,0,0
1736081056089,3,Update Rental Date,200,OK,Update Rental 3-39,text,true,,11,0,47,95,null,3,0,0
1736081056126,0,Select By Actor_ID,200,OK,Select Actor 1-45,text,true,,79,0,48,95,null,0,0,0
1736081056135,2,Update Rental Date,200,OK,Update Rental 3-18,text,true,,11,0,47,95,null,2,0,0
1736081056143,2,Update Rental Date,200,OK,Update Rental 3-24,text,true,,11,0,47,95,null,2,0,0
1736081056148,0,Select By Actor_ID,200,OK,Select Actor 1-14,text,true,,77,0,48,95,null,0,0,0
1736081056153,0,Select By Actor_ID,200,OK,Select Actor 1-36,text,true,,79,0,47,94,null,0,0,0
1736081056156,0,Select By Actor_ID,200,OK,Select Actor 1-28,text,true,,81,0,47,94,null,0,0,0
1736081056201,0,Select By Actor_ID,200,OK,Select Actor 1-3,text,true,,83,0,47,94,null,0,0,0
1736081056215,2,Update Rental Date,200,OK,Update Rental 3-25,text,true,,11,0,47,94,null,2,0,0
1736081056227,0,Select By Actor_ID,200,OK,Select Actor 1-42,text,true,,78,0,47,94,null,0,0,0
1736081056237,1,Update Rental Date,200,OK,Update Rental 3-19,text,true,,11,0,47,94,null,1,0,0
1736081056244,1,Update Rental Date,200,OK,Update Rental 3-4,text,true,,11,0,47,94,null,1,0,0
1736081056268,2,Update Rental Date,200,OK,Update Rental 3-43,text,true,,11,0,47,94,null,2,0,0
1736081056275,2,Update Rental Date,200,OK,Update Rental 3-40,text,true,,11,0,47,94,null,2,0,0
1736081056278,0,Select By Actor_ID,200,OK,Select Actor 1-17,text,true,,78,0,47,94,null,0,0,0
1736081056278,2,Update Rental Date,200,OK,Update Rental 3-46,text,true,,11,0,47,94,null,1,0,0
1736081056286,0,Select By Actor_ID,200,OK,Select Actor 1-7,text,true,,78,0,47,94,null,0,0,0
1736081056296,0,Select By Actor_ID,200,OK,Select Actor 1-48,text,true,,82,0,47,94,null,0,0,0
1736081056312,1,Select By Actor_ID,200,OK,Select Actor 1-43,text,true,,80,0,47,94,null,1,0,1
1736081056314,2,Update Rental Date,200,OK,Update Rental 3-17,text,true,,11,0,47,94,null,1,0,0
1736081056318,3,Update Rental Date,200,OK,Update Rental 3-20,text,true,,11,0,47,94,null,3,0,1
1736081056323,1,Select By Actor_ID,200,OK,Select Actor 1-30,text,true,,80,0,47,94,null,1,0,0
1736081056327,1,Select By Actor_ID,200,OK,Select Actor 1-20,text,true,,84,0,47,94,null,1,0,0
1736081056346,1,Select By Actor_ID,200,OK,Select Actor 1-10,text,true,,78,0,47,94,null,0,0,0
1736081056357,1,Select By Actor_ID,200,OK,Select Actor 1-22,text,true,,80,0,47,94,null,1,0,0
1736081056360,0,Select By Actor_ID,200,OK,Select Actor 1-40,text,true,,79,0,47,94,null,0,0,0
1736081056351,11,Update Rental Date,200,OK,Update Rental 3-50,text,true,,11,0,47,94,null,11,0,0
1736081056353,9,Update Rental Date,200,OK,Update Rental 3-13,text,true,,11,0,47,94,null,9,0,0
1736081056363,1,Select By Actor_ID,200,OK,Select Actor 1-37,text,true,,81,0,47,94,null,1,0,0
1736081056363,2,Update Rental Date,200,OK,Update Rental 3-16,text,true,,11,0,47,94,null,2,0,0
1736081056364,2,Update Rental Date,200,OK,Update Rental 3-22,text,true,,11,0,47,94,null,2,0,0
1736081056377,2,Update Rental Date,200,OK,Update Rental 3-10,text,true,,11,0,47,94,null,2,0,0
1736081056407,1,Select By Actor_ID,200,OK,Select Actor 1-12,text,true,,80,0,47,94,null,1,0,0
1736081056407,1,Select By Actor_ID,200,OK,Select Actor 1-8,text,true,,80,0,47,94,null,1,0,0
1736081056415,1,Select By Actor_ID,200,OK,Select Actor 1-31,text,true,,83,0,47,94,null,1,0,0
1736081056424,3,Update Rental Date,200,OK,Update Rental 3-47,text,true,,11,0,47,94,null,3,0,0
1736081056453,3,Update Rental Date,200,OK,Update Rental 3-48,text,true,,11,0,47,94,null,3,0,0
1736081056463,3,Update Rental Date,200,OK,Update Rental 3-35,text,true,,11,0,47,94,null,2,0,0
1736081056470,2,Update Rental Date,200,OK,Update Rental 3-7,text,true,,11,0,47,94,null,2,0,0
1736081056491,2,Update Rental Date,200,OK,Update Rental 3-27,text,true,,11,0,47,94,null,2,0,0
1736081056514,2,Update Rental Date,200,OK,Update Rental 3-21,text,true,,11,0,47,94,null,2,0,0
1736081056523,0,Select By Actor_ID,200,OK,Select Actor 1-1,text,true,,80,0,47,94,null,0,0,0
1736081056537,2,Update Rental Date,200,OK,Update Rental 3-8,text,true,,11,0,47,94,null,2,0,0
1736081056544,0,Select By Actor_ID,200,OK,Select Actor 1-35,text,true,,83,0,47,93,null,0,0,0
1736081056553,0,Select By Actor_ID,200,OK,Select Actor 1-11,text,true,,84,0,47,93,null,0,0,0
1736081056568,0,Select By Actor_ID,200,OK,Select Actor 1-26,text,true,,78,0,47,93,null,0,0,0
1736081056567,2,Update Rental Date,200,OK,Update Rental 3-15,text,true,,11,0,46,93,null,2,0,0
1736081056571,1,Update Rental Date,200,OK,Update Rental 3-9,text,true,,11,0,46,93,null,1,0,0
1736081056588,0,Select By Actor_ID,200,OK,Select Actor 1-38,text,true,,82,0,47,93,null,0,0,0
1736081056605,2,Update Rental Date,200,OK,Update Rental 3-34,text,true,,11,0,46,93,null,2,0,0
1736081056617,2,Update Rental Date,200,OK,Update Rental 3-38,text,true,,11,0,46,93,null,2,0,0
1736081056625,0,Select By Actor_ID,200,OK,Select Actor 1-19,text,true,,79,0,47,93,null,0,0,0
1736081056629,0,Select By Actor_ID,200,OK,Select Actor 1-34,text,true,,77,0,47,93,null,0,0,0
1736081056633,0,Select By Actor_ID,200,OK,Select Actor 1-18,text,true,,81,0,47,93,null,0,0,0
1736081056634,1,Update Rental Date,200,OK,Update Rental 3-32,text,true,,11,0,46,93,null,1,0,0
1736081056636,0,Select By Actor_ID,200,OK,Select Actor 1-6,text,true,,83,0,47,93,null,0,0,0
1736081056656,0,Select By Actor_ID,200,OK,Select Actor 1-49,text,true,,78,0,47,93,null,0,0,0
1736081056665,1,Update Rental Date,200,OK,Update Rental 3-6,text,true,,11,0,46,93,null,1,0,0
1736081056668,1,Update Rental Date,200,OK,Update Rental 3-23,text,true,,11,0,46,93,null,1,0,0
1736081056685,0,Select By Actor_ID,200,OK,Select Actor 1-33,text,true,,78,0,47,92,null,0,0,0
1736081056692,1,Select By Actor_ID,200,OK,Select Actor 1-41,text,true,,82,0,47,92,null,1,0,0
1736081056718,2,Update Rental Date,200,OK,Update Rental 3-33,text,true,,11,0,45,92,null,2,0,0
1736081056720,1,Select By Actor_ID,200,OK,Select Actor 1-46,text,true,,81,0,47,92,null,1,0,0
1736081056735,2,Update Rental Date,200,OK,Update Rental 3-29,text,true,,11,0,45,92,null,2,0,0
1736081056737,2,Update Rental Date,200,OK,Update Rental 3-44,text,true,,11,0,45,92,null,2,0,0
1736081056747,2,Update Rental Date,200,OK,Update Rental 3-2,text,true,,11,0,45,92,null,2,0,0
1736081056777,1,Select By Actor_ID,200,OK,Select Actor 1-44,text,true,,78,0,47,92,null,1,0,0
1736081056789,1,Select By Actor_ID,200,OK,Select Actor 1-2,text,true,,83,0,47,92,null,1,0,0
1736081056791,1,Select By Actor_ID,200,OK,Select Actor 1-16,text,true,,82,0,46,91,null,1,0,0
1736081056799,2,Update Rental Date,200,OK,Update Rental 3-39,text,true,,11,0,45,91,null,2,0,0
1736081056810,2,Update Rental Date,200,OK,Update Rental 3-26,text,true,,11,0,45,91,null,2,0,0
1736081056812,0,Select By Actor_ID,200,OK,Select Actor 1-32,text,true,,79,0,46,91,null,0,0,0
1736081056828,1,Select By Actor_ID,200,OK,Select Actor 1-30,text,true,,83,0,46,91,null,0,0,0
1736081056878,0,Select By Actor_ID,200,OK,Select Actor 1-37,text,true,,83,0,46,91,null,0,0,0
1736081056895,0,Select By Actor_ID,200,OK,Select Actor 1-50,text,true,,84,0,46,91,null,0,0,0
1736081056915,0,Select By Actor_ID,200,OK,Select Actor 1-4,text,true,,82,0,46,91,null,0,0,0
1736081056932,2,Update Rental Date,200,OK,Update Rental 3-46,text,true,,11,0,45,91,null,2,0,0
1736081056936,1,Update Rental Date,200,OK,Update Rental 3-42,text,true,,11,0,45,91,null,1,0,0
1736081056938,0,Select By Actor_ID,200,OK,Select Actor 1-28,text,true,,80,0,46,91,null,0,0,0
1736081056939,1,Update Rental Date,200,OK,Update Rental 3-1,text,true,,11,0,45,91,null,1,0,0
1736081056945,0,Select By Actor_ID,200,OK,Select Actor 1-39,text,true,,79,0,46,91,null,0,0,0
1736081056945,2,Update Rental Date,200,OK,Update Rental 3-28,text,true,,11,0,45,91,null,2,0,0
1736081056960,2,Update Rental Date,200,OK,Update Rental 3-13,text,true,,11,0,45,91,null,1,0,0
1736081056978,0,Select By Actor_ID,200,OK,Select Actor 1-7,text,true,,80,0,46,91,null,0,0,0
1736081056986,2,Update Rental Date,200,OK,Update Rental 3-30,text,true,,11,0,45,91,null,2,0,0
1736081056996,0,Select By Actor_ID,200,OK,Select Actor 1-25,text,true,,84,0,46,91,null,0,0,0
1736081057034,1,Update Rental Date,200,OK,Update Rental 3-12,text,true,,11,0,45,91,null,1,0,0
1736081057035,1,Update Rental Date,200,OK,Update Rental 3-43,text,true,,11,0,45,91,null,1,0,0
1736081057040,1,Update Rental Date,200,OK,Update Rental 3-47,text,true,,11,0,45,91,null,1,0,0
1736081057057,0,Select By Actor_ID,200,OK,Select Actor 1-9,text,true,,81,0,46,91,null,0,0,0
1736081057090,3,Update Rental Date,200,OK,Update Rental 3-35,text,true,,11,0,45,90,null,3,0,0
1736081057090,3,Update Rental Date,200,OK,Update Rental 3-37,text,true,,11,0,45,90,null,3,0,0
1736081057094,1,Select By Actor_ID,200,OK,Select Actor 1-29,text,true,,78,0,45,90,null,1,0,0
1736081057099,1,Select By Actor_ID,200,OK,Select Actor 1-35,text,true,,82,0,45,90,null,1,0,0
1736081057117,1,Select By Actor_ID,200,OK,Select Actor 1-23,text,true,,80,0,45,90,null,1,0,0
1736081057122,3,Update Rental Date,200,OK,Update Rental 3-27,text,true,,11,0,45,90,null,3,0,0
1736081057136,1,Select By Actor_ID,200,OK,Select Actor 1-42,text,true,,83,0,45,90,null,1,0,0
1736081057135,2,Update Rental Date,200,OK,Update Rental 3-45,text,true,,11,0,45,90,null,2,0,0
1736081057140,2,Update Rental Date,200,OK,Update Rental 3-7,text,true,,11,0,45,90,null,2,0,0
1736081057152,1,Select By Actor_ID,200,OK,Select Actor 1-21,text,true,,82,0,45,89,null,1,0,0
1736081057164,2,Update Rental Date,200,OK,Update Rental 3-10,text,true,,11,0,44,89,null,2,0,0
1736081057173,1,Select By Actor_ID,200,OK,Select Actor 1-36,text,true,,85,0,45,88,null,1,0,0
1736081057191,1,Select By Actor_ID,200,OK,Select Actor 1-43,text,true,,83,0,45,88,null,1,0,0
1736081057193,2,Update Rental Date,200,OK,Update Rental 3-49,text,true,,11,0,43,88,null,2,0,0
1736081057194,2,Update Rental Date,200,OK,Update Rental 3-41,text,true,,11,0,43,88,null,2,0,0
1736081057199,2,Update Rental Date,200,OK,Update Rental 3-36,text,true,,11,0,43,88,null,2,0,0
1736081057208,2,Update Rental Date,200,OK,Update Rental 3-21,text,true,,11,0,43,88,null,2,0,0
1736081057240,2,Update Rental Date,200,OK,Update Rental 3-14,text,true,,11,0,43,88,null,2,0,0
1736081057284,2,Update Rental Date,200,OK,Update Rental 3-17,text,true,,11,0,42,87,null,2,0,0
1736081057287,0,Select By Actor_ID,200,OK,Select Actor 1-10,text,true,,86,0,45,87,null,0,0,0
1736081057287,3,Update Rental Date,200,OK,Update Rental 3-22,text,true,,11,0,42,87,null,3,0,0
1736081057290,2,Update Rental Date,200,OK,Update Rental 3-31,text,true,,11,0,42,87,null,2,0,0
1736081057293,0,Select By Actor_ID,200,OK,Select Actor 1-47,text,true,,80,0,45,87,null,0,0,0
1736081057297,2,Update Rental Date,200,OK,Update Rental 3-4,text,true,,11,0,42,87,null,2,0,0
1736081057302,2,Update Rental Date,200,OK,Update Rental 3-2,text,true,,11,0,42,87,null,2,0,0
1736081057305,0,Select By Actor_ID,200,OK,Select Actor 1-22,text,true,,80,0,45,87,null,0,0,0
1736081057320,1,Update Rental Date,200,OK,Update Rental 3-29,text,true,,11,0,42,87,null,1,0,0
1736081057321,2,Update Rental Date,200,OK,Update Rental 3-50,text,true,,11,0,42,87,null,1,0,0
1736081057327,0,Select By Actor_ID,200,OK,Select Actor 1-20,text,true,,81,0,45,87,null,0,0,0
1736081057352,1,Select By Actor_ID,200,OK,Select Actor 1-27,text,true,,80,0,45,87,null,1,0,0
1736081057367,2,Update Rental Date,200,OK,Update Rental 3-33,text,true,,11,0,42,87,null,2,0,0
1736081057367,3,Update Rental Date,200,OK,Update Rental 3-26,text,true,,11,0,42,87,null,3,0,0
1736081057372,1,Select By Actor_ID,200,OK,Select Actor 1-24,text,true,,83,0,45,87,null,1,0,0
1736081057396,3,Update Rental Date,200,OK,Update Rental 3-25,text,true,,11,0,42,87,null,3,0,0
1736081057415,2,Update Rental Date,200,OK,Update Rental 3-20,text,true,,11,0,42,87,null,2,0,0
1736081057417,0,Select By Actor_ID,200,OK,Select Actor 1-4,text,true,,83,0,45,87,null,0,0,0
1736081057423,0,Select By Actor_ID,200,OK,Select Actor 1-18,text,true,,80,0,45,87,null,0,0,0
1736081057445,0,Select By Actor_ID,200,OK,Select Actor 1-44,text,true,,80,0,45,87,null,0,0,0
1736081057458,0,Select By Actor_ID,200,OK,Select Actor 1-39,text,true,,79,0,45,87,null,0,0,0
1736081057462,1,Select By Actor_ID,200,OK,Select Actor 1-13,text,true,,83,0,45,87,null,1,0,0
1736081057493,1,Select By Actor_ID,200,OK,Select Actor 1-40,text,true,,80,0,45,87,null,1,0,0
1736081057495,2,Update Rental Date,200,OK,Update Rental 3-9,text,true,,11,0,42,87,null,2,0,0
1736081057507,1,Select By Actor_ID,200,OK,Select Actor 1-3,text,true,,81,0,45,87,null,1,0,0
1736081057508,1,Select By Actor_ID,200,OK,Select Actor 1-41,text,true,,78,0,45,87,null,1,0,0
1736081057508,2,Update Rental Date,200,OK,Update Rental 3-19,text,true,,11,0,42,87,null,2,0,0
1736081057514,2,Update Rental Date,200,OK,Update Rental 3-48,text,true,,11,0,42,87,null,2,0,0
1736081057532,1,Select By Actor_ID,200,OK,Select Actor 1-17,text,true,,85,0,45,87,null,1,0,0
1736081057558,2,Update Rental Date,200,OK,Update Rental 3-18,text,true,,11,0,42,87,null,2,0,0
1736081057566,2,Update Rental Date,200,OK,Update Rental 3-16,text,true,,11,0,42,87,null,2,0,0
1736081057569,4,Update Rental Date,200,OK,Update Rental 3-34,text,true,,11,0,41,86,null,4,0,0
1736081057577,1,Select By Actor_ID,200,OK,Select Actor 1-19,text,true,,80,0,45,86,null,1,0,0
1736081057590,2,Update Rental Date,200,OK,Update Rental 3-24,text,true,,11,0,41,86,null,2,0,0
1736081057604,1,Select By Actor_ID,200,OK,Select Actor 1-45,text,true,,86,0,45,86,null,1,0,0
1736081057604,2,Update Rental Date,200,OK,Update Rental 3-1,text,true,,11,0,41,86,null,2,0,0
1736081057616,2,Update Rental Date,200,OK,Update Rental 3-30,text,true,,11,0,41,86,null,2,0,0
1736081057639,2,Update Rental Date,200,OK,Update Rental 3-28,text,true,,11,0,41,86,null,2,0,0
1736081057665,2,Update Rental Date,200,OK,Update Rental 3-44,text,true,,11,0,41,86,null,2,0,0
1736081057667,0,Select By Actor_ID,200,OK,Select Actor 1-26,text,true,,80,0,45,86,null,0,0,0
1736081057674,0,Select By Actor_ID,200,OK,Select Actor 1-23,text,true,,81,0,45,86,null,0,0,0
1736081057687,1,Select By Actor_ID,200,OK,Select Actor 1-48,text,true,,83,0,45,86,null,1,0,0
1736081057686,3,Update Rental Date,200,OK,Update Rental 3-38,text,true,,11,0,41,86,null,3,0,0
1736081057691,2,Update Rental Date,200,OK,Update Rental 3-32,text,true,,11,0,41,86,null,2,0,0
1736081057711,1,Update Rental Date,200,OK,Update Rental 3-46,text,true,,11,0,41,86,null,1,0,0
1736081057721,2,Update Rental Date,200,OK,Update Rental 3-40,text,true,,11,0,41,86,null,1,0,0
1736081057736,0,Select By Actor_ID,200,OK,Select Actor 1-31,text,true,,77,0,45,86,null,0,0,0
1736081057777,0,Select By Actor_ID,200,OK,Select Actor 1-49,text,true,,83,0,45,86,null,0,0,0
1736081057792,2,Update Rental Date,200,OK,Update Rental 3-15,text,true,,11,0,41,86,null,2,0,0
1736081057802,0,Select By Actor_ID,200,OK,Select Actor 1-34,text,true,,80,0,45,86,null,0,0,0
1736081057804,0,Select By Actor_ID,200,OK,Select Actor 1-8,text,true,,84,0,45,86,null,0,0,0
1736081057810,0,Select By Actor_ID,200,OK,Select Actor 1-10,text,true,,84,0,45,86,null,0,0,0
1736081057810,0,Select By Actor_ID,200,OK,Select Actor 1-16,text,true,,84,0,45,86,null,0,0,0
1736081057817,0,Select By Actor_ID,200,OK,Select Actor 1-11,text,true,,81,0,44,85,null,0,0,0
1736081057825,0,Select By Actor_ID,200,OK,Select Actor 1-42,text,true,,82,0,43,84,null,0,0,0
1736081057860,1,Select By Actor_ID,200,OK,Select Actor 1-12,text,true,,79,0,43,84,null,1,0,0
1736081057889,1,Select By Actor_ID,200,OK,Select Actor 1-1,text,true,,81,0,42,83,null,1,0,0
1736081057889,1,Select By Actor_ID,200,OK,Select Actor 1-27,text,true,,79,0,42,83,null,1,0,0
1736081057896,2,Update Rental Date,200,OK,Update Rental 3-27,text,true,,11,0,41,82,null,2,0,0
1736081057919,2,Update Rental Date,200,OK,Update Rental 3-31,text,true,,11,0,41,82,null,2,0,0
1736081057924,1,Select By Actor_ID,200,OK,Select Actor 1-21,text,true,,80,0,41,82,null,1,0,0
1736081057929,1,Select By Actor_ID,200,OK,Select Actor 1-6,text,true,,79,0,41,82,null,1,0,0
1736081057946,1,Select By Actor_ID,200,OK,Select Actor 1-37,text,true,,82,0,40,81,null,1,0,0
1736081057969,1,Select By Actor_ID,200,OK,Select Actor 1-7,text,true,,84,0,40,81,null,1,0,0
1736081057970,0,Select By Actor_ID,200,OK,Select Actor 1-38,text,true,,82,0,40,81,null,0,0,0
1736081058011,2,Update Rental Date,200,OK,Update Rental 3-13,text,true,,11,0,41,81,null,2,0,0
1736081058031,2,Update Rental Date,200,OK,Update Rental 3-20,text,true,,11,0,41,81,null,2,0,0
1736081058063,0,Select By Actor_ID,200,OK,Select Actor 1-25,text,true,,80,0,40,81,null,0,0,0
1736081058069,2,Update Rental Date,200,OK,Update Rental 3-19,text,true,,11,0,41,81,null,2,0,0
1736081058084,1,Update Rental Date,200,OK,Update Rental 3-34,text,true,,11,0,41,81,null,1,0,0
1736081058089,1,Update Rental Date,200,OK,Update Rental 3-17,text,true,,11,0,41,81,null,1,0,0
1736081058091,2,Update Rental Date,200,OK,Update Rental 3-33,text,true,,11,0,41,81,null,2,0,0
1736081058102,2,Update Rental Date,200,OK,Update Rental 3-6,text,true,,11,0,41,81,null,2,0,0
1736081058104,0,Select By Actor_ID,200,OK,Select Actor 1-50,text,true,,81,0,40,81,null,0,0,0
1736081058129,0,Select By Actor_ID,200,OK,Select Actor 1-30,text,true,,84,0,40,81,null,0,0,0
1736081058128,2,Update Rental Date,200,OK,Update Rental 3-22,text,true,,11,0,41,81,null,2,0,0
1736081058130,1,Update Rental Date,200,OK,Update Rental 3-37,text,true,,11,0,41,81,null,1,0,0
1736081058136,1,Update Rental Date,200,OK,Update Rental 3-47,text,true,,11,0,41,81,null,1,0,0
1736081058140,0,Select By Actor_ID,200,OK,Select Actor 1-44,text,true,,80,0,40,81,null,0,0,0
1736081058139,1,Update Rental Date,200,OK,Update Rental 3-1,text,true,,11,0,41,81,null,1,0,0
1736081058162,0,Select By Actor_ID,200,OK,Select Actor 1-46,text,true,,81,0,40,81,null,0,0,0
1736081058179,0,Select By Actor_ID,200,OK,Select Actor 1-33,text,true,,84,0,40,81,null,0,0,0
1736081058179,0,Select By Actor_ID,200,OK,Select Actor 1-29,text,true,,78,0,40,81,null,0,0,0
1736081058179,0,Select By Actor_ID,200,OK,Select Actor 1-28,text,true,,81,0,40,81,null,0,0,0
1736081058230,3,Update Rental Date,200,OK,Update Rental 3-39,text,true,,11,0,41,81,null,3,0,0
1736081058255,1,Select By Actor_ID,200,OK,Select Actor 1-32,text,true,,84,0,40,81,null,1,0,0
1736081058260,1,Select By Actor_ID,200,OK,Select Actor 1-43,text,true,,79,0,40,81,null,1,0,0
1736081058269,2,Update Rental Date,200,OK,Update Rental 3-12,text,true,,11,0,41,81,null,2,0,0
1736081058280,1,Select By Actor_ID,200,OK,Select Actor 1-19,text,true,,81,0,40,81,null,1,0,0
1736081058280,1,Select By Actor_ID,200,OK,Select Actor 1-20,text,true,,83,0,40,81,null,1,0,0
1736081058280,2,Update Rental Date,200,OK,Update Rental 3-40,text,true,,11,0,41,80,null,2,0,0
1736081058297,2,Update Rental Date,200,OK,Update Rental 3-42,text,true,,11,0,41,80,null,2,0,0
1736081058299,2,Update Rental Date,200,OK,Update Rental 3-18,text,true,,11,0,41,80,null,2,0,0
1736081058343,1,Select By Actor_ID,200,OK,Select Actor 1-39,text,true,,82,0,39,80,null,0,0,0
1736081058351,1,Select By Actor_ID,200,OK,Select Actor 1-36,text,true,,80,0,39,80,null,0,0,0
1736081058353,0,Select By Actor_ID,200,OK,Select Actor 1-22,text,true,,81,0,39,80,null,0,0,0
1736081058366,0,Select By Actor_ID,200,OK,Select Actor 1-8,text,true,,79,0,39,80,null,0,0,0
1736081058379,0,Select By Actor_ID,200,OK,Select Actor 1-35,text,true,,84,0,38,79,null,0,0,0
1736081058378,2,Update Rental Date,200,OK,Update Rental 3-15,text,true,,11,0,41,79,null,2,0,0
1736081058394,2,Update Rental Date,200,OK,Update Rental 3-25,text,true,,11,0,41,79,null,2,0,0
1736081058397,0,Select By Actor_ID,200,OK,Select Actor 1-34,text,true,,88,0,38,79,null,0,0,0
1736081058414,2,Update Rental Date,200,OK,Update Rental 3-50,text,true,,11,0,41,79,null,2,0,0
1736081058423,0,Select By Actor_ID,200,OK,Select Actor 1-48,text,true,,86,0,38,79,null,0,0,0
1736081058433,2,Update Rental Date,200,OK,Update Rental 3-49,text,true,,11,0,41,79,null,2,0,0
1736081058434,2,Update Rental Date,200,OK,Update Rental 3-45,text,true,,11,0,41,79,null,2,0,0
1736081058436,0,Select By Actor_ID,200,OK,Select Actor 1-13,text,true,,81,0,38,79,null,0,0,0
1736081058440,2,Update Rental Date,200,OK,Update Rental 3-27,text,true,,11,0,41,79,null,2,0,0
1736081058458,2,Update Rental Date,200,OK,Update Rental 3-21,text,true,,11,0,40,78,null,2,0,0
1736081058478,2,Update Rental Date,200,OK,Update Rental 3-30,text,true,,11,0,40,78,null,2,0,0
1736081058498,2,Update Rental Date,200,OK,Update Rental 3-43,text,true,,11,0,40,78,null,1,0,0
1736081058521,1,Update Rental Date,200,OK,Update Rental 3-35,text,true,,11,0,40,78,null,1,0,0
1736081058544,0,Select By Actor_ID,200,OK,Select Actor 1-24,text,true,,81,0,38,78,null,0,0,0
1736081058552,0,Select By Actor_ID,200,OK,Select Actor 1-16,text,true,,79,0,38,78,null,0,0,0
1736081058557,2,Update Rental Date,200,OK,Update Rental 3-36,text,true,,11,0,40,78,null,2,0,0
1736081058558,2,Update Rental Date,200,OK,Update Rental 3-48,text,true,,11,0,40,78,null,2,0,0
1736081058559,2,Update Rental Date,200,OK,Update Rental 3-29,text,true,,11,0,40,78,null,2,0,0
1736081058562,1,Update Rental Date,200,OK,Update Rental 3-26,text,true,,11,0,40,78,null,1,0,0
1736081058569,1,Update Rental Date,200,OK,Update Rental 3-9,text,true,,11,0,40,78,null,1,0,0
1736081058632,3,Update Rental Date,200,OK,Update Rental 3-24,text,true,,11,0,39,77,null,3,0,0
1736081058639,2,Update Rental Date,200,OK,Update Rental 3-41,text,true,,11,0,39,77,null,2,0,0
1736081058664,2,Update Rental Date,200,OK,Update Rental 3-4,text,true,,11,0,39,77,null,2,0,0
1736081058678,2,Update Rental Date,200,OK,Update Rental 3-32,text,true,,11,0,39,77,null,2,0,0
1736081058714,1,Select By Actor_ID,200,OK,Select Actor 1-25,text,true,,80,0,38,77,null,1,0,0
1736081058714,2,Update Rental Date,200,OK,Update Rental 3-2,text,true,,11,0,39,77,null,2,0,0
1736081058739,1,Select By Actor_ID,200,OK,Select Actor 1-4,text,true,,80,0,38,76,null,1,0,0
1736081058749,0,Select By Actor_ID,200,OK,Select Actor 1-21,text,true,,82,0,38,76,null,0,0,0
1736081058761,0,Select By Actor_ID,200,OK,Select Actor 1-7,text,true,,79,0,38,76,null,0,0,0
1736081058765,0,Select By Actor_ID,200,OK,Select Actor 1-29,text,true,,80,0,38,76,null,0,0,0
1736081058767,0,Select By Actor_ID,200,OK,Select Actor 1-41,text,true,,82,0,38,76,null,0,0,0
1736081058776,0,Select By Actor_ID,200,OK,Select Actor 1-45,text,true,,78,0,38,76,null,0,0,0
1736081058786,0,Select By Actor_ID,200,OK,Select Actor 1-47,text,true,,81,0,38,76,null,0,0,0
1736081058803,0,Select By Actor_ID,200,OK,Select Actor 1-37,text,true,,86,0,38,76,null,0,0,0
1736081058826,0,Select By Actor_ID,200,OK,Select Actor 1-38,text,true,,81,0,38,76,null,0,0,0
1736081058829,0,Select By Actor_ID,200,OK,Select Actor 1-18,text,true,,80,0,38,76,null,0,0,0
1736081058832,2,Update Rental Date,200,OK,Update Rental 3-22,text,true,,11,0,38,76,null,2,0,0
1736081058834,3,Update Rental Date,200,OK,Update Rental 3-6,text,true,,11,0,38,76,null,3,0,0
1736081058849,0,Select By Actor_ID,200,OK,Select Actor 1-27,text,true,,83,0,38,76,null,0,0,0
1736081058854,2,Update Rental Date,200,OK,Update Rental 3-34,text,true,,11,0,38,76,null,2,0,0
1736081058856,1,Select By Actor_ID,200,OK,Select Actor 1-17,text,true,,80,0,38,76,null,1,0,0
1736081058872,1,Select By Actor_ID,200,OK,Select Actor 1-26,text,true,,80,0,38,76,null,1,0,0
1736081058888,1,Select By Actor_ID,200,OK,Select Actor 1-40,text,true,,84,0,38,76,null,1,0,0
1736081058887,2,Update Rental Date,200,OK,Update Rental 3-33,text,true,,11,0,38,76,null,2,0,0
1736081058923,1,Select By Actor_ID,200,OK,Select Actor 1-3,text,true,,83,0,38,76,null,1,0,0
1736081058930,2,Update Rental Date,200,OK,Update Rental 3-38,text,true,,11,0,38,76,null,2,0,0
1736081058936,1,Select By Actor_ID,200,OK,Select Actor 1-50,text,true,,79,0,38,76,null,0,0,0
1736081058941,1,Select By Actor_ID,200,OK,Select Actor 1-34,text,true,,77,0,38,76,null,0,0,0
1736081058970,1,Update Rental Date,200,OK,Update Rental 3-46,text,true,,11,0,38,76,null,1,0,0
1736081058978,0,Select By Actor_ID,200,OK,Select Actor 1-22,text,true,,79,0,38,76,null,0,0,0
1736081059000,0,Select By Actor_ID,200,OK,Select Actor 1-39,text,true,,81,0,37,75,null,0,0,0
1736081059007,0,Select By Actor_ID,200,OK,Select Actor 1-31,text,true,,82,0,37,75,null,0,0,0
1736081059011,2,Update Rental Date,200,OK,Update Rental 3-49,text,true,,11,0,38,75,null,2,0,0
1736081059015,1,Select By Actor_ID,200,OK,Select Actor 1-19,text,true,,83,0,37,75,null,1,0,1
1736081059028,3,Update Rental Date,200,OK,Update Rental 3-31,text,true,,11,0,38,75,null,3,0,0
1736081059033,3,Update Rental Date,200,OK,Update Rental 3-28,text,true,,11,0,37,74,null,3,0,0
1736081059049,2,Update Rental Date,200,OK,Update Rental 3-44,text,true,,11,0,37,74,null,2,0,0
1736081059051,2,Update Rental Date,200,OK,Update Rental 3-20,text,true,,11,0,37,74,null,2,0,0
1736081059069,2,Update Rental Date,200,OK,Update Rental 3-25,text,true,,11,0,37,74,null,2,0,0
1736081059071,2,Update Rental Date,200,OK,Update Rental 3-12,text,true,,11,0,37,74,null,2,0,0
1736081059082,1,Select By Actor_ID,200,OK,Select Actor 1-23,text,true,,77,0,37,74,null,1,0,0
1736081059095,2,Update Rental Date,200,OK,Update Rental 3-39,text,true,,11,0,37,73,null,2,0,0
1736081059124,1,Select By Actor_ID,200,OK,Select Actor 1-13,text,true,,81,0,36,73,null,1,0,0
1736081059136,1,Select By Actor_ID,200,OK,Select Actor 1-33,text,true,,78,0,35,72,null,1,0,0
1736081059152,1,Select By Actor_ID,200,OK,Select Actor 1-30,text,true,,83,0,34,71,null,0,0,0
1736081059172,2,Update Rental Date,200,OK,Update Rental 3-50,text,true,,11,0,37,71,null,2,0,0
1736081059178,0,Select By Actor_ID,200,OK,Select Actor 1-49,text,true,,80,0,34,71,null,0,0,0
1736081059180,0,Select By Actor_ID,200,OK,Select Actor 1-28,text,true,,82,0,34,71,null,0,0,0
1736081059223,2,Update Rental Date,200,OK,Update Rental 3-18,text,true,,11,0,37,71,null,2,0,0
1736081059223,2,Update Rental Date,200,OK,Update Rental 3-1,text,true,,11,0,37,71,null,2,0,0
1736081059233,0,Select By Actor_ID,200,OK,Select Actor 1-43,text,true,,80,0,34,70,null,0,0,0
1736081059250,2,Update Rental Date,200,OK,Update Rental 3-37,text,true,,11,0,36,70,null,2,0,0
1736081059297,0,Select By Actor_ID,200,OK,Select Actor 1-21,text,true,,76,0,34,70,null,0,0,0
1736081059314,0,Select By Actor_ID,200,OK,Select Actor 1-37,text,true,,78,0,33,69,null,0,0,0
1736081059315,0,Select By Actor_ID,200,OK,Select Actor 1-42,text,true,,80,0,33,69,null,0,0,0
1736081059320,2,Update Rental Date,200,OK,Update Rental 3-19,text,true,,11,0,36,69,null,2,0,0
1736081059342,2,Update Rental Date,200,OK,Update Rental 3-13,text,true,,11,0,36,69,null,2,0,0
1736081059344,0,Select By Actor_ID,200,OK,Select Actor 1-29,text,true,,84,0,33,69,null,0,0,0
1736081059381,1,Update Rental Date,200,OK,Update Rental 3-47,text,true,,11,0,36,69,null,1,0,0
1736081059392,2,Update Rental Date,200,OK,Update Rental 3-36,text,true,,11,0,36,69,null,2,0,0
1736081059403,1,Select By Actor_ID,200,OK,Select Actor 1-44,text,true,,80,0,33,69,null,1,0,0
1736081059412,1,Select By Actor_ID,200,OK,Select Actor 1-24,text,true,,78,0,33,69,null,1,0,0
1736081059412,1,Select By Actor_ID,200,OK,Select Actor 1-36,text,true,,85,0,33,69,null,1,0,0
1736081059421,1,Select By Actor_ID,200,OK,Select Actor 1-7,text,true,,80,0,32,68,null,1,0,0
1736081059442,1,Select By Actor_ID,200,OK,Select Actor 1-35,text,true,,88,0,31,67,null,1,0,0
1736081059446,2,Update Rental Date,200,OK,Update Rental 3-40,text,true,,11,0,36,67,null,2,0,0
1736081059487,3,Update Rental Date,200,OK,Update Rental 3-35,text,true,,11,0,36,67,null,3,0,0
1736081059502,1,Select By Actor_ID,200,OK,Select Actor 1-32,text,true,,82,0,31,67,null,1,0,0
1736081059524,1,Select By Actor_ID,200,OK,Select Actor 1-31,text,true,,81,0,31,67,null,1,0,0
1736081059527,1,Select By Actor_ID,200,OK,Select Actor 1-46,text,true,,83,0,31,67,null,1,0,0
1736081059525,3,Update Rental Date,200,OK,Update Rental 3-17,text,true,,11,0,36,67,null,3,0,0
1736081059532,2,Update Rental Date,200,OK,Update Rental 3-42,text,true,,11,0,36,67,null,2,0,0
1736081059534,2,Update Rental Date,200,OK,Update Rental 3-29,text,true,,11,0,36,67,null,2,0,0
1736081059548,2,Update Rental Date,200,OK,Update Rental 3-26,text,true,,11,0,36,67,null,2,0,0
1736081059554,0,Select By Actor_ID,200,OK,Select Actor 1-41,text,true,,79,0,31,67,null,0,0,0
1736081059568,0,Select By Actor_ID,200,OK,Select Actor 1-47,text,true,,80,0,31,67,null,0,0,0
1736081059567,2,Update Rental Date,200,OK,Update Rental 3-45,text,true,,11,0,36,67,null,2,0,0
1736081059602,2,Update Rental Date,200,OK,Update Rental 3-21,text,true,,11,0,36,67,null,2,0,0
1736081059633,0,Select By Actor_ID,200,OK,Select Actor 1-19,text,true,,81,0,31,67,null,0,0,0
1736081059636,0,Select By Actor_ID,200,OK,Select Actor 1-48,text,true,,81,0,31,67,null,0,0,0
1736081059658,2,Update Rental Date,200,OK,Update Rental 3-30,text,true,,11,0,36,67,null,2,0,0
1736081059662,0,Select By Actor_ID,200,OK,Select Actor 1-38,text,true,,79,0,31,67,null,0,0,0
1736081059689,0,Select By Actor_ID,200,OK,Select Actor 1-30,text,true,,80,0,31,67,null,0,0,0
1736081059715,1,Update Rental Date,200,OK,Update Rental 3-15,text,true,,11,0,36,67,null,1,0,0
1736081059727,0,Select By Actor_ID,200,OK,Select Actor 1-18,text,true,,83,0,31,67,null,0,0,0
1736081059738,0,Select By Actor_ID,200,OK,Select Actor 1-26,text,true,,79,0,31,67,null,0,0,0
1736081059743,1,Update Rental Date,200,OK,Update Rental 3-32,text,true,,11,0,36,66,null,1,0,0
1736081059744,2,Update Rental Date,200,OK,Update Rental 3-44,text,true,,11,0,36,66,null,2,0,0
1736081059768,1,Select By Actor_ID,200,OK,Select Actor 1-34,text,true,,79,0,30,66,null,1,0,0
1736081059803,1,Select By Actor_ID,200,OK,Select Actor 1-39,text,true,,81,0,30,66,null,1,0,0
1736081059813,1,Select By Actor_ID,200,OK,Select Actor 1-16,text,true,,81,0,30,66,null,1,0,0
1736081059813,3,Update Rental Date,200,OK,Update Rental 3-43,text,true,,11,0,36,66,null,3,0,0
1736081059849,3,Update Rental Date,200,OK,Update Rental 3-25,text,true,,11,0,36,66,null,3,0,0
1736081059850,3,Update Rental Date,200,OK,Update Rental 3-6,text,true,,11,0,36,66,null,3,0,0
1736081059850,3,Update Rental Date,200,OK,Update Rental 3-34,text,true,,11,0,36,66,null,3,0,0
1736081059850,3,Update Rental Date,200,OK,Update Rental 3-12,text,true,,11,0,36,66,null,3,0,0
1736081059850,3,Update Rental Date,200,OK,Update Rental 3-20,text,true,,11,0,36,66,null,3,0,0
1736081059850,3,Update Rental Date,200,OK,Update Rental 3-19,text,true,,11,0,36,66,null,3,0,0
1736081059885,2,Update Rental Date,200,OK,Update Rental 3-38,text,true,,11,0,35,65,null,2,0,0
1736081059890,2,Update Rental Date,200,OK,Update Rental 3-41,text,true,,11,0,35,65,null,2,0,0
1736081059897,1,Select By Actor_ID,200,OK,Select Actor 1-45,text,true,,79,0,30,65,null,1,0,0
1736081059901,3,Update Rental Date,200,OK,Update Rental 3-36,text,true,,11,0,35,65,null,3,0,0
1736081059909,2,Update Rental Date,200,OK,Update Rental 3-48,text,true,,11,0,35,65,null,2,0,0
1736081059917,1,Select By Actor_ID,200,OK,Select Actor 1-27,text,true,,83,0,30,65,null,1,0,0
1736081059922,3,Update Rental Date,200,OK,Update Rental 3-24,text,true,,11,0,35,65,null,3,0,0
1736081059941,0,Select By Actor_ID,200,OK,Select Actor 1-40,text,true,,80,0,30,65,null,0,0,0
1736081059952,2,Update Rental Date,200,OK,Update Rental 3-46,text,true,,11,0,35,65,null,2,0,0
1736081059990,2,Update Rental Date,200,OK,Update Rental 3-50,text,true,,11,0,35,65,null,2,0,0
1736081059999,2,Update Rental Date,200,OK,Update Rental 3-13,text,true,,11,0,35,65,null,2,0,0
1736081060009,2,Update Rental Date,200,OK,Update Rental 3-22,text,true,,11,0,35,65,null,2,0,0
1736081060012,0,Select By Actor_ID,200,OK,Select Actor 1-32,text,true,,79,0,30,65,null,0,0,0
1736081060012,2,Update Rental Date,200,OK,Update Rental 3-40,text,true,,11,0,35,65,null,2,0,0
1736081060058,0,Select By Actor_ID,200,OK,Select Actor 1-50,text,true,,82,0,30,65,null,0,0,0
1736081060059,2,Update Rental Date,200,OK,Update Rental 3-4,text,true,,11,0,35,65,null,2,0,0
1736081060070,0,Select By Actor_ID,200,OK,Select Actor 1-17,text,true,,80,0,30,65,null,0,0,0
1736081060073,1,Select By Actor_ID,200,OK,Select Actor 1-37,text,true,,82,0,30,65,null,1,0,0
1736081060078,1,Select By Actor_ID,200,OK,Select Actor 1-25,text,true,,80,0,30,65,null,0,0,0
1736081060102,0,Select By Actor_ID,200,OK,Select Actor 1-3,text,true,,79,0,30,65,null,0,0,0
1736081060132,2,Update Rental Date,200,OK,Update Rental 3-17,text,true,,11,0,35,65,null,2,0,0
1736081060140,2,Update Rental Date,200,OK,Update Rental 3-18,text,true,,11,0,35,65,null,2,0,0
1736081060157,2,Update Rental Date,200,OK,Update Rental 3-39,text,true,,11,0,35,65,null,2,0,0
1736081060169,2,Update Rental Date,200,OK,Update Rental 3-29,text,true,,11,0,35,65,null,2,0,0
1736081060211,2,Update Rental Date,200,OK,Update Rental 3-37,text,true,,11,0,35,65,null,2,0,0
1736081060221,1,Select By Actor_ID,200,OK,Select Actor 1-4,text,true,,79,0,30,65,null,1,0,0
1736081060236,2,Update Rental Date,200,OK,Update Rental 3-33,text,true,,11,0,35,65,null,2,0,0
1736081060306,0,Select By Actor_ID,200,OK,Select Actor 1-19,text,true,,79,0,30,65,null,0,0,0
1736081060315,0,Select By Actor_ID,200,OK,Select Actor 1-34,text,true,,78,0,30,65,null,0,0,0
1736081060340,2,Update Rental Date,200,OK,Update Rental 3-35,text,true,,11,0,35,64,null,1,0,0
1736081060342,3,Update Rental Date,200,OK,Update Rental 3-32,text,true,,11,0,35,64,null,3,0,0
1736081060352,3,Update Rental Date,200,OK,Update Rental 3-49,text,true,,11,0,35,64,null,3,0,0
1736081060379,2,Update Rental Date,200,OK,Update Rental 3-28,text,true,,11,0,35,64,null,2,0,0
1736081060399,2,Update Rental Date,200,OK,Update Rental 3-44,text,true,,11,0,35,64,null,2,0,0
1736081060402,1,Select By Actor_ID,200,OK,Select Actor 1-36,text,true,,84,0,29,64,null,1,0,0
1736081060407,1,Select By Actor_ID,200,OK,Select Actor 1-38,text,true,,80,0,29,64,null,1,0,0
1736081060414,1,Select By Actor_ID,200,OK,Select Actor 1-35,text,true,,79,0,29,64,null,1,0,0
1736081060451,1,Select By Actor_ID,200,OK,Select Actor 1-39,text,true,,80,0,29,64,null,1,0,0
1736081060473,1,Select By Actor_ID,200,OK,Select Actor 1-27,text,true,,81,0,29,64,null,0,0,0
1736081060498,2,Update Rental Date,200,OK,Update Rental 3-15,text,true,,11,0,35,64,null,2,0,0
1736081060501,2,Update Rental Date,200,OK,Update Rental 3-34,text,true,,11,0,34,63,null,2,0,0
1736081060504,0,Select By Actor_ID,200,OK,Select Actor 1-40,text,true,,80,0,29,63,null,0,0,0
1736081060531,2,Update Rental Date,200,OK,Update Rental 3-45,text,true,,11,0,34,63,null,2,0,0
1736081060559,2,Update Rental Date,200,OK,Update Rental 3-42,text,true,,11,0,34,63,null,2,0,0
1736081060605,1,Select By Actor_ID,200,OK,Select Actor 1-28,text,true,,85,0,29,63,null,1,0,0
1736081060614,1,Select By Actor_ID,200,OK,Select Actor 1-43,text,true,,80,0,28,62,null,1,0,0
1736081060615,1,Select By Actor_ID,200,OK,Select Actor 1-49,text,true,,81,0,28,62,null,1,0,0
1736081060617,1,Select By Actor_ID,200,OK,Select Actor 1-29,text,true,,80,0,28,62,null,1,0,0
1736081060658,1,Select By Actor_ID,200,OK,Select Actor 1-18,text,true,,82,0,27,61,null,1,0,0
1736081060709,0,Select By Actor_ID,200,OK,Select Actor 1-31,text,true,,81,0,26,60,null,0,0,0
1736081060749,1,Select By Actor_ID,200,OK,Select Actor 1-46,text,true,,81,0,26,60,null,1,0,0
1736081060761,1,Select By Actor_ID,200,OK,Select Actor 1-47,text,true,,76,0,26,60,null,1,0,0
1736081060775,1,Select By Actor_ID,200,OK,Select Actor 1-45,text,true,,81,0,26,60,null,1,0,0
1736081060779,2,Update Rental Date,200,OK,Update Rental 3-22,text,true,,11,0,34,60,null,2,0,0
1736081060801,3,Update Rental Date,200,OK,Update Rental 3-21,text,true,,11,0,34,60,null,3,0,0
1736081060805,1,Select By Actor_ID,200,OK,Select Actor 1-42,text,true,,82,0,26,59,null,1,0,0
1736081060808,1,Select By Actor_ID,200,OK,Select Actor 1-41,text,true,,78,0,26,59,null,1,0,0
1736081060826,1,Select By Actor_ID,200,OK,Select Actor 1-30,text,true,,80,0,25,58,null,1,0,0
1736081060827,3,Update Rental Date,200,OK,Update Rental 3-24,text,true,,11,0,33,57,null,3,0,0
1736081060829,1,Select By Actor_ID,200,OK,Select Actor 1-16,text,true,,81,0,24,57,null,1,0,0
1736081060827,4,Update Rental Date,200,OK,Update Rental 3-30,text,true,,11,0,33,57,null,4,0,0
1736081060841,2,Update Rental Date,200,OK,Update Rental 3-26,text,true,,11,0,32,56,null,2,0,0
1736081060865,1,Select By Actor_ID,200,OK,Select Actor 1-44,text,true,,80,0,24,56,null,1,0,0
1736081060878,2,Update Rental Date,200,OK,Update Rental 3-47,text,true,,11,0,32,56,null,2,0,0
1736081060882,2,Update Rental Date,200,OK,Update Rental 3-50,text,true,,11,0,32,56,null,2,0,0
1736081060883,2,Update Rental Date,200,OK,Update Rental 3-29,text,true,,11,0,32,56,null,2,0,0
1736081060918,2,Update Rental Date,200,OK,Update Rental 3-12,text,true,,11,0,32,56,null,2,0,0
1736081060933,2,Update Rental Date,200,OK,Update Rental 3-35,text,true,,11,0,32,56,null,2,0,0
1736081060941,2,Update Rental Date,200,OK,Update Rental 3-37,text,true,,11,0,32,56,null,2,0,0
1736081060963,0,Select By Actor_ID,200,OK,Select Actor 1-37,text,true,,81,0,24,56,null,0,0,0
1736081060969,2,Update Rental Date,200,OK,Update Rental 3-25,text,true,,11,0,32,56,null,2,0,0
1736081060990,2,Update Rental Date,200,OK,Update Rental 3-43,text,true,,11,0,32,56,null,2,0,0
1736081061001,2,Update Rental Date,200,OK,Update Rental 3-48,text,true,,11,0,32,56,null,2,0,0
1736081061021,1,Update Rental Date,200,OK,Update Rental 3-20,text,true,,11,0,32,56,null,1,0,0
1736081061072,1,Update Rental Date,200,OK,Update Rental 3-46,text,true,,11,0,31,55,null,1,0,0
1736081061112,0,Select By Actor_ID,200,OK,Select Actor 1-32,text,true,,83,0,24,55,null,0,0,0
1736081061112,0,Select By Actor_ID,200,OK,Select Actor 1-48,text,true,,76,0,24,55,null,0,0,0
1736081061120,1,Select By Actor_ID,200,OK,Select Actor 1-50,text,true,,78,0,24,55,null,1,0,0
1736081061121,2,Update Rental Date,200,OK,Update Rental 3-39,text,true,,11,0,31,55,null,2,0,0
1736081061135,2,Update Rental Date,200,OK,Update Rental 3-4,text,true,,11,0,30,54,null,2,0,0
1736081061164,3,Update Rental Date,200,OK,Update Rental 3-13,text,true,,11,0,29,53,null,3,0,0
1736081061167,2,Update Rental Date,200,OK,Update Rental 3-36,text,true,,11,0,29,53,null,2,0,0
1736081061182,2,Update Rental Date,200,OK,Update Rental 3-19,text,true,,11,0,29,53,null,2,0,0
1736081061199,2,Update Rental Date,200,OK,Update Rental 3-33,text,true,,11,0,29,53,null,2,0,0
1736081061203,1,Select By Actor_ID,200,OK,Select Actor 1-40,text,true,,78,0,24,53,null,1,0,0
1736081061244,2,Update Rental Date,200,OK,Update Rental 3-40,text,true,,11,0,29,53,null,2,0,0
1736081061253,2,Update Rental Date,200,OK,Update Rental 3-17,text,true,,11,0,29,53,null,2,0,0
1736081061257,0,Select By Actor_ID,200,OK,Select Actor 1-4,text,true,,78,0,24,53,null,0,0,0
1736081061258,2,Update Rental Date,200,OK,Update Rental 3-18,text,true,,11,0,29,52,null,2,0,0
1736081061265,0,Select By Actor_ID,200,OK,Select Actor 1-38,text,true,,81,0,23,52,null,0,0,0
1736081061275,0,Select By Actor_ID,200,OK,Select Actor 1-35,text,true,,80,0,23,52,null,0,0,0
1736081061281,2,Update Rental Date,200,OK,Update Rental 3-41,text,true,,11,0,29,51,null,2,0,0
1736081061313,2,Update Rental Date,200,OK,Update Rental 3-49,text,true,,11,0,29,51,null,2,0,0
1736081061346,2,Update Rental Date,200,OK,Update Rental 3-44,text,true,,11,0,29,51,null,2,0,0
1736081061356,0,Select By Actor_ID,200,OK,Select Actor 1-31,text,true,,82,0,22,51,null,0,0,0
1736081061360,4,Update Rental Date,200,OK,Update Rental 3-38,text,true,,11,0,29,50,null,4,0,0
1736081061365,0,Select By Actor_ID,200,OK,Select Actor 1-16,text,true,,79,0,21,50,null,0,0,0
1736081061415,0,Select By Actor_ID,200,OK,Select Actor 1-45,text,true,,81,0,21,50,null,0,0,0
1736081061427,1,Update Rental Date,200,OK,Update Rental 3-42,text,true,,11,0,29,50,null,1,0,0
1736081061432,0,Select By Actor_ID,200,OK,Select Actor 1-17,text,true,,84,0,21,50,null,0,0,0
1736081061460,2,Update Rental Date,200,OK,Update Rental 3-28,text,true,,11,0,29,50,null,2,0,0
1736081061478,0,Select By Actor_ID,200,OK,Select Actor 1-19,text,true,,78,0,21,49,null,0,0,0
1736081061493,1,Select By Actor_ID,200,OK,Select Actor 1-27,text,true,,79,0,21,49,null,1,0,0
1736081061499,2,Update Rental Date,200,OK,Update Rental 3-32,text,true,,11,0,28,49,null,2,0,0
1736081061521,2,Update Rental Date,200,OK,Update Rental 3-22,text,true,,11,0,28,49,null,2,0,0
1736081061539,1,Select By Actor_ID,200,OK,Select Actor 1-25,text,true,,81,0,21,49,null,1,0,0
1736081061582,1,Select By Actor_ID,200,OK,Select Actor 1-3,text,true,,85,0,21,49,null,1,0,0
1736081061593,1,Select By Actor_ID,200,OK,Select Actor 1-36,text,true,,80,0,20,48,null,1,0,0
1736081061624,2,Update Rental Date,200,OK,Update Rental 3-12,text,true,,11,0,28,48,null,2,0,0
1736081061660,0,Select By Actor_ID,200,OK,Select Actor 1-42,text,true,,80,0,20,48,null,0,0,0
1736081061699,1,Select By Actor_ID,200,OK,Select Actor 1-39,text,true,,83,0,20,48,null,1,0,0
1736081061708,2,Update Rental Date,200,OK,Update Rental 3-26,text,true,,11,0,28,48,null,2,0,0
1736081061718,0,Select By Actor_ID,200,OK,Select Actor 1-43,text,true,,82,0,20,48,null,0,0,0
1736081061757,0,Select By Actor_ID,200,OK,Select Actor 1-49,text,true,,82,0,20,48,null,0,0,0
1736081061758,0,Select By Actor_ID,200,OK,Select Actor 1-46,text,true,,83,0,20,48,null,0,0,0
1736081061771,2,Update Rental Date,200,OK,Update Rental 3-50,text,true,,11,0,28,48,null,2,0,0
1736081061779,0,Select By Actor_ID,200,OK,Select Actor 1-32,text,true,,83,0,20,48,null,0,0,0
1736081061782,2,Update Rental Date,200,OK,Update Rental 3-43,text,true,,11,0,28,48,null,2,0,0
1736081061789,1,Update Rental Date,200,OK,Update Rental 3-29,text,true,,11,0,28,48,null,1,0,0
1736081061879,3,Update Rental Date,200,OK,Update Rental 3-47,text,true,,11,0,28,48,null,3,0,0
1736081061905,1,Select By Actor_ID,200,OK,Select Actor 1-47,text,true,,83,0,20,48,null,1,0,0
1736081061912,2,Update Rental Date,200,OK,Update Rental 3-45,text,true,,11,0,28,48,null,2,0,0
1736081061923,2,Update Rental Date,200,OK,Update Rental 3-34,text,true,,11,0,28,48,null,2,0,0
1736081061991,2,Update Rental Date,200,OK,Update Rental 3-37,text,true,,11,0,28,48,null,2,0,0
1736081062004,2,Update Rental Date,200,OK,Update Rental 3-19,text,true,,11,0,28,48,null,2,0,0
1736081062006,2,Update Rental Date,200,OK,Update Rental 3-18,text,true,,11,0,28,48,null,2,0,0
1736081062044,2,Update Rental Date,200,OK,Update Rental 3-33,text,true,,11,0,28,48,null,2,0,0
1736081062064,2,Update Rental Date,200,OK,Update Rental 3-35,text,true,,11,0,28,48,null,2,0,0
1736081062102,2,Update Rental Date,200,OK,Update Rental 3-36,text,true,,11,0,28,48,null,2,0,0
1736081062117,2,Update Rental Date,200,OK,Update Rental 3-24,text,true,,11,0,28,48,null,2,0,0
1736081062124,1,Select By Actor_ID,200,OK,Select Actor 1-44,text,true,,77,0,20,48,null,1,0,0
1736081062129,1,Select By Actor_ID,200,OK,Select Actor 1-50,text,true,,81,0,20,48,null,1,0,0
1736081062157,2,Update Rental Date,200,OK,Update Rental 3-25,text,true,,11,0,28,48,null,2,0,0
1736081062198,0,Select By Actor_ID,200,OK,Select Actor 1-37,text,true,,82,0,20,47,null,0,0,0
1736081062205,0,Select By Actor_ID,200,OK,Select Actor 1-17,text,true,,80,0,19,46,null,0,0,0
1736081062209,1,Select By Actor_ID,200,OK,Select Actor 1-40,text,true,,84,0,19,46,null,1,0,0
1736081062238,0,Select By Actor_ID,200,OK,Select Actor 1-27,text,true,,83,0,19,46,null,0,0,0
1736081062266,2,Update Rental Date,200,OK,Update Rental 3-49,text,true,,11,0,27,45,null,2,0,0
1736081062275,1,Update Rental Date,200,OK,Update Rental 3-48,text,true,,11,0,27,45,null,1,0,0
1736081062287,2,Update Rental Date,200,OK,Update Rental 3-41,text,true,,11,0,27,45,null,2,0,0
1736081062309,2,Update Rental Date,200,OK,Update Rental 3-13,text,true,,11,0,27,45,null,2,0,0
1736081062333,3,Update Rental Date,200,OK,Update Rental 3-12,text,true,,11,0,27,45,null,3,0,0
1736081062350,2,Update Rental Date,200,OK,Update Rental 3-44,text,true,,11,0,26,44,null,2,0,0
1736081062352,2,Update Rental Date,200,OK,Update Rental 3-38,text,true,,11,0,26,44,null,2,0,0
1736081062361,1,Select By Actor_ID,200,OK,Select Actor 1-25,text,true,,78,0,18,44,null,1,0,0
1736081062427,2,Update Rental Date,200,OK,Update Rental 3-40,text,true,,11,0,26,44,null,2,0,0
1736081062430,1,Select By Actor_ID,200,OK,Select Actor 1-45,text,true,,77,0,18,44,null,0,0,0
1736081062432,0,Select By Actor_ID,200,OK,Select Actor 1-48,text,true,,79,0,18,44,null,0,0,0
1736081062479,2,Update Rental Date,200,OK,Update Rental 3-32,text,true,,11,0,26,44,null,2,0,0
1736081062495,1,Select By Actor_ID,200,OK,Select Actor 1-16,text,true,,82,0,18,44,null,1,0,0
1736081062506,3,Update Rental Date,200,OK,Update Rental 3-46,text,true,,11,0,26,44,null,3,0,0
1736081062532,0,Select By Actor_ID,200,OK,Select Actor 1-39,text,true,,83,0,18,44,null,0,0,0
1736081062533,2,Update Rental Date,200,OK,Update Rental 3-37,text,true,,11,0,26,44,null,2,0,0
1736081062536,0,Select By Actor_ID,200,OK,Select Actor 1-43,text,true,,84,0,18,43,null,0,0,0
1736081062560,2,Update Rental Date,200,OK,Update Rental 3-18,text,true,,11,0,25,43,null,2,0,0
1736081062564,1,Update Rental Date,200,OK,Update Rental 3-33,text,true,,11,0,24,42,null,1,0,0
1736081062581,0,Select By Actor_ID,200,OK,Select Actor 1-46,text,true,,81,0,18,42,null,0,0,0
1736081062622,1,Update Rental Date,200,OK,Update Rental 3-17,text,true,,11,0,24,41,null,1,0,0
1736081062727,1,Select By Actor_ID,200,OK,Select Actor 1-40,text,true,,84,0,17,41,null,1,0,0
1736081062730,3,Update Rental Date,200,OK,Update Rental 3-24,text,true,,11,0,24,41,null,3,0,0
1736081062738,1,Select By Actor_ID,200,OK,Select Actor 1-38,text,true,,84,0,17,40,null,1,0,0
1736081062743,1,Select By Actor_ID,200,OK,Select Actor 1-49,text,true,,80,0,17,40,null,1,0,0
1736081062749,2,Update Rental Date,200,OK,Update Rental 3-22,text,true,,11,0,23,40,null,2,0,0
1736081062770,2,Update Rental Date,200,OK,Update Rental 3-45,text,true,,11,0,23,40,null,2,0,0
1736081062775,2,Update Rental Date,200,OK,Update Rental 3-42,text,true,,11,0,23,40,null,2,0,0
1736081062788,1,Select By Actor_ID,200,OK,Select Actor 1-47,text,true,,79,0,17,39,null,1,0,0
1736081062805,2,Update Rental Date,200,OK,Update Rental 3-36,text,true,,11,0,22,39,null,2,0,0
1736081062806,2,Update Rental Date,200,OK,Update Rental 3-48,text,true,,11,0,22,39,null,2,0,0
1736081062816,2,Update Rental Date,200,OK,Update Rental 3-50,text,true,,11,0,22,39,null,2,0,0
1736081062821,1,Select By Actor_ID,200,OK,Select Actor 1-42,text,true,,78,0,17,39,null,0,0,0
1736081062880,0,Select By Actor_ID,200,OK,Select Actor 1-19,text,true,,82,0,17,39,null,0,0,0
1736081062992,0,Select By Actor_ID,200,OK,Select Actor 1-44,text,true,,80,0,16,38,null,0,0,0
1736081063005,2,Update Rental Date,200,OK,Update Rental 3-43,text,true,,11,0,22,38,null,2,0,0
1736081063025,0,Select By Actor_ID,200,OK,Select Actor 1-36,text,true,,80,0,16,38,null,0,0,0
1736081063026,1,Update Rental Date,200,OK,Update Rental 3-32,text,true,,11,0,22,38,null,1,0,0
1736081063030,0,Select By Actor_ID,200,OK,Select Actor 1-17,text,true,,83,0,16,37,null,0,0,0
1736081063044,0,Select By Actor_ID,200,OK,Select Actor 1-50,text,true,,78,0,15,36,null,0,0,0
1736081063062,1,Select By Actor_ID,200,OK,Select Actor 1-32,text,true,,79,0,15,36,null,1,0,0
1736081063073,3,Update Rental Date,200,OK,Update Rental 3-46,text,true,,11,0,21,35,null,3,0,0
1736081063092,3,Update Rental Date,200,OK,Update Rental 3-38,text,true,,11,0,21,35,null,3,0,0
1736081063116,2,Update Rental Date,200,OK,Update Rental 3-40,text,true,,11,0,21,35,null,2,0,0
1736081063125,2,Update Rental Date,200,OK,Update Rental 3-41,text,true,,11,0,21,35,null,2,0,0
1736081063130,2,Update Rental Date,200,OK,Update Rental 3-13,text,true,,11,0,21,35,null,2,0,0
1736081063133,2,Update Rental Date,200,OK,Update Rental 3-34,text,true,,11,0,21,35,null,2,0,0
1736081063160,1,Select By Actor_ID,200,OK,Select Actor 1-16,text,true,,80,0,14,35,null,1,0,0
1736081063173,2,Update Rental Date,200,OK,Update Rental 3-26,text,true,,11,0,21,34,null,2,0,0
1736081063193,2,Update Rental Date,200,OK,Update Rental 3-33,text,true,,11,0,20,33,null,2,0,0
1736081063213,2,Update Rental Date,200,OK,Update Rental 3-47,text,true,,11,0,19,32,null,2,0,0
1736081063240,2,Update Rental Date,200,OK,Update Rental 3-29,text,true,,11,0,19,32,null,2,0,0
1736081063246,2,Update Rental Date,200,OK,Update Rental 3-35,text,true,,11,0,19,32,null,2,0,0
1736081063297,2,Update Rental Date,200,OK,Update Rental 3-19,text,true,,11,0,19,32,null,2,0,0
1736081063316,0,Select By Actor_ID,200,OK,Select Actor 1-38,text,true,,85,0,13,32,null,0,0,0
1736081063396,1,Update Rental Date,200,OK,Update Rental 3-22,text,true,,11,0,19,32,null,1,0,0
1736081063471,2,Update Rental Date,200,OK,Update Rental 3-49,text,true,,11,0,19,32,null,2,0,0
1736081063541,1,Select By Actor_ID,200,OK,Select Actor 1-47,text,true,,81,0,13,32,null,1,0,0
1736081063549,2,Update Rental Date,200,OK,Update Rental 3-36,text,true,,11,0,19,32,null,2,0,0
1736081063600,1,Select By Actor_ID,200,OK,Select Actor 1-39,text,true,,83,0,13,31,null,1,0,0
1736081063600,1,Select By Actor_ID,200,OK,Select Actor 1-43,text,true,,79,0,13,31,null,1,0,0
1736081063611,1,Select By Actor_ID,200,OK,Select Actor 1-48,text,true,,80,0,12,30,null,1,0,0
1736081063631,0,Select By Actor_ID,200,OK,Select Actor 1-44,text,true,,85,0,12,30,null,0,0,0
1736081063600,36,Update Rental Date,200,OK,Update Rental 3-46,text,true,,11,0,18,30,null,36,0,0
1736081063607,30,Update Rental Date,200,OK,Update Rental 3-44,text,true,,11,0,18,30,null,30,0,0
1736081063671,3,Update Rental Date,200,OK,Update Rental 3-50,text,true,,11,0,17,29,null,3,0,0
1736081063684,1,Select By Actor_ID,200,OK,Select Actor 1-45,text,true,,81,0,12,29,null,1,0,0
1736081063789,1,Select By Actor_ID,200,OK,Select Actor 1-25,text,true,,78,0,12,29,null,0,0,0
1736081063859,0,Select By Actor_ID,200,OK,Select Actor 1-49,text,true,,80,0,12,29,null,0,0,0
1736081063876,0,Select By Actor_ID,200,OK,Select Actor 1-50,text,true,,83,0,12,29,null,0,0,0
1736081063917,2,Update Rental Date,200,OK,Update Rental 3-48,text,true,,11,0,17,29,null,2,0,0
1736081063945,0,Select By Actor_ID,200,OK,Select Actor 1-42,text,true,,83,0,12,29,null,0,0,0
1736081064005,3,Update Rental Date,200,OK,Update Rental 3-45,text,true,,11,0,17,28,null,3,0,0
1736081064050,1,Select By Actor_ID,200,OK,Select Actor 1-40,text,true,,86,0,11,28,null,1,0,0
1736081064052,2,Update Rental Date,200,OK,Update Rental 3-17,text,true,,11,0,17,28,null,2,0,0
1736081064053,2,Update Rental Date,200,OK,Update Rental 3-47,text,true,,11,0,17,28,null,2,0,0
1736081064065,2,Update Rental Date,200,OK,Update Rental 3-22,text,true,,11,0,17,28,null,2,0,0
1736081064066,2,Update Rental Date,200,OK,Update Rental 3-43,text,true,,11,0,17,28,null,2,0,0
1736081064245,2,Update Rental Date,200,OK,Update Rental 3-38,text,true,,11,0,16,27,null,2,0,0
1736081064250,2,Update Rental Date,200,OK,Update Rental 3-35,text,true,,11,0,16,27,null,2,0,0
1736081064261,1,Update Rental Date,200,OK,Update Rental 3-46,text,true,,11,0,16,27,null,1,0,0
1736081064265,1,Update Rental Date,200,OK,Update Rental 3-41,text,true,,11,0,16,27,null,1,0,0
1736081064275,0,Select By Actor_ID,200,OK,Select Actor 1-48,text,true,,86,0,11,27,null,0,0,0
1736081064305,0,Select By Actor_ID,200,OK,Select Actor 1-36,text,true,,80,0,11,27,null,0,0,0
1736081064370,2,Update Rental Date,200,OK,Update Rental 3-40,text,true,,11,0,16,27,null,2,0,0
1736081064402,1,Select By Actor_ID,200,OK,Select Actor 1-38,text,true,,83,0,11,27,null,1,0,0
1736081064441,2,Update Rental Date,200,OK,Update Rental 3-29,text,true,,11,0,16,27,null,2,0,0
1736081064457,2,Update Rental Date,200,OK,Update Rental 3-13,text,true,,11,0,15,26,null,2,0,0
1736081064469,2,Update Rental Date,200,OK,Update Rental 3-19,text,true,,11,0,15,26,null,2,0,0
1736081064493,2,Update Rental Date,200,OK,Update Rental 3-34,text,true,,11,0,14,25,null,2,0,0
1736081064529,1,Select By Actor_ID,200,OK,Select Actor 1-43,text,true,,81,0,11,24,null,1,0,0
1736081064567,0,Select By Actor_ID,200,OK,Select Actor 1-47,text,true,,83,0,11,24,null,0,0,0
1736081064796,2,Update Rental Date,200,OK,Update Rental 3-49,text,true,,11,0,13,24,null,2,0,0
1736081064801,2,Update Rental Date,200,OK,Update Rental 3-38,text,true,,11,0,13,24,null,2,0,0
1736081064833,2,Update Rental Date,200,OK,Update Rental 3-22,text,true,,11,0,13,24,null,2,0,0
1736081064923,1,Update Rental Date,200,OK,Update Rental 3-50,text,true,,11,0,12,23,null,1,0,0
1736081064950,0,Select By Actor_ID,200,OK,Select Actor 1-44,text,true,,80,0,11,23,null,0,0,0
1736081064963,1,Select By Actor_ID,200,OK,Select Actor 1-48,text,true,,81,0,11,23,null,1,0,1
1736081064993,2,Update Rental Date,200,OK,Update Rental 3-17,text,true,,11,0,12,23,null,2,0,0
1736081065001,1,Select By Actor_ID,200,OK,Select Actor 1-45,text,true,,80,0,11,23,null,1,0,0
1736081065057,1,Select By Actor_ID,200,OK,Select Actor 1-25,text,true,,83,0,11,23,null,1,0,0
1736081065096,0,Select By Actor_ID,200,OK,Select Actor 1-50,text,true,,79,0,11,23,null,0,0,0
1736081065135,2,Update Rental Date,200,OK,Update Rental 3-41,text,true,,11,0,12,23,null,2,0,0
1736081065155,2,Update Rental Date,200,OK,Update Rental 3-45,text,true,,11,0,12,23,null,2,0,0
1736081065185,2,Update Rental Date,200,OK,Update Rental 3-46,text,true,,11,0,12,23,null,2,0,0
1736081065185,2,Update Rental Date,200,OK,Update Rental 3-13,text,true,,11,0,12,23,null,2,0,0
1736081065213,0,Select By Actor_ID,200,OK,Select Actor 1-36,text,true,,82,0,11,23,null,0,0,0
1736081065274,1,Select By Actor_ID,200,OK,Select Actor 1-49,text,true,,84,0,11,23,null,1,0,0
1736081065304,3,Update Rental Date,200,OK,Update Rental 3-48,text,true,,11,0,12,23,null,3,0,0
1736081065310,1,Select By Actor_ID,200,OK,Select Actor 1-40,text,true,,77,0,11,23,null,1,0,0
1736081065340,3,Update Rental Date,200,OK,Update Rental 3-47,text,true,,11,0,12,23,null,3,0,0
1736081065484,2,Update Rental Date,200,OK,Update Rental 3-35,text,true,,11,0,12,23,null,2,0,0
1736081065496,2,Update Rental Date,200,OK,Update Rental 3-40,text,true,,11,0,12,23,null,2,0,0
1736081065588,0,Select By Actor_ID,200,OK,Select Actor 1-44,text,true,,80,0,11,23,null,0,0,0
1736081065608,0,Select By Actor_ID,200,OK,Select Actor 1-47,text,true,,82,0,11,23,null,0,0,0
1736081065661,1,Select By Actor_ID,200,OK,Select Actor 1-25,text,true,,79,0,11,23,null,1,0,0
1736081065667,2,Update Rental Date,200,OK,Update Rental 3-17,text,true,,11,0,12,23,null,2,0,0
1736081065699,2,Update Rental Date,200,OK,Update Rental 3-50,text,true,,11,0,11,22,null,2,0,0
1736081065709,1,Select By Actor_ID,200,OK,Select Actor 1-38,text,true,,81,0,11,22,null,1,0,0
1736081065820,0,Select By Actor_ID,200,OK,Select Actor 1-43,text,true,,80,0,11,22,null,0,0,0
1736081065925,0,Select By Actor_ID,200,OK,Select Actor 1-40,text,true,,81,0,11,22,null,0,0,0
1736081065999,0,Select By Actor_ID,200,OK,Select Actor 1-45,text,true,,80,0,11,22,null,0,0,0
1736081066028,1,Select By Actor_ID,200,OK,Select Actor 1-36,text,true,,84,0,11,22,null,1,0,0
1736081066071,2,Update Rental Date,200,OK,Update Rental 3-45,text,true,,11,0,11,22,null,2,0,0
1736081066076,2,Update Rental Date,200,OK,Update Rental 3-49,text,true,,11,0,10,21,null,2,0,0
1736081066131,2,Update Rental Date,200,OK,Update Rental 3-40,text,true,,11,0,10,21,null,2,0,0
1736081066140,2,Update Rental Date,200,OK,Update Rental 3-35,text,true,,11,0,9,20,null,2,0,0
1736081066146,2,Update Rental Date,200,OK,Update Rental 3-38,text,true,,11,0,8,19,null,2,0,0
1736081066149,0,Select By Actor_ID,200,OK,Select Actor 1-48,text,true,,80,0,11,19,null,0,0,0
1736081066159,0,Select By Actor_ID,200,OK,Select Actor 1-50,text,true,,83,0,11,19,null,0,0,0
1736081066205,0,Select By Actor_ID,200,OK,Select Actor 1-49,text,true,,78,0,10,18,null,0,0,0
1736081066223,0,Select By Actor_ID,200,OK,Select Actor 1-25,text,true,,84,0,10,18,null,0,0,0
1736081066235,0,Select By Actor_ID,200,OK,Select Actor 1-47,text,true,,84,0,9,17,null,0,0,0
1736081066293,2,Update Rental Date,200,OK,Update Rental 3-48,text,true,,11,0,8,16,null,2,0,0
1736081066295,2,Update Rental Date,200,OK,Update Rental 3-46,text,true,,11,0,8,16,null,2,0,0
1736081066489,2,Update Rental Date,200,OK,Update Rental 3-47,text,true,,11,0,7,15,null,2,0,0
1736081066545,2,Update Rental Date,200,OK,Update Rental 3-41,text,true,,11,0,6,14,null,2,0,0
1736081066573,0,Select By Actor_ID,200,OK,Select Actor 1-40,text,true,,81,0,8,14,null,0,0,0
1736081066597,1,Select By Actor_ID,200,OK,Select Actor 1-38,text,true,,84,0,7,13,null,1,0,0
1736081066633,2,Update Rental Date,200,OK,Update Rental 3-13,text,true,,11,0,6,13,null,2,0,0
1736081066720,2,Update Rental Date,200,OK,Update Rental 3-38,text,true,,11,0,6,13,null,2,0,0
1736081066781,0,Select By Actor_ID,200,OK,Select Actor 1-48,text,true,,79,0,7,13,null,0,0,0
1736081066819,1,Select By Actor_ID,200,OK,Select Actor 1-45,text,true,,83,0,7,13,null,1,0,0
1736081066855,1,Select By Actor_ID,200,OK,Select Actor 1-44,text,true,,80,0,6,12,null,1,0,0
1736081066963,0,Select By Actor_ID,200,OK,Select Actor 1-43,text,true,,82,0,6,12,null,0,0,0
1736081067062,2,Update Rental Date,200,OK,Update Rental 3-50,text,true,,11,0,6,12,null,2,0,0
1736081067151,0,Select By Actor_ID,200,OK,Select Actor 1-49,text,true,,84,0,6,11,null,0,0,0
1736081067222,1,Select By Actor_ID,200,OK,Select Actor 1-36,text,true,,81,0,6,11,null,1,0,0
1736081067268,14,Update Rental Date,200,OK,Update Rental 3-49,text,true,,11,0,5,10,null,14,0,0
1736081067303,3,Update Rental Date,200,OK,Update Rental 3-41,text,true,,11,0,4,9,null,3,0,0
1736081067421,2,Update Rental Date,200,OK,Update Rental 3-48,text,true,,11,0,4,9,null,2,0,0
1736081067560,9,Update Rental Date,200,OK,Update Rental 3-38,text,true,,11,0,4,9,null,9,0,0
1736081067568,1,Select By Actor_ID,200,OK,Select Actor 1-38,text,true,,80,0,5,8,null,1,0,1
1736081067580,1,Select By Actor_ID,200,OK,Select Actor 1-44,text,true,,84,0,5,8,null,1,0,0
1736081067900,1,Update Rental Date,200,OK,Update Rental 3-13,text,true,,11,0,3,8,null,1,0,0
1736081067984,2,Update Rental Date,200,OK,Update Rental 3-41,text,true,,11,0,2,7,null,2,0,0
1736081068021,0,Select By Actor_ID,200,OK,Select Actor 1-48,text,true,,78,0,5,6,null,0,0,0
1736081068084,0,Select By Actor_ID,200,OK,Select Actor 1-43,text,true,,81,0,4,5,null,0,0,0
1736081068202,0,Select By Actor_ID,200,OK,Select Actor 1-49,text,true,,82,0,3,4,null,0,0,0
1736081068781,2,Update Rental Date,200,OK,Update Rental 3-48,text,true,,11,0,1,4,null,2,0,0
1736081068983,0,Select By Actor_ID,200,OK,Select Actor 1-38,text,true,,80,0,3,4,null,0,0,0
1736081068993,0,Select By Actor_ID,200,OK,Select Actor 1-44,text,true,,80,0,2,3,null,0,0,0
1736081069005,0,Select By Actor_ID,200,OK,Select Actor 1-49,text,true,,79,0,1,2,null,0,0,0
1736081069298,2,Update Rental Date,200,OK,Update Rental 3-48,text,true,,11,0,1,1,null,2,0,0
1736081070437,1,Update Rental Date,200,OK,Update Rental 3-48,text,true,,11,0,1,1,null,1,0,0
