timeStamp,elapsed,label,responseCode,responseMessage,threadName,dataType,success,failureMessage,bytes,sentBytes,grpThreads,allThreads,URL,Latency,IdleTime,Connect
1734216516777,970,POST /user,200,OK,User creates an order 1-1,text,true,,382,387,1,1,https://petstore.swagger.io/v2/user,969,0,817
1734216519683,707,POST /user,200,OK,User creates an order 1-2,text,true,,382,388,2,2,https://petstore.swagger.io/v2/user,707,0,512
1734216520755,155,GET /user/login,200,OK,User creates an order 1-1,text,true,,482,205,2,2,https://petstore.swagger.io/v2/user/login?username=aleyes0&password=zU7%3EtXt%23,155,0,0
1734216522685,649,POST /user,200,OK,User creates an order 1-3,text,true,,382,399,3,3,https://petstore.swagger.io/v2/user,649,0,491
1734216523400,148,GET /user/login,200,OK,User creates an order 1-2,text,true,,482,210,3,3,https://petstore.swagger.io/v2/user/login?username=tvasyanin1&password=gX5_J%29%3E0jX,148,0,0
1734216525923,162,POST /store/order,200,OK,User creates an order 1-1,text,true,,453,313,4,4,https://petstore.swagger.io/v2/store/order,162,0,0
1734216526086,145,GET /user/logout,200,OK,User creates an order 1-1,text,true,,381,167,4,4,https://petstore.swagger.io/v2/user/logout,145,0,0
1734216525683,604,POST /user,200,OK,User creates an order 1-4,text,true,,382,403,4,4,https://petstore.swagger.io/v2/user,604,0,463
1734216526232,140,POST /user,200,OK,User creates an order 1-1,text,true,,382,387,4,4,https://petstore.swagger.io/v2/user,140,0,0
1734216526344,147,GET /user/login,200,OK,User creates an order 1-3,text,true,,482,211,4,4,https://petstore.swagger.io/v2/user/login?username=ghammerberg2&password=qP3%7D8X85bpB,147,0,0
1734216528553,174,POST /store/order,200,OK,User creates an order 1-2,text,true,,453,313,5,5,https://petstore.swagger.io/v2/store/order,174,0,0
1734216528727,141,GET /user/logout,200,OK,User creates an order 1-2,text,true,,381,167,5,5,https://petstore.swagger.io/v2/user/logout,141,0,0
1734216528869,150,POST /user,200,OK,User creates an order 1-2,text,true,,382,386,5,5,https://petstore.swagger.io/v2/user,150,0,0
1734216528678,591,POST /user,500,Server Error,User creates an order 1-5,text,false,,411,394,5,5,https://petstore.swagger.io/v2/user,591,0,436
1734216529296,142,GET /user/login,200,OK,User creates an order 1-4,text,true,,482,218,5,5,https://petstore.swagger.io/v2/user/login?username=llissandrini3&password=bR3.Gd%287XLPR%7CMy,142,0,0
1734216529374,149,GET /user/login,200,OK,User creates an order 1-1,text,true,,482,207,5,5,https://petstore.swagger.io/v2/user/login?username=lnanni4&password=vM4%27lceR1NEz,149,0,0
1734216531503,166,POST /store/order,200,OK,User creates an order 1-3,text,true,,453,313,5,5,https://petstore.swagger.io/v2/store/order,166,0,0
1734216531669,160,GET /user/logout,200,OK,User creates an order 1-3,text,true,,381,167,6,6,https://petstore.swagger.io/v2/user/logout,160,0,0
1734216531829,161,POST /user,200,OK,User creates an order 1-3,text,true,,382,417,6,6,https://petstore.swagger.io/v2/user,160,0,0
1734216532027,151,GET /user/login,200,OK,User creates an order 1-2,text,true,,482,212,6,6,https://petstore.swagger.io/v2/user/login?username=ejarrold6&password=zC5%40%2892naM0c9,151,0,0
1734216531677,607,POST /user,500,Server Error,User creates an order 1-6,text,false,,411,382,6,6,https://petstore.swagger.io/v2/user,607,0,459
1734216532274,155,GET /user/login,200,OK,User creates an order 1-5,text,true,,482,218,6,6,https://petstore.swagger.io/v2/user/login?username=dtomisch5&password=rG0%3E2%26%40%5C%3FDuZ5,155,0,0
1734216534441,157,POST /store/order,200,OK,User creates an order 1-4,text,true,,454,314,6,6,https://petstore.swagger.io/v2/store/order,157,0,0
1734216534533,157,POST /store/order,200,OK,User creates an order 1-1,text,true,,453,313,7,7,https://petstore.swagger.io/v2/store/order,157,0,0
1734216534599,139,GET /user/logout,200,OK,User creates an order 1-4,text,true,,381,167,7,7,https://petstore.swagger.io/v2/user/logout,138,0,0
1734216534691,149,GET /user/logout,200,OK,User creates an order 1-1,text,true,,381,167,7,7,https://petstore.swagger.io/v2/user/logout,149,0,0
1734216534738,149,POST /user,200,OK,User creates an order 1-4,text,true,,382,393,7,7,https://petstore.swagger.io/v2/user,148,0,0
1734216534841,147,POST /user,200,OK,User creates an order 1-1,text,true,,382,394,7,7,https://petstore.swagger.io/v2/user,147,0,0
1734216534993,161,GET /user/login,200,OK,User creates an order 1-3,text,true,,482,220,7,7,https://petstore.swagger.io/v2/user/login?username=lffrenchbeytagh8&password=sF0%21i7hU%24J94q_,159,0,0
1734216534680,607,POST /user,200,OK,User creates an order 1-7,text,true,,382,384,7,7,https://petstore.swagger.io/v2/user,607,0,457
1734216535287,142,GET /user/login,200,OK,User creates an order 1-6,text,true,,482,206,7,7,https://petstore.swagger.io/v2/user/login?username=nheath7&password=lV8%28sS%5Cxz,141,0,0
1734216537185,164,POST /store/order,200,OK,User creates an order 1-2,text,true,,452,312,7,7,https://petstore.swagger.io/v2/store/order,164,0,0
1734216537349,156,GET /user/logout,200,OK,User creates an order 1-2,text,true,,381,167,7,7,https://petstore.swagger.io/v2/user/logout,156,0,0
1734216537432,170,POST /store/order,200,OK,User creates an order 1-5,text,true,,454,314,7,7,https://petstore.swagger.io/v2/store/order,170,0,0
1734216537506,149,POST /user,200,OK,User creates an order 1-2,text,true,,382,382,7,7,https://petstore.swagger.io/v2/user,149,0,0
1734216537602,144,GET /user/logout,200,OK,User creates an order 1-5,text,true,,381,167,8,8,https://petstore.swagger.io/v2/user/logout,144,0,0
1734216537746,149,POST /user,200,OK,User creates an order 1-5,text,true,,382,391,8,8,https://petstore.swagger.io/v2/user,149,0,0
1734216537898,129,GET /user/login,200,OK,User creates an order 1-4,text,true,,482,209,8,8,https://petstore.swagger.io/v2/user/login?username=icathralla&password=rK1*eQmJ%262R,129,0,0
1734216537992,140,GET /user/login,200,OK,User creates an order 1-1,text,true,,482,220,8,8,https://petstore.swagger.io/v2/user/login?username=pgilleyb&password=yA2%27NMzDElZ%21%2FX%60%60,140,0,0
1734216537678,549,POST /user,200,OK,User creates an order 1-8,text,true,,382,397,8,8,https://petstore.swagger.io/v2/user,549,0,409
1734216538303,147,GET /user/login,200,OK,User creates an order 1-7,text,true,,482,198,8,8,https://petstore.swagger.io/v2/user/login?username=spurnell9&password=yM7,147,0,0
1734216540161,188,POST /store/order,200,OK,User creates an order 1-3,text,true,,454,314,8,8,https://petstore.swagger.io/v2/store/order,188,0,0
1734216540352,148,GET /user/logout,200,OK,User creates an order 1-3,text,true,,381,167,8,8,https://petstore.swagger.io/v2/user/logout,148,0,0
1734216540439,156,POST /store/order,200,OK,User creates an order 1-6,text,true,,453,313,8,8,https://petstore.swagger.io/v2/store/order,156,0,0
1734216540500,157,POST /user,200,OK,User creates an order 1-3,text,true,,382,393,8,8,https://petstore.swagger.io/v2/user,157,0,0
1734216540596,141,GET /user/logout,200,OK,User creates an order 1-6,text,true,,381,167,9,9,https://petstore.swagger.io/v2/user/logout,141,0,0
1734216540656,150,GET /user/login,200,OK,User creates an order 1-2,text,true,,482,205,9,9,https://petstore.swagger.io/v2/user/login?username=dcrambc&password=sH9%29IB%24b,150,0,0
1734216540737,158,POST /user,200,OK,User creates an order 1-6,text,true,,382,402,9,9,https://petstore.swagger.io/v2/user,157,0,0
1734216540905,152,GET /user/login,200,OK,User creates an order 1-5,text,true,,482,210,9,9,https://petstore.swagger.io/v2/user/login?username=deppersone&password=zV3%3E%3Ca%27K,151,0,0
1734216540678,583,POST /user,500,Server Error,User creates an order 1-9,text,false,,411,386,9,9,https://petstore.swagger.io/v2/user,583,0,442
1734216541230,140,GET /user/login,200,OK,User creates an order 1-8,text,true,,482,215,9,9,https://petstore.swagger.io/v2/user/login?username=jgolsthorpd&password=xT9%3DPpPag%3E%3Fx,139,0,0
1734216543029,148,POST /store/order,200,OK,User creates an order 1-4,text,true,,453,313,9,9,https://petstore.swagger.io/v2/store/order,147,0,0
1734216543138,146,POST /store/order,200,OK,User creates an order 1-1,text,true,,453,313,9,9,https://petstore.swagger.io/v2/store/order,145,0,0
1734216543177,131,GET /user/logout,200,OK,User creates an order 1-4,text,true,,381,167,9,9,https://petstore.swagger.io/v2/user/logout,131,0,0
1734216543284,139,GET /user/logout,200,OK,User creates an order 1-1,text,true,,381,167,9,9,https://petstore.swagger.io/v2/user/logout,139,0,0
1734216543309,146,POST /user,500,Server Error,User creates an order 1-4,text,false,,411,386,9,9,https://petstore.swagger.io/v2/user,146,0,0
1734216543423,139,POST /user,200,OK,User creates an order 1-1,text,true,,382,396,9,9,https://petstore.swagger.io/v2/user,139,0,0
1734216543463,147,POST /store/order,200,OK,User creates an order 1-7,text,true,,453,313,9,9,https://petstore.swagger.io/v2/store/order,147,0,0
1734216543610,150,GET /user/logout,200,OK,User creates an order 1-7,text,true,,381,167,10,10,https://petstore.swagger.io/v2/user/logout,150,0,0
1734216543659,150,GET /user/login,200,OK,User creates an order 1-3,text,true,,482,210,10,10,https://petstore.swagger.io/v2/user/login?username=msallierf&password=fI2%28u%3Cki%23,150,0,0
1734216543760,157,POST /user,200,OK,User creates an order 1-7,text,true,,382,386,10,10,https://petstore.swagger.io/v2/user,157,0,0
1734216543910,155,GET /user/login,200,OK,User creates an order 1-6,text,true,,482,228,10,10,https://petstore.swagger.io/v2/user/login?username=llivingstonh&password=pT1%29%2F%2BX%29%23G%3CjCG%3C2,155,0,0
1734216543678,629,POST /user,200,OK,User creates an order 1-10,text,true,,382,397,10,10,https://petstore.swagger.io/v2/user,628,0,458
1734216544264,160,GET /user/login,200,OK,User creates an order 1-9,text,true,,482,213,10,10,https://petstore.swagger.io/v2/user/login?username=fgaig&password=fI1%5CE%3DLqC%25.5%5CM,160,0,0
1734216545811,188,POST /store/order,200,OK,User creates an order 1-2,text,true,,453,313,10,10,https://petstore.swagger.io/v2/store/order,187,0,0
1734216545999,149,GET /user/logout,200,OK,User creates an order 1-2,text,true,,381,167,10,10,https://petstore.swagger.io/v2/user/logout,148,0,0
1734216546072,153,POST /store/order,200,OK,User creates an order 1-5,text,true,,452,312,10,10,https://petstore.swagger.io/v2/store/order,152,0,0
1734216546148,148,POST /user,200,OK,User creates an order 1-2,text,true,,382,391,10,10,https://petstore.swagger.io/v2/user,148,0,0
1734216546225,141,GET /user/logout,200,OK,User creates an order 1-5,text,true,,381,167,10,10,https://petstore.swagger.io/v2/user/logout,141,0,0
1734216546367,165,POST /user,200,OK,User creates an order 1-5,text,true,,382,393,10,10,https://petstore.swagger.io/v2/user,165,0,0
1734216546378,163,POST /store/order,200,OK,User creates an order 1-8,text,true,,453,313,10,10,https://petstore.swagger.io/v2/store/order,163,0,0
1734216546456,141,GET /user/login,200,OK,User creates an order 1-4,text,true,,482,210,10,10,https://petstore.swagger.io/v2/user/login?username=eperilloi&password=cB5%2F%262Ip%5C,141,0,0
1734216546541,145,GET /user/logout,200,OK,User creates an order 1-8,text,true,,381,167,11,11,https://petstore.swagger.io/v2/user/logout,145,0,0
1734216546563,149,GET /user/login,200,OK,User creates an order 1-1,text,true,,482,213,11,11,https://petstore.swagger.io/v2/user/login?username=smatchettj&password=kW7%7DuxJ7%7C%27B,149,0,0
1734216546686,144,POST /user,200,OK,User creates an order 1-8,text,true,,382,381,11,11,https://petstore.swagger.io/v2/user,144,0,0
1734216546919,152,GET /user/login,200,OK,User creates an order 1-7,text,true,,482,212,11,11,https://petstore.swagger.io/v2/user/login?username=eodoneganl&password=qS1%3F%40%27H9BD,152,0,0
1734216546675,634,POST /user,200,OK,User creates an order 1-11,text,true,,382,395,11,11,https://petstore.swagger.io/v2/user,634,0,451
1734216547321,148,GET /user/login,200,OK,User creates an order 1-10,text,true,,482,216,11,11,https://petstore.swagger.io/v2/user/login?username=hchateletk&password=iP1%7E%25y000Nef66WB,148,0,0
1734216548821,209,POST /store/order,200,OK,User creates an order 1-3,text,true,,453,313,11,11,https://petstore.swagger.io/v2/store/order,209,0,0
1734216549030,151,GET /user/logout,200,OK,User creates an order 1-3,text,true,,381,167,11,11,https://petstore.swagger.io/v2/user/logout,151,0,0
1734216549070,156,POST /store/order,200,OK,User creates an order 1-6,text,true,,453,313,11,11,https://petstore.swagger.io/v2/store/order,155,0,0
1734216549181,156,POST /user,200,OK,User creates an order 1-3,text,true,,382,402,11,11,https://petstore.swagger.io/v2/user,156,0,0
1734216549226,143,GET /user/logout,200,OK,User creates an order 1-6,text,true,,381,167,11,11,https://petstore.swagger.io/v2/user/logout,142,0,0
1734216549298,151,GET /user/login,200,OK,User creates an order 1-2,text,true,,482,206,11,11,https://petstore.swagger.io/v2/user/login?username=idecullipm&password=mU5%28EK*n,151,0,0
1734216549369,157,POST /user,200,OK,User creates an order 1-6,text,true,,382,388,11,11,https://petstore.swagger.io/v2/user,157,0,0
1734216549439,145,POST /store/order,200,OK,User creates an order 1-9,text,true,,453,313,11,11,https://petstore.swagger.io/v2/store/order,145,0,0
1734216549534,153,GET /user/login,200,OK,User creates an order 1-5,text,true,,482,207,12,12,https://petstore.swagger.io/v2/user/login?username=lgosenelln&password=wR3x%256%7E,153,0,0
1734216549584,141,GET /user/logout,200,OK,User creates an order 1-9,text,true,,381,167,12,12,https://petstore.swagger.io/v2/user/logout,141,0,0
1734216549725,148,POST /user,200,OK,User creates an order 1-9,text,true,,382,403,12,12,https://petstore.swagger.io/v2/user,148,0,0
1734216549841,140,GET /user/login,200,OK,User creates an order 1-8,text,true,,482,203,12,12,https://petstore.swagger.io/v2/user/login?username=cgippp&password=mS4%23uvS1Y,140,0,0
1734216549676,554,POST /user,200,OK,User creates an order 1-12,text,true,,382,400,12,12,https://petstore.swagger.io/v2/user,554,0,410
1734216550321,148,GET /user/login,200,OK,User creates an order 1-11,text,true,,482,223,12,12,https://petstore.swagger.io/v2/user/login?username=bcasselso&password=tK0%27%3DR%40k%23r%24%3Dt%27,148,0,0
1734216551600,168,POST /store/order,200,OK,User creates an order 1-4,text,true,,454,314,12,12,https://petstore.swagger.io/v2/store/order,167,0,0
1734216551725,159,POST /store/order,200,OK,User creates an order 1-1,text,true,,453,313,12,12,https://petstore.swagger.io/v2/store/order,159,0,0
1734216551769,130,GET /user/logout,200,OK,User creates an order 1-4,text,true,,381,167,12,12,https://petstore.swagger.io/v2/user/logout,129,0,0
1734216551884,139,GET /user/logout,200,OK,User creates an order 1-1,text,true,,381,167,12,12,https://petstore.swagger.io/v2/user/logout,139,0,0
1734216551898,164,POST /user,200,OK,User creates an order 1-4,text,true,,382,391,12,12,https://petstore.swagger.io/v2/user,147,0,0
1734216552023,139,POST /user,200,OK,User creates an order 1-1,text,true,,382,381,12,12,https://petstore.swagger.io/v2/user,139,0,0
1734216552080,150,POST /store/order,200,OK,User creates an order 1-7,text,true,,453,313,12,12,https://petstore.swagger.io/v2/store/order,150,0,0
1734216552230,150,GET /user/logout,200,OK,User creates an order 1-7,text,true,,381,167,12,12,https://petstore.swagger.io/v2/user/logout,150,0,0
1734216552337,152,GET /user/login,200,OK,User creates an order 1-3,text,true,,482,216,12,12,https://petstore.swagger.io/v2/user/login?username=cmarchandq&password=xA0%609b3V%21E%7EX07,151,0,0
1734216552380,157,POST /user,200,OK,User creates an order 1-7,text,true,,382,386,12,12,https://petstore.swagger.io/v2/user,157,0,0
1734216552471,159,POST /store/order,200,OK,User creates an order 1-10,text,true,,454,314,12,12,https://petstore.swagger.io/v2/store/order,159,0,0
1734216552526,151,GET /user/login,200,OK,User creates an order 1-6,text,true,,482,212,12,12,https://petstore.swagger.io/v2/user/login?username=tpregelr&password=wD5%40T9%29Ab3xddK,150,0,0
1734216552630,275,GET /user/logout,200,OK,User creates an order 1-10,text,true,,381,167,13,13,https://petstore.swagger.io/v2/user/logout,275,0,0
1734216552873,141,GET /user/login,200,OK,User creates an order 1-9,text,true,,482,209,13,13,https://petstore.swagger.io/v2/user/login?username=msprullst&password=wH7%23xAl%29L1,141,0,0
1734216552906,166,POST /user,200,OK,User creates an order 1-10,text,true,,382,392,13,13,https://petstore.swagger.io/v2/user,166,0,0
1734216552678,652,POST /user,200,OK,User creates an order 1-13,text,true,,382,374,13,13,https://petstore.swagger.io/v2/user,652,0,502
1734216553242,135,GET /user/login,200,OK,User creates an order 1-12,text,true,,482,216,13,13,https://petstore.swagger.io/v2/user/login?username=ckinnards&password=jI3%3DS2y%3EZn%7C3q5Y,135,0,0
1734216554448,180,POST /store/order,200,OK,User creates an order 1-2,text,true,,453,313,13,13,https://petstore.swagger.io/v2/store/order,180,0,0
1734216554629,150,GET /user/logout,200,OK,User creates an order 1-2,text,true,,381,167,13,13,https://petstore.swagger.io/v2/user/logout,150,0,0
1734216554695,171,POST /store/order,200,OK,User creates an order 1-5,text,true,,454,314,13,13,https://petstore.swagger.io/v2/store/order,171,0,0
1734216554779,157,POST /user,200,OK,User creates an order 1-2,text,true,,382,396,13,13,https://petstore.swagger.io/v2/user,157,0,0
1734216554867,141,GET /user/logout,200,OK,User creates an order 1-5,text,true,,381,167,13,13,https://petstore.swagger.io/v2/user/logout,141,0,0
1734216554987,149,POST /store/order,200,OK,User creates an order 1-8,text,true,,453,313,13,13,https://petstore.swagger.io/v2/store/order,149,0,0
1734216555008,154,POST /user,200,OK,User creates an order 1-5,text,true,,382,396,13,13,https://petstore.swagger.io/v2/user,154,0,0
1734216555062,136,GET /user/login,200,OK,User creates an order 1-4,text,true,,482,208,13,13,https://petstore.swagger.io/v2/user/login?username=pmarzelleu&password=eP3%25ZrnEi9,136,0,0
1734216555137,140,GET /user/logout,200,OK,User creates an order 1-8,text,true,,381,167,13,13,https://petstore.swagger.io/v2/user/logout,140,0,0
1734216555163,140,GET /user/login,200,OK,User creates an order 1-1,text,true,,482,212,13,13,https://petstore.swagger.io/v2/user/login?username=gsperav&password=kM0%26%3D*%3D%2Bfzf,140,0,0
1734216555277,140,POST /user,200,OK,User creates an order 1-8,text,true,,382,388,13,13,https://petstore.swagger.io/v2/user,140,0,0
1734216555483,151,POST /store/order,200,OK,User creates an order 1-11,text,true,,452,312,13,13,https://petstore.swagger.io/v2/store/order,151,0,0
1734216555538,141,GET /user/login,200,OK,User creates an order 1-7,text,true,,482,208,14,14,https://petstore.swagger.io/v2/user/login?username=lhighwoodw&password=hJ2_fSsso*3P,141,0,0
1734216555634,140,GET /user/logout,200,OK,User creates an order 1-11,text,true,,381,167,14,14,https://petstore.swagger.io/v2/user/logout,140,0,0
1734216555774,148,POST /user,200,OK,User creates an order 1-11,text,true,,382,398,14,14,https://petstore.swagger.io/v2/user,147,0,0
1734216556087,162,GET /user/login,200,OK,User creates an order 1-10,text,true,,482,214,14,14,https://petstore.swagger.io/v2/user/login?username=ksharpery&password=fH7%60%3Eh%2B%60oFC,162,0,0
1734216555672,605,POST /user,200,OK,User creates an order 1-14,text,true,,382,400,14,14,https://petstore.swagger.io/v2/user,604,0,454
1734216556335,174,GET /user/login,200,OK,User creates an order 1-13,text,true,,482,200,14,14,https://petstore.swagger.io/v2/user/login?username=gchrispx&password=tB2%3F,174,0,0
1734216557492,178,POST /store/order,200,OK,User creates an order 1-3,text,true,,452,312,14,14,https://petstore.swagger.io/v2/store/order,178,0,0
1734216557670,159,GET /user/logout,200,OK,User creates an order 1-3,text,true,,381,167,14,14,https://petstore.swagger.io/v2/user/logout,159,0,0
1734216557679,156,POST /store/order,200,OK,User creates an order 1-6,text,true,,454,314,14,14,https://petstore.swagger.io/v2/store/order,156,0,0
1734216558023,343,POST /store/order,200,OK,User creates an order 1-9,text,true,,453,313,14,14,https://petstore.swagger.io/v2/store/order,342,0,0
1734216558163,203,GET /user/login,200,OK,User creates an order 1-5,text,true,,482,212,14,14,https://petstore.swagger.io/v2/user/login?username=tgelland10&password=tS4%7C5BYba%3DAu,203,0,0
1734216557835,533,GET /user/logout,200,OK,User creates an order 1-6,text,true,,381,167,14,14,https://petstore.swagger.io/v2/user/logout,533,0,0
1734216557830,540,POST /user,200,OK,User creates an order 1-3,text,true,,382,396,14,14,https://petstore.swagger.io/v2/user,540,0,0
1734216557938,432,GET /user/login,200,OK,User creates an order 1-2,text,true,,482,212,14,14,https://petstore.swagger.io/v2/user/login?username=pshirlandz&password=fZ0%2Bbmtr%7EBJq,432,0,0
1734216558366,147,GET /user/logout,200,OK,User creates an order 1-9,text,true,,381,167,14,14,https://petstore.swagger.io/v2/user/logout,147,0,0
1734216558368,147,POST /user,200,OK,User creates an order 1-6,text,true,,382,399,14,14,https://petstore.swagger.io/v2/user,147,0,0
1734216558392,146,POST /store/order,200,OK,User creates an order 1-12,text,true,,454,314,14,14,https://petstore.swagger.io/v2/store/order,146,0,0
1734216558420,147,GET /user/login,200,OK,User creates an order 1-8,text,true,,482,212,14,14,https://petstore.swagger.io/v2/user/login?username=eromaint11&password=nU6%23A%28CYRDyZ,147,0,0
1734216558513,150,POST /user,200,OK,User creates an order 1-9,text,true,,382,376,14,14,https://petstore.swagger.io/v2/user,150,0,0
1734216558538,141,GET /user/logout,200,OK,User creates an order 1-12,text,true,,381,167,15,15,https://petstore.swagger.io/v2/user/logout,140,0,0
1734216558679,137,POST /user,500,Server Error,User creates an order 1-12,text,false,,411,393,15,15,https://petstore.swagger.io/v2/user,137,0,0
1734216558935,150,GET /user/login,200,OK,User creates an order 1-11,text,true,,482,218,15,15,https://petstore.swagger.io/v2/user/login?username=thurlston13&password=pO6%3FE8x%24%3Fs%293S,150,0,0
1734216558673,597,POST /user,200,OK,User creates an order 1-15,text,true,,382,389,15,15,https://petstore.swagger.io/v2/user,597,0,436
1734216559289,181,GET /user/login,200,OK,User creates an order 1-14,text,true,,482,220,15,15,https://petstore.swagger.io/v2/user/login?username=sdaltrey12&password=gQ8%29MuckGsRf_%26%60%27,181,0,0
1734216560199,168,POST /store/order,200,OK,User creates an order 1-4,text,true,,451,311,15,15,https://petstore.swagger.io/v2/store/order,168,0,0
1734216560304,150,POST /store/order,200,OK,User creates an order 1-1,text,true,,454,314,15,15,https://petstore.swagger.io/v2/store/order,150,0,0
1734216560367,139,GET /user/logout,200,OK,User creates an order 1-4,text,true,,381,167,15,15,https://petstore.swagger.io/v2/user/logout,139,0,0
1734216560454,140,GET /user/logout,200,OK,User creates an order 1-1,text,true,,381,167,15,15,https://petstore.swagger.io/v2/user/logout,140,0,0
1734216560506,151,POST /user,500,Server Error,User creates an order 1-4,text,false,,411,400,15,15,https://petstore.swagger.io/v2/user,151,0,0
1734216560594,140,POST /user,200,OK,User creates an order 1-1,text,true,,382,402,15,15,https://petstore.swagger.io/v2/user,140,0,0
1734216560692,177,POST /store/order,200,OK,User creates an order 1-7,text,true,,452,312,15,15,https://petstore.swagger.io/v2/store/order,177,0,0
1734216560870,151,GET /user/logout,200,OK,User creates an order 1-7,text,true,,381,167,15,15,https://petstore.swagger.io/v2/user/logout,151,0,0
1734216561021,169,POST /user,200,OK,User creates an order 1-7,text,true,,382,399,15,15,https://petstore.swagger.io/v2/user,169,0,0
1734216561262,148,POST /store/order,200,OK,User creates an order 1-10,text,true,,453,313,15,15,https://petstore.swagger.io/v2/store/order,148,0,0
1734216561371,159,GET /user/login,200,OK,User creates an order 1-3,text,true,,482,216,15,15,https://petstore.swagger.io/v2/user/login?username=tmemmory14&password=oY7%25A1OL.0A5Po%261,158,0,0
1734216561411,149,GET /user/logout,200,OK,User creates an order 1-10,text,true,,381,167,15,15,https://petstore.swagger.io/v2/user/logout,149,0,0
1734216561524,147,POST /store/order,200,OK,User creates an order 1-13,text,true,,453,313,15,15,https://petstore.swagger.io/v2/store/order,147,0,0
1734216561516,159,GET /user/login,200,OK,User creates an order 1-6,text,true,,482,213,16,16,https://petstore.swagger.io/v2/user/login?username=klairdcraig15&password=lJ9.%3Dk%7E7eG,159,0,0
1734216561561,150,POST /user,200,OK,User creates an order 1-10,text,true,,382,410,16,16,https://petstore.swagger.io/v2/user,150,0,0
1734216561672,132,GET /user/logout,200,OK,User creates an order 1-13,text,true,,381,167,16,16,https://petstore.swagger.io/v2/user/logout,132,0,0
1734216561665,140,GET /user/login,200,OK,User creates an order 1-9,text,true,,482,196,16,16,https://petstore.swagger.io/v2/user/login?username=bmaes16&password=kG8,140,0,0
1734216561806,145,POST /user,200,OK,User creates an order 1-13,text,true,,382,387,16,16,https://petstore.swagger.io/v2/user,145,0,0
1734216561818,153,GET /user/login,200,OK,User creates an order 1-12,text,true,,482,211,16,16,https://petstore.swagger.io/v2/user/login?username=bdredge18&password=jU8%5C6Z%24koAJ4,152,0,0
1734216561674,576,POST /user,200,OK,User creates an order 1-16,text,true,,382,404,16,16,https://petstore.swagger.io/v2/user,573,0,434
1734216562280,156,GET /user/login,200,OK,User creates an order 1-15,text,true,,482,209,16,16,https://petstore.swagger.io/v2/user/login?username=lelfe17&password=mW8%7BgZn4dj0%3C,156,0,0
1734216563370,179,POST /store/order,200,OK,User creates an order 1-2,text,true,,453,313,16,16,https://petstore.swagger.io/v2/store/order,179,0,0
1734216563366,184,POST /store/order,200,OK,User creates an order 1-5,text,true,,454,314,16,16,https://petstore.swagger.io/v2/store/order,183,0,0
1734216563551,153,GET /user/logout,200,OK,User creates an order 1-5,text,true,,381,167,16,16,https://petstore.swagger.io/v2/user/logout,153,0,0
1734216563550,155,GET /user/logout,200,OK,User creates an order 1-2,text,true,,381,167,16,16,https://petstore.swagger.io/v2/user/logout,155,0,0
1734216563568,150,POST /store/order,200,OK,User creates an order 1-8,text,true,,453,313,16,16,https://petstore.swagger.io/v2/store/order,150,0,0
1734216563671,138,GET /user/login,200,OK,User creates an order 1-4,text,true,,482,217,16,16,https://petstore.swagger.io/v2/user/login?username=jcaccavella19&password=hF3%3E.l%5CG9%2B_n,138,0,0
1734216563704,151,POST /user,200,OK,User creates an order 1-5,text,true,,382,388,16,16,https://petstore.swagger.io/v2/user,149,0,0
1734216563706,151,POST /user,200,OK,User creates an order 1-2,text,true,,382,399,16,16,https://petstore.swagger.io/v2/user,151,0,0
1734216563718,152,GET /user/logout,200,OK,User creates an order 1-8,text,true,,381,167,16,16,https://petstore.swagger.io/v2/user/logout,152,0,0
1734216563733,149,GET /user/login,200,OK,User creates an order 1-1,text,true,,482,217,16,16,https://petstore.swagger.io/v2/user/login?username=cbettaney1a&password=fN0%7CIK%3CFj3a1%29U,149,0,0
1734216563870,129,POST /user,200,OK,User creates an order 1-8,text,true,,382,403,16,16,https://petstore.swagger.io/v2/user,129,0,0
1734216564089,145,POST /store/order,200,OK,User creates an order 1-11,text,true,,452,312,16,16,https://petstore.swagger.io/v2/store/order,145,0,0
1734216564189,160,GET /user/login,200,OK,User creates an order 1-7,text,true,,482,212,16,16,https://petstore.swagger.io/v2/user/login?username=rmckeveney1b&password=xU7%60y%7BT%27,160,0,0
1734216564234,140,GET /user/logout,200,OK,User creates an order 1-11,text,true,,381,167,16,16,https://petstore.swagger.io/v2/user/logout,140,0,0
1734216564374,166,POST /user,200,OK,User creates an order 1-11,text,true,,382,387,16,16,https://petstore.swagger.io/v2/user,166,0,0
1734216564474,153,POST /store/order,200,OK,User creates an order 1-14,text,true,,453,313,16,16,https://petstore.swagger.io/v2/store/order,153,0,0
1734216564628,140,GET /user/logout,200,OK,User creates an order 1-14,text,true,,381,167,17,17,https://petstore.swagger.io/v2/user/logout,140,0,0
1734216564722,147,GET /user/login,200,OK,User creates an order 1-10,text,true,,482,212,17,17,https://petstore.swagger.io/v2/user/login?username=rclemenceau1c&password=lC9TY%3ETA5wD,147,0,0
1734216564769,155,POST /user,200,OK,User creates an order 1-14,text,true,,382,386,17,17,https://petstore.swagger.io/v2/user,155,0,0
1734216564955,148,GET /user/login,200,OK,User creates an order 1-13,text,true,,482,205,17,17,https://petstore.swagger.io/v2/user/login?username=aleyes0&password=zU7%3EtXt%23,148,0,0
1734216564673,616,POST /user,500,Server Error,User creates an order 1-17,text,false,,411,394,17,17,https://petstore.swagger.io/v2/user,616,0,451
1734216565264,153,GET /user/login,200,OK,User creates an order 1-16,text,true,,482,221,17,17,https://petstore.swagger.io/v2/user/login?username=ipetrenko1d&password=mS5%40_LU%27NsW%7E1m%29c,153,0,0
1734216566529,180,POST /store/order,200,OK,User creates an order 1-3,text,true,,454,314,17,17,https://petstore.swagger.io/v2/store/order,180,0,0
1734216566686,170,POST /store/order,200,OK,User creates an order 1-6,text,true,,454,314,17,17,https://petstore.swagger.io/v2/store/order,170,0,0
1734216566709,149,GET /user/logout,200,OK,User creates an order 1-3,text,true,,381,167,17,17,https://petstore.swagger.io/v2/user/logout,149,0,0
1734216566810,164,POST /store/order,200,OK,User creates an order 1-9,text,true,,454,314,17,17,https://petstore.swagger.io/v2/store/order,164,0,0
1734216566856,148,GET /user/login,200,OK,User creates an order 1-5,text,true,,482,210,17,17,https://petstore.swagger.io/v2/user/login?username=tvasyanin1&password=gX5_J%29%3E0jX,139,0,0
1734216566856,151,GET /user/logout,200,OK,User creates an order 1-6,text,true,,381,167,17,17,https://petstore.swagger.io/v2/user/logout,151,0,0
1734216566858,149,POST /user,500,Server Error,User creates an order 1-3,text,false,,411,382,17,17,https://petstore.swagger.io/v2/user,149,0,0
1734216566871,155,GET /user/login,200,OK,User creates an order 1-2,text,true,,482,211,17,17,https://petstore.swagger.io/v2/user/login?username=ghammerberg2&password=qP3%7D8X85bpB,155,0,0
1734216566974,140,GET /user/logout,200,OK,User creates an order 1-9,text,true,,381,167,17,17,https://petstore.swagger.io/v2/user/logout,140,0,0
1734216566979,175,POST /store/order,200,OK,User creates an order 1-12,text,true,,452,312,17,17,https://petstore.swagger.io/v2/store/order,175,0,0
1734216566999,156,GET /user/login,200,OK,User creates an order 1-8,text,true,,482,218,17,17,https://petstore.swagger.io/v2/user/login?username=llissandrini3&password=bR3.Gd%287XLPR%7CMy,156,0,0
1734216567007,156,POST /user,200,OK,User creates an order 1-6,text,true,,382,417,17,17,https://petstore.swagger.io/v2/user,156,0,0
1734216567114,140,POST /user,200,OK,User creates an order 1-9,text,true,,382,384,17,17,https://petstore.swagger.io/v2/user,140,0,0
1734216567154,133,GET /user/logout,200,OK,User creates an order 1-12,text,true,,381,167,17,17,https://petstore.swagger.io/v2/user/logout,133,0,0
1734216567288,180,POST /user,200,OK,User creates an order 1-12,text,true,,382,393,17,17,https://petstore.swagger.io/v2/user,180,0,0
1734216567443,159,POST /store/order,200,OK,User creates an order 1-15,text,true,,453,313,17,17,https://petstore.swagger.io/v2/store/order,159,0,0
1734216567541,143,GET /user/login,200,OK,User creates an order 1-11,text,true,,482,207,18,18,https://petstore.swagger.io/v2/user/login?username=lnanni4&password=vM4%27lceR1NEz,142,0,0
1734216567603,140,GET /user/logout,200,OK,User creates an order 1-15,text,true,,381,167,18,18,https://petstore.swagger.io/v2/user/logout,140,0,0
1734216567743,148,POST /user,200,OK,User creates an order 1-15,text,true,,382,382,18,18,https://petstore.swagger.io/v2/user,148,0,0
1734216567938,151,GET /user/login,200,OK,User creates an order 1-14,text,true,,482,212,18,18,https://petstore.swagger.io/v2/user/login?username=ejarrold6&password=zC5%40%2892naM0c9,151,0,0
1734216567676,601,POST /user,200,OK,User creates an order 1-18,text,true,,382,394,18,18,https://petstore.swagger.io/v2/user,601,0,438
1734216568291,147,GET /user/login,200,OK,User creates an order 1-17,text,true,,482,218,18,18,https://petstore.swagger.io/v2/user/login?username=dtomisch5&password=rG0%3E2%26%40%5C%3FDuZ5,147,0,0
1734216568815,161,POST /store/order,200,OK,User creates an order 1-4,text,true,,454,314,18,18,https://petstore.swagger.io/v2/store/order,161,0,0
1734216568892,160,POST /store/order,200,OK,User creates an order 1-1,text,true,,453,313,18,18,https://petstore.swagger.io/v2/store/order,160,0,0
1734216568977,131,GET /user/logout,200,OK,User creates an order 1-4,text,true,,381,167,18,18,https://petstore.swagger.io/v2/user/logout,131,0,0
1734216569053,190,GET /user/logout,200,OK,User creates an order 1-1,text,true,,381,167,18,18,https://petstore.swagger.io/v2/user/logout,190,0,0
1734216569108,145,POST /user,200,OK,User creates an order 1-4,text,true,,382,397,18,18,https://petstore.swagger.io/v2/user,145,0,0
1734216569243,156,POST /user,200,OK,User creates an order 1-1,text,true,,382,391,18,18,https://petstore.swagger.io/v2/user,156,0,0
1734216569350,160,POST /store/order,200,OK,User creates an order 1-7,text,true,,452,312,18,18,https://petstore.swagger.io/v2/store/order,160,0,0
1734216569510,150,GET /user/logout,200,OK,User creates an order 1-7,text,true,,381,167,18,18,https://petstore.swagger.io/v2/user/logout,150,0,0
1734216569661,168,POST /user,200,OK,User creates an order 1-7,text,true,,382,393,18,18,https://petstore.swagger.io/v2/user,168,0,0
1734216569880,169,POST /store/order,200,OK,User creates an order 1-10,text,true,,453,313,18,18,https://petstore.swagger.io/v2/store/order,169,0,0
1734216570019,139,GET /user/login,200,OK,User creates an order 1-3,text,true,,482,206,18,18,https://petstore.swagger.io/v2/user/login?username=nheath7&password=lV8%28sS%5Cxz,139,0,0
1734216570050,140,GET /user/logout,200,OK,User creates an order 1-10,text,true,,381,167,18,18,https://petstore.swagger.io/v2/user/logout,140,0,0
1734216570113,174,POST /store/order,200,OK,User creates an order 1-13,text,true,,453,313,18,18,https://petstore.swagger.io/v2/store/order,174,0,0
1734216570175,161,GET /user/login,200,OK,User creates an order 1-6,text,true,,482,220,18,18,https://petstore.swagger.io/v2/user/login?username=lffrenchbeytagh8&password=sF0%21i7hU%24J94q_,161,0,0
1734216570190,147,POST /user,500,Server Error,User creates an order 1-10,text,false,,411,386,18,18,https://petstore.swagger.io/v2/user,147,0,0
1734216570267,147,GET /user/login,200,OK,User creates an order 1-9,text,true,,482,198,18,18,https://petstore.swagger.io/v2/user/login?username=spurnell9&password=yM7,147,0,0
1734216570287,145,GET /user/logout,200,OK,User creates an order 1-13,text,true,,381,167,18,18,https://petstore.swagger.io/v2/user/logout,145,0,0
1734216570422,144,POST /store/order,200,OK,User creates an order 1-16,text,true,,453,313,18,18,https://petstore.swagger.io/v2/store/order,144,0,0
1734216570432,155,POST /user,200,OK,User creates an order 1-13,text,true,,382,402,18,18,https://petstore.swagger.io/v2/user,155,0,0
1734216570484,144,GET /user/login,200,OK,User creates an order 1-12,text,true,,482,209,18,18,https://petstore.swagger.io/v2/user/login?username=icathralla&password=rK1*eQmJ%262R,144,0,0
1734216570567,142,GET /user/logout,200,OK,User creates an order 1-16,text,true,,381,167,19,19,https://petstore.swagger.io/v2/user/logout,142,0,0
1734216570709,148,POST /user,200,OK,User creates an order 1-16,text,true,,382,396,19,19,https://petstore.swagger.io/v2/user,148,0,0
1734216570903,140,GET /user/login,200,OK,User creates an order 1-15,text,true,,482,205,19,19,https://petstore.swagger.io/v2/user/login?username=dcrambc&password=sH9%29IB%24b,140,0,0
1734216570669,639,POST /user,500,Server Error,User creates an order 1-19,text,false,,411,386,19,19,https://petstore.swagger.io/v2/user,639,0,451
1734216571289,168,GET /user/login,200,OK,User creates an order 1-18,text,true,,482,220,19,19,https://petstore.swagger.io/v2/user/login?username=pgilleyb&password=yA2%27NMzDElZ%21%2FX%60%60,168,0,0
1734216572017,175,POST /store/order,200,OK,User creates an order 1-5,text,true,,453,313,19,19,https://petstore.swagger.io/v2/store/order,175,0,0
1734216572032,187,POST /store/order,200,OK,User creates an order 1-2,text,true,,453,313,19,19,https://petstore.swagger.io/v2/store/order,187,0,0
1734216572156,154,POST /store/order,200,OK,User creates an order 1-8,text,true,,454,314,19,19,https://petstore.swagger.io/v2/store/order,154,0,0
1734216572193,143,GET /user/logout,200,OK,User creates an order 1-5,text,true,,381,167,19,19,https://petstore.swagger.io/v2/user/logout,143,0,0
1734216572219,150,GET /user/logout,200,OK,User creates an order 1-2,text,true,,381,167,19,19,https://petstore.swagger.io/v2/user/logout,150,0,0
1734216572265,142,GET /user/login,200,OK,User creates an order 1-4,text,true,,482,215,19,19,https://petstore.swagger.io/v2/user/login?username=jgolsthorpd&password=xT9%3DPpPag%3E%3Fx,142,0,0
1734216572310,146,GET /user/logout,200,OK,User creates an order 1-8,text,true,,381,167,19,19,https://petstore.swagger.io/v2/user/logout,146,0,0
1734216572336,158,POST /user,200,OK,User creates an order 1-5,text,true,,382,397,19,19,https://petstore.swagger.io/v2/user,158,0,0
1734216572369,149,POST /user,200,OK,User creates an order 1-2,text,true,,382,386,19,19,https://petstore.swagger.io/v2/user,149,0,0
1734216572403,150,GET /user/login,200,OK,User creates an order 1-1,text,true,,482,210,19,19,https://petstore.swagger.io/v2/user/login?username=deppersone&password=zV3%3E%3Ca%27K,150,0,0
1734216572457,149,POST /user,200,OK,User creates an order 1-8,text,true,,382,391,19,19,https://petstore.swagger.io/v2/user,149,0,0
1734216572696,168,POST /store/order,200,OK,User creates an order 1-11,text,true,,453,313,19,19,https://petstore.swagger.io/v2/store/order,168,0,0
1734216572836,154,GET /user/login,200,OK,User creates an order 1-7,text,true,,482,210,19,19,https://petstore.swagger.io/v2/user/login?username=msallierf&password=fI2%28u%3Cki%23,154,0,0
1734216572864,140,GET /user/logout,200,OK,User creates an order 1-11,text,true,,381,167,19,19,https://petstore.swagger.io/v2/user/logout,139,0,0
1734216573004,148,POST /user,200,OK,User creates an order 1-11,text,true,,382,393,19,19,https://petstore.swagger.io/v2/user,148,0,0
1734216573099,148,POST /store/order,200,OK,User creates an order 1-14,text,true,,452,312,19,19,https://petstore.swagger.io/v2/store/order,148,0,0
1734216573247,149,GET /user/logout,200,OK,User creates an order 1-14,text,true,,381,167,19,19,https://petstore.swagger.io/v2/user/logout,149,0,0
1734216573339,150,GET /user/login,200,OK,User creates an order 1-10,text,true,,482,213,19,19,https://petstore.swagger.io/v2/user/login?username=fgaig&password=fI1%5CE%3DLqC%25.5%5CM,150,0,0
1734216573396,161,POST /user,200,OK,User creates an order 1-14,text,true,,382,395,19,19,https://petstore.swagger.io/v2/user,161,0,0
1734216573439,148,POST /store/order,200,OK,User creates an order 1-17,text,true,,454,314,19,19,https://petstore.swagger.io/v2/store/order,148,0,0
1734216573587,150,GET /user/logout,200,OK,User creates an order 1-17,text,true,,381,167,20,20,https://petstore.swagger.io/v2/user/logout,149,0,0
1734216573588,152,GET /user/login,200,OK,User creates an order 1-13,text,true,,482,228,20,20,https://petstore.swagger.io/v2/user/login?username=llivingstonh&password=pT1%29%2F%2BX%29%23G%3CjCG%3C2,152,0,0
1734216573737,140,POST /user,200,OK,User creates an order 1-17,text,true,,382,402,20,20,https://petstore.swagger.io/v2/user,140,0,0
1734216573859,140,GET /user/login,200,OK,User creates an order 1-16,text,true,,482,213,20,20,https://petstore.swagger.io/v2/user/login?username=smatchettj&password=kW7%7DuxJ7%7C%27B,140,0,0
1734216573667,611,POST /user,200,OK,User creates an order 1-20,text,true,,382,381,20,20,https://petstore.swagger.io/v2/user,611,0,450
1734216574323,186,GET /user/login,200,OK,User creates an order 1-19,text,true,,482,210,20,20,https://petstore.swagger.io/v2/user/login?username=eperilloi&password=cB5%2F%262Ip%5C,186,0,0
1734216575160,188,POST /store/order,200,OK,User creates an order 1-3,text,true,,453,313,20,20,https://petstore.swagger.io/v2/store/order,188,0,0
1734216575337,150,POST /store/order,200,OK,User creates an order 1-6,text,true,,454,314,20,20,https://petstore.swagger.io/v2/store/order,150,0,0
1734216575349,147,GET /user/logout,200,OK,User creates an order 1-3,text,true,,381,167,20,20,https://petstore.swagger.io/v2/user/logout,147,0,0
1734216575415,157,POST /store/order,200,OK,User creates an order 1-9,text,true,,453,313,20,20,https://petstore.swagger.io/v2/store/order,157,0,0
1734216575487,140,GET /user/logout,200,OK,User creates an order 1-6,text,true,,381,167,20,20,https://petstore.swagger.io/v2/user/logout,140,0,0
1734216575498,157,GET /user/login,200,OK,User creates an order 1-5,text,true,,482,216,20,20,https://petstore.swagger.io/v2/user/login?username=hchateletk&password=iP1%7E%25y000Nef66WB,155,0,0
1734216575497,160,POST /user,200,OK,User creates an order 1-3,text,true,,382,388,20,20,https://petstore.swagger.io/v2/user,160,0,0
1734216575528,150,GET /user/login,200,OK,User creates an order 1-2,text,true,,482,212,20,20,https://petstore.swagger.io/v2/user/login?username=eodoneganl&password=qS1%3F%40%27H9BD,150,0,0
1734216575572,142,GET /user/logout,200,OK,User creates an order 1-9,text,true,,381,167,20,20,https://petstore.swagger.io/v2/user/logout,142,0,0
1734216575622,137,GET /user/login,200,OK,User creates an order 1-8,text,true,,482,206,20,20,https://petstore.swagger.io/v2/user/login?username=idecullipm&password=mU5%28EK*n,137,0,0
1734216575627,148,POST /user,200,OK,User creates an order 1-6,text,true,,382,400,20,20,https://petstore.swagger.io/v2/user,148,0,0
1734216575629,153,POST /store/order,200,OK,User creates an order 1-12,text,true,,453,313,20,20,https://petstore.swagger.io/v2/store/order,153,0,0
1734216575714,139,POST /user,200,OK,User creates an order 1-9,text,true,,382,403,20,20,https://petstore.swagger.io/v2/user,139,0,0
1734216575782,135,GET /user/logout,200,OK,User creates an order 1-12,text,true,,381,167,20,20,https://petstore.swagger.io/v2/user/logout,135,0,0
1734216575918,150,POST /user,200,OK,User creates an order 1-12,text,true,,382,391,20,20,https://petstore.swagger.io/v2/user,150,0,0
1734216576058,145,POST /store/order,200,OK,User creates an order 1-15,text,true,,453,313,20,20,https://petstore.swagger.io/v2/store/order,145,0,0
1734216576153,151,GET /user/login,200,OK,User creates an order 1-11,text,true,,482,207,20,20,https://petstore.swagger.io/v2/user/login?username=lgosenelln&password=wR3x%256%7E,151,0,0
1734216576203,140,GET /user/logout,200,OK,User creates an order 1-15,text,true,,381,167,20,20,https://petstore.swagger.io/v2/user/logout,140,0,0
1734216576343,148,POST /user,200,OK,User creates an order 1-15,text,true,,382,381,20,20,https://petstore.swagger.io/v2/user,148,0,0
1734216576460,150,POST /store/order,200,OK,User creates an order 1-18,text,true,,453,313,20,20,https://petstore.swagger.io/v2/store/order,147,0,0
1734216576559,148,GET /user/login,200,OK,User creates an order 1-14,text,true,,482,223,21,21,https://petstore.swagger.io/v2/user/login?username=bcasselso&password=tK0%27%3DR%40k%23r%24%3Dt%27,148,0,0
1734216576610,138,GET /user/logout,200,OK,User creates an order 1-18,text,true,,381,167,21,21,https://petstore.swagger.io/v2/user/logout,138,0,0
1734216576749,539,POST /user,200,OK,User creates an order 1-18,text,true,,382,374,21,21,https://petstore.swagger.io/v2/user,539,0,0
1734216576879,410,GET /user/login,200,OK,User creates an order 1-17,text,true,,482,216,21,21,https://petstore.swagger.io/v2/user/login?username=cmarchandq&password=xA0%609b3V%21E%7EX07,410,0,0
1734216577282,149,GET /user/login,200,OK,User creates an order 1-20,text,true,,482,203,21,21,https://petstore.swagger.io/v2/user/login?username=cgippp&password=mS4%23uvS1Y,149,0,0
1734216577422,158,POST /store/order,200,OK,User creates an order 1-4,text,true,,453,313,21,21,https://petstore.swagger.io/v2/store/order,158,0,0
1734216576670,910,POST /user,200,OK,User creates an order 1-21,text,true,,382,386,21,21,https://petstore.swagger.io/v2/user,909,0,764
1734216577580,147,GET /user/logout,200,OK,User creates an order 1-4,text,true,,381,167,21,21,https://petstore.swagger.io/v2/user/logout,147,0,0
1734216577727,143,POST /user,200,OK,User creates an order 1-4,text,true,,382,392,21,21,https://petstore.swagger.io/v2/user,143,0,0
1734216577562,420,POST /store/order,200,OK,User creates an order 1-1,text,true,,452,312,21,21,https://petstore.swagger.io/v2/store/order,420,0,281
1734216577982,139,GET /user/logout,200,OK,User creates an order 1-1,text,true,,381,167,21,21,https://petstore.swagger.io/v2/user/logout,137,0,0
1734216577992,168,POST /store/order,200,OK,User creates an order 1-7,text,true,,453,313,21,21,https://petstore.swagger.io/v2/store/order,168,0,0
1734216578121,145,POST /user,200,OK,User creates an order 1-1,text,true,,382,396,21,21,https://petstore.swagger.io/v2/user,145,0,0
1734216578160,151,GET /user/logout,200,OK,User creates an order 1-7,text,true,,381,167,21,21,https://petstore.swagger.io/v2/user/logout,151,0,0
1734216578311,158,POST /user,200,OK,User creates an order 1-7,text,true,,382,396,21,21,https://petstore.swagger.io/v2/user,158,0,0
1734216578491,179,POST /store/order,200,OK,User creates an order 1-10,text,true,,453,313,21,21,https://petstore.swagger.io/v2/store/order,178,0,0
1734216578663,155,GET /user/login,200,OK,User creates an order 1-3,text,true,,482,212,21,21,https://petstore.swagger.io/v2/user/login?username=tpregelr&password=wD5%40T9%29Ab3xddK,155,0,0
1734216578670,149,GET /user/logout,200,OK,User creates an order 1-10,text,true,,381,167,21,21,https://petstore.swagger.io/v2/user/logout,149,0,0
1734216578757,167,POST /store/order,200,OK,User creates an order 1-13,text,true,,453,313,21,21,https://petstore.swagger.io/v2/store/order,167,0,0
1734216578788,139,GET /user/login,200,OK,User creates an order 1-6,text,true,,482,216,21,21,https://petstore.swagger.io/v2/user/login?username=ckinnards&password=jI3%3DS2y%3EZn%7C3q5Y,139,0,0
1734216578819,142,POST /user,200,OK,User creates an order 1-10,text,true,,382,388,21,21,https://petstore.swagger.io/v2/user,142,0,0
1734216578866,149,GET /user/login,200,OK,User creates an order 1-9,text,true,,482,209,21,21,https://petstore.swagger.io/v2/user/login?username=msprullst&password=wH7%23xAl%29L1,149,0,0
1734216578924,147,GET /user/logout,200,OK,User creates an order 1-13,text,true,,381,167,21,21,https://petstore.swagger.io/v2/user/logout,147,0,0
1734216579006,151,POST /store/order,200,OK,User creates an order 1-16,text,true,,453,313,21,21,https://petstore.swagger.io/v2/store/order,151,0,0
1734216579070,139,GET /user/login,200,OK,User creates an order 1-12,text,true,,482,208,21,21,https://petstore.swagger.io/v2/user/login?username=pmarzelleu&password=eP3%25ZrnEi9,139,0,0
1734216579071,167,POST /user,200,OK,User creates an order 1-13,text,true,,382,400,21,21,https://petstore.swagger.io/v2/user,166,0,0
1734216579158,142,GET /user/logout,200,OK,User creates an order 1-16,text,true,,381,167,21,21,https://petstore.swagger.io/v2/user/logout,142,0,0
1734216579300,157,POST /user,200,OK,User creates an order 1-16,text,true,,382,398,21,21,https://petstore.swagger.io/v2/user,157,0,0
1734216579492,142,GET /user/login,200,OK,User creates an order 1-15,text,true,,482,212,21,21,https://petstore.swagger.io/v2/user/login?username=gsperav&password=kM0%26%3D*%3D%2Bfzf,142,0,0
1734216579518,166,POST /store/order,200,OK,User creates an order 1-19,text,true,,454,314,22,22,https://petstore.swagger.io/v2/store/order,166,0,0
1734216579684,145,GET /user/logout,200,OK,User creates an order 1-19,text,true,,381,167,22,22,https://petstore.swagger.io/v2/user/logout,145,0,0
1734216579830,161,POST /user,200,OK,User creates an order 1-19,text,true,,382,399,22,22,https://petstore.swagger.io/v2/user,160,0,0
1734216579667,643,POST /user,200,OK,User creates an order 1-22,text,true,,382,396,22,22,https://petstore.swagger.io/v2/user,643,0,483
1734216580293,178,GET /user/login,200,OK,User creates an order 1-18,text,true,,482,200,22,22,https://petstore.swagger.io/v2/user/login?username=gchrispx&password=tB2%3F,178,0,0
1734216580588,153,GET /user/login,200,OK,User creates an order 1-21,text,true,,482,208,22,22,https://petstore.swagger.io/v2/user/login?username=lhighwoodw&password=hJ2_fSsso*3P,152,0,0
1734216580667,162,POST /store/order,200,OK,User creates an order 1-5,text,true,,454,314,22,22,https://petstore.swagger.io/v2/store/order,162,0,0
1734216580775,165,POST /store/order,200,OK,User creates an order 1-8,text,true,,453,313,22,22,https://petstore.swagger.io/v2/store/order,165,0,0
1734216580829,140,GET /user/logout,200,OK,User creates an order 1-5,text,true,,381,167,22,22,https://petstore.swagger.io/v2/user/logout,138,0,0
1734216580884,137,GET /user/login,200,OK,User creates an order 1-4,text,true,,482,214,22,22,https://petstore.swagger.io/v2/user/login?username=ksharpery&password=fH7%60%3Eh%2B%60oFC,135,0,0
1734216580940,140,GET /user/logout,200,OK,User creates an order 1-8,text,true,,381,167,22,22,https://petstore.swagger.io/v2/user/logout,140,0,0
1734216580969,156,POST /user,200,OK,User creates an order 1-5,text,true,,382,376,22,22,https://petstore.swagger.io/v2/user,156,0,0
1734216581080,161,POST /user,200,OK,User creates an order 1-8,text,true,,382,389,22,22,https://petstore.swagger.io/v2/user,161,0,0
1734216580682,689,POST /store/order,200,OK,User creates an order 1-2,text,true,,453,313,22,22,https://petstore.swagger.io/v2/store/order,689,0,535
1734216581269,129,GET /user/login,200,OK,User creates an order 1-1,text,true,,482,212,22,22,https://petstore.swagger.io/v2/user/login?username=pshirlandz&password=fZ0%2Bbmtr%7EBJq,129,0,0
1734216581305,168,POST /store/order,200,OK,User creates an order 1-11,text,true,,454,314,22,22,https://petstore.swagger.io/v2/store/order,168,0,0
1734216581371,150,GET /user/logout,200,OK,User creates an order 1-2,text,true,,381,167,22,22,https://petstore.swagger.io/v2/user/logout,150,0,0
1734216581471,158,GET /user/login,200,OK,User creates an order 1-7,text,true,,482,212,22,22,https://petstore.swagger.io/v2/user/login?username=tgelland10&password=tS4%7C5BYba%3DAu,158,0,0
1734216581473,158,GET /user/logout,200,OK,User creates an order 1-11,text,true,,381,167,22,22,https://petstore.swagger.io/v2/user/logout,158,0,0
1734216581521,142,POST /user,500,Server Error,User creates an order 1-2,text,false,,411,393,22,22,https://petstore.swagger.io/v2/user,141,0,0
1734216581631,134,POST /user,500,Server Error,User creates an order 1-11,text,false,,411,400,22,22,https://petstore.swagger.io/v2/user,134,0,0
1734216581717,172,POST /store/order,200,OK,User creates an order 1-14,text,true,,452,312,22,22,https://petstore.swagger.io/v2/store/order,172,0,0
1734216581888,149,GET /user/logout,200,OK,User creates an order 1-14,text,true,,381,167,22,22,https://petstore.swagger.io/v2/user/logout,149,0,0
1734216581965,224,GET /user/login,200,OK,User creates an order 1-10,text,true,,482,212,22,22,https://petstore.swagger.io/v2/user/login?username=eromaint11&password=nU6%23A%28CYRDyZ,224,0,0
1734216582037,153,POST /user,200,OK,User creates an order 1-14,text,true,,382,402,22,22,https://petstore.swagger.io/v2/user,152,0,0
1734216582238,153,GET /user/login,200,OK,User creates an order 1-13,text,true,,482,220,22,22,https://petstore.swagger.io/v2/user/login?username=sdaltrey12&password=gQ8%29MuckGsRf_%26%60%27,153,0,0
1734216582291,161,POST /store/order,200,OK,User creates an order 1-17,text,true,,452,312,22,22,https://petstore.swagger.io/v2/store/order,161,0,0
1734216582444,185,POST /store/order,200,OK,User creates an order 1-20,text,true,,453,313,22,22,https://petstore.swagger.io/v2/store/order,185,0,0
1734216582452,177,GET /user/logout,200,OK,User creates an order 1-17,text,true,,381,167,22,22,https://petstore.swagger.io/v2/user/logout,177,0,0
1734216582457,174,GET /user/login,200,OK,User creates an order 1-16,text,true,,482,218,22,22,https://petstore.swagger.io/v2/user/login?username=thurlston13&password=pO6%3FE8x%24%3Fs%293S,172,0,0
1734216582629,147,POST /user,200,OK,User creates an order 1-17,text,true,,382,399,23,23,https://petstore.swagger.io/v2/user,147,0,0
1734216582629,151,GET /user/logout,200,OK,User creates an order 1-20,text,true,,381,167,23,23,https://petstore.swagger.io/v2/user/logout,151,0,0
1734216582780,158,POST /user,200,OK,User creates an order 1-20,text,true,,382,404,23,23,https://petstore.swagger.io/v2/user,158,0,0
1734216583003,144,GET /user/login,200,OK,User creates an order 1-19,text,true,,482,213,23,23,https://petstore.swagger.io/v2/user/login?username=klairdcraig15&password=lJ9.%3Dk%7E7eG,143,0,0
1734216582670,591,POST /user,200,OK,User creates an order 1-23,text,true,,382,410,23,23,https://petstore.swagger.io/v2/user,591,0,447
1734216583313,157,GET /user/login,200,OK,User creates an order 1-22,text,true,,482,216,23,23,https://petstore.swagger.io/v2/user/login?username=tmemmory14&password=oY7%25A1OL.0A5Po%261,157,0,0
1734216583933,180,POST /store/order,200,OK,User creates an order 1-6,text,true,,454,314,23,23,https://petstore.swagger.io/v2/store/order,180,0,0
1734216584026,157,POST /store/order,200,OK,User creates an order 1-9,text,true,,453,313,23,23,https://petstore.swagger.io/v2/store/order,157,0,0
1734216584113,144,GET /user/logout,200,OK,User creates an order 1-6,text,true,,381,167,23,23,https://petstore.swagger.io/v2/user/logout,144,0,0
1734216584135,159,GET /user/login,200,OK,User creates an order 1-5,text,true,,482,196,23,23,https://petstore.swagger.io/v2/user/login?username=bmaes16&password=kG8,159,0,0
1734216584184,140,GET /user/logout,200,OK,User creates an order 1-9,text,true,,381,167,23,23,https://petstore.swagger.io/v2/user/logout,140,0,0
1734216584209,155,POST /store/order,200,OK,User creates an order 1-12,text,true,,451,311,23,23,https://petstore.swagger.io/v2/store/order,155,0,0
1734216584242,145,GET /user/login,200,OK,User creates an order 1-8,text,true,,482,209,23,23,https://petstore.swagger.io/v2/user/login?username=lelfe17&password=mW8%7BgZn4dj0%3C,145,0,0
1734216584258,156,POST /user,200,OK,User creates an order 1-6,text,true,,382,387,23,23,https://petstore.swagger.io/v2/user,156,0,0
1734216583825,610,POST /store/order,200,OK,User creates an order 1-3,text,true,,454,314,23,23,https://petstore.swagger.io/v2/store/order,610,0,468
1734216584324,151,POST /user,200,OK,User creates an order 1-9,text,true,,382,388,23,23,https://petstore.swagger.io/v2/user,151,0,0
1734216584364,133,GET /user/logout,200,OK,User creates an order 1-12,text,true,,381,167,23,23,https://petstore.swagger.io/v2/user/logout,133,0,0
1734216584435,153,GET /user/logout,200,OK,User creates an order 1-3,text,true,,381,167,23,23,https://petstore.swagger.io/v2/user/logout,151,0,0
1734216584497,157,POST /user,200,OK,User creates an order 1-12,text,true,,382,399,23,23,https://petstore.swagger.io/v2/user,157,0,0
1734216584588,164,POST /user,200,OK,User creates an order 1-3,text,true,,382,403,23,23,https://petstore.swagger.io/v2/user,164,0,0
1734216584633,159,POST /store/order,200,OK,User creates an order 1-15,text,true,,454,314,23,23,https://petstore.swagger.io/v2/store/order,159,0,0
1734216584676,146,GET /user/login,200,OK,User creates an order 1-2,text,true,,482,211,23,23,https://petstore.swagger.io/v2/user/login?username=bdredge18&password=jU8%5C6Z%24koAJ4,146,0,0
1734216584769,144,GET /user/login,200,OK,User creates an order 1-11,text,true,,482,217,23,23,https://petstore.swagger.io/v2/user/login?username=jcaccavella19&password=hF3%3E.l%5CG9%2B_n,144,0,0
1734216584792,140,GET /user/logout,200,OK,User creates an order 1-15,text,true,,381,167,23,23,https://petstore.swagger.io/v2/user/logout,140,0,0
1734216584932,141,POST /user,200,OK,User creates an order 1-15,text,true,,382,387,23,23,https://petstore.swagger.io/v2/user,141,0,0
1734216585191,158,GET /user/login,200,OK,User creates an order 1-14,text,true,,482,217,23,23,https://petstore.swagger.io/v2/user/login?username=cbettaney1a&password=fN0%7CIK%3CFj3a1%29U,158,0,0
1734216585480,189,POST /store/order,200,OK,User creates an order 1-18,text,true,,453,313,24,24,https://petstore.swagger.io/v2/store/order,189,0,0
1734216585669,149,GET /user/logout,200,OK,User creates an order 1-18,text,true,,381,167,24,24,https://petstore.swagger.io/v2/user/logout,149,0,0
1734216585743,174,POST /store/order,200,OK,User creates an order 1-21,text,true,,452,312,24,24,https://petstore.swagger.io/v2/store/order,174,0,0
1734216585791,146,GET /user/login,200,OK,User creates an order 1-17,text,true,,482,212,24,24,https://petstore.swagger.io/v2/user/login?username=rmckeveney1b&password=xU7%60y%7BT%27,146,0,0
1734216585818,155,POST /user,200,OK,User creates an order 1-18,text,true,,382,386,24,24,https://petstore.swagger.io/v2/user,155,0,0
1734216585917,151,GET /user/logout,200,OK,User creates an order 1-21,text,true,,381,167,24,24,https://petstore.swagger.io/v2/user/logout,151,0,0
1734216585945,153,GET /user/login,200,OK,User creates an order 1-20,text,true,,482,221,24,24,https://petstore.swagger.io/v2/user/login?username=ipetrenko1d&password=mS5%40_LU%27NsW%7E1m%29c,153,0,0
1734216586069,166,POST /user,500,Server Error,User creates an order 1-21,text,false,,411,382,24,24,https://petstore.swagger.io/v2/user,166,0,0
1734216585669,570,POST /user,500,Server Error,User creates an order 1-24,text,false,,411,394,24,24,https://petstore.swagger.io/v2/user,570,0,441
1734216586272,156,GET /user/login,200,OK,User creates an order 1-23,text,true,,482,212,24,24,https://petstore.swagger.io/v2/user/login?username=rclemenceau1c&password=lC9TY%3ETA5wD,156,0,0
1734216586410,166,POST /store/order,200,OK,User creates an order 1-1,text,true,,453,313,24,24,https://petstore.swagger.io/v2/store/order,166,0,0
1734216586024,594,POST /store/order,200,OK,User creates an order 1-4,text,true,,453,313,24,24,https://petstore.swagger.io/v2/store/order,594,0,441
1734216586576,133,GET /user/logout,200,OK,User creates an order 1-1,text,true,,381,167,24,24,https://petstore.swagger.io/v2/user/logout,132,0,0
1734216586618,150,GET /user/logout,200,OK,User creates an order 1-4,text,true,,381,167,24,24,https://petstore.swagger.io/v2/user/logout,150,0,0
1734216586630,176,POST /store/order,200,OK,User creates an order 1-7,text,true,,454,314,24,24,https://petstore.swagger.io/v2/store/order,176,0,0
1734216586709,147,POST /user,200,OK,User creates an order 1-1,text,true,,382,417,24,24,https://petstore.swagger.io/v2/user,147,0,0
1734216586769,150,POST /user,200,OK,User creates an order 1-4,text,true,,382,384,24,24,https://petstore.swagger.io/v2/user,150,0,0
1734216586806,144,GET /user/logout,200,OK,User creates an order 1-7,text,true,,381,167,24,24,https://petstore.swagger.io/v2/user/logout,144,0,0
1734216586952,157,POST /user,200,OK,User creates an order 1-7,text,true,,382,393,24,24,https://petstore.swagger.io/v2/user,157,0,0
1734216587192,149,POST /store/order,200,OK,User creates an order 1-10,text,true,,453,313,24,24,https://petstore.swagger.io/v2/store/order,149,0,0
1734216587341,147,GET /user/logout,200,OK,User creates an order 1-10,text,true,,381,167,24,24,https://petstore.swagger.io/v2/user/logout,147,0,0
1734216587393,151,POST /store/order,200,OK,User creates an order 1-13,text,true,,453,313,24,24,https://petstore.swagger.io/v2/store/order,151,0,0
1734216587417,154,GET /user/login,200,OK,User creates an order 1-6,text,true,,482,205,24,24,https://petstore.swagger.io/v2/user/login?username=aleyes0&password=zU7%3EtXt%23,150,0,0
1734216587479,152,GET /user/login,200,OK,User creates an order 1-9,text,true,,482,210,24,24,https://petstore.swagger.io/v2/user/login?username=tvasyanin1&password=gX5_J%29%3E0jX,152,0,0
1734216587488,164,POST /user,200,OK,User creates an order 1-10,text,true,,382,394,24,24,https://petstore.swagger.io/v2/user,164,0,0
1734216587544,140,GET /user/logout,200,OK,User creates an order 1-13,text,true,,381,167,24,24,https://petstore.swagger.io/v2/user/logout,140,0,0
1734216587633,136,POST /store/order,200,OK,User creates an order 1-16,text,true,,452,312,24,24,https://petstore.swagger.io/v2/store/order,136,0,0
1734216587666,140,GET /user/login,200,OK,User creates an order 1-12,text,true,,482,211,24,24,https://petstore.swagger.io/v2/user/login?username=ghammerberg2&password=qP3%7D8X85bpB,140,0,0
1734216587684,139,POST /user,200,OK,User creates an order 1-13,text,true,,382,382,24,24,https://petstore.swagger.io/v2/user,139,0,0
1734216587769,139,GET /user/logout,200,OK,User creates an order 1-16,text,true,,381,167,24,24,https://petstore.swagger.io/v2/user/logout,139,0,0
1734216587760,155,GET /user/login,200,OK,User creates an order 1-3,text,true,,482,218,24,24,https://petstore.swagger.io/v2/user/login?username=llissandrini3&password=bR3.Gd%287XLPR%7CMy,155,0,0
1734216587909,131,POST /user,200,OK,User creates an order 1-16,text,true,,382,397,24,24,https://petstore.swagger.io/v2/user,131,0,0
1734216588075,148,GET /user/login,200,OK,User creates an order 1-15,text,true,,482,207,24,24,https://petstore.swagger.io/v2/user/login?username=lnanni4&password=vM4%27lceR1NEz,148,0,0
1734216588162,162,POST /store/order,200,OK,User creates an order 1-19,text,true,,454,314,24,24,https://petstore.swagger.io/v2/store/order,162,0,0
1734216588324,146,GET /user/logout,200,OK,User creates an order 1-19,text,true,,381,167,24,24,https://petstore.swagger.io/v2/user/logout,146,0,0
1734216588470,156,POST /user,200,OK,User creates an order 1-19,text,true,,382,391,24,24,https://petstore.swagger.io/v2/user,156,0,0
1734216588474,154,POST /store/order,200,OK,User creates an order 1-22,text,true,,454,314,24,24,https://petstore.swagger.io/v2/store/order,152,0,0
1734216588628,158,GET /user/logout,200,OK,User creates an order 1-22,text,true,,381,167,25,25,https://petstore.swagger.io/v2/user/logout,150,0,0
1734216588786,167,POST /user,500,Server Error,User creates an order 1-22,text,false,,411,386,25,25,https://petstore.swagger.io/v2/user,167,0,0
1734216588986,162,GET /user/login,200,OK,User creates an order 1-18,text,true,,482,212,25,25,https://petstore.swagger.io/v2/user/login?username=ejarrold6&password=zC5%40%2892naM0c9,162,0,0
1734216588670,568,POST /user,200,OK,User creates an order 1-25,text,true,,382,393,25,25,https://petstore.swagger.io/v2/user,568,0,419
1734216589251,128,GET /user/login,200,OK,User creates an order 1-24,text,true,,482,218,25,25,https://petstore.swagger.io/v2/user/login?username=dtomisch5&password=rG0%3E2%26%40%5C%3FDuZ5,128,0,0
1734216589251,138,GET /user/login,200,OK,User creates an order 1-21,text,true,,482,206,25,25,https://petstore.swagger.io/v2/user/login?username=nheath7&password=lV8%28sS%5Cxz,138,0,0
1734216589389,166,POST /store/order,200,OK,User creates an order 1-8,text,true,,453,313,25,25,https://petstore.swagger.io/v2/store/order,166,0,0
1734216589556,134,GET /user/logout,200,OK,User creates an order 1-8,text,true,,381,167,25,25,https://petstore.swagger.io/v2/user/logout,134,0,0
1734216589691,147,POST /user,200,OK,User creates an order 1-8,text,true,,382,402,25,25,https://petstore.swagger.io/v2/user,147,0,0
1734216589297,620,POST /store/order,200,OK,User creates an order 1-5,text,true,,454,314,25,25,https://petstore.swagger.io/v2/store/order,620,0,473
1734216589824,167,POST /store/order,200,OK,User creates an order 1-2,text,true,,452,312,25,25,https://petstore.swagger.io/v2/store/order,167,0,0
1734216589870,139,GET /user/login,200,OK,User creates an order 1-1,text,true,,482,220,25,25,https://petstore.swagger.io/v2/user/login?username=lffrenchbeytagh8&password=sF0%21i7hU%24J94q_,139,0,0
1734216589918,151,GET /user/logout,200,OK,User creates an order 1-5,text,true,,381,167,25,25,https://petstore.swagger.io/v2/user/logout,151,0,0
1734216589916,178,POST /store/order,200,OK,User creates an order 1-11,text,true,,454,314,25,25,https://petstore.swagger.io/v2/store/order,178,0,0
1734216589932,163,GET /user/login,200,OK,User creates an order 1-4,text,true,,482,198,25,25,https://petstore.swagger.io/v2/user/login?username=spurnell9&password=yM7,163,0,0
1734216589991,142,GET /user/logout,200,OK,User creates an order 1-2,text,true,,381,167,25,25,https://petstore.swagger.io/v2/user/logout,142,0,0
1734216590070,163,POST /user,500,Server Error,User creates an order 1-5,text,false,,411,386,25,25,https://petstore.swagger.io/v2/user,163,0,0
1734216590094,142,GET /user/logout,200,OK,User creates an order 1-11,text,true,,381,167,25,25,https://petstore.swagger.io/v2/user/logout,142,0,0
1734216590117,144,GET /user/login,200,OK,User creates an order 1-7,text,true,,482,209,25,25,https://petstore.swagger.io/v2/user/login?username=icathralla&password=rK1*eQmJ%262R,144,0,0
1734216590133,156,POST /user,200,OK,User creates an order 1-2,text,true,,382,396,25,25,https://petstore.swagger.io/v2/user,156,0,0
1734216590236,138,POST /user,200,OK,User creates an order 1-11,text,true,,382,397,25,25,https://petstore.swagger.io/v2/user,138,0,0
1734216590351,158,POST /store/order,200,OK,User creates an order 1-14,text,true,,453,313,25,25,https://petstore.swagger.io/v2/store/order,158,0,0
1734216590509,160,GET /user/logout,200,OK,User creates an order 1-14,text,true,,381,167,25,25,https://petstore.swagger.io/v2/user/logout,160,0,0
1734216590670,160,POST /user,200,OK,User creates an order 1-14,text,true,,382,386,25,25,https://petstore.swagger.io/v2/user,160,0,0
1734216590658,173,GET /user/login,200,OK,User creates an order 1-10,text,true,,482,220,25,25,https://petstore.swagger.io/v2/user/login?username=pgilleyb&password=yA2%27NMzDElZ%21%2FX%60%60,172,0,0
1734216590827,163,GET /user/login,200,OK,User creates an order 1-13,text,true,,482,205,25,25,https://petstore.swagger.io/v2/user/login?username=dcrambc&password=sH9%29IB%24b,163,0,0
1734216590952,194,POST /store/order,200,OK,User creates an order 1-17,text,true,,452,312,25,25,https://petstore.swagger.io/v2/store/order,193,0,0
1734216591045,145,GET /user/login,200,OK,User creates an order 1-16,text,true,,482,215,25,25,https://petstore.swagger.io/v2/user/login?username=jgolsthorpd&password=xT9%3DPpPag%3E%3Fx,145,0,0
1734216591106,164,POST /store/order,200,OK,User creates an order 1-20,text,true,,453,313,25,25,https://petstore.swagger.io/v2/store/order,164,0,0
1734216591147,142,GET /user/logout,200,OK,User creates an order 1-17,text,true,,381,167,25,25,https://petstore.swagger.io/v2/user/logout,142,0,0
1734216591270,152,GET /user/logout,200,OK,User creates an order 1-20,text,true,,381,167,25,25,https://petstore.swagger.io/v2/user/logout,151,0,0
1734216591289,158,POST /user,200,OK,User creates an order 1-17,text,true,,382,391,25,25,https://petstore.swagger.io/v2/user,156,0,0
1734216591422,149,POST /user,200,OK,User creates an order 1-20,text,true,,382,393,25,25,https://petstore.swagger.io/v2/user,149,0,0
1734216591431,150,POST /store/order,200,OK,User creates an order 1-23,text,true,,453,313,25,25,https://petstore.swagger.io/v2/store/order,150,0,0
1734216591581,139,GET /user/logout,200,OK,User creates an order 1-23,text,true,,381,167,26,26,https://petstore.swagger.io/v2/user/logout,139,0,0
1734216591627,151,GET /user/login,200,OK,User creates an order 1-19,text,true,,482,210,26,26,https://petstore.swagger.io/v2/user/login?username=deppersone&password=zV3%3E%3Ca%27K,151,0,0
1734216591721,165,POST /user,200,OK,User creates an order 1-23,text,true,,382,381,26,26,https://petstore.swagger.io/v2/user,165,0,0
1734216591956,160,GET /user/login,200,OK,User creates an order 1-22,text,true,,482,213,26,26,https://petstore.swagger.io/v2/user/login?username=fgaig&password=fI1%5CE%3DLqC%25.5%5CM,153,0,0
1734216591668,632,POST /user,200,OK,User creates an order 1-26,text,true,,382,395,26,26,https://petstore.swagger.io/v2/user,632,0,470
1734216592250,140,GET /user/login,200,OK,User creates an order 1-25,text,true,,482,210,26,26,https://petstore.swagger.io/v2/user/login?username=msallierf&password=fI2%28u%3Cki%23,140,0,0
1734216592639,166,POST /store/order,200,OK,User creates an order 1-9,text,true,,453,313,26,26,https://petstore.swagger.io/v2/store/order,164,0,0
1734216592805,140,GET /user/logout,200,OK,User creates an order 1-9,text,true,,381,167,26,26,https://petstore.swagger.io/v2/user/logout,140,0,0
1734216592809,157,POST /store/order,200,OK,User creates an order 1-12,text,true,,453,313,26,26,https://petstore.swagger.io/v2/store/order,157,0,0
1734216592840,141,GET /user/login,200,OK,User creates an order 1-8,text,true,,482,228,26,26,https://petstore.swagger.io/v2/user/login?username=llivingstonh&password=pT1%29%2F%2BX%29%23G%3CjCG%3C2,141,0,0
1734216592916,170,POST /store/order,200,OK,User creates an order 1-3,text,true,,454,314,26,26,https://petstore.swagger.io/v2/store/order,170,0,0
1734216592945,153,POST /user,200,OK,User creates an order 1-9,text,true,,382,402,26,26,https://petstore.swagger.io/v2/user,153,0,0
1734216592966,144,GET /user/logout,200,OK,User creates an order 1-12,text,true,,381,167,26,26,https://petstore.swagger.io/v2/user/logout,144,0,0
1734216592577,586,POST /store/order,200,OK,User creates an order 1-6,text,true,,453,313,26,26,https://petstore.swagger.io/v2/store/order,586,0,443
1734216593086,141,GET /user/logout,200,OK,User creates an order 1-3,text,true,,381,167,26,26,https://petstore.swagger.io/v2/user/logout,141,0,0
1734216593110,136,POST /user,200,OK,User creates an order 1-12,text,true,,382,388,26,26,https://petstore.swagger.io/v2/user,136,0,0
1734216593164,140,GET /user/logout,200,OK,User creates an order 1-6,text,true,,381,167,26,26,https://petstore.swagger.io/v2/user/logout,140,0,0
1734216593224,147,POST /store/order,200,OK,User creates an order 1-15,text,true,,453,313,26,26,https://petstore.swagger.io/v2/store/order,147,0,0
1734216593228,147,POST /user,200,OK,User creates an order 1-3,text,true,,382,400,26,26,https://petstore.swagger.io/v2/user,147,0,0
1734216593241,146,GET /user/login,200,OK,User creates an order 1-5,text,true,,482,210,26,26,https://petstore.swagger.io/v2/user/login?username=eperilloi&password=cB5%2F%262Ip%5C,146,0,0
1734216593302,141,GET /user/login,200,OK,User creates an order 1-2,text,true,,482,213,26,26,https://petstore.swagger.io/v2/user/login?username=smatchettj&password=kW7%7DuxJ7%7C%27B,141,0,0
1734216593304,147,POST /user,200,OK,User creates an order 1-6,text,true,,382,403,26,26,https://petstore.swagger.io/v2/user,147,0,0
1734216593372,142,GET /user/logout,200,OK,User creates an order 1-15,text,true,,381,167,26,26,https://petstore.swagger.io/v2/user/logout,142,0,0
1734216593380,135,GET /user/login,200,OK,User creates an order 1-11,text,true,,482,216,26,26,https://petstore.swagger.io/v2/user/login?username=hchateletk&password=iP1%7E%25y000Nef66WB,135,0,0
1734216593514,196,POST /user,200,OK,User creates an order 1-15,text,true,,382,391,26,26,https://petstore.swagger.io/v2/user,196,0,0
1734216593843,187,GET /user/login,200,OK,User creates an order 1-14,text,true,,482,212,26,26,https://petstore.swagger.io/v2/user/login?username=eodoneganl&password=qS1%3F%40%27H9BD,187,0,0
1734216594153,197,POST /store/order,200,OK,User creates an order 1-18,text,true,,452,312,26,26,https://petstore.swagger.io/v2/store/order,197,0,0
1734216594350,149,GET /user/logout,200,OK,User creates an order 1-18,text,true,,381,167,26,26,https://petstore.swagger.io/v2/user/logout,149,0,0
1734216594384,154,POST /store/order,200,OK,User creates an order 1-24,text,true,,454,314,26,26,https://petstore.swagger.io/v2/store/order,153,0,0
1734216594400,163,POST /store/order,200,OK,User creates an order 1-21,text,true,,453,313,26,26,https://petstore.swagger.io/v2/store/order,163,0,0
1734216594448,150,GET /user/login,200,OK,User creates an order 1-17,text,true,,482,206,26,26,https://petstore.swagger.io/v2/user/login?username=idecullipm&password=mU5%28EK*n,150,0,0
1734216594500,159,POST /user,200,OK,User creates an order 1-18,text,true,,382,381,26,26,https://petstore.swagger.io/v2/user,159,0,0
1734216594539,141,GET /user/logout,200,OK,User creates an order 1-24,text,true,,381,167,27,27,https://petstore.swagger.io/v2/user/logout,141,0,0
1734216594563,146,GET /user/logout,200,OK,User creates an order 1-21,text,true,,381,167,27,27,https://petstore.swagger.io/v2/user/logout,146,0,0
1734216594572,148,GET /user/login,200,OK,User creates an order 1-20,text,true,,482,207,27,27,https://petstore.swagger.io/v2/user/login?username=lgosenelln&password=wR3x%256%7E,148,0,0
1734216594680,148,POST /user,200,OK,User creates an order 1-24,text,true,,382,374,27,27,https://petstore.swagger.io/v2/user,146,0,0
1734216594710,153,POST /user,200,OK,User creates an order 1-21,text,true,,382,392,27,27,https://petstore.swagger.io/v2/user,153,0,0
1734216594894,147,GET /user/login,200,OK,User creates an order 1-23,text,true,,482,203,27,27,https://petstore.swagger.io/v2/user/login?username=cgippp&password=mS4%23uvS1Y,146,0,0
1734216595017,154,POST /store/order,200,OK,User creates an order 1-1,text,true,,454,314,27,27,https://petstore.swagger.io/v2/store/order,154,0,0
1734216595108,170,POST /store/order,200,OK,User creates an order 1-4,text,true,,453,313,27,27,https://petstore.swagger.io/v2/store/order,170,0,0
1734216595172,137,GET /user/logout,200,OK,User creates an order 1-1,text,true,,381,167,27,27,https://petstore.swagger.io/v2/user/logout,137,0,0
1734216594663,672,POST /user,200,OK,User creates an order 1-27,text,true,,382,386,27,27,https://petstore.swagger.io/v2/user,671,0,515
1734216595278,149,GET /user/logout,200,OK,User creates an order 1-4,text,true,,381,167,27,27,https://petstore.swagger.io/v2/user/logout,149,0,0
1734216595309,150,POST /user,200,OK,User creates an order 1-1,text,true,,382,396,27,27,https://petstore.swagger.io/v2/user,149,0,0
1734216595308,153,GET /user/login,200,OK,User creates an order 1-26,text,true,,482,223,27,27,https://petstore.swagger.io/v2/user/login?username=bcasselso&password=tK0%27%3DR%40k%23r%24%3Dt%27,153,0,0
1734216595428,152,POST /user,200,OK,User creates an order 1-4,text,true,,382,396,27,27,https://petstore.swagger.io/v2/user,152,0,0
1734216595262,568,POST /store/order,200,OK,User creates an order 1-7,text,true,,453,313,27,27,https://petstore.swagger.io/v2/store/order,568,0,405
1734216595835,203,POST /store/order,200,OK,User creates an order 1-10,text,true,,453,313,27,27,https://petstore.swagger.io/v2/store/order,203,0,0
1734216595991,173,POST /store/order,200,OK,User creates an order 1-13,text,true,,453,313,27,27,https://petstore.swagger.io/v2/store/order,173,0,0
1734216596038,142,GET /user/logout,200,OK,User creates an order 1-10,text,true,,381,167,27,27,https://petstore.swagger.io/v2/user/logout,142,0,0
1734216596098,146,GET /user/login,200,OK,User creates an order 1-9,text,true,,482,216,27,27,https://petstore.swagger.io/v2/user/login?username=cmarchandq&password=xA0%609b3V%21E%7EX07,146,0,0
1734216596164,139,GET /user/logout,200,OK,User creates an order 1-13,text,true,,381,167,27,27,https://petstore.swagger.io/v2/user/logout,139,0,0
1734216596180,159,POST /user,200,OK,User creates an order 1-10,text,true,,382,388,27,27,https://petstore.swagger.io/v2/user,159,0,0
1734216596191,158,POST /store/order,200,OK,User creates an order 1-16,text,true,,453,313,27,27,https://petstore.swagger.io/v2/store/order,158,0,0
1734216596252,136,GET /user/login,200,OK,User creates an order 1-12,text,true,,482,212,27,27,https://petstore.swagger.io/v2/user/login?username=tpregelr&password=wD5%40T9%29Ab3xddK,136,0,0
1734216595830,579,GET /user/logout,200,OK,User creates an order 1-7,text,true,,381,167,27,27,https://petstore.swagger.io/v2/user/logout,579,0,0
1734216596304,164,POST /user,200,OK,User creates an order 1-13,text,true,,382,400,27,27,https://petstore.swagger.io/v2/user,156,0,0
1734216596349,143,GET /user/logout,200,OK,User creates an order 1-16,text,true,,381,167,27,27,https://petstore.swagger.io/v2/user/logout,141,0,0
1734216596390,163,GET /user/login,200,OK,User creates an order 1-3,text,true,,482,216,27,27,https://petstore.swagger.io/v2/user/login?username=ckinnards&password=jI3%3DS2y%3EZn%7C3q5Y,163,0,0
1734216596409,153,POST /user,200,OK,User creates an order 1-7,text,true,,382,398,27,27,https://petstore.swagger.io/v2/user,153,0,0
1734216596453,140,GET /user/login,200,OK,User creates an order 1-6,text,true,,482,209,27,27,https://petstore.swagger.io/v2/user/login?username=msprullst&password=wH7%23xAl%29L1,140,0,0
1734216596492,146,POST /user,200,OK,User creates an order 1-16,text,true,,382,396,27,27,https://petstore.swagger.io/v2/user,146,0,0
1734216596717,171,GET /user/login,200,OK,User creates an order 1-15,text,true,,482,208,27,27,https://petstore.swagger.io/v2/user/login?username=pmarzelleu&password=eP3%25ZrnEi9,171,0,0
1734216596778,168,POST /store/order,200,OK,User creates an order 1-19,text,true,,452,312,27,27,https://petstore.swagger.io/v2/store/order,168,0,0
1734216596945,164,GET /user/logout,200,OK,User creates an order 1-19,text,true,,381,167,27,27,https://petstore.swagger.io/v2/user/logout,164,0,0
1734216597109,200,POST /user,200,OK,User creates an order 1-19,text,true,,382,399,27,27,https://petstore.swagger.io/v2/user,200,0,0
1734216597118,192,POST /store/order,200,OK,User creates an order 1-22,text,true,,453,313,27,27,https://petstore.swagger.io/v2/store/order,191,0,0
1734216597310,148,GET /user/logout,200,OK,User creates an order 1-22,text,true,,381,167,27,27,https://petstore.swagger.io/v2/user/logout,148,0,0
1734216597396,161,POST /store/order,200,OK,User creates an order 1-25,text,true,,453,313,27,27,https://petstore.swagger.io/v2/store/order,161,0,0
1734216597458,155,POST /user,200,OK,User creates an order 1-22,text,true,,382,376,27,27,https://petstore.swagger.io/v2/user,155,0,0
1734216597557,140,GET /user/logout,200,OK,User creates an order 1-25,text,true,,381,167,28,28,https://petstore.swagger.io/v2/user/logout,140,0,0
1734216597658,150,GET /user/login,200,OK,User creates an order 1-18,text,true,,482,212,28,28,https://petstore.swagger.io/v2/user/login?username=gsperav&password=kM0%26%3D*%3D%2Bfzf,150,0,0
1734216597697,142,POST /user,500,Server Error,User creates an order 1-25,text,false,,411,393,28,28,https://petstore.swagger.io/v2/user,142,0,0
1734216597830,138,GET /user/login,200,OK,User creates an order 1-24,text,true,,482,200,28,28,https://petstore.swagger.io/v2/user/login?username=gchrispx&password=tB2%3F,138,0,0
1734216597863,146,GET /user/login,200,OK,User creates an order 1-21,text,true,,482,214,28,28,https://petstore.swagger.io/v2/user/login?username=ksharpery&password=fH7%60%3Eh%2B%60oFC,146,0,0
1734216597666,595,POST /user,200,OK,User creates an order 1-28,text,true,,382,389,28,28,https://petstore.swagger.io/v2/user,595,0,433
1734216598341,147,GET /user/login,200,OK,User creates an order 1-27,text,true,,482,208,28,28,https://petstore.swagger.io/v2/user/login?username=lhighwoodw&password=hJ2_fSsso*3P,147,0,0
1734216598387,160,POST /store/order,200,OK,User creates an order 1-5,text,true,,454,314,28,28,https://petstore.swagger.io/v2/store/order,158,0,0
1734216597985,586,POST /store/order,200,OK,User creates an order 1-8,text,true,,453,313,28,28,https://petstore.swagger.io/v2/store/order,586,0,444
1734216598449,162,POST /store/order,200,OK,User creates an order 1-2,text,true,,453,313,28,28,https://petstore.swagger.io/v2/store/order,162,0,0
1734216598464,152,GET /user/login,200,OK,User creates an order 1-1,text,true,,482,212,28,28,https://petstore.swagger.io/v2/user/login?username=pshirlandz&password=fZ0%2Bbmtr%7EBJq,152,0,0
1734216598526,158,POST /store/order,200,OK,User creates an order 1-11,text,true,,454,314,28,28,https://petstore.swagger.io/v2/store/order,158,0,0
1734216598547,138,GET /user/logout,200,OK,User creates an order 1-5,text,true,,381,167,28,28,https://petstore.swagger.io/v2/user/logout,138,0,0
1734216598571,140,GET /user/logout,200,OK,User creates an order 1-8,text,true,,381,167,28,28,https://petstore.swagger.io/v2/user/logout,140,0,0
1734216598588,151,GET /user/login,200,OK,User creates an order 1-4,text,true,,482,212,28,28,https://petstore.swagger.io/v2/user/login?username=tgelland10&password=tS4%7C5BYba%3DAu,151,0,0
1734216598611,147,GET /user/logout,200,OK,User creates an order 1-2,text,true,,381,167,28,28,https://petstore.swagger.io/v2/user/logout,147,0,0
1734216598684,147,GET /user/logout,200,OK,User creates an order 1-11,text,true,,381,167,28,28,https://petstore.swagger.io/v2/user/logout,139,0,0
1734216598685,148,POST /user,500,Server Error,User creates an order 1-5,text,false,,411,400,28,28,https://petstore.swagger.io/v2/user,148,0,0
1734216598711,139,POST /user,200,OK,User creates an order 1-8,text,true,,382,402,28,28,https://petstore.swagger.io/v2/user,139,0,0
1734216598758,144,POST /user,200,OK,User creates an order 1-2,text,true,,382,399,28,28,https://petstore.swagger.io/v2/user,144,0,0
1734216598831,143,POST /user,200,OK,User creates an order 1-11,text,true,,382,410,28,28,https://petstore.swagger.io/v2/user,143,0,0
1734216599037,192,POST /store/order,200,OK,User creates an order 1-14,text,true,,453,313,28,28,https://petstore.swagger.io/v2/store/order,192,0,0
1734216599229,149,GET /user/logout,200,OK,User creates an order 1-14,text,true,,381,167,28,28,https://petstore.swagger.io/v2/user/logout,149,0,0
1734216599346,172,GET /user/login,200,OK,User creates an order 1-10,text,true,,482,212,28,28,https://petstore.swagger.io/v2/user/login?username=eromaint11&password=nU6%23A%28CYRDyZ,172,0,0
1734216599378,155,POST /user,200,OK,User creates an order 1-14,text,true,,382,404,28,28,https://petstore.swagger.io/v2/user,155,0,0
1734216599470,143,GET /user/login,200,OK,User creates an order 1-13,text,true,,482,220,28,28,https://petstore.swagger.io/v2/user/login?username=sdaltrey12&password=gQ8%29MuckGsRf_%26%60%27,143,0,0
1734216599562,150,GET /user/login,200,OK,User creates an order 1-7,text,true,,482,218,28,28,https://petstore.swagger.io/v2/user/login?username=thurlston13&password=pO6%3FE8x%24%3Fs%293S,150,0,0
1734216599598,174,POST /store/order,200,OK,User creates an order 1-17,text,true,,453,313,28,28,https://petstore.swagger.io/v2/store/order,174,0,0
1734216599640,138,GET /user/login,200,OK,User creates an order 1-16,text,true,,482,216,28,28,https://petstore.swagger.io/v2/user/login?username=tmemmory14&password=oY7%25A1OL.0A5Po%261,138,0,0
1734216599733,174,POST /store/order,200,OK,User creates an order 1-20,text,true,,454,314,28,28,https://petstore.swagger.io/v2/store/order,174,0,0
1734216599773,143,GET /user/logout,200,OK,User creates an order 1-17,text,true,,381,167,28,28,https://petstore.swagger.io/v2/user/logout,143,0,0
1734216599917,140,POST /user,200,OK,User creates an order 1-17,text,true,,382,387,28,28,https://petstore.swagger.io/v2/user,140,0,0
1734216599908,153,GET /user/logout,200,OK,User creates an order 1-20,text,true,,381,167,28,28,https://petstore.swagger.io/v2/user/logout,153,0,0
1734216600044,164,POST /store/order,200,OK,User creates an order 1-23,text,true,,453,313,28,28,https://petstore.swagger.io/v2/store/order,164,0,0
1734216600061,155,POST /user,200,OK,User creates an order 1-20,text,true,,382,388,28,28,https://petstore.swagger.io/v2/user,147,0,0
1734216600208,151,GET /user/logout,200,OK,User creates an order 1-23,text,true,,381,167,28,28,https://petstore.swagger.io/v2/user/logout,151,0,0
1734216600310,155,GET /user/login,200,OK,User creates an order 1-19,text,true,,482,213,28,28,https://petstore.swagger.io/v2/user/login?username=klairdcraig15&password=lJ9.%3Dk%7E7eG,155,0,0
1734216600359,167,POST /user,200,OK,User creates an order 1-23,text,true,,382,399,28,28,https://petstore.swagger.io/v2/user,167,0,0
1734216600463,147,POST /store/order,200,OK,User creates an order 1-26,text,true,,452,312,28,28,https://petstore.swagger.io/v2/store/order,147,0,0
1734216600610,149,GET /user/logout,200,OK,User creates an order 1-26,text,true,,381,167,29,29,https://petstore.swagger.io/v2/user/logout,149,0,0
1734216600614,161,GET /user/login,200,OK,User creates an order 1-22,text,true,,482,196,29,29,https://petstore.swagger.io/v2/user/login?username=bmaes16&password=kG8,160,0,0
1734216600760,149,POST /user,200,OK,User creates an order 1-26,text,true,,382,387,29,29,https://petstore.swagger.io/v2/user,149,0,0
1734216600849,141,GET /user/login,200,OK,User creates an order 1-25,text,true,,482,211,29,29,https://petstore.swagger.io/v2/user/login?username=bdredge18&password=jU8%5C6Z%24koAJ4,139,0,0
1734216600667,643,POST /user,200,OK,User creates an order 1-29,text,true,,382,403,29,29,https://petstore.swagger.io/v2/user,643,0,487
1734216601266,158,GET /user/login,200,OK,User creates an order 1-28,text,true,,482,209,29,29,https://petstore.swagger.io/v2/user/login?username=lelfe17&password=mW8%7BgZn4dj0%3C,157,0,0
1734216601390,159,POST /store/order,200,OK,User creates an order 1-12,text,true,,454,314,29,29,https://petstore.swagger.io/v2/store/order,159,0,0
1734216601549,139,GET /user/logout,200,OK,User creates an order 1-12,text,true,,381,167,29,29,https://petstore.swagger.io/v2/user/logout,139,0,0
1734216601561,177,POST /store/order,200,OK,User creates an order 1-3,text,true,,454,314,29,29,https://petstore.swagger.io/v2/store/order,177,0,0
1734216601607,156,POST /store/order,200,OK,User creates an order 1-6,text,true,,453,313,29,29,https://petstore.swagger.io/v2/store/order,156,0,0
1734216601251,558,POST /store/order,200,OK,User creates an order 1-9,text,true,,452,312,29,29,https://petstore.swagger.io/v2/store/order,558,0,422
1734216601688,149,POST /user,500,Server Error,User creates an order 1-12,text,false,,411,394,29,29,https://petstore.swagger.io/v2/user,149,0,0
1734216601738,148,GET /user/logout,200,OK,User creates an order 1-3,text,true,,381,167,29,29,https://petstore.swagger.io/v2/user/logout,148,0,0
1734216601764,138,GET /user/logout,200,OK,User creates an order 1-6,text,true,,381,167,29,29,https://petstore.swagger.io/v2/user/logout,138,0,0
1734216601809,130,GET /user/logout,200,OK,User creates an order 1-9,text,true,,381,167,29,29,https://petstore.swagger.io/v2/user/logout,130,0,0
1734216601839,155,GET /user/login,200,OK,User creates an order 1-5,text,true,,482,217,29,29,https://petstore.swagger.io/v2/user/login?username=jcaccavella19&password=hF3%3E.l%5CG9%2B_n,155,0,0
1734216601854,158,GET /user/login,200,OK,User creates an order 1-8,text,true,,482,217,29,29,https://petstore.swagger.io/v2/user/login?username=cbettaney1a&password=fN0%7CIK%3CFj3a1%29U,158,0,0
1734216601887,159,POST /user,200,OK,User creates an order 1-3,text,true,,382,386,29,29,https://petstore.swagger.io/v2/user,159,0,0
1734216601917,148,GET /user/login,200,OK,User creates an order 1-2,text,true,,482,212,29,29,https://petstore.swagger.io/v2/user/login?username=rmckeveney1b&password=xU7%60y%7BT%27,148,0,0
1734216601902,164,POST /store/order,200,OK,User creates an order 1-15,text,true,,451,311,29,29,https://petstore.swagger.io/v2/store/order,164,0,0
1734216601903,165,POST /user,500,Server Error,User creates an order 1-6,text,false,,411,382,29,29,https://petstore.swagger.io/v2/user,163,0,0
1734216601940,140,POST /user,200,OK,User creates an order 1-9,text,true,,382,417,29,29,https://petstore.swagger.io/v2/user,140,0,0
1734216601978,136,GET /user/login,200,OK,User creates an order 1-11,text,true,,482,212,29,29,https://petstore.swagger.io/v2/user/login?username=rclemenceau1c&password=lC9TY%3ETA5wD,136,0,0
1734216602066,153,GET /user/logout,200,OK,User creates an order 1-15,text,true,,381,167,29,29,https://petstore.swagger.io/v2/user/logout,153,0,0
1734216602219,152,POST /user,200,OK,User creates an order 1-15,text,true,,382,384,29,29,https://petstore.swagger.io/v2/user,152,0,0
1734216602547,163,GET /user/login,200,OK,User creates an order 1-14,text,true,,482,221,29,29,https://petstore.swagger.io/v2/user/login?username=ipetrenko1d&password=mS5%40_LU%27NsW%7E1m%29c,163,0,0
1734216602810,180,POST /store/order,200,OK,User creates an order 1-18,text,true,,454,314,29,29,https://petstore.swagger.io/v2/store/order,180,0,0
1734216602979,158,POST /store/order,200,OK,User creates an order 1-24,text,true,,453,313,29,29,https://petstore.swagger.io/v2/store/order,158,0,0
1734216602990,150,GET /user/logout,200,OK,User creates an order 1-18,text,true,,381,167,29,29,https://petstore.swagger.io/v2/user/logout,150,0,0
1734216603025,166,POST /store/order,200,OK,User creates an order 1-21,text,true,,453,313,29,29,https://petstore.swagger.io/v2/store/order,166,0,0
1734216603073,146,GET /user/login,200,OK,User creates an order 1-17,text,true,,482,205,29,29,https://petstore.swagger.io/v2/user/login?username=aleyes0&password=zU7%3EtXt%23,146,0,0
1734216603137,140,GET /user/logout,200,OK,User creates an order 1-24,text,true,,381,167,29,29,https://petstore.swagger.io/v2/user/logout,140,0,0
1734216603140,146,POST /user,200,OK,User creates an order 1-18,text,true,,382,393,29,29,https://petstore.swagger.io/v2/user,146,0,0
1734216603192,147,GET /user/logout,200,OK,User creates an order 1-21,text,true,,381,167,29,29,https://petstore.swagger.io/v2/user/logout,147,0,0
1734216603218,160,GET /user/login,200,OK,User creates an order 1-20,text,true,,482,210,29,29,https://petstore.swagger.io/v2/user/login?username=tvasyanin1&password=gX5_J%29%3E0jX,160,0,0
1734216603277,159,POST /user,200,OK,User creates an order 1-24,text,true,,382,394,29,29,https://petstore.swagger.io/v2/user,159,0,0
1734216603339,151,POST /user,200,OK,User creates an order 1-21,text,true,,382,382,29,29,https://petstore.swagger.io/v2/user,151,0,0
1734216603492,258,POST /store/order,200,OK,User creates an order 1-27,text,true,,452,312,30,30,https://petstore.swagger.io/v2/store/order,258,0,0
1734216603527,224,GET /user/login,200,OK,User creates an order 1-23,text,true,,482,211,30,30,https://petstore.swagger.io/v2/user/login?username=ghammerberg2&password=qP3%7D8X85bpB,223,0,0
1734216603631,137,POST /store/order,200,OK,User creates an order 1-1,text,true,,453,313,30,30,https://petstore.swagger.io/v2/store/order,137,0,0
1734216603750,150,GET /user/logout,200,OK,User creates an order 1-27,text,true,,381,167,30,30,https://petstore.swagger.io/v2/user/logout,150,0,0
1734216603769,141,GET /user/logout,200,OK,User creates an order 1-1,text,true,,381,167,30,30,https://petstore.swagger.io/v2/user/logout,139,0,0
1734216603755,173,POST /store/order,200,OK,User creates an order 1-4,text,true,,454,314,29,29,https://petstore.swagger.io/v2/store/order,173,0,0
1734216603901,147,POST /user,200,OK,User creates an order 1-27,text,true,,382,391,29,29,https://petstore.swagger.io/v2/user,147,0,0
1734216603928,151,GET /user/logout,200,OK,User creates an order 1-4,text,true,,381,167,29,29,https://petstore.swagger.io/v2/user/logout,151,0,0
1734216603925,156,GET /user/login,200,OK,User creates an order 1-26,text,true,,482,207,29,29,https://petstore.swagger.io/v2/user/login?username=lnanni4&password=vM4%27lceR1NEz,156,0,0
1734216603667,571,POST /user,200,OK,User creates an order 1-30,text,true,,382,397,29,29,https://petstore.swagger.io/v2/user,571,0,419
1734216604079,160,POST /user,200,OK,User creates an order 1-4,text,true,,382,393,29,29,https://petstore.swagger.io/v2/user,160,0,0
1734216604314,158,GET /user/login,200,OK,User creates an order 1-29,text,true,,482,218,29,29,https://petstore.swagger.io/v2/user/login?username=llissandrini3&password=bR3.Gd%287XLPR%7CMy,158,0,0
1734216604621,171,POST /store/order,200,OK,User creates an order 1-13,text,true,,453,313,29,29,https://petstore.swagger.io/v2/store/order,171,0,0
1734216604714,143,POST /store/order,200,OK,User creates an order 1-7,text,true,,452,312,29,29,https://petstore.swagger.io/v2/store/order,143,0,0
1734216604792,142,GET /user/logout,200,OK,User creates an order 1-13,text,true,,381,167,29,29,https://petstore.swagger.io/v2/user/logout,142,0,0
1734216604792,167,POST /store/order,200,OK,User creates an order 1-16,text,true,,454,314,29,29,https://petstore.swagger.io/v2/store/order,167,0,0
1734216604839,159,GET /user/login,200,OK,User creates an order 1-12,text,true,,482,218,29,29,https://petstore.swagger.io/v2/user/login?username=dtomisch5&password=rG0%3E2%26%40%5C%3FDuZ5,158,0,0
1734216604857,162,GET /user/logout,200,OK,User creates an order 1-7,text,true,,381,167,29,29,https://petstore.swagger.io/v2/user/logout,162,0,0
1734216604934,139,POST /user,500,Server Error,User creates an order 1-13,text,false,,411,386,29,29,https://petstore.swagger.io/v2/user,139,0,0
1734216604528,571,POST /store/order,200,OK,User creates an order 1-10,text,true,,453,313,29,29,https://petstore.swagger.io/v2/store/order,571,0,427
1734216604959,148,GET /user/logout,200,OK,User creates an order 1-16,text,true,,381,167,29,29,https://petstore.swagger.io/v2/user/logout,148,0,0
1734216605019,138,POST /user,200,OK,User creates an order 1-7,text,true,,382,402,29,29,https://petstore.swagger.io/v2/user,138,0,0
1734216605053,146,GET /user/login,200,OK,User creates an order 1-3,text,true,,482,212,29,29,https://petstore.swagger.io/v2/user/login?username=ejarrold6&password=zC5%40%2892naM0c9,143,0,0
1734216605068,145,GET /user/login,200,OK,User creates an order 1-6,text,true,,482,206,29,29,https://petstore.swagger.io/v2/user/login?username=nheath7&password=lV8%28sS%5Cxz,145,0,0
1734216605084,146,GET /user/login,200,OK,User creates an order 1-9,text,true,,482,220,29,29,https://petstore.swagger.io/v2/user/login?username=lffrenchbeytagh8&password=sF0%21i7hU%24J94q_,146,0,0
1734216605100,147,GET /user/logout,200,OK,User creates an order 1-10,text,true,,381,167,29,29,https://petstore.swagger.io/v2/user/logout,147,0,0
1734216605107,142,POST /user,500,Server Error,User creates an order 1-16,text,false,,411,386,29,29,https://petstore.swagger.io/v2/user,140,0,0
1734216605247,143,POST /user,200,OK,User creates an order 1-10,text,true,,382,396,29,29,https://petstore.swagger.io/v2/user,143,0,0
1734216605380,144,GET /user/login,200,OK,User creates an order 1-15,text,true,,482,198,29,29,https://petstore.swagger.io/v2/user/login?username=spurnell9&password=yM7,144,0,0
1734216605466,160,POST /store/order,200,OK,User creates an order 1-19,text,true,,454,314,29,29,https://petstore.swagger.io/v2/store/order,160,0,0
1734216605626,164,GET /user/logout,200,OK,User creates an order 1-19,text,true,,381,167,29,29,https://petstore.swagger.io/v2/user/logout,164,0,0
1734216605790,160,POST /user,200,OK,User creates an order 1-19,text,true,,382,397,29,29,https://petstore.swagger.io/v2/user,160,0,0
1734216605781,174,POST /store/order,200,OK,User creates an order 1-22,text,true,,454,314,29,29,https://petstore.swagger.io/v2/store/order,174,0,0
1734216605955,142,GET /user/logout,200,OK,User creates an order 1-22,text,true,,381,167,29,29,https://petstore.swagger.io/v2/user/logout,142,0,0
1734216605997,153,POST /store/order,200,OK,User creates an order 1-25,text,true,,452,312,29,29,https://petstore.swagger.io/v2/store/order,153,0,0
1734216606437,192,GET /user/login,200,OK,User creates an order 1-24,text,true,,482,220,29,29,https://petstore.swagger.io/v2/user/login?username=pgilleyb&password=yA2%27NMzDElZ%21%2FX%60%60,190,0,0
1734216606150,479,GET /user/logout,200,OK,User creates an order 1-25,text,true,,381,167,29,29,https://petstore.swagger.io/v2/user/logout,479,0,0
1734216606432,201,POST /store/order,200,OK,User creates an order 1-28,text,true,,453,313,29,29,https://petstore.swagger.io/v2/store/order,201,0,0
1734216606098,537,POST /user,200,OK,User creates an order 1-22,text,true,,382,386,29,29,https://petstore.swagger.io/v2/user,537,0,0
1734216606286,351,GET /user/login,200,OK,User creates an order 1-18,text,true,,482,209,29,29,https://petstore.swagger.io/v2/user/login?username=icathralla&password=rK1*eQmJ%262R,351,0,0
1734216606491,148,GET /user/login,200,OK,User creates an order 1-21,text,true,,482,205,29,29,https://petstore.swagger.io/v2/user/login?username=dcrambc&password=sH9%29IB%24b,146,0,0
1734216606629,141,POST /user,200,OK,User creates an order 1-25,text,true,,382,391,30,30,https://petstore.swagger.io/v2/user,141,0,0
1734216606633,156,GET /user/logout,200,OK,User creates an order 1-28,text,true,,381,167,30,30,https://petstore.swagger.io/v2/user/logout,156,0,0
1734216606790,155,POST /user,200,OK,User creates an order 1-28,text,true,,382,395,30,30,https://petstore.swagger.io/v2/user,155,0,0
1734216607002,174,POST /store/order,200,OK,User creates an order 1-5,text,true,,454,314,30,30,https://petstore.swagger.io/v2/store/order,172,0,0
1734216607017,167,POST /store/order,200,OK,User creates an order 1-8,text,true,,453,313,30,30,https://petstore.swagger.io/v2/store/order,167,0,0
1734216607048,169,GET /user/login,200,OK,User creates an order 1-27,text,true,,482,210,30,30,https://petstore.swagger.io/v2/user/login?username=deppersone&password=zV3%3E%3Ca%27K,168,0,0
1734216607079,152,POST /store/order,200,OK,User creates an order 1-2,text,true,,452,312,30,30,https://petstore.swagger.io/v2/store/order,152,0,0
1734216606667,601,POST /user,200,OK,User creates an order 1-31,text,true,,382,393,30,30,https://petstore.swagger.io/v2/user,601,0,451
1734216607176,143,GET /user/logout,200,OK,User creates an order 1-5,text,true,,381,167,30,30,https://petstore.swagger.io/v2/user/logout,143,0,0
1734216607184,136,GET /user/logout,200,OK,User creates an order 1-8,text,true,,381,167,30,30,https://petstore.swagger.io/v2/user/logout,136,0,0
1734216607231,138,GET /user/logout,200,OK,User creates an order 1-2,text,true,,381,167,30,30,https://petstore.swagger.io/v2/user/logout,138,0,0
1734216607248,140,GET /user/login,200,OK,User creates an order 1-30,text,true,,482,215,29,29,https://petstore.swagger.io/v2/user/login?username=jgolsthorpd&password=xT9%3DPpPag%3E%3Fx,139,0,0
1734216607248,158,GET /user/login,200,OK,User creates an order 1-4,text,true,,482,210,29,29,https://petstore.swagger.io/v2/user/login?username=msallierf&password=fI2%28u%3Cki%23,158,0,0
1734216607319,146,POST /user,200,OK,User creates an order 1-5,text,true,,382,381,29,29,https://petstore.swagger.io/v2/user,146,0,0
1734216607321,148,POST /user,200,OK,User creates an order 1-8,text,true,,382,402,29,29,https://petstore.swagger.io/v2/user,148,0,0
1734216607125,593,POST /store/order,200,OK,User creates an order 1-11,text,true,,453,313,29,29,https://petstore.swagger.io/v2/store/order,593,0,437
1734216607718,135,GET /user/logout,200,OK,User creates an order 1-11,text,true,,381,167,29,29,https://petstore.swagger.io/v2/user/logout,135,0,0
1734216607714,172,POST /store/order,200,OK,User creates an order 1-14,text,true,,453,313,29,29,https://petstore.swagger.io/v2/store/order,172,0,0
1734216607853,147,POST /user,200,OK,User creates an order 1-11,text,true,,382,388,29,29,https://petstore.swagger.io/v2/user,147,0,0
1734216607886,152,GET /user/logout,200,OK,User creates an order 1-14,text,true,,381,167,29,29,https://petstore.swagger.io/v2/user/logout,152,0,0
1734216608038,158,POST /user,200,OK,User creates an order 1-14,text,true,,382,400,29,29,https://petstore.swagger.io/v2/user,158,0,0
1734216608083,140,GET /user/login,200,OK,User creates an order 1-13,text,true,,482,213,29,29,https://petstore.swagger.io/v2/user/login?username=fgaig&password=fI1%5CE%3DLqC%25.5%5CM,140,0,0
1734216608160,148,GET /user/login,200,OK,User creates an order 1-7,text,true,,482,228,29,29,https://petstore.swagger.io/v2/user/login?username=llivingstonh&password=pT1%29%2F%2BX%29%23G%3CjCG%3C2,148,0,0
1734216608218,158,POST /store/order,200,OK,User creates an order 1-17,text,true,,453,313,29,29,https://petstore.swagger.io/v2/store/order,158,0,0
1734216608252,136,GET /user/login,200,OK,User creates an order 1-16,text,true,,482,210,29,29,https://petstore.swagger.io/v2/user/login?username=eperilloi&password=cB5%2F%262Ip%5C,136,0,0
1734216608376,141,GET /user/logout,200,OK,User creates an order 1-17,text,true,,381,167,29,29,https://petstore.swagger.io/v2/user/logout,141,0,0
1734216608392,146,GET /user/login,200,OK,User creates an order 1-10,text,true,,482,213,29,29,https://petstore.swagger.io/v2/user/login?username=smatchettj&password=kW7%7DuxJ7%7C%27B,146,0,0
1734216608378,172,POST /store/order,200,OK,User creates an order 1-20,text,true,,453,313,29,29,https://petstore.swagger.io/v2/store/order,170,0,0
1734216608517,141,POST /user,200,OK,User creates an order 1-17,text,true,,382,403,29,29,https://petstore.swagger.io/v2/user,141,0,0
1734216608550,141,GET /user/logout,200,OK,User creates an order 1-20,text,true,,381,167,29,29,https://petstore.swagger.io/v2/user/logout,139,0,0
1734216608691,210,POST /user,200,OK,User creates an order 1-20,text,true,,382,391,29,29,https://petstore.swagger.io/v2/user,210,0,0
1734216608762,175,POST /store/order,200,OK,User creates an order 1-23,text,true,,453,313,29,29,https://petstore.swagger.io/v2/store/order,175,0,0
1734216608937,152,GET /user/logout,200,OK,User creates an order 1-23,text,true,,381,167,29,29,https://petstore.swagger.io/v2/user/logout,152,0,0
1734216608963,144,GET /user/login,200,OK,User creates an order 1-19,text,true,,482,216,29,29,https://petstore.swagger.io/v2/user/login?username=hchateletk&password=iP1%7E%25y000Nef66WB,142,0,0
1734216609090,157,POST /user,200,OK,User creates an order 1-23,text,true,,382,381,29,29,https://petstore.swagger.io/v2/user,157,0,0
1734216609086,177,POST /store/order,200,OK,User creates an order 1-26,text,true,,453,313,29,29,https://petstore.swagger.io/v2/store/order,177,0,0
1734216609263,147,GET /user/logout,200,OK,User creates an order 1-26,text,true,,381,167,29,29,https://petstore.swagger.io/v2/user/logout,147,0,0
1734216609410,157,POST /user,200,OK,User creates an order 1-26,text,true,,382,386,29,29,https://petstore.swagger.io/v2/user,157,0,0
1734216609473,160,POST /store/order,200,OK,User creates an order 1-29,text,true,,454,314,29,29,https://petstore.swagger.io/v2/store/order,160,0,0
1734216609633,142,GET /user/logout,200,OK,User creates an order 1-29,text,true,,381,167,30,30,https://petstore.swagger.io/v2/user/logout,142,0,0
1734216609635,150,GET /user/login,200,OK,User creates an order 1-22,text,true,,482,212,30,30,https://petstore.swagger.io/v2/user/login?username=eodoneganl&password=qS1%3F%40%27H9BD,150,0,0
1734216609775,141,POST /user,200,OK,User creates an order 1-29,text,true,,382,392,30,30,https://petstore.swagger.io/v2/user,141,0,0
1734216609783,137,GET /user/login,200,OK,User creates an order 1-25,text,true,,482,206,30,30,https://petstore.swagger.io/v2/user/login?username=idecullipm&password=mU5%28EK*n,137,0,0
1734216609956,155,GET /user/login,200,OK,User creates an order 1-28,text,true,,482,223,30,30,https://petstore.swagger.io/v2/user/login?username=bcasselso&password=tK0%27%3DR%40k%23r%24%3Dt%27,155,0,0
1734216609663,597,POST /user,200,OK,User creates an order 1-32,text,true,,382,374,30,30,https://petstore.swagger.io/v2/user,597,0,447
1734216610205,161,POST /store/order,200,OK,User creates an order 1-3,text,true,,452,312,30,30,https://petstore.swagger.io/v2/store/order,161,0,0
1734216610220,162,POST /store/order,200,OK,User creates an order 1-6,text,true,,453,313,30,30,https://petstore.swagger.io/v2/store/order,162,0,0
1734216610236,152,POST /store/order,200,OK,User creates an order 1-9,text,true,,454,314,30,30,https://petstore.swagger.io/v2/store/order,150,0,0
1734216610282,146,GET /user/login,200,OK,User creates an order 1-31,text,true,,482,207,30,30,https://petstore.swagger.io/v2/user/login?username=lgosenelln&password=wR3x%256%7E,146,0,0
1734216610366,141,GET /user/logout,200,OK,User creates an order 1-3,text,true,,381,167,30,30,https://petstore.swagger.io/v2/user/logout,140,0,0
1734216610388,139,GET /user/logout,200,OK,User creates an order 1-9,text,true,,381,167,29,29,https://petstore.swagger.io/v2/user/logout,139,0,0
1734216610382,149,GET /user/logout,200,OK,User creates an order 1-6,text,true,,381,167,29,29,https://petstore.swagger.io/v2/user/logout,149,0,0
1734216610003,589,POST /store/order,200,OK,User creates an order 1-12,text,true,,454,314,29,29,https://petstore.swagger.io/v2/store/order,589,0,446
1734216610468,148,GET /user/login,200,OK,User creates an order 1-5,text,true,,482,203,29,29,https://petstore.swagger.io/v2/user/login?username=cgippp&password=mS4%23uvS1Y,148,0,0
1734216610484,136,GET /user/login,200,OK,User creates an order 1-8,text,true,,482,216,29,29,https://petstore.swagger.io/v2/user/login?username=cmarchandq&password=xA0%609b3V%21E%7EX07,136,0,0
1734216610528,148,POST /user,200,OK,User creates an order 1-9,text,true,,382,396,29,29,https://petstore.swagger.io/v2/user,148,0,0
1734216610532,149,POST /user,200,OK,User creates an order 1-6,text,true,,382,396,29,29,https://petstore.swagger.io/v2/user,149,0,0
1734216610531,173,POST /store/order,200,OK,User creates an order 1-15,text,true,,453,313,29,29,https://petstore.swagger.io/v2/store/order,173,0,0
1734216610592,148,GET /user/logout,200,OK,User creates an order 1-12,text,true,,381,167,29,29,https://petstore.swagger.io/v2/user/logout,148,0,0
1734216610704,155,GET /user/logout,200,OK,User creates an order 1-15,text,true,,381,167,29,29,https://petstore.swagger.io/v2/user/logout,155,0,0
1734216610740,150,POST /user,200,OK,User creates an order 1-12,text,true,,382,388,29,29,https://petstore.swagger.io/v2/user,149,0,0
1734216610859,145,POST /user,200,OK,User creates an order 1-15,text,true,,382,400,29,29,https://petstore.swagger.io/v2/user,145,0,0
1734216611013,176,GET /user/login,200,OK,User creates an order 1-11,text,true,,482,212,29,29,https://petstore.swagger.io/v2/user/login?username=tpregelr&password=wD5%40T9%29Ab3xddK,176,0,0
1734216611199,158,GET /user/login,200,OK,User creates an order 1-14,text,true,,482,216,29,29,https://petstore.swagger.io/v2/user/login?username=ckinnards&password=jI3%3DS2y%3EZn%7C3q5Y,158,0,0
1734216611637,192,POST /store/order,200,OK,User creates an order 1-18,text,true,,453,313,29,29,https://petstore.swagger.io/v2/store/order,192,0,0
1734216611664,165,GET /user/login,200,OK,User creates an order 1-17,text,true,,482,209,29,29,https://petstore.swagger.io/v2/user/login?username=msprullst&password=wH7%23xAl%29L1,165,0,0
1734216611629,200,POST /store/order,200,OK,User creates an order 1-24,text,true,,453,313,29,29,https://petstore.swagger.io/v2/store/order,200,0,0
1734216611639,192,POST /store/order,200,OK,User creates an order 1-21,text,true,,453,313,29,29,https://petstore.swagger.io/v2/store/order,190,0,0
1734216611829,147,GET /user/logout,200,OK,User creates an order 1-24,text,true,,381,167,29,29,https://petstore.swagger.io/v2/user/logout,147,0,0
1734216611829,156,GET /user/logout,200,OK,User creates an order 1-18,text,true,,381,167,29,29,https://petstore.swagger.io/v2/user/logout,156,0,0
1734216611831,156,GET /user/logout,200,OK,User creates an order 1-21,text,true,,381,167,29,29,https://petstore.swagger.io/v2/user/logout,156,0,0
1734216611912,150,GET /user/login,200,OK,User creates an order 1-20,text,true,,482,208,29,29,https://petstore.swagger.io/v2/user/login?username=pmarzelleu&password=eP3%25ZrnEi9,149,0,0
1734216611977,148,POST /user,200,OK,User creates an order 1-24,text,true,,382,398,29,29,https://petstore.swagger.io/v2/user,148,0,0
1734216611986,156,POST /user,200,OK,User creates an order 1-18,text,true,,382,396,29,29,https://petstore.swagger.io/v2/user,156,0,0
1734216611988,157,POST /user,200,OK,User creates an order 1-21,text,true,,382,399,29,29,https://petstore.swagger.io/v2/user,157,0,0
1734216612221,169,POST /store/order,200,OK,User creates an order 1-27,text,true,,452,312,29,29,https://petstore.swagger.io/v2/store/order,169,0,0
1734216612249,152,GET /user/login,200,OK,User creates an order 1-23,text,true,,482,212,29,29,https://petstore.swagger.io/v2/user/login?username=gsperav&password=kM0%26%3D*%3D%2Bfzf,152,0,0
1734216612390,156,GET /user/logout,200,OK,User creates an order 1-27,text,true,,381,167,29,29,https://petstore.swagger.io/v2/user/logout,156,0,0
1734216612392,162,POST /store/order,200,OK,User creates an order 1-30,text,true,,453,313,29,29,https://petstore.swagger.io/v2/store/order,159,0,0
1734216612408,158,POST /store/order,200,OK,User creates an order 1-4,text,true,,453,313,29,29,https://petstore.swagger.io/v2/store/order,155,0,0
1734216612546,151,POST /user,200,OK,User creates an order 1-27,text,true,,382,376,30,30,https://petstore.swagger.io/v2/user,151,0,0
1734216612554,147,GET /user/logout,200,OK,User creates an order 1-30,text,true,,381,167,30,30,https://petstore.swagger.io/v2/user/logout,147,0,0
1734216612566,147,GET /user/logout,200,OK,User creates an order 1-4,text,true,,381,167,30,30,https://petstore.swagger.io/v2/user/logout,147,0,0
1734216612569,170,GET /user/login,200,OK,User creates an order 1-26,text,true,,482,208,29,29,https://petstore.swagger.io/v2/user/login?username=lhighwoodw&password=hJ2_fSsso*3P,170,0,0
1734216612701,128,POST /user,500,Server Error,User creates an order 1-30,text,false,,411,393,29,29,https://petstore.swagger.io/v2/user,128,0,0
1734216612918,147,GET /user/login,200,OK,User creates an order 1-29,text,true,,482,214,29,29,https://petstore.swagger.io/v2/user/login?username=ksharpery&password=fH7%60%3Eh%2B%60oFC,147,0,0
1734216612663,604,POST /user,200,OK,User creates an order 1-33,text,true,,382,389,29,29,https://petstore.swagger.io/v2/user,604,0,448
1734216613273,147,GET /user/login,200,OK,User creates an order 1-32,text,true,,482,200,29,29,https://petstore.swagger.io/v2/user/login?username=gchrispx&password=tB2%3F,147,0,0
1734216613320,167,POST /store/order,200,OK,User creates an order 1-7,text,true,,453,313,29,29,https://petstore.swagger.io/v2/store/order,167,0,0
1734216613397,153,POST /store/order,200,OK,User creates an order 1-16,text,true,,454,314,29,29,https://petstore.swagger.io/v2/store/order,153,0,0
1734216613487,141,GET /user/logout,200,OK,User creates an order 1-7,text,true,,381,167,29,29,https://petstore.swagger.io/v2/user/logout,141,0,0
1734216613550,152,GET /user/logout,200,OK,User creates an order 1-16,text,true,,381,167,29,29,https://petstore.swagger.io/v2/user/logout,152,0,0
1734216613553,165,POST /store/order,200,OK,User creates an order 1-10,text,true,,453,313,29,29,https://petstore.swagger.io/v2/store/order,165,0,0
1734216613628,138,POST /user,500,Server Error,User creates an order 1-7,text,false,,411,400,29,29,https://petstore.swagger.io/v2/user,138,0,0
1734216613691,133,GET /user/login,200,OK,User creates an order 1-6,text,true,,482,212,29,29,https://petstore.swagger.io/v2/user/login?username=tgelland10&password=tS4%7C5BYba%3DAu,133,0,0
1734216613691,137,GET /user/login,200,OK,User creates an order 1-9,text,true,,482,212,29,29,https://petstore.swagger.io/v2/user/login?username=pshirlandz&password=fZ0%2Bbmtr%7EBJq,137,0,0
1734216613702,141,POST /user,200,OK,User creates an order 1-16,text,true,,382,402,29,29,https://petstore.swagger.io/v2/user,141,0,0
1734216613228,621,POST /store/order,200,OK,User creates an order 1-13,text,true,,453,313,29,29,https://petstore.swagger.io/v2/store/order,621,0,471
1734216613718,141,GET /user/logout,200,OK,User creates an order 1-10,text,true,,381,167,29,29,https://petstore.swagger.io/v2/user/logout,141,0,0
1734216613860,169,POST /user,200,OK,User creates an order 1-10,text,true,,382,399,29,29,https://petstore.swagger.io/v2/user,169,0,0
1734216613849,183,GET /user/logout,200,OK,User creates an order 1-13,text,true,,381,167,29,29,https://petstore.swagger.io/v2/user/logout,180,0,0
1734216613895,147,GET /user/login,200,OK,User creates an order 1-12,text,true,,482,212,29,29,https://petstore.swagger.io/v2/user/login?username=eromaint11&password=nU6%23A%28CYRDyZ,147,0,0
1734216614018,154,GET /user/login,200,OK,User creates an order 1-15,text,true,,482,220,29,29,https://petstore.swagger.io/v2/user/login?username=sdaltrey12&password=gQ8%29MuckGsRf_%26%60%27,153,0,0
1734216614032,144,POST /user,200,OK,User creates an order 1-13,text,true,,382,410,29,29,https://petstore.swagger.io/v2/user,143,0,0
1734216614111,167,POST /store/order,200,OK,User creates an order 1-19,text,true,,454,314,29,29,https://petstore.swagger.io/v2/store/order,167,0,0
1734216614278,152,GET /user/logout,200,OK,User creates an order 1-19,text,true,,381,167,29,29,https://petstore.swagger.io/v2/user/logout,152,0,0
1734216614430,160,POST /user,200,OK,User creates an order 1-19,text,true,,382,404,29,29,https://petstore.swagger.io/v2/user,160,0,0
1734216614791,177,POST /store/order,200,OK,User creates an order 1-22,text,true,,453,313,29,29,https://petstore.swagger.io/v2/store/order,177,0,0
1734216614930,151,POST /store/order,200,OK,User creates an order 1-25,text,true,,453,313,29,29,https://petstore.swagger.io/v2/store/order,151,0,0
1734216614969,149,GET /user/logout,200,OK,User creates an order 1-22,text,true,,381,167,29,29,https://petstore.swagger.io/v2/user/logout,148,0,0
1734216615081,139,GET /user/logout,200,OK,User creates an order 1-25,text,true,,381,167,29,29,https://petstore.swagger.io/v2/user/logout,139,0,0
1734216615131,137,GET /user/login,200,OK,User creates an order 1-24,text,true,,482,218,29,29,https://petstore.swagger.io/v2/user/login?username=thurlston13&password=pO6%3FE8x%24%3Fs%293S,137,0,0
1734216615116,157,POST /store/order,200,OK,User creates an order 1-28,text,true,,452,312,29,29,https://petstore.swagger.io/v2/store/order,157,0,0
1734216615118,157,POST /user,200,OK,User creates an order 1-22,text,true,,382,387,29,29,https://petstore.swagger.io/v2/user,157,0,0
1734216615147,141,GET /user/login,200,OK,User creates an order 1-18,text,true,,482,216,29,29,https://petstore.swagger.io/v2/user/login?username=tmemmory14&password=oY7%25A1OL.0A5Po%261,141,0,0
1734216615147,143,GET /user/login,200,OK,User creates an order 1-21,text,true,,482,213,29,29,https://petstore.swagger.io/v2/user/login?username=klairdcraig15&password=lJ9.%3Dk%7E7eG,143,0,0
1734216615220,148,POST /user,200,OK,User creates an order 1-25,text,true,,382,388,29,29,https://petstore.swagger.io/v2/user,148,0,0
1734216615273,151,GET /user/logout,200,OK,User creates an order 1-28,text,true,,381,167,29,29,https://petstore.swagger.io/v2/user/logout,151,0,0
1734216615424,151,POST /user,200,OK,User creates an order 1-28,text,true,,382,399,29,29,https://petstore.swagger.io/v2/user,151,0,0
1734216615443,164,POST /store/order,200,OK,User creates an order 1-31,text,true,,454,314,29,29,https://petstore.swagger.io/v2/store/order,164,0,0
1734216615607,152,GET /user/logout,200,OK,User creates an order 1-31,text,true,,381,167,30,30,https://petstore.swagger.io/v2/user/logout,152,0,0
1734216615630,149,POST /store/order,200,OK,User creates an order 1-8,text,true,,452,312,30,30,https://petstore.swagger.io/v2/store/order,149,0,0
1734216615630,155,POST /store/order,200,OK,User creates an order 1-5,text,true,,453,313,30,30,https://petstore.swagger.io/v2/store/order,155,0,0
1734216615707,152,GET /user/login,200,OK,User creates an order 1-27,text,true,,482,196,30,30,https://petstore.swagger.io/v2/user/login?username=bmaes16&password=kG8,152,0,0
1734216615759,149,POST /user,200,OK,User creates an order 1-31,text,true,,382,387,30,30,https://petstore.swagger.io/v2/user,148,0,0
1734216615779,142,GET /user/logout,200,OK,User creates an order 1-8,text,true,,381,167,30,30,https://petstore.swagger.io/v2/user/logout,142,0,0
1734216615785,142,GET /user/logout,200,OK,User creates an order 1-5,text,true,,381,167,30,30,https://petstore.swagger.io/v2/user/logout,142,0,0
1734216615832,135,GET /user/login,200,OK,User creates an order 1-30,text,true,,482,211,29,29,https://petstore.swagger.io/v2/user/login?username=bdredge18&password=jU8%5C6Z%24koAJ4,135,0,0
1734216615921,139,POST /user,500,Server Error,User creates an order 1-8,text,false,,411,394,29,29,https://petstore.swagger.io/v2/user,139,0,0
1734216615661,616,POST /user,200,OK,User creates an order 1-34,text,true,,382,403,29,29,https://petstore.swagger.io/v2/user,616,0,454
1734216616204,160,POST /store/order,200,OK,User creates an order 1-11,text,true,,454,314,29,29,https://petstore.swagger.io/v2/store/order,160,0,0
1734216616281,144,GET /user/login,200,OK,User creates an order 1-33,text,true,,482,209,29,29,https://petstore.swagger.io/v2/user/login?username=lelfe17&password=mW8%7BgZn4dj0%3C,144,0,0
1734216616364,147,GET /user/logout,200,OK,User creates an order 1-11,text,true,,381,167,29,29,https://petstore.swagger.io/v2/user/logout,147,0,0
1734216616511,167,POST /user,200,OK,User creates an order 1-11,text,true,,382,386,29,29,https://petstore.swagger.io/v2/user,159,0,0
1734216616778,140,GET /user/login,200,OK,User creates an order 1-7,text,true,,482,217,29,29,https://petstore.swagger.io/v2/user/login?username=jcaccavella19&password=hF3%3E.l%5CG9%2B_n,140,0,0
1734216616359,601,POST /store/order,200,OK,User creates an order 1-14,text,true,,454,314,29,29,https://petstore.swagger.io/v2/store/order,601,0,452
1734216616856,152,GET /user/login,200,OK,User creates an order 1-16,text,true,,482,217,29,29,https://petstore.swagger.io/v2/user/login?username=cbettaney1a&password=fN0%7CIK%3CFj3a1%29U,152,0,0
1734216616840,170,POST /store/order,200,OK,User creates an order 1-17,text,true,,453,313,29,29,https://petstore.swagger.io/v2/store/order,168,0,0
1734216616959,142,GET /user/logout,200,OK,User creates an order 1-14,text,true,,381,167,29,29,https://petstore.swagger.io/v2/user/logout,142,0,0
1734216617009,156,GET /user/logout,200,OK,User creates an order 1-17,text,true,,381,167,29,29,https://petstore.swagger.io/v2/user/logout,156,0,0
1734216617040,138,GET /user/login,200,OK,User creates an order 1-10,text,true,,482,212,29,29,https://petstore.swagger.io/v2/user/login?username=rmckeveney1b&password=xU7%60y%7BT%27,138,0,0
1734216617101,137,POST /user,500,Server Error,User creates an order 1-14,text,false,,411,382,29,29,https://petstore.swagger.io/v2/user,137,0,0
1734216617071,177,POST /store/order,200,OK,User creates an order 1-20,text,true,,451,311,29,29,https://petstore.swagger.io/v2/store/order,176,0,0
1734216617165,142,POST /user,200,OK,User creates an order 1-17,text,true,,382,417,29,29,https://petstore.swagger.io/v2/user,142,0,0
1734216617178,147,GET /user/login,200,OK,User creates an order 1-13,text,true,,482,212,29,29,https://petstore.swagger.io/v2/user/login?username=rclemenceau1c&password=lC9TY%3ETA5wD,147,0,0
1734216617248,142,GET /user/logout,200,OK,User creates an order 1-20,text,true,,381,167,29,29,https://petstore.swagger.io/v2/user/logout,142,0,0
1734216617390,158,POST /user,200,OK,User creates an order 1-20,text,true,,382,384,29,29,https://petstore.swagger.io/v2/user,158,0,0
1734216617401,158,POST /store/order,200,OK,User creates an order 1-23,text,true,,454,314,29,29,https://petstore.swagger.io/v2/store/order,158,0,0
1734216617559,150,GET /user/logout,200,OK,User creates an order 1-23,text,true,,381,167,29,29,https://petstore.swagger.io/v2/user/logout,150,0,0
1734216617594,141,GET /user/login,200,OK,User creates an order 1-19,text,true,,482,221,29,29,https://petstore.swagger.io/v2/user/login?username=ipetrenko1d&password=mS5%40_LU%27NsW%7E1m%29c,141,0,0
1734216617709,159,POST /user,200,OK,User creates an order 1-23,text,true,,382,393,29,29,https://petstore.swagger.io/v2/user,159,0,0
1734216617748,162,POST /store/order,200,OK,User creates an order 1-26,text,true,,452,312,29,29,https://petstore.swagger.io/v2/store/order,162,0,0
1734216617910,159,GET /user/logout,200,OK,User creates an order 1-26,text,true,,381,167,29,29,https://petstore.swagger.io/v2/user/logout,159,0,0
1734216618069,160,POST /user,200,OK,User creates an order 1-26,text,true,,382,394,29,29,https://petstore.swagger.io/v2/user,160,0,0
1734216618072,167,POST /store/order,200,OK,User creates an order 1-29,text,true,,453,313,29,29,https://petstore.swagger.io/v2/store/order,167,0,0
1734216618239,136,GET /user/logout,200,OK,User creates an order 1-29,text,true,,381,167,29,29,https://petstore.swagger.io/v2/user/logout,136,0,0
1734216618275,153,GET /user/login,200,OK,User creates an order 1-22,text,true,,482,205,29,29,https://petstore.swagger.io/v2/user/login?username=aleyes0&password=zU7%3EtXt%23,153,0,0
1734216618368,140,GET /user/login,200,OK,User creates an order 1-25,text,true,,482,210,29,29,https://petstore.swagger.io/v2/user/login?username=tvasyanin1&password=gX5_J%29%3E0jX,140,0,0
1734216618375,154,POST /user,200,OK,User creates an order 1-29,text,true,,382,382,29,29,https://petstore.swagger.io/v2/user,154,0,0
1734216618426,143,POST /store/order,200,OK,User creates an order 1-32,text,true,,453,313,29,29,https://petstore.swagger.io/v2/store/order,143,0,0
1734216618569,132,GET /user/logout,200,OK,User creates an order 1-32,text,true,,381,167,30,30,https://petstore.swagger.io/v2/user/logout,132,0,0
1734216618575,150,GET /user/login,200,OK,User creates an order 1-28,text,true,,482,211,30,30,https://petstore.swagger.io/v2/user/login?username=ghammerberg2&password=qP3%7D8X85bpB,150,0,0
1734216618701,147,POST /user,200,OK,User creates an order 1-32,text,true,,382,391,30,30,https://petstore.swagger.io/v2/user,147,0,0
1734216618828,154,POST /store/order,200,OK,User creates an order 1-6,text,true,,454,314,30,30,https://petstore.swagger.io/v2/store/order,154,0,0
1734216618828,158,POST /store/order,200,OK,User creates an order 1-9,text,true,,453,313,30,30,https://petstore.swagger.io/v2/store/order,158,0,0
1734216618920,149,GET /user/login,200,OK,User creates an order 1-31,text,true,,482,207,30,30,https://petstore.swagger.io/v2/user/login?username=lnanni4&password=vM4%27lceR1NEz,149,0,0
1734216618987,193,GET /user/logout,200,OK,User creates an order 1-9,text,true,,381,167,30,30,https://petstore.swagger.io/v2/user/logout,193,0,0
1734216618982,201,GET /user/logout,200,OK,User creates an order 1-6,text,true,,381,167,30,30,https://petstore.swagger.io/v2/user/logout,201,0,0
1734216619059,150,GET /user/login,200,OK,User creates an order 1-8,text,true,,482,218,29,29,https://petstore.swagger.io/v2/user/login?username=dtomisch5&password=rG0%3E2%26%40%5C%3FDuZ5,150,0,0
1734216619044,166,POST /store/order,200,OK,User creates an order 1-12,text,true,,453,313,29,29,https://petstore.swagger.io/v2/store/order,166,0,0
1734216619180,139,POST /user,200,OK,User creates an order 1-9,text,true,,382,393,29,29,https://petstore.swagger.io/v2/user,139,0,0
1734216618657,673,POST /user,200,OK,User creates an order 1-35,text,true,,382,397,29,29,https://petstore.swagger.io/v2/user,673,0,525
1734216619210,148,GET /user/logout,200,OK,User creates an order 1-12,text,true,,381,167,29,29,https://petstore.swagger.io/v2/user/logout,147,0,0
1734216619290,150,GET /user/login,200,OK,User creates an order 1-34,text,true,,482,218,29,29,https://petstore.swagger.io/v2/user/login?username=llissandrini3&password=bR3.Gd%287XLPR%7CMy,150,0,0
1734216619358,144,POST /user,500,Server Error,User creates an order 1-12,text,false,,411,386,29,29,https://petstore.swagger.io/v2/user,144,0,0
1734216619181,567,POST /store/order,200,OK,User creates an order 1-15,text,true,,453,313,29,29,https://petstore.swagger.io/v2/store/order,567,0,427
1734216619691,141,GET /user/login,200,OK,User creates an order 1-11,text,true,,482,212,29,29,https://petstore.swagger.io/v2/user/login?username=ejarrold6&password=zC5%40%2892naM0c9,141,0,0
1734216619748,132,GET /user/logout,200,OK,User creates an order 1-15,text,true,,381,167,29,29,https://petstore.swagger.io/v2/user/logout,132,0,0
1734216619880,149,POST /user,200,OK,User creates an order 1-15,text,true,,382,402,29,29,https://petstore.swagger.io/v2/user,149,0,0
1734216620249,152,GET /user/login,200,OK,User creates an order 1-14,text,true,,482,206,29,29,https://petstore.swagger.io/v2/user/login?username=nheath7&password=lV8%28sS%5Cxz,152,0,0
1734216620267,167,POST /store/order,200,OK,User creates an order 1-24,text,true,,452,312,29,29,https://petstore.swagger.io/v2/store/order,166,0,0
1734216620310,159,GET /user/login,200,OK,User creates an order 1-17,text,true,,482,220,29,29,https://petstore.swagger.io/v2/user/login?username=lffrenchbeytagh8&password=sF0%21i7hU%24J94q_,157,0,0
1734216620288,181,POST /store/order,200,OK,User creates an order 1-18,text,true,,454,314,29,29,https://petstore.swagger.io/v2/store/order,181,0,0
1734216620290,180,POST /store/order,200,OK,User creates an order 1-21,text,true,,454,314,29,29,https://petstore.swagger.io/v2/store/order,180,0,0
1734216620434,134,GET /user/logout,200,OK,User creates an order 1-24,text,true,,381,167,29,29,https://petstore.swagger.io/v2/user/logout,134,0,0
1734216620469,147,GET /user/logout,200,OK,User creates an order 1-18,text,true,,381,167,29,29,https://petstore.swagger.io/v2/user/logout,147,0,0
1734216620471,147,GET /user/logout,200,OK,User creates an order 1-21,text,true,,381,167,29,29,https://petstore.swagger.io/v2/user/logout,147,0,0
1734216620568,138,POST /user,500,Server Error,User creates an order 1-24,text,false,,411,386,29,29,https://petstore.swagger.io/v2/user,138,0,0
1734216620557,155,GET /user/login,200,OK,User creates an order 1-20,text,true,,482,198,29,29,https://petstore.swagger.io/v2/user/login?username=spurnell9&password=yM7,152,0,0
1734216620616,161,POST /user,200,OK,User creates an order 1-18,text,true,,382,396,29,29,https://petstore.swagger.io/v2/user,161,0,0
1734216620618,167,POST /user,200,OK,User creates an order 1-21,text,true,,382,397,29,29,https://petstore.swagger.io/v2/user,167,0,0
1734216620866,170,POST /store/order,200,OK,User creates an order 1-27,text,true,,454,314,29,29,https://petstore.swagger.io/v2/store/order,170,0,0
1734216620882,155,GET /user/login,200,OK,User creates an order 1-23,text,true,,482,209,29,29,https://petstore.swagger.io/v2/user/login?username=icathralla&password=rK1*eQmJ%262R,155,0,0
1734216620974,154,POST /store/order,200,OK,User creates an order 1-30,text,true,,452,312,29,29,https://petstore.swagger.io/v2/store/order,154,0,0
1734216621036,143,GET /user/logout,200,OK,User creates an order 1-27,text,true,,381,167,29,29,https://petstore.swagger.io/v2/user/logout,143,0,0
1734216621129,128,GET /user/logout,200,OK,User creates an order 1-30,text,true,,381,167,29,29,https://petstore.swagger.io/v2/user/logout,128,0,0
1734216621179,157,POST /user,200,OK,User creates an order 1-27,text,true,,382,386,29,29,https://petstore.swagger.io/v2/user,157,0,0
1734216621230,150,GET /user/login,200,OK,User creates an order 1-26,text,true,,482,220,29,29,https://petstore.swagger.io/v2/user/login?username=pgilleyb&password=yA2%27NMzDElZ%21%2FX%60%60,150,0,0
1734216621257,139,POST /user,200,OK,User creates an order 1-30,text,true,,382,391,29,29,https://petstore.swagger.io/v2/user,139,0,0
1734216621439,163,POST /store/order,200,OK,User creates an order 1-33,text,true,,453,313,29,29,https://petstore.swagger.io/v2/store/order,163,0,0
1734216621530,205,GET /user/login,200,OK,User creates an order 1-29,text,true,,482,205,30,30,https://petstore.swagger.io/v2/user/login?username=dcrambc&password=sH9%29IB%24b,205,0,0
1734216621602,151,GET /user/logout,200,OK,User creates an order 1-33,text,true,,381,167,30,30,https://petstore.swagger.io/v2/user/logout,151,0,0
1734216621753,151,POST /user,200,OK,User creates an order 1-33,text,true,,382,395,30,30,https://petstore.swagger.io/v2/user,151,0,0
1734216621855,136,GET /user/login,200,OK,User creates an order 1-32,text,true,,482,210,30,30,https://petstore.swagger.io/v2/user/login?username=deppersone&password=zV3%3E%3Ca%27K,136,0,0
1734216621918,167,POST /store/order,200,OK,User creates an order 1-7,text,true,,454,314,30,30,https://petstore.swagger.io/v2/store/order,167,0,0
1734216622086,161,GET /user/logout,200,OK,User creates an order 1-7,text,true,,381,167,30,30,https://petstore.swagger.io/v2/user/logout,161,0,0
1734216621661,615,POST /user,200,OK,User creates an order 1-36,text,true,,382,393,29,29,https://petstore.swagger.io/v2/user,615,0,448
1734216622182,158,POST /store/order,200,OK,User creates an order 1-10,text,true,,452,312,29,29,https://petstore.swagger.io/v2/store/order,157,0,0
1734216622340,137,GET /user/logout,200,OK,User creates an order 1-10,text,true,,381,167,29,29,https://petstore.swagger.io/v2/user/logout,137,0,0
1734216622334,145,GET /user/login,200,OK,User creates an order 1-9,text,true,,482,210,29,29,https://petstore.swagger.io/v2/user/login?username=msallierf&password=fI2%28u%3Cki%23,145,0,0
1734216622334,147,GET /user/login,200,OK,User creates an order 1-35,text,true,,482,215,29,29,https://petstore.swagger.io/v2/user/login?username=jgolsthorpd&password=xT9%3DPpPag%3E%3Fx,147,0,0
1734216622334,167,POST /store/order,200,OK,User creates an order 1-13,text,true,,453,313,29,29,https://petstore.swagger.io/v2/store/order,167,0,0
1734216622477,134,POST /user,200,OK,User creates an order 1-10,text,true,,382,381,29,29,https://petstore.swagger.io/v2/user,134,0,0
1734216622010,605,POST /store/order,200,OK,User creates an order 1-16,text,true,,453,313,29,29,https://petstore.swagger.io/v2/store/order,605,0,462
1734216622505,138,GET /user/login,200,OK,User creates an order 1-12,text,true,,482,213,29,29,https://petstore.swagger.io/v2/user/login?username=fgaig&password=fI1%5CE%3DLqC%25.5%5CM,138,0,0
1734216622501,146,GET /user/logout,200,OK,User creates an order 1-13,text,true,,381,167,29,29,https://petstore.swagger.io/v2/user/logout,146,0,0
1734216622615,141,GET /user/logout,200,OK,User creates an order 1-16,text,true,,381,167,29,29,https://petstore.swagger.io/v2/user/logout,140,0,0
1734216622647,155,POST /user,200,OK,User creates an order 1-13,text,true,,382,402,29,29,https://petstore.swagger.io/v2/user,155,0,0
1734216622756,148,POST /user,200,OK,User creates an order 1-16,text,true,,382,388,29,29,https://petstore.swagger.io/v2/user,148,0,0
1734216622751,171,POST /store/order,200,OK,User creates an order 1-19,text,true,,453,313,29,29,https://petstore.swagger.io/v2/store/order,171,0,0
1734216622922,145,GET /user/logout,200,OK,User creates an order 1-19,text,true,,381,167,29,29,https://petstore.swagger.io/v2/user/logout,145,0,0
1734216623045,153,GET /user/login,200,OK,User creates an order 1-15,text,true,,482,228,29,29,https://petstore.swagger.io/v2/user/login?username=llivingstonh&password=pT1%29%2F%2BX%29%23G%3CjCG%3C2,153,0,0
1734216623067,156,POST /user,200,OK,User creates an order 1-19,text,true,,382,400,29,29,https://petstore.swagger.io/v2/user,156,0,0
1734216623431,171,POST /store/order,200,OK,User creates an order 1-22,text,true,,453,313,29,29,https://petstore.swagger.io/v2/store/order,171,0,0
1734216623509,141,POST /store/order,200,OK,User creates an order 1-25,text,true,,453,313,29,29,https://petstore.swagger.io/v2/store/order,141,0,0
1734216623602,146,GET /user/logout,200,OK,User creates an order 1-22,text,true,,381,167,29,29,https://petstore.swagger.io/v2/user/logout,146,0,0
1734216623650,140,GET /user/logout,200,OK,User creates an order 1-25,text,true,,381,167,29,29,https://petstore.swagger.io/v2/user/logout,140,0,0
1734216623712,137,GET /user/login,200,OK,User creates an order 1-24,text,true,,482,210,29,29,https://petstore.swagger.io/v2/user/login?username=eperilloi&password=cB5%2F%262Ip%5C,137,0,0
1734216623728,168,POST /store/order,200,OK,User creates an order 1-28,text,true,,453,313,29,29,https://petstore.swagger.io/v2/store/order,165,0,0
1734216623748,148,POST /user,200,OK,User creates an order 1-22,text,true,,382,403,29,29,https://petstore.swagger.io/v2/user,148,0,0
1734216623790,154,POST /user,200,OK,User creates an order 1-25,text,true,,382,391,29,29,https://petstore.swagger.io/v2/user,154,0,0
1734216623790,159,GET /user/login,200,OK,User creates an order 1-18,text,true,,482,213,29,29,https://petstore.swagger.io/v2/user/login?username=smatchettj&password=kW7%7DuxJ7%7C%27B,159,0,0
1734216623790,159,GET /user/login,200,OK,User creates an order 1-21,text,true,,482,216,29,29,https://petstore.swagger.io/v2/user/login?username=hchateletk&password=iP1%7E%25y000Nef66WB,159,0,0
1734216623896,140,GET /user/logout,200,OK,User creates an order 1-28,text,true,,381,167,29,29,https://petstore.swagger.io/v2/user/logout,140,0,0
1734216624036,148,POST /user,200,OK,User creates an order 1-28,text,true,,382,381,29,29,https://petstore.swagger.io/v2/user,148,0,0
1734216624085,164,POST /store/order,200,OK,User creates an order 1-31,text,true,,453,313,29,29,https://petstore.swagger.io/v2/store/order,164,0,0
1734216624224,157,POST /store/order,200,OK,User creates an order 1-8,text,true,,454,314,29,29,https://petstore.swagger.io/v2/store/order,157,0,0
1734216624249,147,GET /user/logout,200,OK,User creates an order 1-31,text,true,,381,167,29,29,https://petstore.swagger.io/v2/user/logout,147,0,0
1734216624338,150,GET /user/login,200,OK,User creates an order 1-27,text,true,,482,212,29,29,https://petstore.swagger.io/v2/user/login?username=eodoneganl&password=qS1%3F%40%27H9BD,150,0,0
1734216624381,148,GET /user/logout,200,OK,User creates an order 1-8,text,true,,381,167,29,29,https://petstore.swagger.io/v2/user/logout,148,0,0
1734216624398,143,GET /user/login,200,OK,User creates an order 1-30,text,true,,482,206,28,28,https://petstore.swagger.io/v2/user/login?username=idecullipm&password=mU5%28EK*n,143,0,0
1734216624396,156,POST /user,200,OK,User creates an order 1-31,text,true,,382,386,28,28,https://petstore.swagger.io/v2/user,156,0,0
1734216624454,164,POST /store/order,200,OK,User creates an order 1-34,text,true,,454,314,28,28,https://petstore.swagger.io/v2/store/order,164,0,0
1734216624618,160,GET /user/logout,200,OK,User creates an order 1-34,text,true,,381,167,29,29,https://petstore.swagger.io/v2/user/logout,160,0,0
1734216624778,158,POST /user,200,OK,User creates an order 1-34,text,true,,382,392,29,29,https://petstore.swagger.io/v2/user,158,0,0
1734216624840,162,POST /store/order,200,OK,User creates an order 1-11,text,true,,452,312,29,29,https://petstore.swagger.io/v2/store/order,162,0,0
1734216624918,147,GET /user/login,200,OK,User creates an order 1-33,text,true,,482,223,29,29,https://petstore.swagger.io/v2/user/login?username=bcasselso&password=tK0%27%3DR%40k%23r%24%3Dt%27,147,0,0
1734216625003,155,GET /user/logout,200,OK,User creates an order 1-11,text,true,,381,167,29,29,https://petstore.swagger.io/v2/user/logout,155,0,0
1734216624662,580,POST /user,200,OK,User creates an order 1-37,text,true,,382,374,29,29,https://petstore.swagger.io/v2/user,580,0,429
1734216625158,153,POST /user,200,OK,User creates an order 1-11,text,true,,382,396,29,29,https://petstore.swagger.io/v2/user,153,0,0
1734216625290,159,GET /user/login,200,OK,User creates an order 1-36,text,true,,482,207,29,29,https://petstore.swagger.io/v2/user/login?username=lgosenelln&password=wR3x%256%7E,159,0,0
1734216625413,167,POST /store/order,200,OK,User creates an order 1-14,text,true,,453,313,29,29,https://petstore.swagger.io/v2/store/order,167,0,0
1734216625580,158,GET /user/logout,200,OK,User creates an order 1-14,text,true,,381,167,29,29,https://petstore.swagger.io/v2/user/logout,158,0,0
1734216625615,146,GET /user/login,200,OK,User creates an order 1-10,text,true,,482,203,29,29,https://petstore.swagger.io/v2/user/login?username=cgippp&password=mS4%23uvS1Y,146,0,0
1734216625738,134,POST /user,200,OK,User creates an order 1-14,text,true,,382,396,29,29,https://petstore.swagger.io/v2/user,134,0,0
1734216625723,157,POST /store/order,200,OK,User creates an order 1-20,text,true,,453,313,29,29,https://petstore.swagger.io/v2/store/order,157,0,0
1734216625816,151,GET /user/login,200,OK,User creates an order 1-13,text,true,,482,216,29,29,https://petstore.swagger.io/v2/user/login?username=cmarchandq&password=xA0%609b3V%21E%7EX07,151,0,0
1734216625880,150,GET /user/logout,200,OK,User creates an order 1-20,text,true,,381,167,29,29,https://petstore.swagger.io/v2/user/logout,150,0,0
1734216625908,148,GET /user/login,200,OK,User creates an order 1-16,text,true,,482,212,29,29,https://petstore.swagger.io/v2/user/login?username=tpregelr&password=wD5%40T9%29Ab3xddK,148,0,0
1734216625476,614,POST /store/order,200,OK,User creates an order 1-17,text,true,,454,314,29,29,https://petstore.swagger.io/v2/store/order,614,0,453
1734216626030,160,POST /user,200,OK,User creates an order 1-20,text,true,,382,388,29,29,https://petstore.swagger.io/v2/user,159,0,0
1734216626046,154,POST /store/order,200,OK,User creates an order 1-23,text,true,,453,313,29,29,https://petstore.swagger.io/v2/store/order,154,0,0
1734216626090,144,GET /user/logout,200,OK,User creates an order 1-17,text,true,,381,167,29,29,https://petstore.swagger.io/v2/user/logout,144,0,0
1734216626200,151,GET /user/logout,200,OK,User creates an order 1-23,text,true,,381,167,29,29,https://petstore.swagger.io/v2/user/logout,151,0,0
1734216626234,148,POST /user,200,OK,User creates an order 1-17,text,true,,382,400,29,29,https://petstore.swagger.io/v2/user,148,0,0
1734216626234,152,GET /user/login,200,OK,User creates an order 1-19,text,true,,482,216,29,29,https://petstore.swagger.io/v2/user/login?username=ckinnards&password=jI3%3DS2y%3EZn%7C3q5Y,152,0,0
1734216626351,150,POST /user,200,OK,User creates an order 1-23,text,true,,382,398,29,29,https://petstore.swagger.io/v2/user,150,0,0
1734216626382,155,POST /store/order,200,OK,User creates an order 1-26,text,true,,453,313,29,29,https://petstore.swagger.io/v2/store/order,155,0,0
1734216626537,174,GET /user/logout,200,OK,User creates an order 1-26,text,true,,381,167,29,29,https://petstore.swagger.io/v2/user/logout,174,0,0
1734216626959,281,GET /user/login,200,OK,User creates an order 1-25,text,true,,482,208,29,29,https://petstore.swagger.io/v2/user/login?username=pmarzelleu&password=eP3%25ZrnEi9,281,0,0
1734216627005,236,POST /store/order,200,OK,User creates an order 1-32,text,true,,452,312,29,29,https://petstore.swagger.io/v2/store/order,236,0,0
1734216626743,504,POST /store/order,200,OK,User creates an order 1-29,text,true,,453,313,29,29,https://petstore.swagger.io/v2/store/order,504,0,0
1734216626898,350,GET /user/login,200,OK,User creates an order 1-22,text,true,,482,209,29,29,https://petstore.swagger.io/v2/user/login?username=msprullst&password=wH7%23xAl%29L1,350,0,0
1734216626711,540,POST /user,200,OK,User creates an order 1-26,text,true,,382,396,29,29,https://petstore.swagger.io/v2/user,540,0,0
1734216627190,146,GET /user/login,200,OK,User creates an order 1-28,text,true,,482,212,29,29,https://petstore.swagger.io/v2/user/login?username=gsperav&password=kM0%26%3D*%3D%2Bfzf,146,0,0
1734216627241,157,GET /user/logout,200,OK,User creates an order 1-32,text,true,,381,167,29,29,https://petstore.swagger.io/v2/user/logout,157,0,0
1734216627247,154,GET /user/logout,200,OK,User creates an order 1-29,text,true,,381,167,29,29,https://petstore.swagger.io/v2/user/logout,154,0,0
1734216627398,142,POST /user,200,OK,User creates an order 1-32,text,true,,382,399,29,29,https://petstore.swagger.io/v2/user,142,0,0
1734216627402,142,POST /user,200,OK,User creates an order 1-29,text,true,,382,376,29,29,https://petstore.swagger.io/v2/user,142,0,0
1734216627483,147,POST /store/order,200,OK,User creates an order 1-9,text,true,,453,313,29,29,https://petstore.swagger.io/v2/store/order,147,0,0
1734216627483,160,POST /store/order,200,OK,User creates an order 1-35,text,true,,453,313,29,29,https://petstore.swagger.io/v2/store/order,160,0,0
1734216627554,152,GET /user/login,200,OK,User creates an order 1-31,text,true,,482,208,30,30,https://petstore.swagger.io/v2/user/login?username=lhighwoodw&password=hJ2_fSsso*3P,152,0,0
1734216627630,148,GET /user/logout,200,OK,User creates an order 1-9,text,true,,381,167,30,30,https://petstore.swagger.io/v2/user/logout,148,0,0
1734216627643,153,GET /user/logout,200,OK,User creates an order 1-35,text,true,,381,167,29,29,https://petstore.swagger.io/v2/user/logout,153,0,0
1734216627654,159,POST /store/order,200,OK,User creates an order 1-12,text,true,,453,313,29,29,https://petstore.swagger.io/v2/store/order,144,0,0
1734216627796,165,POST /user,500,Server Error,User creates an order 1-35,text,false,,411,393,29,29,https://petstore.swagger.io/v2/user,165,0,0
1734216627813,162,GET /user/logout,200,OK,User creates an order 1-12,text,true,,381,167,29,29,https://petstore.swagger.io/v2/user/logout,162,0,0
1734216627948,152,GET /user/login,200,OK,User creates an order 1-34,text,true,,482,214,29,29,https://petstore.swagger.io/v2/user/login?username=ksharpery&password=fH7%60%3Eh%2B%60oFC,152,0,0
1734216627975,145,POST /user,500,Server Error,User creates an order 1-12,text,false,,411,400,29,29,https://petstore.swagger.io/v2/user,145,0,0
1734216627660,598,POST /user,200,OK,User creates an order 1-38,text,true,,382,389,29,29,https://petstore.swagger.io/v2/user,598,0,457
1734216628210,163,POST /store/order,200,OK,User creates an order 1-15,text,true,,453,313,29,29,https://petstore.swagger.io/v2/store/order,163,0,0
1734216628256,139,GET /user/login,200,OK,User creates an order 1-37,text,true,,482,200,29,29,https://petstore.swagger.io/v2/user/login?username=gchrispx&password=tB2%3F,139,0,0
1734216628317,145,GET /user/login,200,OK,User creates an order 1-11,text,true,,482,212,29,29,https://petstore.swagger.io/v2/user/login?username=pshirlandz&password=fZ0%2Bbmtr%7EBJq,145,0,0
1734216628374,145,GET /user/logout,200,OK,User creates an order 1-15,text,true,,381,167,29,29,https://petstore.swagger.io/v2/user/logout,145,0,0
1734216628519,150,POST /user,200,OK,User creates an order 1-15,text,true,,382,402,29,29,https://petstore.swagger.io/v2/user,150,0,0
1734216628857,172,POST /store/order,200,OK,User creates an order 1-24,text,true,,454,314,29,29,https://petstore.swagger.io/v2/store/order,172,0,0
1734216628872,167,GET /user/login,200,OK,User creates an order 1-14,text,true,,482,212,29,29,https://petstore.swagger.io/v2/user/login?username=tgelland10&password=tS4%7C5BYba%3DAu,167,0,0
1734216628950,176,POST /store/order,200,OK,User creates an order 1-21,text,true,,454,314,29,29,https://petstore.swagger.io/v2/store/order,176,0,0
1734216629029,129,GET /user/logout,200,OK,User creates an order 1-24,text,true,,381,167,29,29,https://petstore.swagger.io/v2/user/logout,129,0,0
1734216629126,154,GET /user/logout,200,OK,User creates an order 1-21,text,true,,381,167,29,29,https://petstore.swagger.io/v2/user/logout,154,0,0
1734216629158,150,POST /user,200,OK,User creates an order 1-24,text,true,,382,399,29,29,https://petstore.swagger.io/v2/user,149,0,0
1734216629196,145,GET /user/login,200,OK,User creates an order 1-20,text,true,,482,212,29,29,https://petstore.swagger.io/v2/user/login?username=eromaint11&password=nU6%23A%28CYRDyZ,145,0,0
1734216629542,208,POST /store/order,200,OK,User creates an order 1-30,text,true,,453,313,29,29,https://petstore.swagger.io/v2/store/order,207,0,0
1734216629383,372,GET /user/login,200,OK,User creates an order 1-17,text,true,,482,220,29,29,https://petstore.swagger.io/v2/user/login?username=sdaltrey12&password=gQ8%29MuckGsRf_%26%60%27,372,0,0
1734216629489,277,POST /store/order,200,OK,User creates an order 1-27,text,true,,453,313,29,29,https://petstore.swagger.io/v2/store/order,276,0,0
1734216629506,260,GET /user/login,200,OK,User creates an order 1-23,text,true,,482,218,29,29,https://petstore.swagger.io/v2/user/login?username=thurlston13&password=pO6%3FE8x%24%3Fs%293S,260,0,0
1734216629280,486,POST /user,200,OK,User creates an order 1-21,text,true,,382,410,29,29,https://petstore.swagger.io/v2/user,486,0,0
1734216629750,530,GET /user/logout,200,OK,User creates an order 1-30,text,true,,381,167,29,29,https://petstore.swagger.io/v2/user/logout,530,0,0
1734216628950,1331,POST /store/order,200,OK,User creates an order 1-18,text,true,,453,313,29,29,https://petstore.swagger.io/v2/store/order,1331,0,802
1734216630076,213,POST /store/order,200,OK,User creates an order 1-33,text,true,,452,312,29,29,https://petstore.swagger.io/v2/store/order,210,0,0
1734216629766,523,GET /user/logout,200,OK,User creates an order 1-27,text,true,,381,167,29,29,https://petstore.swagger.io/v2/user/logout,523,0,0
1734216630263,147,GET /user/login,200,OK,User creates an order 1-26,text,true,,482,216,29,29,https://petstore.swagger.io/v2/user/login?username=tmemmory14&password=oY7%25A1OL.0A5Po%261,147,0,0
1734216630281,145,POST /user,200,OK,User creates an order 1-30,text,true,,382,404,29,29,https://petstore.swagger.io/v2/user,145,0,0
1734216630281,149,GET /user/logout,200,OK,User creates an order 1-18,text,true,,381,167,29,29,https://petstore.swagger.io/v2/user/logout,149,0,0
1734216630289,145,GET /user/logout,200,OK,User creates an order 1-33,text,true,,381,167,29,29,https://petstore.swagger.io/v2/user/logout,145,0,0
1734216630289,149,POST /user,200,OK,User creates an order 1-27,text,true,,382,387,29,29,https://petstore.swagger.io/v2/user,147,0,0
1734216630430,143,POST /user,200,OK,User creates an order 1-18,text,true,,382,388,29,29,https://petstore.swagger.io/v2/user,143,0,0
1734216630434,142,POST /user,200,OK,User creates an order 1-33,text,true,,382,399,29,29,https://petstore.swagger.io/v2/user,142,0,0
1734216630463,158,POST /store/order,200,OK,User creates an order 1-36,text,true,,454,314,29,29,https://petstore.swagger.io/v2/store/order,158,0,0
1734216630541,139,GET /user/login,200,OK,User creates an order 1-32,text,true,,482,213,30,30,https://petstore.swagger.io/v2/user/login?username=klairdcraig15&password=lJ9.%3Dk%7E7eG,139,0,0
1734216630544,142,GET /user/login,200,OK,User creates an order 1-29,text,true,,482,196,30,30,https://petstore.swagger.io/v2/user/login?username=bmaes16&password=kG8,142,0,0
1734216630621,157,GET /user/logout,200,OK,User creates an order 1-36,text,true,,381,167,30,30,https://petstore.swagger.io/v2/user/logout,157,0,0
1734216630779,150,POST /user,200,OK,User creates an order 1-36,text,true,,382,387,30,30,https://petstore.swagger.io/v2/user,150,0,0
1734216630772,161,POST /store/order,200,OK,User creates an order 1-10,text,true,,453,313,30,30,https://petstore.swagger.io/v2/store/order,161,0,0
1734216630933,137,GET /user/logout,200,OK,User creates an order 1-10,text,true,,381,167,30,30,https://petstore.swagger.io/v2/user/logout,137,0,0
1734216630972,138,GET /user/login,200,OK,User creates an order 1-35,text,true,,482,211,29,29,https://petstore.swagger.io/v2/user/login?username=bdredge18&password=jU8%5C6Z%24koAJ4,138,0,0
1734216630972,153,POST /store/order,200,OK,User creates an order 1-13,text,true,,452,312,29,29,https://petstore.swagger.io/v2/store/order,153,0,0
1734216631064,160,POST /store/order,200,OK,User creates an order 1-16,text,true,,454,314,29,29,https://petstore.swagger.io/v2/store/order,159,0,0
1734216630658,601,POST /user,200,OK,User creates an order 1-39,text,true,,382,403,29,29,https://petstore.swagger.io/v2/user,601,0,458
1734216631126,137,GET /user/login,200,OK,User creates an order 1-12,text,true,,482,217,29,29,https://petstore.swagger.io/v2/user/login?username=jcaccavella19&password=hF3%3E.l%5CG9%2B_n,137,0,0
1734216631125,141,GET /user/logout,200,OK,User creates an order 1-13,text,true,,381,167,29,29,https://petstore.swagger.io/v2/user/logout,141,0,0
1734216631224,142,GET /user/logout,200,OK,User creates an order 1-16,text,true,,381,167,29,29,https://petstore.swagger.io/v2/user/logout,142,0,0
1734216631264,142,GET /user/login,200,OK,User creates an order 1-38,text,true,,482,209,29,29,https://petstore.swagger.io/v2/user/login?username=lelfe17&password=mW8%7BgZn4dj0%3C,142,0,0
1734216631266,147,POST /user,500,Server Error,User creates an order 1-13,text,false,,411,394,29,29,https://petstore.swagger.io/v2/user,147,0,0
1734216631366,140,POST /user,200,OK,User creates an order 1-16,text,true,,382,386,29,29,https://petstore.swagger.io/v2/user,140,0,0
1734216631680,131,GET /user/login,200,OK,User creates an order 1-15,text,true,,482,217,29,29,https://petstore.swagger.io/v2/user/login?username=cbettaney1a&password=fN0%7CIK%3CFj3a1%29U,131,0,0
1734216631387,661,POST /store/order,200,OK,User creates an order 1-19,text,true,,454,314,29,29,https://petstore.swagger.io/v2/store/order,660,0,512
1734216632047,182,GET /user/logout,200,OK,User creates an order 1-19,text,true,,381,167,29,29,https://petstore.swagger.io/v2/user/logout,182,0,0
1734216632229,158,POST /user,500,Server Error,User creates an order 1-19,text,false,,411,382,29,29,https://petstore.swagger.io/v2/user,158,0,0
1734216632249,160,POST /store/order,200,OK,User creates an order 1-25,text,true,,451,311,29,29,https://petstore.swagger.io/v2/store/order,160,0,0
1734216632249,179,POST /store/order,200,OK,User creates an order 1-22,text,true,,453,313,29,29,https://petstore.swagger.io/v2/store/order,179,0,0
1734216632312,140,GET /user/login,200,OK,User creates an order 1-24,text,true,,482,212,29,29,https://petstore.swagger.io/v2/user/login?username=rmckeveney1b&password=xU7%60y%7BT%27,140,0,0
1734216632336,157,POST /store/order,200,OK,User creates an order 1-28,text,true,,454,314,29,29,https://petstore.swagger.io/v2/store/order,157,0,0
1734216632409,130,GET /user/logout,200,OK,User creates an order 1-25,text,true,,381,167,29,29,https://petstore.swagger.io/v2/user/logout,130,0,0
1734216632428,149,GET /user/logout,200,OK,User creates an order 1-22,text,true,,381,167,29,29,https://petstore.swagger.io/v2/user/logout,149,0,0
1734216632493,143,GET /user/logout,200,OK,User creates an order 1-28,text,true,,381,167,29,29,https://petstore.swagger.io/v2/user/logout,142,0,0
1734216632539,148,POST /user,200,OK,User creates an order 1-25,text,true,,382,417,29,29,https://petstore.swagger.io/v2/user,148,0,0
1734216632578,150,POST /user,200,OK,User creates an order 1-22,text,true,,382,384,29,29,https://petstore.swagger.io/v2/user,149,0,0
1734216632637,147,POST /user,200,OK,User creates an order 1-28,text,true,,382,393,29,29,https://petstore.swagger.io/v2/user,147,0,0
1734216632713,155,POST /store/order,200,OK,User creates an order 1-31,text,true,,452,312,29,29,https://petstore.swagger.io/v2/store/order,155,0,0
1734216632774,157,GET /user/login,200,OK,User creates an order 1-21,text,true,,482,212,29,29,https://petstore.swagger.io/v2/user/login?username=rclemenceau1c&password=lC9TY%3ETA5wD,157,0,0
1734216632868,140,GET /user/logout,200,OK,User creates an order 1-31,text,true,,381,167,29,29,https://petstore.swagger.io/v2/user/logout,140,0,0
1734216633008,149,POST /user,200,OK,User creates an order 1-31,text,true,,382,394,29,29,https://petstore.swagger.io/v2/user,148,0,0
1734216633114,175,POST /store/order,200,OK,User creates an order 1-34,text,true,,453,313,29,29,https://petstore.swagger.io/v2/store/order,175,0,0
1734216633289,211,GET /user/logout,200,OK,User creates an order 1-34,text,true,,381,167,29,29,https://petstore.swagger.io/v2/user/logout,211,0,0
1734216633408,155,POST /store/order,200,OK,User creates an order 1-37,text,true,,453,313,29,29,https://petstore.swagger.io/v2/store/order,155,0,0
1734216633426,146,GET /user/login,200,OK,User creates an order 1-30,text,true,,482,221,29,29,https://petstore.swagger.io/v2/user/login?username=ipetrenko1d&password=mS5%40_LU%27NsW%7E1m%29c,146,0,0
1734216633438,160,GET /user/login,200,OK,User creates an order 1-27,text,true,,482,205,29,29,https://petstore.swagger.io/v2/user/login?username=aleyes0&password=zU7%3EtXt%23,160,0,0
1734216633470,142,POST /store/order,200,OK,User creates an order 1-11,text,true,,453,313,29,29,https://petstore.swagger.io/v2/store/order,142,0,0
1734216633500,208,POST /user,200,OK,User creates an order 1-34,text,true,,382,382,30,30,https://petstore.swagger.io/v2/user,208,0,0
1734216633563,221,GET /user/logout,200,OK,User creates an order 1-37,text,true,,381,167,30,30,https://petstore.swagger.io/v2/user/logout,221,0,0
1734216633572,217,GET /user/login,200,OK,User creates an order 1-18,text,true,,482,210,30,30,https://petstore.swagger.io/v2/user/login?username=tvasyanin1&password=gX5_J%29%3E0jX,217,0,0
1734216633612,178,GET /user/logout,200,OK,User creates an order 1-11,text,true,,381,167,30,30,https://petstore.swagger.io/v2/user/logout,178,0,0
1734216633576,216,GET /user/login,200,OK,User creates an order 1-33,text,true,,482,211,29,29,https://petstore.swagger.io/v2/user/login?username=ghammerberg2&password=qP3%7D8X85bpB,216,0,0
1734216633784,149,POST /user,200,OK,User creates an order 1-37,text,true,,382,391,29,29,https://petstore.swagger.io/v2/user,149,0,0
1734216633933,147,GET /user/login,200,OK,User creates an order 1-36,text,true,,482,207,29,29,https://petstore.swagger.io/v2/user/login?username=lnanni4&password=vM4%27lceR1NEz,147,0,0
1734216634042,167,POST /store/order,200,OK,User creates an order 1-14,text,true,,454,314,29,29,https://petstore.swagger.io/v2/store/order,167,0,0
1734216633657,597,POST /user,200,OK,User creates an order 1-40,text,true,,382,397,29,29,https://petstore.swagger.io/v2/user,597,0,438
1734216634209,143,GET /user/logout,200,OK,User creates an order 1-14,text,true,,381,167,29,29,https://petstore.swagger.io/v2/user/logout,143,0,0
1734216634259,155,GET /user/login,200,OK,User creates an order 1-39,text,true,,482,218,29,29,https://petstore.swagger.io/v2/user/login?username=llissandrini3&password=bR3.Gd%287XLPR%7CMy,155,0,0
1734216634352,148,POST /user,200,OK,User creates an order 1-14,text,true,,382,393,29,29,https://petstore.swagger.io/v2/user,148,0,0
1734216634415,140,GET /user/login,200,OK,User creates an order 1-13,text,true,,482,218,29,29,https://petstore.swagger.io/v2/user/login?username=dtomisch5&password=rG0%3E2%26%40%5C%3FDuZ5,140,0,0
1734216634507,160,GET /user/login,200,OK,User creates an order 1-16,text,true,,482,212,29,29,https://petstore.swagger.io/v2/user/login?username=ejarrold6&password=zC5%40%2892naM0c9,160,0,0
1734216634768,172,POST /store/order,200,OK,User creates an order 1-17,text,true,,453,313,29,29,https://petstore.swagger.io/v2/store/order,172,0,0
1734216634768,172,POST /store/order,200,OK,User creates an order 1-23,text,true,,452,312,29,29,https://petstore.swagger.io/v2/store/order,172,0,0
1734216634354,637,POST /store/order,200,OK,User creates an order 1-20,text,true,,453,313,29,29,https://petstore.swagger.io/v2/store/order,637,0,502
1734216634940,143,GET /user/logout,200,OK,User creates an order 1-17,text,true,,381,167,29,29,https://petstore.swagger.io/v2/user/logout,143,0,0
1734216634940,157,GET /user/logout,200,OK,User creates an order 1-23,text,true,,381,167,29,29,https://petstore.swagger.io/v2/user/logout,157,0,0
1734216634991,141,GET /user/logout,200,OK,User creates an order 1-20,text,true,,381,167,29,29,https://petstore.swagger.io/v2/user/logout,141,0,0
1734216635083,149,POST /user,500,Server Error,User creates an order 1-17,text,false,,411,386,29,29,https://petstore.swagger.io/v2/user,149,0,0
1734216635097,157,POST /user,200,OK,User creates an order 1-23,text,true,,382,402,29,29,https://petstore.swagger.io/v2/user,157,0,0
1734216635133,139,POST /user,500,Server Error,User creates an order 1-20,text,false,,411,386,29,29,https://petstore.swagger.io/v2/user,139,0,0
1734216635387,162,GET /user/login,200,OK,User creates an order 1-19,text,true,,482,206,29,29,https://petstore.swagger.io/v2/user/login?username=nheath7&password=lV8%28sS%5Cxz,162,0,0
1734216635409,169,POST /store/order,200,OK,User creates an order 1-26,text,true,,454,314,29,29,https://petstore.swagger.io/v2/store/order,169,0,0
1734216635578,152,GET /user/logout,200,OK,User creates an order 1-26,text,true,,381,167,29,29,https://petstore.swagger.io/v2/user/logout,150,0,0
1734216635697,142,GET /user/login,200,OK,User creates an order 1-25,text,true,,482,220,29,29,https://petstore.swagger.io/v2/user/login?username=lffrenchbeytagh8&password=sF0%21i7hU%24J94q_,142,0,0
1734216635681,168,POST /store/order,200,OK,User creates an order 1-32,text,true,,454,314,29,29,https://petstore.swagger.io/v2/store/order,168,0,0
1734216635697,172,POST /store/order,200,OK,User creates an order 1-29,text,true,,454,314,29,29,https://petstore.swagger.io/v2/store/order,172,0,0
1734216635731,165,POST /user,200,OK,User creates an order 1-26,text,true,,382,396,29,29,https://petstore.swagger.io/v2/user,165,0,0
1734216635743,153,GET /user/login,200,OK,User creates an order 1-22,text,true,,482,198,29,29,https://petstore.swagger.io/v2/user/login?username=spurnell9&password=yM7,153,0,0
1734216635789,147,GET /user/login,200,OK,User creates an order 1-28,text,true,,482,209,29,29,https://petstore.swagger.io/v2/user/login?username=icathralla&password=rK1*eQmJ%262R,147,0,0
1734216635849,140,GET /user/logout,200,OK,User creates an order 1-32,text,true,,381,167,29,29,https://petstore.swagger.io/v2/user/logout,140,0,0
1734216635869,146,GET /user/logout,200,OK,User creates an order 1-29,text,true,,381,167,29,29,https://petstore.swagger.io/v2/user/logout,146,0,0
1734216635990,148,POST /user,200,OK,User creates an order 1-32,text,true,,382,397,29,29,https://petstore.swagger.io/v2/user,148,0,0
1734216636015,150,POST /user,200,OK,User creates an order 1-29,text,true,,382,386,29,29,https://petstore.swagger.io/v2/user,150,0,0
1734216636116,156,POST /store/order,200,OK,User creates an order 1-35,text,true,,452,312,29,29,https://petstore.swagger.io/v2/store/order,156,0,0
1734216636162,146,GET /user/login,200,OK,User creates an order 1-31,text,true,,482,220,29,29,https://petstore.swagger.io/v2/user/login?username=pgilleyb&password=yA2%27NMzDElZ%21%2FX%60%60,146,0,0
1734216636272,147,GET /user/logout,200,OK,User creates an order 1-35,text,true,,381,167,29,29,https://petstore.swagger.io/v2/user/logout,147,0,0
1734216636262,166,POST /store/order,200,OK,User creates an order 1-12,text,true,,454,314,29,29,https://petstore.swagger.io/v2/store/order,157,0,0
1734216636410,138,POST /store/order,200,OK,User creates an order 1-38,text,true,,453,313,29,29,https://petstore.swagger.io/v2/store/order,138,0,0
1734216636419,141,POST /user,200,OK,User creates an order 1-35,text,true,,382,391,29,29,https://petstore.swagger.io/v2/user,139,0,0
1734216636428,155,GET /user/logout,200,OK,User creates an order 1-12,text,true,,381,167,29,29,https://petstore.swagger.io/v2/user/logout,155,0,0
1734216636549,139,GET /user/logout,200,OK,User creates an order 1-38,text,true,,381,167,29,29,https://petstore.swagger.io/v2/user/logout,139,0,0
1734216636688,140,POST /user,200,OK,User creates an order 1-38,text,true,,382,395,29,29,https://petstore.swagger.io/v2/user,138,0,0
1734216636718,151,GET /user/login,200,OK,User creates an order 1-34,text,true,,482,205,29,29,https://petstore.swagger.io/v2/user/login?username=dcrambc&password=sH9%29IB%24b,151,0,0
1734216636811,159,POST /store/order,200,OK,User creates an order 1-15,text,true,,453,313,29,29,https://petstore.swagger.io/v2/store/order,159,0,0
1734216636935,151,GET /user/login,200,OK,User creates an order 1-37,text,true,,482,210,29,29,https://petstore.swagger.io/v2/user/login?username=deppersone&password=zV3%3E%3Ca%27K,149,0,0
1734216636970,140,GET /user/logout,200,OK,User creates an order 1-15,text,true,,381,167,29,29,https://petstore.swagger.io/v2/user/logout,140,0,0
1734216636661,608,POST /user,200,OK,User creates an order 1-41,text,true,,382,393,29,29,https://petstore.swagger.io/v2/user,608,0,431
1734216637110,161,POST /user,200,OK,User creates an order 1-15,text,true,,382,381,29,29,https://petstore.swagger.io/v2/user,159,0,0
1734216637261,168,GET /user/login,200,OK,User creates an order 1-40,text,true,,482,215,29,29,https://petstore.swagger.io/v2/user/login?username=jgolsthorpd&password=xT9%3DPpPag%3E%3Fx,168,0,0
1734216637462,158,POST /store/order,200,OK,User creates an order 1-24,text,true,,452,312,29,29,https://petstore.swagger.io/v2/store/order,156,0,0
1734216637509,142,GET /user/login,200,OK,User creates an order 1-14,text,true,,482,210,29,29,https://petstore.swagger.io/v2/user/login?username=msallierf&password=fI2%28u%3Cki%23,142,0,0
1734216637620,128,GET /user/logout,200,OK,User creates an order 1-24,text,true,,381,167,29,29,https://petstore.swagger.io/v2/user/logout,128,0,0
1734216637748,161,POST /user,200,OK,User creates an order 1-24,text,true,,382,402,29,29,https://petstore.swagger.io/v2/user,161,0,0
1734216638237,147,GET /user/login,200,OK,User creates an order 1-17,text,true,,482,213,29,29,https://petstore.swagger.io/v2/user/login?username=fgaig&password=fI1%5CE%3DLqC%25.5%5CM,147,0,0
1734216638268,148,GET /user/login,200,OK,User creates an order 1-23,text,true,,482,228,29,29,https://petstore.swagger.io/v2/user/login?username=llivingstonh&password=pT1%29%2F%2BX%29%23G%3CjCG%3C2,148,0,0
1734216638288,144,GET /user/login,200,OK,User creates an order 1-20,text,true,,482,210,29,29,https://petstore.swagger.io/v2/user/login?username=eperilloi&password=cB5%2F%262Ip%5C,143,0,0
1734216637942,600,POST /store/order,200,OK,User creates an order 1-21,text,true,,453,313,29,29,https://petstore.swagger.io/v2/store/order,600,0,465
1734216638543,155,GET /user/logout,200,OK,User creates an order 1-21,text,true,,381,167,29,29,https://petstore.swagger.io/v2/user/logout,155,0,0
1734216638572,162,POST /store/order,200,OK,User creates an order 1-30,text,true,,453,313,29,29,https://petstore.swagger.io/v2/store/order,162,0,0
1734216638599,169,POST /store/order,200,OK,User creates an order 1-27,text,true,,453,313,29,29,https://petstore.swagger.io/v2/store/order,167,0,0
1734216638698,141,POST /user,200,OK,User creates an order 1-21,text,true,,382,388,29,29,https://petstore.swagger.io/v2/user,141,0,0
1734216638734,605,GET /user/logout,200,OK,User creates an order 1-30,text,true,,381,167,29,29,https://petstore.swagger.io/v2/user/logout,605,0,0
1734216639150,208,GET /user/login,200,OK,User creates an order 1-32,text,true,,482,216,29,29,https://petstore.swagger.io/v2/user/login?username=hchateletk&password=iP1%7E%25y000Nef66WB,208,0,0
1734216638795,563,POST /store/order,200,OK,User creates an order 1-18,text,true,,453,313,29,29,https://petstore.swagger.io/v2/store/order,563,0,0
1734216639180,181,GET /user/login,200,OK,User creates an order 1-29,text,true,,482,212,29,29,https://petstore.swagger.io/v2/user/login?username=eodoneganl&password=qS1%3F%40%27H9BD,181,0,0
1734216638795,566,POST /store/order,200,OK,User creates an order 1-33,text,true,,453,313,29,29,https://petstore.swagger.io/v2/store/order,566,0,0
1734216638768,595,GET /user/logout,200,OK,User creates an order 1-27,text,true,,381,167,29,29,https://petstore.swagger.io/v2/user/logout,595,0,0
1734216639088,277,POST /store/order,200,OK,User creates an order 1-36,text,true,,453,313,29,29,https://petstore.swagger.io/v2/store/order,277,0,0
1734216638903,465,GET /user/login,200,OK,User creates an order 1-26,text,true,,482,213,29,29,https://petstore.swagger.io/v2/user/login?username=smatchettj&password=kW7%7DuxJ7%7C%27B,462,0,0
1734216639339,139,POST /user,200,OK,User creates an order 1-30,text,true,,382,400,29,29,https://petstore.swagger.io/v2/user,139,0,0
1734216639358,144,GET /user/logout,200,OK,User creates an order 1-18,text,true,,381,167,29,29,https://petstore.swagger.io/v2/user/logout,144,0,0
1734216639361,151,GET /user/logout,200,OK,User creates an order 1-33,text,true,,381,167,29,29,https://petstore.swagger.io/v2/user/logout,151,0,0
1734216639363,153,POST /user,200,OK,User creates an order 1-27,text,true,,382,403,29,29,https://petstore.swagger.io/v2/user,153,0,0
1734216639365,154,GET /user/logout,200,OK,User creates an order 1-36,text,true,,381,167,29,29,https://petstore.swagger.io/v2/user/logout,154,0,0
1734216639414,153,POST /store/order,200,OK,User creates an order 1-39,text,true,,454,314,29,29,https://petstore.swagger.io/v2/store/order,153,0,0
1734216639502,148,POST /user,200,OK,User creates an order 1-18,text,true,,382,391,29,29,https://petstore.swagger.io/v2/user,148,0,0
1734216639512,158,POST /user,200,OK,User creates an order 1-33,text,true,,382,381,30,30,https://petstore.swagger.io/v2/user,158,0,0
1734216639519,155,POST /user,200,OK,User creates an order 1-36,text,true,,382,386,30,30,https://petstore.swagger.io/v2/user,155,0,0
1734216639560,141,GET /user/login,200,OK,User creates an order 1-35,text,true,,482,206,30,30,https://petstore.swagger.io/v2/user/login?username=idecullipm&password=mU5%28EK*n,141,0,0
1734216639567,140,GET /user/logout,200,OK,User creates an order 1-39,text,true,,381,167,30,30,https://petstore.swagger.io/v2/user/logout,140,0,0
1734216639568,145,POST /store/order,200,OK,User creates an order 1-13,text,true,,454,314,30,30,https://petstore.swagger.io/v2/store/order,145,0,0
1734216639677,166,POST /store/order,200,OK,User creates an order 1-16,text,true,,452,312,30,30,https://petstore.swagger.io/v2/store/order,166,0,0
1734216639713,146,GET /user/logout,200,OK,User creates an order 1-13,text,true,,381,167,30,30,https://petstore.swagger.io/v2/user/logout,146,0,0
1734216639708,156,POST /user,200,OK,User creates an order 1-39,text,true,,382,392,29,29,https://petstore.swagger.io/v2/user,156,0,0
1734216639831,137,GET /user/login,200,OK,User creates an order 1-38,text,true,,482,223,29,29,https://petstore.swagger.io/v2/user/login?username=bcasselso&password=tK0%27%3DR%40k%23r%24%3Dt%27,137,0,0
1734216639843,141,GET /user/logout,200,OK,User creates an order 1-16,text,true,,381,167,29,29,https://petstore.swagger.io/v2/user/logout,141,0,0
1734216639985,148,POST /user,200,OK,User creates an order 1-16,text,true,,382,396,29,29,https://petstore.swagger.io/v2/user,146,0,0
1734216639654,545,POST /user,200,OK,User creates an order 1-42,text,true,,382,374,29,29,https://petstore.swagger.io/v2/user,545,0,413
1734216640278,151,GET /user/login,200,OK,User creates an order 1-15,text,true,,482,203,29,29,https://petstore.swagger.io/v2/user/login?username=cgippp&password=mS4%23uvS1Y,151,0,0
1734216640278,154,GET /user/login,200,OK,User creates an order 1-41,text,true,,482,207,29,29,https://petstore.swagger.io/v2/user/login?username=lgosenelln&password=wR3x%256%7E,154,0,0
1734216640555,194,POST /store/order,200,OK,User creates an order 1-19,text,true,,453,313,29,29,https://petstore.swagger.io/v2/store/order,194,0,0
1734216640749,150,GET /user/logout,200,OK,User creates an order 1-19,text,true,,381,167,29,29,https://petstore.swagger.io/v2/user/logout,150,0,0
1734216640848,160,POST /store/order,200,OK,User creates an order 1-25,text,true,,454,314,29,29,https://petstore.swagger.io/v2/store/order,160,0,0
1734216640910,137,GET /user/login,200,OK,User creates an order 1-24,text,true,,482,216,29,29,https://petstore.swagger.io/v2/user/login?username=cmarchandq&password=xA0%609b3V%21E%7EX07,137,0,0
1734216640899,160,POST /user,200,OK,User creates an order 1-19,text,true,,382,396,29,29,https://petstore.swagger.io/v2/user,158,0,0
1734216640941,164,POST /store/order,200,OK,User creates an order 1-28,text,true,,453,313,29,29,https://petstore.swagger.io/v2/store/order,164,0,0
1734216641008,131,GET /user/logout,200,OK,User creates an order 1-25,text,true,,381,167,29,29,https://petstore.swagger.io/v2/user/logout,131,0,0
1734216641105,150,GET /user/logout,200,OK,User creates an order 1-28,text,true,,381,167,29,29,https://petstore.swagger.io/v2/user/logout,150,0,0
1734216641140,147,POST /user,200,OK,User creates an order 1-25,text,true,,382,388,29,29,https://petstore.swagger.io/v2/user,147,0,0
1734216641255,159,POST /user,200,OK,User creates an order 1-28,text,true,,382,400,29,29,https://petstore.swagger.io/v2/user,159,0,0
1734216641308,150,POST /store/order,200,OK,User creates an order 1-31,text,true,,453,313,29,29,https://petstore.swagger.io/v2/store/order,150,0,0
1734216640910,589,POST /store/order,200,OK,User creates an order 1-22,text,true,,453,313,29,29,https://petstore.swagger.io/v2/store/order,589,0,449
1734216641458,211,GET /user/logout,200,OK,User creates an order 1-31,text,true,,381,167,29,29,https://petstore.swagger.io/v2/user/logout,211,0,0
1734216641499,172,GET /user/logout,200,OK,User creates an order 1-22,text,true,,381,167,29,29,https://petstore.swagger.io/v2/user/logout,170,0,0
1734216641669,160,POST /user,200,OK,User creates an order 1-31,text,true,,382,398,29,29,https://petstore.swagger.io/v2/user,160,0,0
1734216641671,159,POST /user,200,OK,User creates an order 1-22,text,true,,382,396,29,29,https://petstore.swagger.io/v2/user,158,0,0
1734216641840,140,GET /user/login,200,OK,User creates an order 1-21,text,true,,482,212,29,29,https://petstore.swagger.io/v2/user/login?username=tpregelr&password=wD5%40T9%29Ab3xddK,140,0,0
1734216641871,184,POST /store/order,200,OK,User creates an order 1-34,text,true,,453,313,29,29,https://petstore.swagger.io/v2/store/order,184,0,0
1734216642055,144,GET /user/logout,200,OK,User creates an order 1-34,text,true,,381,167,29,29,https://petstore.swagger.io/v2/user/logout,144,0,0
1734216642086,167,POST /store/order,200,OK,User creates an order 1-37,text,true,,452,312,29,29,https://petstore.swagger.io/v2/store/order,167,0,0
1734216642199,170,POST /user,200,OK,User creates an order 1-34,text,true,,382,399,29,29,https://petstore.swagger.io/v2/user,170,0,0
1734216642253,141,GET /user/logout,200,OK,User creates an order 1-37,text,true,,381,167,29,29,https://petstore.swagger.io/v2/user/logout,141,0,0
1734216642394,148,POST /user,200,OK,User creates an order 1-37,text,true,,382,376,29,29,https://petstore.swagger.io/v2/user,148,0,0
1734216642444,153,POST /store/order,200,OK,User creates an order 1-40,text,true,,453,313,29,29,https://petstore.swagger.io/v2/store/order,153,0,0
1734216642478,139,GET /user/login,200,OK,User creates an order 1-30,text,true,,482,216,29,29,https://petstore.swagger.io/v2/user/login?username=ckinnards&password=jI3%3DS2y%3EZn%7C3q5Y,139,0,0
1734216642517,151,GET /user/login,200,OK,User creates an order 1-27,text,true,,482,209,30,30,https://petstore.swagger.io/v2/user/login?username=msprullst&password=wH7%23xAl%29L1,151,0,0
1734216642597,150,GET /user/logout,200,OK,User creates an order 1-40,text,true,,381,167,30,30,https://petstore.swagger.io/v2/user/logout,150,0,0
1734216642651,141,GET /user/login,200,OK,User creates an order 1-18,text,true,,482,208,30,30,https://petstore.swagger.io/v2/user/login?username=pmarzelleu&password=eP3%25ZrnEi9,141,0,0
1734216642661,153,POST /store/order,200,OK,User creates an order 1-14,text,true,,453,313,30,30,https://petstore.swagger.io/v2/store/order,153,0,0
1734216642676,142,GET /user/login,200,OK,User creates an order 1-33,text,true,,482,212,30,30,https://petstore.swagger.io/v2/user/login?username=gsperav&password=kM0%26%3D*%3D%2Bfzf,142,0,0
1734216642676,150,GET /user/login,200,OK,User creates an order 1-36,text,true,,482,208,30,30,https://petstore.swagger.io/v2/user/login?username=lhighwoodw&password=hJ2_fSsso*3P,148,0,0
1734216642747,157,POST /user,500,Server Error,User creates an order 1-40,text,false,,411,393,30,30,https://petstore.swagger.io/v2/user,157,0,0
1734216642814,162,GET /user/logout,200,OK,User creates an order 1-14,text,true,,381,167,30,30,https://petstore.swagger.io/v2/user/logout,162,0,0
1734216642876,152,GET /user/login,200,OK,User creates an order 1-39,text,true,,482,214,29,29,https://petstore.swagger.io/v2/user/login?username=ksharpery&password=fH7%60%3Eh%2B%60oFC,152,0,0
1734216642657,622,POST /user,200,OK,User creates an order 1-43,text,true,,382,389,29,29,https://petstore.swagger.io/v2/user,622,0,469
1734216643139,144,GET /user/login,200,OK,User creates an order 1-16,text,true,,482,212,29,29,https://petstore.swagger.io/v2/user/login?username=pshirlandz&password=fZ0%2Bbmtr%7EBJq,144,0,0
1734216643202,136,GET /user/login,200,OK,User creates an order 1-42,text,true,,482,200,29,29,https://petstore.swagger.io/v2/user/login?username=gchrispx&password=tB2%3F,136,0,0
1734216643387,165,POST /store/order,200,OK,User creates an order 1-17,text,true,,453,313,29,29,https://petstore.swagger.io/v2/store/order,165,0,0
1734216643433,168,POST /store/order,200,OK,User creates an order 1-20,text,true,,454,314,29,29,https://petstore.swagger.io/v2/store/order,168,0,0
1734216643552,133,GET /user/logout,200,OK,User creates an order 1-17,text,true,,381,167,29,29,https://petstore.swagger.io/v2/user/logout,133,0,0
1734216643601,141,GET /user/logout,200,OK,User creates an order 1-20,text,true,,381,167,29,29,https://petstore.swagger.io/v2/user/logout,141,0,0
1734216643685,138,POST /user,500,Server Error,User creates an order 1-17,text,false,,411,400,29,29,https://petstore.swagger.io/v2/user,138,0,0
1734216643742,139,POST /user,200,OK,User creates an order 1-20,text,true,,382,402,29,29,https://petstore.swagger.io/v2/user,139,0,0
1734216643417,788,POST /store/order,200,OK,User creates an order 1-23,text,true,,453,313,29,29,https://petstore.swagger.io/v2/store/order,788,0,508
1734216644069,162,GET /user/login,200,OK,User creates an order 1-19,text,true,,482,212,29,29,https://petstore.swagger.io/v2/user/login?username=tgelland10&password=tS4%7C5BYba%3DAu,162,0,0
1734216644205,141,GET /user/logout,200,OK,User creates an order 1-23,text,true,,381,167,29,29,https://petstore.swagger.io/v2/user/logout,141,0,0
1734216644301,138,GET /user/login,200,OK,User creates an order 1-25,text,true,,482,212,29,29,https://petstore.swagger.io/v2/user/login?username=eromaint11&password=nU6%23A%28CYRDyZ,138,0,0
1734216644346,160,POST /user,200,OK,User creates an order 1-23,text,true,,382,399,29,29,https://petstore.swagger.io/v2/user,160,0,0
1734216644359,156,POST /store/order,200,OK,User creates an order 1-32,text,true,,454,314,29,29,https://petstore.swagger.io/v2/store/order,156,0,0
1734216644362,173,POST /store/order,200,OK,User creates an order 1-29,text,true,,453,313,29,29,https://petstore.swagger.io/v2/store/order,173,0,0
1734216644368,172,POST /store/order,200,OK,User creates an order 1-26,text,true,,453,313,29,29,https://petstore.swagger.io/v2/store/order,172,0,0
1734216644423,142,GET /user/login,200,OK,User creates an order 1-28,text,true,,482,220,29,29,https://petstore.swagger.io/v2/user/login?username=sdaltrey12&password=gQ8%29MuckGsRf_%26%60%27,142,0,0
1734216644515,144,GET /user/logout,200,OK,User creates an order 1-32,text,true,,381,167,29,29,https://petstore.swagger.io/v2/user/logout,144,0,0
1734216644535,152,GET /user/logout,200,OK,User creates an order 1-29,text,true,,381,167,29,29,https://petstore.swagger.io/v2/user/logout,150,0,0
1734216644540,157,GET /user/logout,200,OK,User creates an order 1-26,text,true,,381,167,29,29,https://petstore.swagger.io/v2/user/logout,157,0,0
1734216644659,142,POST /user,200,OK,User creates an order 1-32,text,true,,382,410,29,29,https://petstore.swagger.io/v2/user,142,0,0
1734216644687,150,POST /user,200,OK,User creates an order 1-29,text,true,,382,404,29,29,https://petstore.swagger.io/v2/user,148,0,0
1734216644698,149,POST /user,200,OK,User creates an order 1-26,text,true,,382,387,29,29,https://petstore.swagger.io/v2/user,149,0,0
1734216644701,161,POST /store/order,200,OK,User creates an order 1-35,text,true,,453,313,29,29,https://petstore.swagger.io/v2/store/order,161,0,0
1734216644840,146,GET /user/login,200,OK,User creates an order 1-31,text,true,,482,218,29,29,https://petstore.swagger.io/v2/user/login?username=thurlston13&password=pO6%3FE8x%24%3Fs%293S,146,0,0
1734216644840,148,GET /user/login,200,OK,User creates an order 1-22,text,true,,482,216,29,29,https://petstore.swagger.io/v2/user/login?username=tmemmory14&password=oY7%25A1OL.0A5Po%261,148,0,0
1734216644862,138,GET /user/logout,200,OK,User creates an order 1-35,text,true,,381,167,29,29,https://petstore.swagger.io/v2/user/logout,138,0,0
1734216644980,166,POST /store/order,200,OK,User creates an order 1-38,text,true,,452,312,29,29,https://petstore.swagger.io/v2/store/order,166,0,0
1734216645000,150,POST /user,200,OK,User creates an order 1-35,text,true,,382,388,29,29,https://petstore.swagger.io/v2/user,150,0,0
1734216645146,141,GET /user/logout,200,OK,User creates an order 1-38,text,true,,381,167,29,29,https://petstore.swagger.io/v2/user/logout,141,0,0
1734216645287,140,POST /user,200,OK,User creates an order 1-38,text,true,,382,399,29,29,https://petstore.swagger.io/v2/user,140,0,0
1734216645370,149,GET /user/login,200,OK,User creates an order 1-34,text,true,,482,213,29,29,https://petstore.swagger.io/v2/user/login?username=klairdcraig15&password=lJ9.%3Dk%7E7eG,149,0,0
1734216645444,154,POST /store/order,200,OK,User creates an order 1-15,text,true,,453,313,29,29,https://petstore.swagger.io/v2/store/order,154,0,0
1734216645444,158,POST /store/order,200,OK,User creates an order 1-41,text,true,,454,314,29,29,https://petstore.swagger.io/v2/store/order,158,0,0
1734216645544,141,GET /user/login,200,OK,User creates an order 1-37,text,true,,482,196,30,30,https://petstore.swagger.io/v2/user/login?username=bmaes16&password=kG8,141,0,0
1734216645598,131,GET /user/logout,200,OK,User creates an order 1-15,text,true,,381,167,30,30,https://petstore.swagger.io/v2/user/logout,131,0,0
1734216645602,141,GET /user/logout,200,OK,User creates an order 1-41,text,true,,381,167,29,29,https://petstore.swagger.io/v2/user/logout,141,0,0
1734216645743,149,POST /user,200,OK,User creates an order 1-41,text,true,,382,387,29,29,https://petstore.swagger.io/v2/user,149,0,0
1734216645909,148,GET /user/login,200,OK,User creates an order 1-40,text,true,,482,211,29,29,https://petstore.swagger.io/v2/user/login?username=bdredge18&password=jU8%5C6Z%24koAJ4,148,0,0
1734216645654,600,POST /user,200,OK,User creates an order 1-44,text,true,,382,403,29,29,https://petstore.swagger.io/v2/user,600,0,449
1734216646280,149,GET /user/login,200,OK,User creates an order 1-43,text,true,,482,209,29,29,https://petstore.swagger.io/v2/user/login?username=lelfe17&password=mW8%7BgZn4dj0%3C,149,0,0
1734216646048,572,POST /store/order,200,OK,User creates an order 1-24,text,true,,452,312,29,29,https://petstore.swagger.io/v2/store/order,572,0,426
1734216646620,139,GET /user/logout,200,OK,User creates an order 1-24,text,true,,381,167,29,29,https://petstore.swagger.io/v2/user/logout,139,0,0
1734216646759,137,POST /user,500,Server Error,User creates an order 1-24,text,false,,411,394,29,29,https://petstore.swagger.io/v2/user,137,0,0
1734216646835,148,GET /user/login,200,OK,User creates an order 1-17,text,true,,482,217,29,29,https://petstore.swagger.io/v2/user/login?username=jcaccavella19&password=hF3%3E.l%5CG9%2B_n,148,0,0
1734216646883,157,GET /user/login,200,OK,User creates an order 1-20,text,true,,482,217,29,29,https://petstore.swagger.io/v2/user/login?username=cbettaney1a&password=fN0%7CIK%3CFj3a1%29U,157,0,0
1734216646990,171,POST /store/order,200,OK,User creates an order 1-21,text,true,,454,314,29,29,https://petstore.swagger.io/v2/store/order,171,0,0
1734216647161,148,GET /user/logout,200,OK,User creates an order 1-21,text,true,,381,167,29,29,https://petstore.swagger.io/v2/user/logout,148,0,0
1734216647309,205,POST /user,200,OK,User creates an order 1-21,text,true,,382,386,29,29,https://petstore.swagger.io/v2/user,203,0,0
1734216647516,321,GET /user/login,200,OK,User creates an order 1-23,text,true,,482,212,29,29,https://petstore.swagger.io/v2/user/login?username=rmckeveney1b&password=xU7%60y%7BT%27,321,0,0
1734216647617,220,POST /store/order,200,OK,User creates an order 1-30,text,true,,454,314,29,29,https://petstore.swagger.io/v2/store/order,220,0,0
1734216647671,174,POST /store/order,200,OK,User creates an order 1-27,text,true,,453,313,29,29,https://petstore.swagger.io/v2/store/order,166,0,0
1734216647811,140,GET /user/login,200,OK,User creates an order 1-32,text,true,,482,212,29,29,https://petstore.swagger.io/v2/user/login?username=rclemenceau1c&password=lC9TY%3ETA5wD,140,0,0
1734216647795,159,POST /store/order,200,OK,User creates an order 1-18,text,true,,451,311,29,29,https://petstore.swagger.io/v2/store/order,159,0,0
1734216647837,132,GET /user/logout,200,OK,User creates an order 1-30,text,true,,381,167,29,29,https://petstore.swagger.io/v2/user/logout,130,0,0
1734216647842,152,GET /user/login,200,OK,User creates an order 1-29,text,true,,482,221,29,29,https://petstore.swagger.io/v2/user/login?username=ipetrenko1d&password=mS5%40_LU%27NsW%7E1m%29c,152,0,0
1734216647826,170,POST /store/order,200,OK,User creates an order 1-33,text,true,,454,314,29,29,https://petstore.swagger.io/v2/store/order,168,0,0
1734216647845,151,GET /user/logout,200,OK,User creates an order 1-27,text,true,,381,167,29,29,https://petstore.swagger.io/v2/user/logout,151,0,0
1734216647858,140,GET /user/login,200,OK,User creates an order 1-26,text,true,,482,205,29,29,https://petstore.swagger.io/v2/user/login?username=aleyes0&password=zU7%3EtXt%23,139,0,0
1734216647826,173,POST /store/order,200,OK,User creates an order 1-36,text,true,,452,312,29,29,https://petstore.swagger.io/v2/store/order,171,0,0
1734216647954,146,GET /user/logout,200,OK,User creates an order 1-18,text,true,,381,167,29,29,https://petstore.swagger.io/v2/user/logout,146,0,0
1734216647969,141,POST /user,500,Server Error,User creates an order 1-30,text,false,,411,382,29,29,https://petstore.swagger.io/v2/user,141,0,0
1734216647996,147,GET /user/logout,200,OK,User creates an order 1-33,text,true,,381,167,29,29,https://petstore.swagger.io/v2/user/logout,147,0,0
1734216647996,151,POST /user,200,OK,User creates an order 1-27,text,true,,382,417,29,29,https://petstore.swagger.io/v2/user,150,0,0
1734216648000,148,GET /user/logout,200,OK,User creates an order 1-36,text,true,,381,167,29,29,https://petstore.swagger.io/v2/user/logout,148,0,0
1734216648029,170,POST /store/order,200,OK,User creates an order 1-39,text,true,,453,313,29,29,https://petstore.swagger.io/v2/store/order,170,0,0
1734216648100,150,POST /user,200,OK,User creates an order 1-18,text,true,,382,384,29,29,https://petstore.swagger.io/v2/user,150,0,0
1734216648143,150,POST /user,200,OK,User creates an order 1-33,text,true,,382,393,29,29,https://petstore.swagger.io/v2/user,150,0,0
1734216648149,149,POST /user,200,OK,User creates an order 1-36,text,true,,382,394,29,29,https://petstore.swagger.io/v2/user,149,0,0
1734216648152,157,GET /user/login,200,OK,User creates an order 1-35,text,true,,482,210,29,29,https://petstore.swagger.io/v2/user/login?username=tvasyanin1&password=gX5_J%29%3E0jX,157,0,0
1734216648199,149,GET /user/logout,200,OK,User creates an order 1-39,text,true,,381,167,29,29,https://petstore.swagger.io/v2/user/logout,149,0,0
1734216648291,172,POST /store/order,200,OK,User creates an order 1-16,text,true,,453,313,29,29,https://petstore.swagger.io/v2/store/order,172,0,0
1734216648348,150,POST /user,200,OK,User creates an order 1-39,text,true,,382,382,29,29,https://petstore.swagger.io/v2/user,148,0,0
1734216648353,149,POST /store/order,200,OK,User creates an order 1-42,text,true,,453,313,29,29,https://petstore.swagger.io/v2/store/order,148,0,0
1734216648429,139,GET /user/login,200,OK,User creates an order 1-38,text,true,,482,211,29,29,https://petstore.swagger.io/v2/user/login?username=ghammerberg2&password=qP3%7D8X85bpB,139,0,0
1734216648463,142,GET /user/logout,200,OK,User creates an order 1-16,text,true,,381,167,29,29,https://petstore.swagger.io/v2/user/logout,142,0,0
1734216648502,144,GET /user/logout,200,OK,User creates an order 1-42,text,true,,381,167,28,28,https://petstore.swagger.io/v2/user/logout,144,0,0
1734216648646,151,POST /user,200,OK,User creates an order 1-42,text,true,,382,397,29,29,https://petstore.swagger.io/v2/user,151,0,0
1734216648893,141,GET /user/login,200,OK,User creates an order 1-41,text,true,,482,207,29,29,https://petstore.swagger.io/v2/user/login?username=lnanni4&password=vM4%27lceR1NEz,141,0,0
1734216648656,615,POST /user,200,OK,User creates an order 1-45,text,true,,382,391,29,29,https://petstore.swagger.io/v2/user,615,0,434
1734216649234,176,POST /store/order,200,OK,User creates an order 1-19,text,true,,454,314,29,29,https://petstore.swagger.io/v2/store/order,176,0,0
1734216649266,156,GET /user/login,200,OK,User creates an order 1-44,text,true,,482,218,29,29,https://petstore.swagger.io/v2/user/login?username=llissandrini3&password=bR3.Gd%287XLPR%7CMy,156,0,0
1734216649410,159,GET /user/logout,200,OK,User creates an order 1-19,text,true,,381,167,29,29,https://petstore.swagger.io/v2/user/logout,159,0,0
1734216649569,158,POST /user,200,OK,User creates an order 1-19,text,true,,382,393,29,29,https://petstore.swagger.io/v2/user,158,0,0
1734216649574,165,POST /store/order,200,OK,User creates an order 1-28,text,true,,453,313,29,29,https://petstore.swagger.io/v2/store/order,164,0,0
1734216649739,136,GET /user/logout,200,OK,User creates an order 1-28,text,true,,381,167,29,29,https://petstore.swagger.io/v2/user/logout,136,0,0
1734216649875,148,POST /user,500,Server Error,User creates an order 1-28,text,false,,411,386,29,29,https://petstore.swagger.io/v2/user,148,0,0
1734216649902,145,GET /user/login,200,OK,User creates an order 1-24,text,true,,482,218,29,29,https://petstore.swagger.io/v2/user/login?username=dtomisch5&password=rG0%3E2%26%40%5C%3FDuZ5,145,0,0
1734216649451,597,POST /store/order,200,OK,User creates an order 1-25,text,true,,453,313,29,29,https://petstore.swagger.io/v2/store/order,597,0,445
1734216649995,164,POST /store/order,200,OK,User creates an order 1-22,text,true,,454,314,29,29,https://petstore.swagger.io/v2/store/order,164,0,0
1734216649995,170,POST /store/order,200,OK,User creates an order 1-31,text,true,,452,312,29,29,https://petstore.swagger.io/v2/store/order,170,0,0
1734216650165,204,GET /user/logout,200,OK,User creates an order 1-31,text,true,,381,167,29,29,https://petstore.swagger.io/v2/user/logout,204,0,0
1734216650049,320,GET /user/logout,200,OK,User creates an order 1-25,text,true,,381,167,29,29,https://petstore.swagger.io/v2/user/logout,320,0,0
1734216650160,210,GET /user/logout,200,OK,User creates an order 1-22,text,true,,381,167,29,29,https://petstore.swagger.io/v2/user/logout,209,0,0
1734216650369,157,POST /user,200,OK,User creates an order 1-25,text,true,,382,402,29,29,https://petstore.swagger.io/v2/user,157,0,0
1734216650370,158,POST /user,200,OK,User creates an order 1-22,text,true,,382,396,29,29,https://petstore.swagger.io/v2/user,158,0,0
1734216650369,159,POST /user,500,Server Error,User creates an order 1-31,text,false,,411,386,29,29,https://petstore.swagger.io/v2/user,159,0,0
1734216650523,146,GET /user/login,200,OK,User creates an order 1-21,text,true,,482,212,29,29,https://petstore.swagger.io/v2/user/login?username=ejarrold6&password=zC5%40%2892naM0c9,146,0,0
1734216650520,151,POST /store/order,200,OK,User creates an order 1-34,text,true,,454,314,29,29,https://petstore.swagger.io/v2/store/order,149,0,0
1734216650671,148,GET /user/logout,200,OK,User creates an order 1-34,text,true,,381,167,29,29,https://petstore.swagger.io/v2/user/logout,148,0,0
1734216650692,171,POST /store/order,200,OK,User creates an order 1-37,text,true,,454,314,29,29,https://petstore.swagger.io/v2/store/order,171,0,0
1734216650819,158,POST /user,200,OK,User creates an order 1-34,text,true,,382,397,29,29,https://petstore.swagger.io/v2/user,158,0,0
1734216650863,141,GET /user/logout,200,OK,User creates an order 1-37,text,true,,381,167,29,29,https://petstore.swagger.io/v2/user/logout,141,0,0
1734216651004,148,POST /user,200,OK,User creates an order 1-37,text,true,,382,386,29,29,https://petstore.swagger.io/v2/user,148,0,0
1734216651063,164,POST /store/order,200,OK,User creates an order 1-40,text,true,,452,312,29,29,https://petstore.swagger.io/v2/store/order,164,0,0
1734216651125,143,GET /user/login,200,OK,User creates an order 1-30,text,true,,482,206,29,29,https://petstore.swagger.io/v2/user/login?username=nheath7&password=lV8%28sS%5Cxz,143,0,0
1734216651157,151,GET /user/login,200,OK,User creates an order 1-27,text,true,,482,220,29,29,https://petstore.swagger.io/v2/user/login?username=lffrenchbeytagh8&password=sF0%21i7hU%24J94q_,149,0,0
1734216651228,138,GET /user/logout,200,OK,User creates an order 1-40,text,true,,381,167,29,29,https://petstore.swagger.io/v2/user/logout,138,0,0
1734216651265,155,GET /user/login,200,OK,User creates an order 1-18,text,true,,482,198,29,29,https://petstore.swagger.io/v2/user/login?username=spurnell9&password=yM7,155,0,0
1734216651296,149,GET /user/login,200,OK,User creates an order 1-33,text,true,,482,209,29,29,https://petstore.swagger.io/v2/user/login?username=icathralla&password=rK1*eQmJ%262R,149,0,0
1734216651311,147,GET /user/login,200,OK,User creates an order 1-36,text,true,,482,220,29,29,https://petstore.swagger.io/v2/user/login?username=pgilleyb&password=yA2%27NMzDElZ%21%2FX%60%60,147,0,0
1734216651366,150,POST /user,200,OK,User creates an order 1-40,text,true,,382,391,29,29,https://petstore.swagger.io/v2/user,150,0,0
1734216651443,147,POST /store/order,200,OK,User creates an order 1-43,text,true,,453,313,29,29,https://petstore.swagger.io/v2/store/order,147,0,0
1734216651499,149,GET /user/login,200,OK,User creates an order 1-39,text,true,,482,205,29,29,https://petstore.swagger.io/v2/user/login?username=dcrambc&password=sH9%29IB%24b,149,0,0
1734216651590,149,GET /user/logout,200,OK,User creates an order 1-43,text,true,,381,167,30,30,https://petstore.swagger.io/v2/user/logout,149,0,0
1734216651739,158,POST /user,200,OK,User creates an order 1-43,text,true,,382,395,30,30,https://petstore.swagger.io/v2/user,158,0,0
1734216651807,146,GET /user/login,200,OK,User creates an order 1-42,text,true,,482,215,30,30,https://petstore.swagger.io/v2/user/login?username=jgolsthorpd&password=xT9%3DPpPag%3E%3Fx,146,0,0
1734216651994,160,POST /store/order,200,OK,User creates an order 1-17,text,true,,454,314,30,30,https://petstore.swagger.io/v2/store/order,160,0,0
1734216652055,158,POST /store/order,200,OK,User creates an order 1-20,text,true,,453,313,30,30,https://petstore.swagger.io/v2/store/order,158,0,0
1734216651655,589,POST /user,200,OK,User creates an order 1-46,text,true,,382,393,30,30,https://petstore.swagger.io/v2/user,589,0,439
1734216652154,140,GET /user/logout,200,OK,User creates an order 1-17,text,true,,381,167,30,30,https://petstore.swagger.io/v2/user/logout,140,0,0
1734216652214,139,GET /user/logout,200,OK,User creates an order 1-20,text,true,,381,167,29,29,https://petstore.swagger.io/v2/user/logout,138,0,0
1734216652274,141,GET /user/login,200,OK,User creates an order 1-45,text,true,,482,210,29,29,https://petstore.swagger.io/v2/user/login?username=deppersone&password=zV3%3E%3Ca%27K,141,0,0
1734216652353,156,POST /user,200,OK,User creates an order 1-20,text,true,,382,381,29,29,https://petstore.swagger.io/v2/user,156,0,0
1734216652739,152,GET /user/login,200,OK,User creates an order 1-19,text,true,,482,210,29,29,https://petstore.swagger.io/v2/user/login?username=msallierf&password=fI2%28u%3Cki%23,152,0,0
1734216652848,160,POST /store/order,200,OK,User creates an order 1-23,text,true,,452,312,29,29,https://petstore.swagger.io/v2/store/order,160,0,0
1734216652955,157,POST /store/order,200,OK,User creates an order 1-32,text,true,,453,313,29,29,https://petstore.swagger.io/v2/store/order,157,0,0
1734216653008,147,GET /user/logout,200,OK,User creates an order 1-23,text,true,,381,167,29,29,https://petstore.swagger.io/v2/user/logout,147,0,0
1734216653001,170,POST /store/order,200,OK,User creates an order 1-29,text,true,,453,313,29,29,https://petstore.swagger.io/v2/store/order,168,0,0
1734216653033,153,GET /user/login,200,OK,User creates an order 1-28,text,true,,482,213,29,29,https://petstore.swagger.io/v2/user/login?username=fgaig&password=fI1%5CE%3DLqC%25.5%5CM,153,0,0
1734216653112,140,GET /user/logout,200,OK,User creates an order 1-32,text,true,,381,167,29,29,https://petstore.swagger.io/v2/user/logout,140,0,0
1734216653156,155,POST /user,200,OK,User creates an order 1-23,text,true,,382,402,29,29,https://petstore.swagger.io/v2/user,155,0,0
1734216653172,155,GET /user/logout,200,OK,User creates an order 1-29,text,true,,381,167,29,29,https://petstore.swagger.io/v2/user/logout,153,0,0
1734216653252,140,POST /user,200,OK,User creates an order 1-32,text,true,,382,388,29,29,https://petstore.swagger.io/v2/user,140,0,0
1734216653312,170,POST /store/order,200,OK,User creates an order 1-35,text,true,,453,313,29,29,https://petstore.swagger.io/v2/store/order,170,0,0
1734216653327,157,POST /user,200,OK,User creates an order 1-29,text,true,,382,400,29,29,https://petstore.swagger.io/v2/user,157,0,0
1734216653001,584,POST /store/order,200,OK,User creates an order 1-26,text,true,,453,313,29,29,https://petstore.swagger.io/v2/store/order,584,0,433
1734216653482,148,GET /user/logout,200,OK,User creates an order 1-35,text,true,,381,167,29,29,https://petstore.swagger.io/v2/user/logout,148,0,0
1734216653530,149,GET /user/login,200,OK,User creates an order 1-31,text,true,,482,210,29,29,https://petstore.swagger.io/v2/user/login?username=eperilloi&password=cB5%2F%262Ip%5C,149,0,0
1734216653530,156,GET /user/login,200,OK,User creates an order 1-25,text,true,,482,228,29,29,https://petstore.swagger.io/v2/user/login?username=llivingstonh&password=pT1%29%2F%2BX%29%23G%3CjCG%3C2,156,0,0
1734216653530,159,GET /user/login,200,OK,User creates an order 1-22,text,true,,482,213,29,29,https://petstore.swagger.io/v2/user/login?username=smatchettj&password=kW7%7DuxJ7%7C%27B,159,0,0
1734216653569,149,POST /store/order,200,OK,User creates an order 1-38,text,true,,453,313,29,29,https://petstore.swagger.io/v2/store/order,149,0,0
1734216653585,141,GET /user/logout,200,OK,User creates an order 1-26,text,true,,381,167,29,29,https://petstore.swagger.io/v2/user/logout,141,0,0
1734216653630,151,POST /user,200,OK,User creates an order 1-35,text,true,,382,403,29,29,https://petstore.swagger.io/v2/user,151,0,0
1734216653718,149,GET /user/logout,200,OK,User creates an order 1-38,text,true,,381,167,29,29,https://petstore.swagger.io/v2/user/logout,149,0,0
1734216653726,148,POST /user,200,OK,User creates an order 1-26,text,true,,382,391,29,29,https://petstore.swagger.io/v2/user,148,0,0
1734216653867,133,POST /user,200,OK,User creates an order 1-38,text,true,,382,381,29,29,https://petstore.swagger.io/v2/user,133,0,0
1734216653979,159,GET /user/login,200,OK,User creates an order 1-34,text,true,,482,216,29,29,https://petstore.swagger.io/v2/user/login?username=hchateletk&password=iP1%7E%25y000Nef66WB,159,0,0
1734216654042,172,POST /store/order,200,OK,User creates an order 1-41,text,true,,453,313,29,29,https://petstore.swagger.io/v2/store/order,172,0,0
1734216654165,140,GET /user/login,200,OK,User creates an order 1-37,text,true,,482,212,29,29,https://petstore.swagger.io/v2/user/login?username=eodoneganl&password=qS1%3F%40%27H9BD,140,0,0
1734216654214,140,GET /user/logout,200,OK,User creates an order 1-41,text,true,,381,167,29,29,https://petstore.swagger.io/v2/user/logout,140,0,0
1734216654354,149,POST /user,200,OK,User creates an order 1-41,text,true,,382,386,29,29,https://petstore.swagger.io/v2/user,149,0,0
1734216654427,151,POST /store/order,200,OK,User creates an order 1-44,text,true,,454,314,29,29,https://petstore.swagger.io/v2/store/order,151,0,0
1734216654518,167,GET /user/login,200,OK,User creates an order 1-40,text,true,,482,206,30,30,https://petstore.swagger.io/v2/user/login?username=idecullipm&password=mU5%28EK*n,165,0,0
1734216654578,149,GET /user/logout,200,OK,User creates an order 1-44,text,true,,381,167,30,30,https://petstore.swagger.io/v2/user/logout,149,0,0
1734216654728,158,POST /user,200,OK,User creates an order 1-44,text,true,,382,392,30,30,https://petstore.swagger.io/v2/user,158,0,0
1734216654906,154,GET /user/login,200,OK,User creates an order 1-43,text,true,,482,223,30,30,https://petstore.swagger.io/v2/user/login?username=bcasselso&password=tK0%27%3DR%40k%23r%24%3Dt%27,154,0,0
1734216655061,156,POST /store/order,200,OK,User creates an order 1-24,text,true,,454,314,30,30,https://petstore.swagger.io/v2/store/order,156,0,0
1734216654655,591,POST /user,200,OK,User creates an order 1-47,text,true,,382,374,30,30,https://petstore.swagger.io/v2/user,590,0,438
1734216655217,151,GET /user/logout,200,OK,User creates an order 1-24,text,true,,381,167,30,30,https://petstore.swagger.io/v2/user/logout,149,0,0
1734216655247,141,GET /user/login,200,OK,User creates an order 1-46,text,true,,482,207,30,30,https://petstore.swagger.io/v2/user/login?username=lgosenelln&password=wR3x%256%7E,141,0,0
1734216655369,140,POST /user,200,OK,User creates an order 1-24,text,true,,382,396,30,30,https://petstore.swagger.io/v2/user,140,0,0
1734216655510,143,GET /user/login,200,OK,User creates an order 1-20,text,true,,482,203,30,30,https://petstore.swagger.io/v2/user/login?username=cgippp&password=mS4%23uvS1Y,143,0,0
1734216655681,189,POST /store/order,200,OK,User creates an order 1-21,text,true,,452,312,30,30,https://petstore.swagger.io/v2/store/order,189,0,0
1734216655870,160,GET /user/logout,200,OK,User creates an order 1-21,text,true,,381,167,30,30,https://petstore.swagger.io/v2/user/logout,160,0,0
1734216656030,160,POST /user,200,OK,User creates an order 1-21,text,true,,382,396,30,30,https://petstore.swagger.io/v2/user,160,0,0
1734216656284,155,POST /store/order,200,OK,User creates an order 1-30,text,true,,453,313,30,30,https://petstore.swagger.io/v2/store/order,153,0,0
1734216656314,144,GET /user/login,200,OK,User creates an order 1-23,text,true,,482,216,30,30,https://petstore.swagger.io/v2/user/login?username=cmarchandq&password=xA0%609b3V%21E%7EX07,144,0,0
1734216656393,139,GET /user/login,200,OK,User creates an order 1-32,text,true,,482,212,30,30,https://petstore.swagger.io/v2/user/login?username=tpregelr&password=wD5%40T9%29Ab3xddK,139,0,0
1734216656422,149,POST /store/order,200,OK,User creates an order 1-18,text,true,,453,313,30,30,https://petstore.swagger.io/v2/store/order,149,0,0
1734216656439,151,GET /user/logout,200,OK,User creates an order 1-30,text,true,,381,167,30,30,https://petstore.swagger.io/v2/user/logout,151,0,0
1734216656460,172,POST /store/order,200,OK,User creates an order 1-36,text,true,,453,313,30,30,https://petstore.swagger.io/v2/store/order,172,0,0
1734216656447,185,POST /store/order,200,OK,User creates an order 1-33,text,true,,453,313,30,30,https://petstore.swagger.io/v2/store/order,184,0,0
1734216656487,146,GET /user/login,200,OK,User creates an order 1-29,text,true,,482,216,30,30,https://petstore.swagger.io/v2/user/login?username=ckinnards&password=jI3%3DS2y%3EZn%7C3q5Y,146,0,0
1734216656571,141,GET /user/logout,200,OK,User creates an order 1-18,text,true,,381,167,30,30,https://petstore.swagger.io/v2/user/logout,141,0,0
1734216656591,147,POST /user,200,OK,User creates an order 1-30,text,true,,382,388,29,29,https://petstore.swagger.io/v2/user,145,0,0
1734216656632,149,GET /user/logout,200,OK,User creates an order 1-36,text,true,,381,167,29,29,https://petstore.swagger.io/v2/user/logout,149,0,0
1734216656632,153,GET /user/logout,200,OK,User creates an order 1-33,text,true,,381,167,29,29,https://petstore.swagger.io/v2/user/logout,153,0,0
1734216656650,149,POST /store/order,200,OK,User creates an order 1-39,text,true,,453,313,29,29,https://petstore.swagger.io/v2/store/order,149,0,0
1734216656781,148,POST /user,200,OK,User creates an order 1-36,text,true,,382,400,29,29,https://petstore.swagger.io/v2/user,148,0,0
1734216656794,143,GET /user/login,200,OK,User creates an order 1-35,text,true,,482,209,29,29,https://petstore.swagger.io/v2/user/login?username=msprullst&password=wH7%23xAl%29L1,143,0,0
1734216656785,156,POST /user,200,OK,User creates an order 1-33,text,true,,382,398,29,29,https://petstore.swagger.io/v2/user,156,0,0
1734216656799,143,GET /user/logout,200,OK,User creates an order 1-39,text,true,,381,167,29,29,https://petstore.swagger.io/v2/user/logout,143,0,0
1734216656314,628,POST /store/order,200,OK,User creates an order 1-27,text,true,,454,314,29,29,https://petstore.swagger.io/v2/store/order,628,0,471
1734216656888,156,GET /user/login,200,OK,User creates an order 1-26,text,true,,482,208,29,29,https://petstore.swagger.io/v2/user/login?username=pmarzelleu&password=eP3%25ZrnEi9,156,0,0
1734216656942,143,GET /user/logout,200,OK,User creates an order 1-27,text,true,,381,167,29,29,https://petstore.swagger.io/v2/user/logout,143,0,0
1734216656942,146,POST /user,200,OK,User creates an order 1-39,text,true,,382,396,29,29,https://petstore.swagger.io/v2/user,146,0,0
1734216656963,155,POST /store/order,200,OK,User creates an order 1-42,text,true,,453,313,29,29,https://petstore.swagger.io/v2/store/order,155,0,0
1734216657009,140,GET /user/login,200,OK,User creates an order 1-38,text,true,,482,212,29,29,https://petstore.swagger.io/v2/user/login?username=gsperav&password=kM0%26%3D*%3D%2Bfzf,140,0,0
1734216657084,150,POST /user,200,OK,User creates an order 1-27,text,true,,382,399,29,29,https://petstore.swagger.io/v2/user,150,0,0
1734216657118,139,GET /user/logout,200,OK,User creates an order 1-42,text,true,,381,167,29,29,https://petstore.swagger.io/v2/user/logout,139,0,0
1734216657258,148,POST /user,200,OK,User creates an order 1-42,text,true,,382,376,29,29,https://petstore.swagger.io/v2/user,148,0,0
1734216657429,145,POST /store/order,200,OK,User creates an order 1-45,text,true,,452,312,29,29,https://petstore.swagger.io/v2/store/order,145,0,0
1734216657502,143,GET /user/login,200,OK,User creates an order 1-41,text,true,,482,208,29,29,https://petstore.swagger.io/v2/user/login?username=lhighwoodw&password=hJ2_fSsso*3P,141,0,0
1734216657574,139,GET /user/logout,200,OK,User creates an order 1-45,text,true,,381,167,30,30,https://petstore.swagger.io/v2/user/logout,139,0,0
1734216657713,148,POST /user,500,Server Error,User creates an order 1-45,text,false,,411,393,30,30,https://petstore.swagger.io/v2/user,148,0,0
1734216657891,225,GET /user/login,200,OK,User creates an order 1-44,text,true,,482,214,30,30,https://petstore.swagger.io/v2/user/login?username=ksharpery&password=fH7%60%3Eh%2B%60oFC,225,0,0
1734216657891,236,POST /store/order,200,OK,User creates an order 1-19,text,true,,453,313,30,30,https://petstore.swagger.io/v2/store/order,236,0,0
1734216657656,595,POST /user,200,OK,User creates an order 1-48,text,true,,382,389,30,30,https://petstore.swagger.io/v2/user,595,0,461
1734216658127,153,GET /user/logout,200,OK,User creates an order 1-19,text,true,,381,167,30,30,https://petstore.swagger.io/v2/user/logout,152,0,0
1734216658247,155,GET /user/login,200,OK,User creates an order 1-47,text,true,,482,200,29,29,https://petstore.swagger.io/v2/user/login?username=gchrispx&password=tB2%3F,153,0,0
1734216658510,145,GET /user/login,200,OK,User creates an order 1-24,text,true,,482,212,29,29,https://petstore.swagger.io/v2/user/login?username=pshirlandz&password=fZ0%2Bbmtr%7EBJq,145,0,0
1734216658185,652,POST /store/order,200,OK,User creates an order 1-28,text,true,,453,313,29,29,https://petstore.swagger.io/v2/store/order,652,0,470
1734216658680,167,POST /store/order,200,OK,User creates an order 1-31,text,true,,454,314,29,29,https://petstore.swagger.io/v2/store/order,167,0,0
1734216658695,163,POST /store/order,200,OK,User creates an order 1-25,text,true,,453,313,29,29,https://petstore.swagger.io/v2/store/order,160,0,0
1734216658695,163,POST /store/order,200,OK,User creates an order 1-22,text,true,,453,313,29,29,https://petstore.swagger.io/v2/store/order,163,0,0
1734216658837,144,GET /user/logout,200,OK,User creates an order 1-28,text,true,,381,167,29,29,https://petstore.swagger.io/v2/user/logout,144,0,0
1734216658858,147,GET /user/logout,200,OK,User creates an order 1-25,text,true,,381,167,29,29,https://petstore.swagger.io/v2/user/logout,147,0,0
1734216658847,160,GET /user/logout,200,OK,User creates an order 1-31,text,true,,381,167,29,29,https://petstore.swagger.io/v2/user/logout,160,0,0
1734216658858,149,GET /user/logout,200,OK,User creates an order 1-22,text,true,,381,167,29,29,https://petstore.swagger.io/v2/user/logout,149,0,0
1734216658981,168,POST /user,500,Server Error,User creates an order 1-28,text,false,,411,400,29,29,https://petstore.swagger.io/v2/user,168,0,0
1734216659005,146,POST /user,200,OK,User creates an order 1-25,text,true,,382,402,29,29,https://petstore.swagger.io/v2/user,144,0,0
1734216659007,149,POST /user,200,OK,User creates an order 1-31,text,true,,382,399,29,29,https://petstore.swagger.io/v2/user,148,0,0
1734216659007,151,POST /user,200,OK,User creates an order 1-22,text,true,,382,410,29,29,https://petstore.swagger.io/v2/user,151,0,0
1734216659146,163,POST /store/order,200,OK,User creates an order 1-34,text,true,,454,314,29,29,https://petstore.swagger.io/v2/store/order,163,0,0
1734216659192,140,GET /user/login,200,OK,User creates an order 1-21,text,true,,482,212,29,29,https://petstore.swagger.io/v2/user/login?username=tgelland10&password=tS4%7C5BYba%3DAu,140,0,0
1734216659310,149,GET /user/logout,200,OK,User creates an order 1-34,text,true,,381,167,29,29,https://petstore.swagger.io/v2/user/logout,149,0,0
1734216659317,174,POST /store/order,200,OK,User creates an order 1-37,text,true,,453,313,29,29,https://petstore.swagger.io/v2/store/order,174,0,0
1734216659459,150,POST /user,200,OK,User creates an order 1-34,text,true,,382,404,29,29,https://petstore.swagger.io/v2/user,150,0,0
1734216659491,143,GET /user/logout,200,OK,User creates an order 1-37,text,true,,381,167,29,29,https://petstore.swagger.io/v2/user/logout,143,0,0
1734216659634,149,POST /user,200,OK,User creates an order 1-37,text,true,,382,387,29,29,https://petstore.swagger.io/v2/user,149,0,0
1734216659690,175,POST /store/order,200,OK,User creates an order 1-40,text,true,,453,313,29,29,https://petstore.swagger.io/v2/store/order,175,0,0
1734216659752,135,GET /user/login,200,OK,User creates an order 1-30,text,true,,482,212,29,29,https://petstore.swagger.io/v2/user/login?username=eromaint11&password=nU6%23A%28CYRDyZ,135,0,0
1734216659865,141,GET /user/logout,200,OK,User creates an order 1-40,text,true,,381,167,29,29,https://petstore.swagger.io/v2/user/logout,141,0,0
1734216659939,151,GET /user/login,200,OK,User creates an order 1-36,text,true,,482,220,29,29,https://petstore.swagger.io/v2/user/login?username=sdaltrey12&password=gQ8%29MuckGsRf_%26%60%27,151,0,0
1734216659954,140,GET /user/login,200,OK,User creates an order 1-33,text,true,,482,218,29,29,https://petstore.swagger.io/v2/user/login?username=thurlston13&password=pO6%3FE8x%24%3Fs%293S,140,0,0
1734216660008,157,POST /user,200,OK,User creates an order 1-40,text,true,,382,388,29,29,https://petstore.swagger.io/v2/user,157,0,0
1734216660062,168,POST /store/order,200,OK,User creates an order 1-43,text,true,,452,312,29,29,https://petstore.swagger.io/v2/store/order,168,0,0
1734216660093,145,GET /user/login,200,OK,User creates an order 1-39,text,true,,482,216,29,29,https://petstore.swagger.io/v2/user/login?username=tmemmory14&password=oY7%25A1OL.0A5Po%261,145,0,0
1734216660230,160,GET /user/logout,200,OK,User creates an order 1-43,text,true,,381,167,29,29,https://petstore.swagger.io/v2/user/logout,160,0,0
1734216660249,141,GET /user/login,200,OK,User creates an order 1-27,text,true,,482,213,29,29,https://petstore.swagger.io/v2/user/login?username=klairdcraig15&password=lJ9.%3Dk%7E7eG,141,0,0
1734216660390,159,POST /user,200,OK,User creates an order 1-43,text,true,,382,399,29,29,https://petstore.swagger.io/v2/user,159,0,0
1734216660388,180,POST /store/order,200,OK,User creates an order 1-46,text,true,,454,314,29,29,https://petstore.swagger.io/v2/store/order,180,0,0
1734216660418,159,GET /user/login,200,OK,User creates an order 1-42,text,true,,482,196,29,29,https://petstore.swagger.io/v2/user/login?username=bmaes16&password=kG8,158,0,0
1734216660568,149,GET /user/logout,200,OK,User creates an order 1-46,text,true,,381,167,30,30,https://petstore.swagger.io/v2/user/logout,149,0,0
1734216660666,154,POST /store/order,200,OK,User creates an order 1-20,text,true,,453,313,30,30,https://petstore.swagger.io/v2/store/order,154,0,0
1734216660717,157,POST /user,200,OK,User creates an order 1-46,text,true,,382,387,30,30,https://petstore.swagger.io/v2/user,156,0,0
1734216660820,141,GET /user/logout,200,OK,User creates an order 1-20,text,true,,381,167,30,30,https://petstore.swagger.io/v2/user/logout,141,0,0
1734216660866,139,GET /user/login,200,OK,User creates an order 1-45,text,true,,482,211,29,29,https://petstore.swagger.io/v2/user/login?username=bdredge18&password=jU8%5C6Z%24koAJ4,139,0,0
1734216660653,616,POST /user,200,OK,User creates an order 1-49,text,true,,382,403,29,29,https://petstore.swagger.io/v2/user,616,0,455
1734216661254,135,GET /user/login,200,OK,User creates an order 1-48,text,true,,482,209,29,29,https://petstore.swagger.io/v2/user/login?username=lelfe17&password=mW8%7BgZn4dj0%3C,135,0,0
1734216661470,173,POST /store/order,200,OK,User creates an order 1-23,text,true,,452,312,29,29,https://petstore.swagger.io/v2/store/order,173,0,0
1734216661532,159,POST /store/order,200,OK,User creates an order 1-32,text,true,,454,314,29,29,https://petstore.swagger.io/v2/store/order,159,0,0
1734216661643,152,GET /user/logout,200,OK,User creates an order 1-23,text,true,,381,167,29,29,https://petstore.swagger.io/v2/user/logout,152,0,0
1734216661691,140,GET /user/logout,200,OK,User creates an order 1-32,text,true,,381,167,29,29,https://petstore.swagger.io/v2/user/logout,140,0,0
1734216661795,156,POST /user,500,Server Error,User creates an order 1-23,text,false,,411,394,29,29,https://petstore.swagger.io/v2/user,156,0,0
1734216661831,139,POST /user,200,OK,User creates an order 1-32,text,true,,382,386,29,29,https://petstore.swagger.io/v2/user,139,0,0
1734216661951,161,POST /store/order,200,OK,User creates an order 1-35,text,true,,453,313,29,29,https://petstore.swagger.io/v2/store/order,161,0,0
1734216662044,162,POST /store/order,200,OK,User creates an order 1-26,text,true,,451,311,29,29,https://petstore.swagger.io/v2/store/order,162,0,0
1734216661640,576,POST /store/order,200,OK,User creates an order 1-29,text,true,,454,314,29,29,https://petstore.swagger.io/v2/store/order,576,0,432
1734216662113,139,GET /user/logout,200,OK,User creates an order 1-35,text,true,,381,167,29,29,https://petstore.swagger.io/v2/user/logout,139,0,0
1734216662152,149,GET /user/login,200,OK,User creates an order 1-28,text,true,,482,217,29,29,https://petstore.swagger.io/v2/user/login?username=jcaccavella19&password=hF3%3E.l%5CG9%2B_n,149,0,0
1734216662152,153,GET /user/login,200,OK,User creates an order 1-25,text,true,,482,217,29,29,https://petstore.swagger.io/v2/user/login?username=cbettaney1a&password=fN0%7CIK%3CFj3a1%29U,153,0,0
1734216662152,159,POST /store/order,200,OK,User creates an order 1-38,text,true,,454,314,29,29,https://petstore.swagger.io/v2/store/order,159,0,0
1734216662167,154,GET /user/login,200,OK,User creates an order 1-31,text,true,,482,212,29,29,https://petstore.swagger.io/v2/user/login?username=rmckeveney1b&password=xU7%60y%7BT%27,154,0,0
1734216662167,156,GET /user/login,200,OK,User creates an order 1-22,text,true,,482,212,29,29,https://petstore.swagger.io/v2/user/login?username=rclemenceau1c&password=lC9TY%3ETA5wD,156,0,0
1734216662206,138,GET /user/logout,200,OK,User creates an order 1-26,text,true,,381,167,29,29,https://petstore.swagger.io/v2/user/logout,138,0,0
1734216662216,164,GET /user/logout,200,OK,User creates an order 1-29,text,true,,381,167,29,29,https://petstore.swagger.io/v2/user/logout,164,0,0
1734216662252,148,POST /user,500,Server Error,User creates an order 1-35,text,false,,411,382,29,29,https://petstore.swagger.io/v2/user,148,0,0
1734216662311,128,GET /user/logout,200,OK,User creates an order 1-38,text,true,,381,167,29,29,https://petstore.swagger.io/v2/user/logout,128,0,0
1734216662344,149,POST /user,200,OK,User creates an order 1-26,text,true,,382,417,29,29,https://petstore.swagger.io/v2/user,149,0,0
1734216662380,144,POST /user,200,OK,User creates an order 1-29,text,true,,382,384,29,29,https://petstore.swagger.io/v2/user,144,0,0
1734216662439,141,POST /user,200,OK,User creates an order 1-38,text,true,,382,393,29,29,https://petstore.swagger.io/v2/user,139,0,0
1734216662616,169,GET /user/login,200,OK,User creates an order 1-34,text,true,,482,221,29,29,https://petstore.swagger.io/v2/user/login?username=ipetrenko1d&password=mS5%40_LU%27NsW%7E1m%29c,169,0,0
1734216662646,176,POST /store/order,200,OK,User creates an order 1-41,text,true,,452,312,29,29,https://petstore.swagger.io/v2/store/order,176,0,0
1734216662786,139,GET /user/login,200,OK,User creates an order 1-37,text,true,,482,205,29,29,https://petstore.swagger.io/v2/user/login?username=aleyes0&password=zU7%3EtXt%23,139,0,0
1734216662822,141,GET /user/logout,200,OK,User creates an order 1-41,text,true,,381,167,29,29,https://petstore.swagger.io/v2/user/logout,141,0,0
1734216662963,186,POST /user,200,OK,User creates an order 1-41,text,true,,382,394,29,29,https://petstore.swagger.io/v2/user,186,0,0
1734216663126,161,POST /store/order,200,OK,User creates an order 1-44,text,true,,453,313,29,29,https://petstore.swagger.io/v2/store/order,161,0,0
1734216663173,144,GET /user/login,200,OK,User creates an order 1-40,text,true,,482,210,29,29,https://petstore.swagger.io/v2/user/login?username=tvasyanin1&password=gX5_J%29%3E0jX,144,0,0
1734216663287,140,GET /user/logout,200,OK,User creates an order 1-44,text,true,,381,167,29,29,https://petstore.swagger.io/v2/user/logout,140,0,0
1734216663405,169,POST /store/order,200,OK,User creates an order 1-47,text,true,,453,313,29,29,https://petstore.swagger.io/v2/store/order,167,0,0
1734216663427,147,POST /user,200,OK,User creates an order 1-44,text,true,,382,382,29,29,https://petstore.swagger.io/v2/user,147,0,0
1734216663550,149,GET /user/login,200,OK,User creates an order 1-43,text,true,,482,211,30,30,https://petstore.swagger.io/v2/user/login?username=ghammerberg2&password=qP3%7D8X85bpB,149,0,0
1734216663574,150,GET /user/logout,200,OK,User creates an order 1-47,text,true,,381,167,30,30,https://petstore.swagger.io/v2/user/logout,149,0,0
1734216663668,166,POST /store/order,200,OK,User creates an order 1-24,text,true,,453,313,30,30,https://petstore.swagger.io/v2/store/order,166,0,0
1734216663725,147,POST /user,200,OK,User creates an order 1-47,text,true,,382,391,30,30,https://petstore.swagger.io/v2/user,147,0,0
1734216663834,135,GET /user/logout,200,OK,User creates an order 1-24,text,true,,381,167,30,30,https://petstore.swagger.io/v2/user/logout,134,0,0
1734216663885,152,GET /user/login,200,OK,User creates an order 1-46,text,true,,482,207,30,30,https://petstore.swagger.io/v2/user/login?username=lnanni4&password=vM4%27lceR1NEz,152,0,0
1734216663969,149,POST /user,200,OK,User creates an order 1-24,text,true,,382,393,30,30,https://petstore.swagger.io/v2/user,149,0,0
1734216663653,556,POST /user,200,OK,User creates an order 1-50,text,true,,382,397,30,30,https://petstore.swagger.io/v2/user,556,0,421
1734216664272,149,GET /user/login,200,OK,User creates an order 1-49,text,true,,482,218,30,30,https://petstore.swagger.io/v2/user/login?username=llissandrini3&password=bR3.Gd%287XLPR%7CMy,149,0,0
1734216664334,166,POST /store/order,200,OK,User creates an order 1-21,text,true,,454,314,30,30,https://petstore.swagger.io/v2/store/order,166,0,0
1734216664501,168,GET /user/logout,200,OK,User creates an order 1-21,text,true,,381,167,30,30,https://petstore.swagger.io/v2/user/logout,168,0,0
1734216664954,151,GET /user/login,200,OK,User creates an order 1-23,text,true,,482,218,29,29,https://petstore.swagger.io/v2/user/login?username=dtomisch5&password=rG0%3E2%26%40%5C%3FDuZ5,151,0,0
1734216664985,145,GET /user/login,200,OK,User creates an order 1-32,text,true,,482,212,29,29,https://petstore.swagger.io/v2/user/login?username=ejarrold6&password=zC5%40%2892naM0c9,145,0,0
1734216665094,170,POST /store/order,200,OK,User creates an order 1-33,text,true,,452,312,29,29,https://petstore.swagger.io/v2/store/order,170,0,0
1734216665094,174,POST /store/order,200,OK,User creates an order 1-36,text,true,,453,313,29,29,https://petstore.swagger.io/v2/store/order,173,0,0
1734216665265,158,GET /user/logout,200,OK,User creates an order 1-33,text,true,,381,167,29,29,https://petstore.swagger.io/v2/user/logout,158,0,0
1734216665248,177,POST /store/order,200,OK,User creates an order 1-39,text,true,,454,314,29,29,https://petstore.swagger.io/v2/store/order,177,0,0
1734216665268,166,GET /user/logout,200,OK,User creates an order 1-36,text,true,,381,167,29,29,https://petstore.swagger.io/v2/user/logout,159,0,0
1734216664892,595,POST /store/order,200,OK,User creates an order 1-30,text,true,,453,313,29,29,https://petstore.swagger.io/v2/store/order,595,0,436
1734216665404,138,GET /user/login,200,OK,User creates an order 1-35,text,true,,482,206,29,29,https://petstore.swagger.io/v2/user/login?username=nheath7&password=lV8%28sS%5Cxz,138,0,0
1734216665423,151,POST /user,500,Server Error,User creates an order 1-33,text,false,,411,386,29,29,https://petstore.swagger.io/v2/user,151,0,0
1734216665404,179,POST /store/order,200,OK,User creates an order 1-27,text,true,,454,314,29,29,https://petstore.swagger.io/v2/store/order,170,0,0
1734216665425,158,GET /user/logout,200,OK,User creates an order 1-39,text,true,,381,167,29,29,https://petstore.swagger.io/v2/user/logout,158,0,0
1734216665435,167,POST /user,200,OK,User creates an order 1-36,text,true,,382,402,29,29,https://petstore.swagger.io/v2/user,167,0,0
1734216665487,142,GET /user/logout,200,OK,User creates an order 1-30,text,true,,381,167,29,29,https://petstore.swagger.io/v2/user/logout,142,0,0
1734216665496,149,GET /user/login,200,OK,User creates an order 1-26,text,true,,482,220,29,29,https://petstore.swagger.io/v2/user/login?username=lffrenchbeytagh8&password=sF0%21i7hU%24J94q_,149,0,0
1734216665527,158,GET /user/login,200,OK,User creates an order 1-29,text,true,,482,198,29,29,https://petstore.swagger.io/v2/user/login?username=spurnell9&password=yM7,156,0,0
1734216665589,137,GET /user/login,200,OK,User creates an order 1-38,text,true,,482,209,29,29,https://petstore.swagger.io/v2/user/login?username=icathralla&password=rK1*eQmJ%262R,137,0,0
1734216665579,147,POST /store/order,200,OK,User creates an order 1-42,text,true,,454,314,29,29,https://petstore.swagger.io/v2/store/order,147,0,0
1734216665583,145,GET /user/logout,200,OK,User creates an order 1-27,text,true,,381,167,29,29,https://petstore.swagger.io/v2/user/logout,143,0,0
1734216665583,161,POST /user,500,Server Error,User creates an order 1-39,text,false,,411,386,29,29,https://petstore.swagger.io/v2/user,161,0,0
1734216665629,151,POST /user,200,OK,User creates an order 1-30,text,true,,382,396,29,29,https://petstore.swagger.io/v2/user,151,0,0
1734216665726,150,GET /user/logout,200,OK,User creates an order 1-42,text,true,,381,167,29,29,https://petstore.swagger.io/v2/user/logout,150,0,0
1734216665728,173,POST /user,200,OK,User creates an order 1-27,text,true,,382,397,29,29,https://petstore.swagger.io/v2/user,173,0,0
1734216665876,133,POST /user,200,OK,User creates an order 1-42,text,true,,382,386,29,29,https://petstore.swagger.io/v2/user,133,0,0
1734216666006,183,POST /store/order,200,OK,User creates an order 1-45,text,true,,452,312,29,29,https://petstore.swagger.io/v2/store/order,183,0,0
1734216666161,189,GET /user/login,200,OK,User creates an order 1-41,text,true,,482,220,29,29,https://petstore.swagger.io/v2/user/login?username=pgilleyb&password=yA2%27NMzDElZ%21%2FX%60%60,189,0,0
1734216666189,162,GET /user/logout,200,OK,User creates an order 1-45,text,true,,381,167,29,29,https://petstore.swagger.io/v2/user/logout,161,0,0
1734216666351,143,POST /user,200,OK,User creates an order 1-45,text,true,,382,391,29,29,https://petstore.swagger.io/v2/user,143,0,0
1734216666393,157,POST /store/order,200,OK,User creates an order 1-48,text,true,,453,313,29,29,https://petstore.swagger.io/v2/store/order,157,0,0
1734216666551,140,GET /user/logout,200,OK,User creates an order 1-48,text,true,,381,167,29,29,https://petstore.swagger.io/v2/user/logout,140,0,0
1734216666574,153,GET /user/login,200,OK,User creates an order 1-44,text,true,,482,205,29,29,https://petstore.swagger.io/v2/user/login?username=dcrambc&password=sH9%29IB%24b,153,0,0
1734216666691,155,POST /user,200,OK,User creates an order 1-48,text,true,,382,393,29,29,https://petstore.swagger.io/v2/user,155,0,0
1734216666887,183,GET /user/login,200,OK,User creates an order 1-47,text,true,,482,210,29,29,https://petstore.swagger.io/v2/user/login?username=deppersone&password=zV3%3E%3Ca%27K,183,0,0
1734216667121,139,GET /user/login,200,OK,User creates an order 1-24,text,true,,482,210,29,29,https://petstore.swagger.io/v2/user/login?username=msallierf&password=fI2%28u%3Cki%23,139,0,0
1734216667214,135,GET /user/login,200,OK,User creates an order 1-50,text,true,,482,215,29,29,https://petstore.swagger.io/v2/user/login?username=jgolsthorpd&password=xT9%3DPpPag%3E%3Fx,135,0,0
1734216667307,177,POST /store/order,200,OK,User creates an order 1-25,text,true,,453,313,29,29,https://petstore.swagger.io/v2/store/order,177,0,0
1734216667307,177,POST /store/order,200,OK,User creates an order 1-28,text,true,,454,314,29,29,https://petstore.swagger.io/v2/store/order,177,0,0
1734216667338,162,POST /store/order,200,OK,User creates an order 1-22,text,true,,453,313,29,29,https://petstore.swagger.io/v2/store/order,162,0,0
1734216667484,158,GET /user/logout,200,OK,User creates an order 1-25,text,true,,381,167,29,29,https://petstore.swagger.io/v2/user/logout,158,0,0
1734216667484,163,GET /user/logout,200,OK,User creates an order 1-28,text,true,,381,167,29,29,https://petstore.swagger.io/v2/user/logout,163,0,0
1734216667500,159,GET /user/logout,200,OK,User creates an order 1-22,text,true,,381,167,29,29,https://petstore.swagger.io/v2/user/logout,159,0,0
1734216667643,154,POST /user,200,OK,User creates an order 1-25,text,true,,382,395,28,28,https://petstore.swagger.io/v2/user,154,0,0
1734216667647,154,POST /user,200,OK,User creates an order 1-28,text,true,,382,381,28,28,https://petstore.swagger.io/v2/user,154,0,0
1734216667323,595,POST /store/order,200,OK,User creates an order 1-31,text,true,,452,312,28,28,https://petstore.swagger.io/v2/store/order,595,0,452
1734216667787,180,POST /store/order,200,OK,User creates an order 1-34,text,true,,453,313,28,28,https://petstore.swagger.io/v2/store/order,180,0,0
1734216667926,225,POST /store/order,200,OK,User creates an order 1-37,text,true,,453,313,28,28,https://petstore.swagger.io/v2/store/order,225,0,0
1734216667918,233,GET /user/logout,200,OK,User creates an order 1-31,text,true,,381,167,28,28,https://petstore.swagger.io/v2/user/logout,233,0,0
1734216667967,185,GET /user/logout,200,OK,User creates an order 1-34,text,true,,381,167,28,28,https://petstore.swagger.io/v2/user/logout,184,0,0
1734216668151,159,GET /user/logout,200,OK,User creates an order 1-37,text,true,,381,167,28,28,https://petstore.swagger.io/v2/user/logout,159,0,0
1734216668151,159,POST /user,200,OK,User creates an order 1-31,text,true,,382,402,28,28,https://petstore.swagger.io/v2/user,159,0,0
1734216668152,167,POST /user,200,OK,User creates an order 1-34,text,true,,382,388,28,28,https://petstore.swagger.io/v2/user,158,0,0
1734216668310,154,POST /user,200,OK,User creates an order 1-37,text,true,,382,400,28,28,https://petstore.swagger.io/v2/user,154,0,0
1734216668331,168,POST /store/order,200,OK,User creates an order 1-40,text,true,,453,313,28,28,https://petstore.swagger.io/v2/store/order,166,0,0
1734216668499,151,GET /user/logout,200,OK,User creates an order 1-40,text,true,,381,167,28,28,https://petstore.swagger.io/v2/user/logout,149,0,0
1734216668580,147,GET /user/login,200,OK,User creates an order 1-33,text,true,,482,213,28,28,https://petstore.swagger.io/v2/user/login?username=fgaig&password=fI1%5CE%3DLqC%25.5%5CM,147,0,0
1734216668610,158,GET /user/login,200,OK,User creates an order 1-36,text,true,,482,228,28,28,https://petstore.swagger.io/v2/user/login?username=llivingstonh&password=pT1%29%2F%2BX%29%23G%3CjCG%3C2,158,0,0
1734216668650,154,POST /user,200,OK,User creates an order 1-40,text,true,,382,403,28,28,https://petstore.swagger.io/v2/user,154,0,0
1734216668703,169,POST /store/order,200,OK,User creates an order 1-43,text,true,,453,313,28,28,https://petstore.swagger.io/v2/store/order,169,0,0
1734216668750,149,GET /user/login,200,OK,User creates an order 1-39,text,true,,482,210,28,28,https://petstore.swagger.io/v2/user/login?username=eperilloi&password=cB5%2F%262Ip%5C,149,0,0
1734216668782,146,GET /user/login,200,OK,User creates an order 1-30,text,true,,482,213,28,28,https://petstore.swagger.io/v2/user/login?username=smatchettj&password=kW7%7DuxJ7%7C%27B,146,0,0
1734216668872,148,GET /user/logout,200,OK,User creates an order 1-43,text,true,,381,167,28,28,https://petstore.swagger.io/v2/user/logout,148,0,0
1734216668906,151,GET /user/login,200,OK,User creates an order 1-27,text,true,,482,216,28,28,https://petstore.swagger.io/v2/user/login?username=hchateletk&password=iP1%7E%25y000Nef66WB,151,0,0
1734216669014,143,GET /user/login,200,OK,User creates an order 1-42,text,true,,482,212,28,28,https://petstore.swagger.io/v2/user/login?username=eodoneganl&password=qS1%3F%40%27H9BD,143,0,0
1734216669020,147,POST /user,200,OK,User creates an order 1-43,text,true,,382,391,28,28,https://petstore.swagger.io/v2/user,147,0,0
1734216669046,162,POST /store/order,200,OK,User creates an order 1-46,text,true,,453,313,28,28,https://petstore.swagger.io/v2/store/order,162,0,0
1734216669208,182,GET /user/logout,200,OK,User creates an order 1-46,text,true,,381,167,28,28,https://petstore.swagger.io/v2/user/logout,182,0,0
1734216669390,155,POST /user,200,OK,User creates an order 1-46,text,true,,382,381,28,28,https://petstore.swagger.io/v2/user,155,0,0
1734216669434,168,POST /store/order,200,OK,User creates an order 1-49,text,true,,454,314,28,28,https://petstore.swagger.io/v2/store/order,168,0,0
1734216669496,149,GET /user/login,200,OK,User creates an order 1-45,text,true,,482,206,28,28,https://petstore.swagger.io/v2/user/login?username=idecullipm&password=mU5%28EK*n,149,0,0
1734216669602,150,GET /user/logout,200,OK,User creates an order 1-49,text,true,,381,167,28,28,https://petstore.swagger.io/v2/user/logout,150,0,0
1734216669753,157,POST /user,200,OK,User creates an order 1-49,text,true,,382,386,28,28,https://petstore.swagger.io/v2/user,157,0,0
1734216669852,140,GET /user/login,200,OK,User creates an order 1-48,text,true,,482,207,28,28,https://petstore.swagger.io/v2/user/login?username=lgosenelln&password=wR3x%256%7E,140,0,0
1734216670114,198,POST /store/order,200,OK,User creates an order 1-23,text,true,,454,314,28,28,https://petstore.swagger.io/v2/store/order,198,0,0
1734216670312,161,GET /user/logout,200,OK,User creates an order 1-23,text,true,,381,167,28,28,https://petstore.swagger.io/v2/user/logout,158,0,0
1734216670546,157,POST /store/order,200,OK,User creates an order 1-35,text,true,,453,313,27,27,https://petstore.swagger.io/v2/store/order,157,0,0
1734216670655,161,POST /store/order,200,OK,User creates an order 1-26,text,true,,454,314,27,27,https://petstore.swagger.io/v2/store/order,161,0,0
1734216670145,676,POST /store/order,200,OK,User creates an order 1-32,text,true,,452,312,27,27,https://petstore.swagger.io/v2/store/order,676,0,528
1734216670703,142,GET /user/logout,200,OK,User creates an order 1-35,text,true,,381,167,27,27,https://petstore.swagger.io/v2/user/logout,138,0,0
1734216670686,160,POST /store/order,200,OK,User creates an order 1-29,text,true,,453,313,27,27,https://petstore.swagger.io/v2/store/order,160,0,0
1734216670733,156,POST /store/order,200,OK,User creates an order 1-38,text,true,,453,313,27,27,https://petstore.swagger.io/v2/store/order,156,0,0
1734216670821,148,GET /user/logout,200,OK,User creates an order 1-32,text,true,,381,167,27,27,https://petstore.swagger.io/v2/user/logout,148,0,0
1734216670810,161,GET /user/login,200,OK,User creates an order 1-28,text,true,,482,203,27,27,https://petstore.swagger.io/v2/user/login?username=cgippp&password=mS4%23uvS1Y,161,0,0
1734216670816,155,GET /user/logout,200,OK,User creates an order 1-26,text,true,,381,167,27,27,https://petstore.swagger.io/v2/user/logout,155,0,0
1734216670810,164,GET /user/login,200,OK,User creates an order 1-25,text,true,,482,223,27,27,https://petstore.swagger.io/v2/user/login?username=bcasselso&password=tK0%27%3DR%40k%23r%24%3Dt%27,164,0,0
1734216670845,146,POST /user,200,OK,User creates an order 1-35,text,true,,382,374,27,27,https://petstore.swagger.io/v2/user,146,0,0
1734216670846,147,GET /user/logout,200,OK,User creates an order 1-29,text,true,,381,167,27,27,https://petstore.swagger.io/v2/user/logout,147,0,0
1734216670889,140,GET /user/logout,200,OK,User creates an order 1-38,text,true,,381,167,27,27,https://petstore.swagger.io/v2/user/logout,140,0,0
1734216670969,142,POST /user,200,OK,User creates an order 1-32,text,true,,382,392,27,27,https://petstore.swagger.io/v2/user,142,0,0
1734216670971,143,POST /user,200,OK,User creates an order 1-26,text,true,,382,396,27,27,https://petstore.swagger.io/v2/user,143,0,0
1734216670993,151,POST /user,200,OK,User creates an order 1-29,text,true,,382,396,27,27,https://petstore.swagger.io/v2/user,151,0,0
1734216671029,131,POST /user,200,OK,User creates an order 1-38,text,true,,382,388,27,27,https://petstore.swagger.io/v2/user,131,0,0
1734216671319,164,GET /user/login,200,OK,User creates an order 1-31,text,true,,482,216,27,27,https://petstore.swagger.io/v2/user/login?username=cmarchandq&password=xA0%609b3V%21E%7EX07,164,0,0
1734216671334,177,GET /user/login,200,OK,User creates an order 1-34,text,true,,482,212,27,27,https://petstore.swagger.io/v2/user/login?username=tpregelr&password=wD5%40T9%29Ab3xddK,177,0,0
1734216671365,168,POST /store/order,200,OK,User creates an order 1-41,text,true,,453,313,27,27,https://petstore.swagger.io/v2/store/order,168,0,0
1734216671474,142,GET /user/login,200,OK,User creates an order 1-37,text,true,,482,216,27,27,https://petstore.swagger.io/v2/user/login?username=ckinnards&password=jI3%3DS2y%3EZn%7C3q5Y,142,0,0
1734216671533,143,GET /user/logout,200,OK,User creates an order 1-41,text,true,,381,167,27,27,https://petstore.swagger.io/v2/user/logout,143,0,0
1734216671676,146,POST /user,200,OK,User creates an order 1-41,text,true,,382,400,27,27,https://petstore.swagger.io/v2/user,146,0,0
1734216671737,160,POST /store/order,200,OK,User creates an order 1-44,text,true,,453,313,27,27,https://petstore.swagger.io/v2/store/order,160,0,0
1734216671815,144,GET /user/login,200,OK,User creates an order 1-40,text,true,,482,209,27,27,https://petstore.swagger.io/v2/user/login?username=msprullst&password=wH7%23xAl%29L1,143,0,0
1734216671897,151,GET /user/logout,200,OK,User creates an order 1-44,text,true,,381,167,27,27,https://petstore.swagger.io/v2/user/logout,151,0,0
1734216672047,147,POST /user,200,OK,User creates an order 1-44,text,true,,382,398,27,27,https://petstore.swagger.io/v2/user,147,0,0
1734216672077,158,POST /store/order,200,OK,User creates an order 1-47,text,true,,452,312,27,27,https://petstore.swagger.io/v2/store/order,158,0,0
1734216672169,152,GET /user/login,200,OK,User creates an order 1-43,text,true,,482,208,27,27,https://petstore.swagger.io/v2/user/login?username=pmarzelleu&password=eP3%25ZrnEi9,152,0,0
1734216672235,150,GET /user/logout,200,OK,User creates an order 1-47,text,true,,381,167,27,27,https://petstore.swagger.io/v2/user/logout,150,0,0
1734216672262,164,POST /store/order,200,OK,User creates an order 1-24,text,true,,453,313,27,27,https://petstore.swagger.io/v2/store/order,164,0,0
1734216672354,155,POST /store/order,200,OK,User creates an order 1-50,text,true,,453,313,27,27,https://petstore.swagger.io/v2/store/order,155,0,0
1734216672385,148,POST /user,200,OK,User creates an order 1-47,text,true,,382,396,27,27,https://petstore.swagger.io/v2/user,148,0,0
1734216672426,142,GET /user/logout,200,OK,User creates an order 1-24,text,true,,381,167,27,27,https://petstore.swagger.io/v2/user/logout,142,0,0
1734216672509,130,GET /user/logout,200,OK,User creates an order 1-50,text,true,,381,167,26,26,https://petstore.swagger.io/v2/user/logout,130,0,0
1734216672555,159,GET /user/login,200,OK,User creates an order 1-46,text,true,,482,212,26,26,https://petstore.swagger.io/v2/user/login?username=gsperav&password=kM0%26%3D*%3D%2Bfzf,159,0,0
1734216672639,130,POST /user,200,OK,User creates an order 1-50,text,true,,382,399,26,26,https://petstore.swagger.io/v2/user,130,0,0
1734216672923,149,GET /user/login,200,OK,User creates an order 1-49,text,true,,482,208,26,26,https://petstore.swagger.io/v2/user/login?username=lhighwoodw&password=hJ2_fSsso*3P,149,0,0
1734216673773,183,POST /store/order,200,OK,User creates an order 1-36,text,true,,453,313,26,26,https://petstore.swagger.io/v2/store/order,183,0,0
1734216673913,165,POST /store/order,200,OK,User creates an order 1-39,text,true,,454,314,26,26,https://petstore.swagger.io/v2/store/order,165,0,0
1734216673929,169,POST /store/order,200,OK,User creates an order 1-30,text,true,,453,313,26,26,https://petstore.swagger.io/v2/store/order,169,0,0
1734216673956,158,GET /user/logout,200,OK,User creates an order 1-36,text,true,,381,167,26,26,https://petstore.swagger.io/v2/user/logout,158,0,0
1734216673990,142,GET /user/login,200,OK,User creates an order 1-35,text,true,,482,200,26,26,https://petstore.swagger.io/v2/user/login?username=gchrispx&password=tB2%3F,142,0,0
1734216674078,151,GET /user/logout,200,OK,User creates an order 1-39,text,true,,381,167,26,26,https://petstore.swagger.io/v2/user/logout,150,0,0
1734216674068,168,POST /store/order,200,OK,User creates an order 1-27,text,true,,454,314,26,26,https://petstore.swagger.io/v2/store/order,165,0,0
1734216674098,164,GET /user/logout,200,OK,User creates an order 1-30,text,true,,381,167,26,26,https://petstore.swagger.io/v2/user/logout,164,0,0
1734216674115,149,GET /user/login,200,OK,User creates an order 1-32,text,true,,482,214,26,26,https://petstore.swagger.io/v2/user/login?username=ksharpery&password=fH7%60%3Eh%2B%60oFC,147,0,0
1734216674115,151,GET /user/login,200,OK,User creates an order 1-26,text,true,,482,212,26,26,https://petstore.swagger.io/v2/user/login?username=pshirlandz&password=fZ0%2Bbmtr%7EBJq,151,0,0
1734216674114,156,POST /user,200,OK,User creates an order 1-36,text,true,,382,376,26,26,https://petstore.swagger.io/v2/user,156,0,0
1734216674160,130,GET /user/login,200,OK,User creates an order 1-38,text,true,,482,212,26,26,https://petstore.swagger.io/v2/user/login?username=eromaint11&password=nU6%23A%28CYRDyZ,130,0,0
1734216674145,151,GET /user/login,200,OK,User creates an order 1-29,text,true,,482,212,26,26,https://petstore.swagger.io/v2/user/login?username=tgelland10&password=tS4%7C5BYba%3DAu,149,0,0
1734216674160,157,POST /store/order,200,OK,User creates an order 1-42,text,true,,453,313,26,26,https://petstore.swagger.io/v2/store/order,157,0,0
1734216673727,620,POST /store/order,200,OK,User creates an order 1-33,text,true,,453,313,26,26,https://petstore.swagger.io/v2/store/order,620,0,473
1734216674236,148,GET /user/logout,200,OK,User creates an order 1-27,text,true,,381,167,26,26,https://petstore.swagger.io/v2/user/logout,148,0,0
1734216674230,156,POST /user,200,OK,User creates an order 1-39,text,true,,382,389,26,26,https://petstore.swagger.io/v2/user,156,0,0
1734216674262,147,POST /user,500,Server Error,User creates an order 1-30,text,false,,411,393,26,26,https://petstore.swagger.io/v2/user,147,0,0
1734216674318,148,GET /user/logout,200,OK,User creates an order 1-42,text,true,,381,167,26,26,https://petstore.swagger.io/v2/user/logout,148,0,0
1734216674347,150,GET /user/logout,200,OK,User creates an order 1-33,text,true,,381,167,26,26,https://petstore.swagger.io/v2/user/logout,150,0,0
1734216674384,151,POST /user,500,Server Error,User creates an order 1-27,text,false,,411,400,26,26,https://petstore.swagger.io/v2/user,151,0,0
1734216674466,143,POST /user,200,OK,User creates an order 1-42,text,true,,382,402,26,26,https://petstore.swagger.io/v2/user,143,0,0
1734216674497,151,POST /user,200,OK,User creates an order 1-33,text,true,,382,399,26,26,https://petstore.swagger.io/v2/user,151,0,0
1734216674654,160,POST /store/order,200,OK,User creates an order 1-45,text,true,,453,313,26,26,https://petstore.swagger.io/v2/store/order,160,0,0
1734216674814,140,GET /user/logout,200,OK,User creates an order 1-45,text,true,,381,167,26,26,https://petstore.swagger.io/v2/user/logout,140,0,0
1734216674826,147,GET /user/login,200,OK,User creates an order 1-41,text,true,,482,220,26,26,https://petstore.swagger.io/v2/user/login?username=sdaltrey12&password=gQ8%29MuckGsRf_%26%60%27,147,0,0
1734216674954,149,POST /user,200,OK,User creates an order 1-45,text,true,,382,410,26,26,https://petstore.swagger.io/v2/user,149,0,0
1734216674996,155,POST /store/order,200,OK,User creates an order 1-48,text,true,,454,314,26,26,https://petstore.swagger.io/v2/store/order,155,0,0
1734216675151,139,GET /user/logout,200,OK,User creates an order 1-48,text,true,,381,167,26,26,https://petstore.swagger.io/v2/user/logout,139,0,0
1734216675195,149,GET /user/login,200,OK,User creates an order 1-44,text,true,,482,218,26,26,https://petstore.swagger.io/v2/user/login?username=thurlston13&password=pO6%3FE8x%24%3Fs%293S,149,0,0
1734216675290,149,POST /user,200,OK,User creates an order 1-48,text,true,,382,404,26,26,https://petstore.swagger.io/v2/user,148,0,0
1734216675535,175,GET /user/login,200,OK,User creates an order 1-47,text,true,,482,216,26,26,https://petstore.swagger.io/v2/user/login?username=tmemmory14&password=oY7%25A1OL.0A5Po%261,175,0,0
1734216675770,147,GET /user/login,200,OK,User creates an order 1-50,text,true,,482,213,26,26,https://petstore.swagger.io/v2/user/login?username=klairdcraig15&password=lJ9.%3Dk%7E7eG,147,0,0
1734216675985,204,POST /store/order,200,OK,User creates an order 1-25,text,true,,452,312,26,26,https://petstore.swagger.io/v2/store/order,204,0,0
1734216675985,206,POST /store/order,200,OK,User creates an order 1-28,text,true,,453,313,26,26,https://petstore.swagger.io/v2/store/order,204,0,0
1734216676189,160,GET /user/logout,200,OK,User creates an order 1-25,text,true,,381,167,26,26,https://petstore.swagger.io/v2/user/logout,160,0,0
1734216676191,160,GET /user/logout,200,OK,User creates an order 1-28,text,true,,381,167,25,25,https://petstore.swagger.io/v2/user/logout,160,0,0
1734216676352,149,POST /user,200,OK,User creates an order 1-28,text,true,,382,387,25,25,https://petstore.swagger.io/v2/user,149,0,0
1734216676497,175,POST /store/order,200,OK,User creates an order 1-31,text,true,,452,312,25,25,https://petstore.swagger.io/v2/store/order,175,0,0
1734216676620,165,POST /store/order,200,OK,User creates an order 1-37,text,true,,454,314,25,25,https://petstore.swagger.io/v2/store/order,165,0,0
1734216676672,145,GET /user/logout,200,OK,User creates an order 1-31,text,true,,381,167,25,25,https://petstore.swagger.io/v2/user/logout,145,0,0
1734216676786,139,GET /user/logout,200,OK,User creates an order 1-37,text,true,,381,167,25,25,https://petstore.swagger.io/v2/user/logout,139,0,0
1734216676817,157,POST /user,200,OK,User creates an order 1-31,text,true,,382,388,25,25,https://petstore.swagger.io/v2/user,157,0,0
1734216676925,141,POST /user,200,OK,User creates an order 1-37,text,true,,382,399,25,25,https://petstore.swagger.io/v2/user,141,0,0
1734216676963,155,POST /store/order,200,OK,User creates an order 1-40,text,true,,453,313,25,25,https://petstore.swagger.io/v2/store/order,155,0,0
1734216676512,615,POST /store/order,200,OK,User creates an order 1-34,text,true,,454,314,25,25,https://petstore.swagger.io/v2/store/order,615,0,468
1734216677118,151,GET /user/logout,200,OK,User creates an order 1-40,text,true,,381,167,25,25,https://petstore.swagger.io/v2/user/logout,151,0,0
1734216677127,144,GET /user/logout,200,OK,User creates an order 1-34,text,true,,381,167,25,25,https://petstore.swagger.io/v2/user/logout,142,0,0
1734216677270,147,POST /user,200,OK,User creates an order 1-40,text,true,,382,403,25,25,https://petstore.swagger.io/v2/user,147,0,0
1734216677271,154,POST /user,200,OK,User creates an order 1-34,text,true,,382,387,25,25,https://petstore.swagger.io/v2/user,154,0,0
1734216677272,157,GET /user/login,200,OK,User creates an order 1-36,text,true,,482,196,25,25,https://petstore.swagger.io/v2/user/login?username=bmaes16&password=kG8,157,0,0
1734216677334,175,POST /store/order,200,OK,User creates an order 1-43,text,true,,451,311,25,25,https://petstore.swagger.io/v2/store/order,175,0,0
1734216677395,153,GET /user/login,200,OK,User creates an order 1-39,text,true,,482,209,25,25,https://petstore.swagger.io/v2/user/login?username=lelfe17&password=mW8%7BgZn4dj0%3C,151,0,0
1734216677411,148,GET /user/login,200,OK,User creates an order 1-30,text,true,,482,211,25,25,https://petstore.swagger.io/v2/user/login?username=bdredge18&password=jU8%5C6Z%24koAJ4,148,0,0
1734216677509,158,GET /user/logout,200,OK,User creates an order 1-43,text,true,,381,167,25,25,https://petstore.swagger.io/v2/user/logout,158,0,0
1734216677550,154,GET /user/login,200,OK,User creates an order 1-27,text,true,,482,217,25,25,https://petstore.swagger.io/v2/user/login?username=jcaccavella19&password=hF3%3E.l%5CG9%2B_n,153,0,0
1734216677611,137,GET /user/login,200,OK,User creates an order 1-42,text,true,,482,217,25,25,https://petstore.swagger.io/v2/user/login?username=cbettaney1a&password=fN0%7CIK%3CFj3a1%29U,137,0,0
1734216677657,157,GET /user/login,200,OK,User creates an order 1-33,text,true,,482,212,25,25,https://petstore.swagger.io/v2/user/login?username=rmckeveney1b&password=xU7%60y%7BT%27,157,0,0
1734216677667,151,POST /user,500,Server Error,User creates an order 1-43,text,false,,411,394,25,25,https://petstore.swagger.io/v2/user,151,0,0
1734216677719,156,POST /store/order,200,OK,User creates an order 1-46,text,true,,454,314,25,25,https://petstore.swagger.io/v2/store/order,156,0,0
1734216677876,166,GET /user/logout,200,OK,User creates an order 1-46,text,true,,381,167,25,25,https://petstore.swagger.io/v2/user/logout,166,0,0
1734216678042,153,POST /user,200,OK,User creates an order 1-46,text,true,,382,386,25,25,https://petstore.swagger.io/v2/user,153,0,0
1734216678076,165,POST /store/order,200,OK,User creates an order 1-49,text,true,,452,312,25,25,https://petstore.swagger.io/v2/store/order,165,0,0
1734216678107,147,GET /user/login,200,OK,User creates an order 1-45,text,true,,482,212,25,25,https://petstore.swagger.io/v2/user/login?username=rclemenceau1c&password=lC9TY%3ETA5wD,147,0,0
1734216678241,150,GET /user/logout,200,OK,User creates an order 1-49,text,true,,381,167,25,25,https://petstore.swagger.io/v2/user/logout,150,0,0
1734216678391,158,POST /user,500,Server Error,User creates an order 1-49,text,false,,411,382,25,25,https://petstore.swagger.io/v2/user,158,0,0
1734216678447,143,GET /user/login,200,OK,User creates an order 1-48,text,true,,482,221,25,25,https://petstore.swagger.io/v2/user/login?username=ipetrenko1d&password=mS5%40_LU%27NsW%7E1m%29c,143,0,0
1734216679266,186,POST /store/order,200,OK,User creates an order 1-32,text,true,,453,313,25,25,https://petstore.swagger.io/v2/store/order,186,0,0
1734216679266,187,POST /store/order,200,OK,User creates an order 1-26,text,true,,453,313,25,25,https://petstore.swagger.io/v2/store/order,187,0,0
1734216679297,167,POST /store/order,200,OK,User creates an order 1-38,text,true,,453,313,25,25,https://petstore.swagger.io/v2/store/order,165,0,0
1734216679297,172,POST /store/order,200,OK,User creates an order 1-29,text,true,,454,314,25,25,https://petstore.swagger.io/v2/store/order,172,0,0
1734216679452,140,GET /user/logout,200,OK,User creates an order 1-32,text,true,,381,167,25,25,https://petstore.swagger.io/v2/user/logout,140,0,0
1734216679453,143,GET /user/logout,200,OK,User creates an order 1-26,text,true,,381,167,25,25,https://petstore.swagger.io/v2/user/logout,143,0,0
1734216679464,134,GET /user/logout,200,OK,User creates an order 1-38,text,true,,381,167,24,24,https://petstore.swagger.io/v2/user/logout,134,0,0
1734216679469,134,GET /user/logout,200,OK,User creates an order 1-29,text,true,,381,167,24,24,https://petstore.swagger.io/v2/user/logout,134,0,0
1734216679513,148,GET /user/login,200,OK,User creates an order 1-28,text,true,,482,205,24,24,https://petstore.swagger.io/v2/user/login?username=aleyes0&password=zU7%3EtXt%23,148,0,0
1734216679598,139,POST /user,200,OK,User creates an order 1-38,text,true,,382,384,24,24,https://petstore.swagger.io/v2/user,139,0,0
1734216679592,150,POST /user,200,OK,User creates an order 1-32,text,true,,382,417,24,24,https://petstore.swagger.io/v2/user,150,0,0
1734216679603,163,POST /user,200,OK,User creates an order 1-29,text,true,,382,393,24,24,https://petstore.swagger.io/v2/user,163,0,0
1734216679143,625,POST /store/order,200,OK,User creates an order 1-35,text,true,,453,313,24,24,https://petstore.swagger.io/v2/store/order,625,0,468
1734216679768,164,GET /user/logout,200,OK,User creates an order 1-35,text,true,,381,167,24,24,https://petstore.swagger.io/v2/user/logout,164,0,0
1734216679932,152,POST /user,200,OK,User creates an order 1-35,text,true,,382,394,24,24,https://petstore.swagger.io/v2/user,152,0,0
1734216679976,151,GET /user/login,200,OK,User creates an order 1-31,text,true,,482,210,24,24,https://petstore.swagger.io/v2/user/login?username=tvasyanin1&password=gX5_J%29%3E0jX,151,0,0
1734216679976,155,POST /store/order,200,OK,User creates an order 1-41,text,true,,453,313,24,24,https://petstore.swagger.io/v2/store/order,155,0,0
1734216680069,146,GET /user/login,200,OK,User creates an order 1-37,text,true,,482,211,24,24,https://petstore.swagger.io/v2/user/login?username=ghammerberg2&password=qP3%7D8X85bpB,146,0,0
1734216680132,150,GET /user/logout,200,OK,User creates an order 1-41,text,true,,381,167,24,24,https://petstore.swagger.io/v2/user/logout,150,0,0
1734216680282,158,POST /user,200,OK,User creates an order 1-41,text,true,,382,382,24,24,https://petstore.swagger.io/v2/user,158,0,0
1734216680348,160,POST /store/order,200,OK,User creates an order 1-44,text,true,,452,312,24,24,https://petstore.swagger.io/v2/store/order,158,0,0
1734216680426,149,GET /user/login,200,OK,User creates an order 1-40,text,true,,482,218,24,24,https://petstore.swagger.io/v2/user/login?username=llissandrini3&password=bR3.Gd%287XLPR%7CMy,149,0,0
1734216680426,159,GET /user/login,200,OK,User creates an order 1-34,text,true,,482,207,24,24,https://petstore.swagger.io/v2/user/login?username=lnanni4&password=vM4%27lceR1NEz,159,0,0
1734216680508,149,GET /user/logout,200,OK,User creates an order 1-44,text,true,,381,167,24,24,https://petstore.swagger.io/v2/user/logout,149,0,0
1734216680657,159,POST /user,200,OK,User creates an order 1-44,text,true,,382,397,24,24,https://petstore.swagger.io/v2/user,157,0,0
1734216680719,165,POST /store/order,200,OK,User creates an order 1-47,text,true,,454,314,24,24,https://petstore.swagger.io/v2/store/order,165,0,0
1734216680919,198,POST /store/order,200,OK,User creates an order 1-50,text,true,,454,314,24,24,https://petstore.swagger.io/v2/store/order,198,0,0
1734216680884,233,GET /user/logout,200,OK,User creates an order 1-47,text,true,,381,167,24,24,https://petstore.swagger.io/v2/user/logout,233,0,0
1734216680826,293,GET /user/login,200,OK,User creates an order 1-43,text,true,,482,218,24,24,https://petstore.swagger.io/v2/user/login?username=dtomisch5&password=rG0%3E2%26%40%5C%3FDuZ5,291,0,0
1734216681117,140,GET /user/logout,200,OK,User creates an order 1-50,text,true,,381,167,24,24,https://petstore.swagger.io/v2/user/logout,140,0,0
1734216681117,146,POST /user,200,OK,User creates an order 1-47,text,true,,382,391,24,24,https://petstore.swagger.io/v2/user,146,0,0
1734216681196,150,GET /user/login,200,OK,User creates an order 1-46,text,true,,482,212,24,24,https://petstore.swagger.io/v2/user/login?username=ejarrold6&password=zC5%40%2892naM0c9,150,0,0
1734216681257,139,POST /user,200,OK,User creates an order 1-50,text,true,,382,393,24,24,https://petstore.swagger.io/v2/user,139,0,0
1734216681550,199,GET /user/login,200,OK,User creates an order 1-49,text,true,,482,206,24,24,https://petstore.swagger.io/v2/user/login?username=nheath7&password=lV8%28sS%5Cxz,199,0,0
1734216682557,174,POST /store/order,200,OK,User creates an order 1-39,text,true,,453,313,24,24,https://petstore.swagger.io/v2/store/order,174,0,0
1734216682572,174,POST /store/order,200,OK,User creates an order 1-30,text,true,,452,312,24,24,https://petstore.swagger.io/v2/store/order,172,0,0
1734216682710,166,POST /store/order,200,OK,User creates an order 1-27,text,true,,454,314,24,24,https://petstore.swagger.io/v2/store/order,166,0,0
1734216682741,152,GET /user/login,200,OK,User creates an order 1-38,text,true,,482,198,24,24,https://petstore.swagger.io/v2/user/login?username=spurnell9&password=yM7,152,0,0
1734216682731,164,GET /user/logout,200,OK,User creates an order 1-39,text,true,,381,167,24,24,https://petstore.swagger.io/v2/user/logout,164,0,0
1734216682756,142,GET /user/login,200,OK,User creates an order 1-32,text,true,,482,220,24,24,https://petstore.swagger.io/v2/user/login?username=lffrenchbeytagh8&password=sF0%21i7hU%24J94q_,141,0,0
1734216682746,160,GET /user/logout,200,OK,User creates an order 1-30,text,true,,381,167,24,24,https://petstore.swagger.io/v2/user/logout,157,0,0
1734216682756,154,POST /store/order,200,OK,User creates an order 1-42,text,true,,453,313,24,24,https://petstore.swagger.io/v2/store/order,154,0,0
1734216682771,144,GET /user/login,200,OK,User creates an order 1-29,text,true,,482,209,24,24,https://petstore.swagger.io/v2/user/login?username=icathralla&password=rK1*eQmJ%262R,144,0,0
1734216682818,161,POST /store/order,200,OK,User creates an order 1-33,text,true,,452,312,24,24,https://petstore.swagger.io/v2/store/order,160,0,0
1734216682876,149,GET /user/logout,200,OK,User creates an order 1-27,text,true,,381,167,24,24,https://petstore.swagger.io/v2/user/logout,149,0,0
1734216682433,608,POST /store/order,200,OK,User creates an order 1-36,text,true,,454,314,23,23,https://petstore.swagger.io/v2/store/order,608,0,464
1734216682895,153,POST /user,500,Server Error,User creates an order 1-39,text,false,,411,386,23,23,https://petstore.swagger.io/v2/user,151,0,0
1734216682910,143,GET /user/logout,200,OK,User creates an order 1-42,text,true,,381,167,23,23,https://petstore.swagger.io/v2/user/logout,143,0,0
1734216682906,159,POST /user,200,OK,User creates an order 1-30,text,true,,382,402,23,23,https://petstore.swagger.io/v2/user,159,0,0
1734216682979,148,GET /user/logout,200,OK,User creates an order 1-33,text,true,,381,167,23,23,https://petstore.swagger.io/v2/user/logout,148,0,0
1734216683041,158,GET /user/logout,200,OK,User creates an order 1-36,text,true,,381,167,23,23,https://petstore.swagger.io/v2/user/logout,158,0,0
1734216683053,158,POST /user,500,Server Error,User creates an order 1-42,text,false,,411,386,23,23,https://petstore.swagger.io/v2/user,158,0,0
1734216683097,150,GET /user/login,200,OK,User creates an order 1-35,text,true,,482,220,23,23,https://petstore.swagger.io/v2/user/login?username=pgilleyb&password=yA2%27NMzDElZ%21%2FX%60%60,150,0,0
1734216683127,149,POST /user,200,OK,User creates an order 1-33,text,true,,382,396,23,23,https://petstore.swagger.io/v2/user,149,0,0
1734216683199,147,POST /user,200,OK,User creates an order 1-36,text,true,,382,397,23,23,https://petstore.swagger.io/v2/user,145,0,0
1734216683268,159,POST /store/order,200,OK,User creates an order 1-45,text,true,,453,313,23,23,https://petstore.swagger.io/v2/store/order,159,0,0
1734216683427,139,GET /user/logout,200,OK,User creates an order 1-45,text,true,,381,167,23,23,https://petstore.swagger.io/v2/user/logout,139,0,0
1734216683455,146,GET /user/login,200,OK,User creates an order 1-41,text,true,,482,205,23,23,https://petstore.swagger.io/v2/user/login?username=dcrambc&password=sH9%29IB%24b,146,0,0
1734216683566,148,POST /user,200,OK,User creates an order 1-45,text,true,,382,386,23,23,https://petstore.swagger.io/v2/user,148,0,0
1734216683593,156,POST /store/order,200,OK,User creates an order 1-48,text,true,,453,313,23,23,https://petstore.swagger.io/v2/store/order,156,0,0
1734216683750,142,GET /user/logout,200,OK,User creates an order 1-48,text,true,,381,167,23,23,https://petstore.swagger.io/v2/user/logout,142,0,0
1734216683826,160,GET /user/login,200,OK,User creates an order 1-44,text,true,,482,215,23,23,https://petstore.swagger.io/v2/user/login?username=jgolsthorpd&password=xT9%3DPpPag%3E%3Fx,160,0,0
1734216683892,148,POST /user,200,OK,User creates an order 1-48,text,true,,382,391,23,23,https://petstore.swagger.io/v2/user,148,0,0
1734216684274,150,GET /user/login,200,OK,User creates an order 1-47,text,true,,482,210,23,23,https://petstore.swagger.io/v2/user/login?username=deppersone&password=zV3%3E%3Ca%27K,150,0,0
1734216684398,141,GET /user/login,200,OK,User creates an order 1-50,text,true,,482,210,23,23,https://petstore.swagger.io/v2/user/login?username=msallierf&password=fI2%28u%3Cki%23,141,0,0
1734216684676,194,POST /store/order,200,OK,User creates an order 1-28,text,true,,453,313,23,23,https://petstore.swagger.io/v2/store/order,194,0,0
1734216684871,158,GET /user/logout,200,OK,User creates an order 1-28,text,true,,381,167,23,23,https://petstore.swagger.io/v2/user/logout,156,0,0
1734216685141,176,POST /store/order,200,OK,User creates an order 1-31,text,true,,453,313,22,22,https://petstore.swagger.io/v2/store/order,176,0,0
1734216685317,158,GET /user/logout,200,OK,User creates an order 1-31,text,true,,381,167,22,22,https://petstore.swagger.io/v2/user/logout,158,0,0
1734216685475,142,POST /user,200,OK,User creates an order 1-31,text,true,,382,393,22,22,https://petstore.swagger.io/v2/user,142,0,0
1734216685591,175,POST /store/order,200,OK,User creates an order 1-40,text,true,,454,314,22,22,https://petstore.swagger.io/v2/store/order,175,0,0
1734216685591,176,POST /store/order,200,OK,User creates an order 1-34,text,true,,453,313,22,22,https://petstore.swagger.io/v2/store/order,176,0,0
1734216685218,604,POST /store/order,200,OK,User creates an order 1-37,text,true,,453,313,22,22,https://petstore.swagger.io/v2/store/order,604,0,459
1734216685766,142,GET /user/logout,200,OK,User creates an order 1-40,text,true,,381,167,22,22,https://petstore.swagger.io/v2/user/logout,142,0,0
1734216685767,148,GET /user/logout,200,OK,User creates an order 1-34,text,true,,381,167,22,22,https://petstore.swagger.io/v2/user/logout,148,0,0
1734216685822,150,GET /user/logout,200,OK,User creates an order 1-37,text,true,,381,167,22,22,https://petstore.swagger.io/v2/user/logout,150,0,0
1734216685908,148,POST /user,200,OK,User creates an order 1-40,text,true,,382,395,22,22,https://petstore.swagger.io/v2/user,148,0,0
1734216685915,157,POST /user,200,OK,User creates an order 1-34,text,true,,382,381,22,22,https://petstore.swagger.io/v2/user,157,0,0
1734216686058,229,GET /user/login,200,OK,User creates an order 1-39,text,true,,482,213,22,22,https://petstore.swagger.io/v2/user/login?username=fgaig&password=fI1%5CE%3DLqC%25.5%5CM,229,0,0
1734216686120,177,POST /store/order,200,OK,User creates an order 1-43,text,true,,454,314,22,22,https://petstore.swagger.io/v2/store/order,177,0,0
1734216685972,325,POST /user,200,OK,User creates an order 1-37,text,true,,382,402,22,22,https://petstore.swagger.io/v2/user,325,0,0
1734216686074,223,GET /user/login,200,OK,User creates an order 1-30,text,true,,482,228,22,22,https://petstore.swagger.io/v2/user/login?username=llivingstonh&password=pT1%29%2F%2BX%29%23G%3CjCG%3C2,223,0,0
1734216686213,138,GET /user/login,200,OK,User creates an order 1-42,text,true,,482,210,22,22,https://petstore.swagger.io/v2/user/login?username=eperilloi&password=cB5%2F%262Ip%5C,138,0,0
1734216686291,159,GET /user/login,200,OK,User creates an order 1-33,text,true,,482,213,22,22,https://petstore.swagger.io/v2/user/login?username=smatchettj&password=kW7%7DuxJ7%7C%27B,159,0,0
1734216686297,155,GET /user/logout,200,OK,User creates an order 1-43,text,true,,381,167,22,22,https://petstore.swagger.io/v2/user/logout,155,0,0
1734216686353,129,GET /user/login,200,OK,User creates an order 1-36,text,true,,482,216,22,22,https://petstore.swagger.io/v2/user/login?username=hchateletk&password=iP1%7E%25y000Nef66WB,129,0,0
1734216686353,180,POST /store/order,200,OK,User creates an order 1-46,text,true,,452,312,22,22,https://petstore.swagger.io/v2/store/order,180,0,0
1734216686452,147,POST /user,200,OK,User creates an order 1-43,text,true,,382,388,22,22,https://petstore.swagger.io/v2/user,147,0,0
1734216686533,134,GET /user/logout,200,OK,User creates an order 1-46,text,true,,381,167,22,22,https://petstore.swagger.io/v2/user/logout,134,0,0
1734216686668,156,POST /user,200,OK,User creates an order 1-46,text,true,,382,400,22,22,https://petstore.swagger.io/v2/user,156,0,0
1734216686724,141,GET /user/login,200,OK,User creates an order 1-45,text,true,,482,212,22,22,https://petstore.swagger.io/v2/user/login?username=eodoneganl&password=qS1%3F%40%27H9BD,141,0,0
1734216686755,183,POST /store/order,200,OK,User creates an order 1-49,text,true,,453,313,22,22,https://petstore.swagger.io/v2/store/order,183,0,0
1734216686938,160,GET /user/logout,200,OK,User creates an order 1-49,text,true,,381,167,22,22,https://petstore.swagger.io/v2/user/logout,160,0,0
1734216687050,141,GET /user/login,200,OK,User creates an order 1-48,text,true,,482,206,22,22,https://petstore.swagger.io/v2/user/login?username=idecullipm&password=mU5%28EK*n,141,0,0
1734216687097,152,POST /user,200,OK,User creates an order 1-49,text,true,,382,403,22,22,https://petstore.swagger.io/v2/user,152,0,0
1734216687901,169,POST /store/order,200,OK,User creates an order 1-32,text,true,,454,314,22,22,https://petstore.swagger.io/v2/store/order,169,0,0
1734216687916,157,POST /store/order,200,OK,User creates an order 1-29,text,true,,453,313,22,22,https://petstore.swagger.io/v2/store/order,157,0,0
1734216688070,167,GET /user/logout,200,OK,User creates an order 1-32,text,true,,381,167,22,22,https://petstore.swagger.io/v2/user/logout,167,0,0
1734216688073,164,GET /user/logout,200,OK,User creates an order 1-29,text,true,,381,167,22,22,https://petstore.swagger.io/v2/user/logout,164,0,0
1734216688237,152,POST /user,200,OK,User creates an order 1-32,text,true,,382,391,21,21,https://petstore.swagger.io/v2/user,152,0,0
1734216688257,175,POST /store/order,200,OK,User creates an order 1-35,text,true,,453,313,21,21,https://petstore.swagger.io/v2/store/order,175,0,0
1734216687901,637,POST /store/order,200,OK,User creates an order 1-38,text,true,,453,313,21,21,https://petstore.swagger.io/v2/store/order,637,0,492
1734216688432,145,GET /user/logout,200,OK,User creates an order 1-35,text,true,,381,167,21,21,https://petstore.swagger.io/v2/user/logout,143,0,0
1734216688538,138,GET /user/logout,200,OK,User creates an order 1-38,text,true,,381,167,21,21,https://petstore.swagger.io/v2/user/logout,138,0,0
1734216688577,148,POST /user,200,OK,User creates an order 1-35,text,true,,382,381,21,21,https://petstore.swagger.io/v2/user,148,0,0
1734216688612,162,POST /store/order,200,OK,User creates an order 1-41,text,true,,453,313,21,21,https://petstore.swagger.io/v2/store/order,162,0,0
1734216688628,156,GET /user/login,200,OK,User creates an order 1-31,text,true,,482,207,21,21,https://petstore.swagger.io/v2/user/login?username=lgosenelln&password=wR3x%256%7E,156,0,0
1734216688677,148,POST /user,200,OK,User creates an order 1-38,text,true,,382,386,21,21,https://petstore.swagger.io/v2/user,148,0,0
1734216688774,140,GET /user/logout,200,OK,User creates an order 1-41,text,true,,381,167,21,21,https://petstore.swagger.io/v2/user/logout,140,0,0
1734216688915,147,POST /user,200,OK,User creates an order 1-41,text,true,,382,374,21,21,https://petstore.swagger.io/v2/user,147,0,0
1734216688985,163,POST /store/order,200,OK,User creates an order 1-44,text,true,,453,313,21,21,https://petstore.swagger.io/v2/store/order,161,0,0
1734216689063,145,GET /user/login,200,OK,User creates an order 1-40,text,true,,482,223,21,21,https://petstore.swagger.io/v2/user/login?username=bcasselso&password=tK0%27%3DR%40k%23r%24%3Dt%27,145,0,0
1734216689079,148,GET /user/login,200,OK,User creates an order 1-34,text,true,,482,203,21,21,https://petstore.swagger.io/v2/user/login?username=cgippp&password=mS4%23uvS1Y,148,0,0
1734216689148,138,GET /user/logout,200,OK,User creates an order 1-44,text,true,,381,167,21,21,https://petstore.swagger.io/v2/user/logout,138,0,0
1734216689286,158,POST /user,200,OK,User creates an order 1-44,text,true,,382,392,21,21,https://petstore.swagger.io/v2/user,158,0,0
1734216689310,152,GET /user/login,200,OK,User creates an order 1-37,text,true,,482,216,21,21,https://petstore.swagger.io/v2/user/login?username=cmarchandq&password=xA0%609b3V%21E%7EX07,150,0,0
1734216689434,161,POST /store/order,200,OK,User creates an order 1-47,text,true,,452,312,21,21,https://petstore.swagger.io/v2/store/order,161,0,0
1734216689541,166,POST /store/order,200,OK,User creates an order 1-50,text,true,,453,313,21,21,https://petstore.swagger.io/v2/store/order,166,0,0
1734216689595,150,GET /user/logout,200,OK,User creates an order 1-47,text,true,,381,167,21,21,https://petstore.swagger.io/v2/user/logout,150,0,0
1734216689602,155,GET /user/login,200,OK,User creates an order 1-43,text,true,,482,212,21,21,https://petstore.swagger.io/v2/user/login?username=tpregelr&password=wD5%40T9%29Ab3xddK,155,0,0
1734216689707,132,GET /user/logout,200,OK,User creates an order 1-50,text,true,,381,167,21,21,https://petstore.swagger.io/v2/user/logout,132,0,0
1734216689745,148,POST /user,200,OK,User creates an order 1-47,text,true,,382,396,21,21,https://petstore.swagger.io/v2/user,148,0,0
1734216689839,148,POST /user,200,OK,User creates an order 1-50,text,true,,382,396,21,21,https://petstore.swagger.io/v2/user,148,0,0
1734216689834,154,GET /user/login,200,OK,User creates an order 1-46,text,true,,482,216,21,21,https://petstore.swagger.io/v2/user/login?username=ckinnards&password=jI3%3DS2y%3EZn%7C3q5Y,153,0,0
1734216690252,167,GET /user/login,200,OK,User creates an order 1-49,text,true,,482,209,21,21,https://petstore.swagger.io/v2/user/login?username=msprullst&password=wH7%23xAl%29L1,167,0,0
1734216691304,182,POST /store/order,200,OK,User creates an order 1-30,text,true,,453,313,21,21,https://petstore.swagger.io/v2/store/order,182,0,0
1734216691351,157,POST /store/order,200,OK,User creates an order 1-42,text,true,,454,314,21,21,https://petstore.swagger.io/v2/store/order,157,0,0
1734216691395,156,GET /user/login,200,OK,User creates an order 1-32,text,true,,482,208,21,21,https://petstore.swagger.io/v2/user/login?username=pmarzelleu&password=eP3%25ZrnEi9,156,0,0
1734216691457,161,POST /store/order,200,OK,User creates an order 1-33,text,true,,453,313,21,21,https://petstore.swagger.io/v2/store/order,161,0,0
1734216691486,155,GET /user/logout,200,OK,User creates an order 1-30,text,true,,381,167,21,21,https://petstore.swagger.io/v2/user/logout,155,0,0
1734216691488,162,POST /store/order,200,OK,User creates an order 1-36,text,true,,454,314,20,20,https://petstore.swagger.io/v2/store/order,162,0,0
1734216691508,147,GET /user/logout,200,OK,User creates an order 1-42,text,true,,381,167,20,20,https://petstore.swagger.io/v2/user/logout,147,0,0
1734216691618,139,GET /user/logout,200,OK,User creates an order 1-33,text,true,,381,167,20,20,https://petstore.swagger.io/v2/user/logout,139,0,0
1734216691650,141,GET /user/logout,200,OK,User creates an order 1-36,text,true,,381,167,20,20,https://petstore.swagger.io/v2/user/logout,141,0,0
1734216691655,149,POST /user,200,OK,User creates an order 1-42,text,true,,382,388,20,20,https://petstore.swagger.io/v2/user,149,0,0
1734216691736,150,GET /user/login,200,OK,User creates an order 1-35,text,true,,482,212,20,20,https://petstore.swagger.io/v2/user/login?username=gsperav&password=kM0%26%3D*%3D%2Bfzf,150,0,0
1734216691289,607,POST /store/order,200,OK,User creates an order 1-39,text,true,,453,313,20,20,https://petstore.swagger.io/v2/store/order,605,0,448
1734216691757,164,POST /user,200,OK,User creates an order 1-33,text,true,,382,400,20,20,https://petstore.swagger.io/v2/user,164,0,0
1734216691791,141,POST /user,200,OK,User creates an order 1-36,text,true,,382,398,20,20,https://petstore.swagger.io/v2/user,141,0,0
1734216691829,148,GET /user/login,200,OK,User creates an order 1-38,text,true,,482,208,20,20,https://petstore.swagger.io/v2/user/login?username=lhighwoodw&password=hJ2_fSsso*3P,148,0,0
1734216691875,165,POST /store/order,200,OK,User creates an order 1-45,text,true,,453,313,20,20,https://petstore.swagger.io/v2/store/order,165,0,0
1734216691896,155,GET /user/logout,200,OK,User creates an order 1-39,text,true,,381,167,20,20,https://petstore.swagger.io/v2/user/logout,155,0,0
1734216692040,170,GET /user/logout,200,OK,User creates an order 1-45,text,true,,381,167,20,20,https://petstore.swagger.io/v2/user/logout,170,0,0
1734216692051,160,POST /user,200,OK,User creates an order 1-39,text,true,,382,396,20,20,https://petstore.swagger.io/v2/user,159,0,0
1734216692076,148,GET /user/login,200,OK,User creates an order 1-41,text,true,,482,200,20,20,https://petstore.swagger.io/v2/user/login?username=gchrispx&password=tB2%3F,148,0,0
1734216692200,189,POST /store/order,200,OK,User creates an order 1-48,text,true,,453,313,20,20,https://petstore.swagger.io/v2/store/order,189,0,0
1734216692210,181,POST /user,200,OK,User creates an order 1-45,text,true,,382,399,20,20,https://petstore.swagger.io/v2/user,179,0,0
1734216692389,141,GET /user/logout,200,OK,User creates an order 1-48,text,true,,381,167,20,20,https://petstore.swagger.io/v2/user/logout,141,0,0
1734216692446,154,GET /user/login,200,OK,User creates an order 1-44,text,true,,482,214,20,20,https://petstore.swagger.io/v2/user/login?username=ksharpery&password=fH7%60%3Eh%2B%60oFC,154,0,0
1734216692531,149,POST /user,200,OK,User creates an order 1-48,text,true,,382,376,20,20,https://petstore.swagger.io/v2/user,149,0,0
1734216692896,148,GET /user/login,200,OK,User creates an order 1-47,text,true,,482,212,20,20,https://petstore.swagger.io/v2/user/login?username=pshirlandz&password=fZ0%2Bbmtr%7EBJq,148,0,0
1734216692988,141,GET /user/login,200,OK,User creates an order 1-50,text,true,,482,212,20,20,https://petstore.swagger.io/v2/user/login?username=tgelland10&password=tS4%7C5BYba%3DAu,141,0,0
1734216693791,198,POST /store/order,200,OK,User creates an order 1-31,text,true,,454,314,20,20,https://petstore.swagger.io/v2/store/order,198,0,0
1734216693989,160,GET /user/logout,200,OK,User creates an order 1-31,text,true,,381,167,20,20,https://petstore.swagger.io/v2/user/logout,160,0,0
1734216694239,182,POST /store/order,200,OK,User creates an order 1-34,text,true,,453,313,19,19,https://petstore.swagger.io/v2/store/order,182,0,0
1734216694421,146,GET /user/logout,200,OK,User creates an order 1-34,text,true,,381,167,19,19,https://petstore.swagger.io/v2/user/logout,146,0,0
1734216694471,178,POST /store/order,200,OK,User creates an order 1-37,text,true,,452,312,19,19,https://petstore.swagger.io/v2/store/order,178,0,0
1734216694567,174,POST /user,200,OK,User creates an order 1-34,text,true,,382,389,19,19,https://petstore.swagger.io/v2/user,174,0,0
1734216694649,152,GET /user/logout,200,OK,User creates an order 1-37,text,true,,381,167,19,19,https://petstore.swagger.io/v2/user/logout,152,0,0
1734216694209,620,POST /store/order,200,OK,User creates an order 1-40,text,true,,452,312,19,19,https://petstore.swagger.io/v2/store/order,620,0,461
1734216694765,156,POST /store/order,200,OK,User creates an order 1-43,text,true,,454,314,19,19,https://petstore.swagger.io/v2/store/order,156,0,0
1734216694811,143,GET /user/login,200,OK,User creates an order 1-42,text,true,,482,212,19,19,https://petstore.swagger.io/v2/user/login?username=eromaint11&password=nU6%23A%28CYRDyZ,135,0,0
1734216694801,158,POST /user,500,Server Error,User creates an order 1-37,text,false,,411,393,19,19,https://petstore.swagger.io/v2/user,158,0,0
1734216694829,152,GET /user/logout,200,OK,User creates an order 1-40,text,true,,381,167,19,19,https://petstore.swagger.io/v2/user/logout,152,0,0
1734216694921,150,GET /user/logout,200,OK,User creates an order 1-43,text,true,,381,167,19,19,https://petstore.swagger.io/v2/user/logout,148,0,0
1734216694936,148,GET /user/login,200,OK,User creates an order 1-36,text,true,,482,218,19,19,https://petstore.swagger.io/v2/user/login?username=thurlston13&password=pO6%3FE8x%24%3Fs%293S,146,0,0
1734216694936,158,GET /user/login,200,OK,User creates an order 1-33,text,true,,482,220,19,19,https://petstore.swagger.io/v2/user/login?username=sdaltrey12&password=gQ8%29MuckGsRf_%26%60%27,158,0,0
1734216694981,149,POST /user,500,Server Error,User creates an order 1-40,text,false,,411,400,19,19,https://petstore.swagger.io/v2/user,149,0,0
1734216694999,167,POST /store/order,200,OK,User creates an order 1-46,text,true,,454,314,19,19,https://petstore.swagger.io/v2/store/order,167,0,0
1734216695071,146,POST /user,200,OK,User creates an order 1-43,text,true,,382,402,19,19,https://petstore.swagger.io/v2/user,146,0,0
1734216695166,150,GET /user/logout,200,OK,User creates an order 1-46,text,true,,381,167,19,19,https://petstore.swagger.io/v2/user/logout,150,0,0
1734216695217,167,GET /user/login,200,OK,User creates an order 1-39,text,true,,482,216,19,19,https://petstore.swagger.io/v2/user/login?username=tmemmory14&password=oY7%25A1OL.0A5Po%261,167,0,0
1734216695317,147,POST /user,200,OK,User creates an order 1-46,text,true,,382,399,19,19,https://petstore.swagger.io/v2/user,147,0,0
1734216695403,142,GET /user/login,200,OK,User creates an order 1-45,text,true,,482,213,19,19,https://petstore.swagger.io/v2/user/login?username=klairdcraig15&password=lJ9.%3Dk%7E7eG,142,0,0
1734216695434,184,POST /store/order,200,OK,User creates an order 1-49,text,true,,453,313,19,19,https://petstore.swagger.io/v2/store/order,184,0,0
1734216695618,144,GET /user/logout,200,OK,User creates an order 1-49,text,true,,381,167,19,19,https://petstore.swagger.io/v2/user/logout,144,0,0
1734216695683,137,GET /user/login,200,OK,User creates an order 1-48,text,true,,482,196,19,19,https://petstore.swagger.io/v2/user/login?username=bmaes16&password=kG8,137,0,0
1734216695762,157,POST /user,200,OK,User creates an order 1-49,text,true,,382,410,19,19,https://petstore.swagger.io/v2/user,157,0,0
1734216696552,198,POST /store/order,200,OK,User creates an order 1-32,text,true,,451,311,19,19,https://petstore.swagger.io/v2/store/order,198,0,0
1734216696750,160,GET /user/logout,200,OK,User creates an order 1-32,text,true,,381,167,19,19,https://petstore.swagger.io/v2/user/logout,160,0,0
1734216696892,172,POST /store/order,200,OK,User creates an order 1-35,text,true,,454,314,18,18,https://petstore.swagger.io/v2/store/order,172,0,0
1734216696984,164,POST /store/order,200,OK,User creates an order 1-38,text,true,,452,312,18,18,https://petstore.swagger.io/v2/store/order,164,0,0
1734216697064,141,GET /user/logout,200,OK,User creates an order 1-35,text,true,,381,167,18,18,https://petstore.swagger.io/v2/user/logout,141,0,0
1734216697148,139,GET /user/logout,200,OK,User creates an order 1-38,text,true,,381,167,18,18,https://petstore.swagger.io/v2/user/logout,139,0,0
1734216697205,148,POST /user,200,OK,User creates an order 1-35,text,true,,382,404,18,18,https://petstore.swagger.io/v2/user,148,0,0
1734216697288,146,POST /user,200,OK,User creates an order 1-38,text,true,,382,387,18,18,https://petstore.swagger.io/v2/user,146,0,0
1734216697601,173,POST /store/order,200,OK,User creates an order 1-44,text,true,,453,313,18,18,https://petstore.swagger.io/v2/store/order,173,0,0
1734216697230,570,POST /store/order,200,OK,User creates an order 1-41,text,true,,453,313,18,18,https://petstore.swagger.io/v2/store/order,570,0,438
1734216697755,152,GET /user/login,200,OK,User creates an order 1-34,text,true,,482,209,18,18,https://petstore.swagger.io/v2/user/login?username=lelfe17&password=mW8%7BgZn4dj0%3C,152,0,0
1734216697774,143,GET /user/logout,200,OK,User creates an order 1-44,text,true,,381,167,18,18,https://petstore.swagger.io/v2/user/logout,143,0,0
1734216697800,140,GET /user/logout,200,OK,User creates an order 1-41,text,true,,381,167,18,18,https://petstore.swagger.io/v2/user/logout,140,0,0
1734216697917,158,POST /user,200,OK,User creates an order 1-44,text,true,,382,388,18,18,https://petstore.swagger.io/v2/user,158,0,0
1734216697940,145,POST /user,200,OK,User creates an order 1-41,text,true,,382,399,18,18,https://petstore.swagger.io/v2/user,145,0,0
1734216697972,150,GET /user/login,200,OK,User creates an order 1-37,text,true,,482,211,18,18,https://petstore.swagger.io/v2/user/login?username=bdredge18&password=jU8%5C6Z%24koAJ4,148,0,0
1734216698051,180,POST /store/order,200,OK,User creates an order 1-47,text,true,,453,313,18,18,https://petstore.swagger.io/v2/store/order,180,0,0
1734216698144,147,GET /user/login,200,OK,User creates an order 1-40,text,true,,482,217,18,18,https://petstore.swagger.io/v2/user/login?username=jcaccavella19&password=hF3%3E.l%5CG9%2B_n,147,0,0
1734216698144,161,POST /store/order,200,OK,User creates an order 1-50,text,true,,454,314,18,18,https://petstore.swagger.io/v2/store/order,161,0,0
1734216698221,148,GET /user/login,200,OK,User creates an order 1-43,text,true,,482,217,18,18,https://petstore.swagger.io/v2/user/login?username=cbettaney1a&password=fN0%7CIK%3CFj3a1%29U,148,0,0
1734216698231,142,GET /user/logout,200,OK,User creates an order 1-47,text,true,,381,167,18,18,https://petstore.swagger.io/v2/user/logout,142,0,0
1734216698305,144,GET /user/logout,200,OK,User creates an order 1-50,text,true,,381,167,18,18,https://petstore.swagger.io/v2/user/logout,144,0,0
1734216698373,150,POST /user,200,OK,User creates an order 1-47,text,true,,382,403,18,18,https://petstore.swagger.io/v2/user,150,0,0
1734216698449,129,POST /user,200,OK,User creates an order 1-50,text,true,,382,387,18,18,https://petstore.swagger.io/v2/user,129,0,0
1734216698470,146,GET /user/login,200,OK,User creates an order 1-46,text,true,,482,212,18,18,https://petstore.swagger.io/v2/user/login?username=rmckeveney1b&password=xU7%60y%7BT%27,146,0,0
1734216698920,189,GET /user/login,200,OK,User creates an order 1-49,text,true,,482,212,18,18,https://petstore.swagger.io/v2/user/login?username=rclemenceau1c&password=lC9TY%3ETA5wD,189,0,0
1734216700095,167,POST /store/order,200,OK,User creates an order 1-36,text,true,,452,312,18,18,https://petstore.swagger.io/v2/store/order,167,0,0
1734216700095,170,POST /store/order,200,OK,User creates an order 1-33,text,true,,453,313,18,18,https://petstore.swagger.io/v2/store/order,170,0,0
1734216700262,140,GET /user/logout,200,OK,User creates an order 1-36,text,true,,381,167,18,18,https://petstore.swagger.io/v2/user/logout,140,0,0
1734216700265,142,GET /user/logout,200,OK,User creates an order 1-33,text,true,,381,167,18,18,https://petstore.swagger.io/v2/user/logout,142,0,0
1734216700356,151,GET /user/login,200,OK,User creates an order 1-35,text,true,,482,221,17,17,https://petstore.swagger.io/v2/user/login?username=ipetrenko1d&password=mS5%40_LU%27NsW%7E1m%29c,149,0,0
1734216700402,151,POST /user,500,Server Error,User creates an order 1-36,text,false,,411,394,17,17,https://petstore.swagger.io/v2/user,151,0,0
1734216700387,168,POST /store/order,200,OK,User creates an order 1-39,text,true,,454,314,17,17,https://petstore.swagger.io/v2/store/order,168,0,0
1734216699956,632,POST /store/order,200,OK,User creates an order 1-42,text,true,,453,313,17,17,https://petstore.swagger.io/v2/store/order,632,0,472
1734216700448,161,GET /user/login,200,OK,User creates an order 1-38,text,true,,482,205,17,17,https://petstore.swagger.io/v2/user/login?username=aleyes0&password=zU7%3EtXt%23,161,0,0
1734216700555,142,GET /user/logout,200,OK,User creates an order 1-39,text,true,,381,167,17,17,https://petstore.swagger.io/v2/user/logout,142,0,0
1734216700556,167,POST /store/order,200,OK,User creates an order 1-45,text,true,,454,314,17,17,https://petstore.swagger.io/v2/store/order,167,0,0
1734216700589,155,GET /user/logout,200,OK,User creates an order 1-42,text,true,,381,167,17,17,https://petstore.swagger.io/v2/user/logout,155,0,0
1734216700698,140,POST /user,200,OK,User creates an order 1-39,text,true,,382,386,17,17,https://petstore.swagger.io/v2/user,140,0,0
1734216700723,141,GET /user/logout,200,OK,User creates an order 1-45,text,true,,381,167,17,17,https://petstore.swagger.io/v2/user/logout,141,0,0
1734216700744,155,POST /user,500,Server Error,User creates an order 1-42,text,false,,411,382,17,17,https://petstore.swagger.io/v2/user,155,0,0
1734216700834,157,POST /store/order,200,OK,User creates an order 1-48,text,true,,454,314,17,17,https://petstore.swagger.io/v2/store/order,157,0,0
1734216700864,141,POST /user,200,OK,User creates an order 1-45,text,true,,382,417,17,17,https://petstore.swagger.io/v2/user,141,0,0
1734216700991,139,GET /user/logout,200,OK,User creates an order 1-48,text,true,,381,167,17,17,https://petstore.swagger.io/v2/user/logout,139,0,0
1734216701081,147,GET /user/login,200,OK,User creates an order 1-44,text,true,,482,210,17,17,https://petstore.swagger.io/v2/user/login?username=tvasyanin1&password=gX5_J%29%3E0jX,147,0,0
1734216701096,144,GET /user/login,200,OK,User creates an order 1-41,text,true,,482,211,17,17,https://petstore.swagger.io/v2/user/login?username=ghammerberg2&password=qP3%7D8X85bpB,144,0,0
1734216701130,130,POST /user,200,OK,User creates an order 1-48,text,true,,382,384,17,17,https://petstore.swagger.io/v2/user,130,0,0
1734216701527,156,GET /user/login,200,OK,User creates an order 1-47,text,true,,482,218,17,17,https://petstore.swagger.io/v2/user/login?username=llissandrini3&password=bR3.Gd%287XLPR%7CMy,156,0,0
1734216701589,139,GET /user/login,200,OK,User creates an order 1-50,text,true,,482,207,17,17,https://petstore.swagger.io/v2/user/login?username=lnanni4&password=vM4%27lceR1NEz,139,0,0
1734216702921,177,POST /store/order,200,OK,User creates an order 1-34,text,true,,453,313,17,17,https://petstore.swagger.io/v2/store/order,177,0,0
1734216703098,140,GET /user/logout,200,OK,User creates an order 1-34,text,true,,381,167,17,17,https://petstore.swagger.io/v2/user/logout,140,0,0
1734216703137,172,POST /store/order,200,OK,User creates an order 1-37,text,true,,452,312,16,16,https://petstore.swagger.io/v2/store/order,172,0,0
1734216703310,159,GET /user/logout,200,OK,User creates an order 1-37,text,true,,381,167,16,16,https://petstore.swagger.io/v2/user/logout,159,0,0
1734216703306,164,POST /store/order,200,OK,User creates an order 1-40,text,true,,454,314,16,16,https://petstore.swagger.io/v2/store/order,163,0,0
1734216703471,158,GET /user/logout,200,OK,User creates an order 1-40,text,true,,381,167,16,16,https://petstore.swagger.io/v2/user/logout,158,0,0
1734216703469,162,POST /user,200,OK,User creates an order 1-37,text,true,,382,393,16,16,https://petstore.swagger.io/v2/user,160,0,0
1734216703568,144,GET /user/login,200,OK,User creates an order 1-36,text,true,,482,218,16,16,https://petstore.swagger.io/v2/user/login?username=dtomisch5&password=rG0%3E2%26%40%5C%3FDuZ5,144,0,0
1734216703629,160,POST /user,200,OK,User creates an order 1-40,text,true,,382,394,16,16,https://petstore.swagger.io/v2/user,160,0,0
1734216703631,186,POST /store/order,200,OK,User creates an order 1-46,text,true,,452,312,16,16,https://petstore.swagger.io/v2/store/order,186,0,0
1734216703818,138,GET /user/logout,200,OK,User creates an order 1-46,text,true,,381,167,16,16,https://petstore.swagger.io/v2/user/logout,138,0,0
1734216703383,578,POST /store/order,200,OK,User creates an order 1-43,text,true,,453,313,16,16,https://petstore.swagger.io/v2/store/order,578,0,439
1734216703847,151,GET /user/login,200,OK,User creates an order 1-39,text,true,,482,212,16,16,https://petstore.swagger.io/v2/user/login?username=ejarrold6&password=zC5%40%2892naM0c9,151,0,0
1734216703909,152,GET /user/login,200,OK,User creates an order 1-42,text,true,,482,206,16,16,https://petstore.swagger.io/v2/user/login?username=nheath7&password=lV8%28sS%5Cxz,152,0,0
1734216703961,140,GET /user/logout,200,OK,User creates an order 1-43,text,true,,381,167,16,16,https://petstore.swagger.io/v2/user/logout,140,0,0
1734216703957,147,POST /user,200,OK,User creates an order 1-46,text,true,,382,382,16,16,https://petstore.swagger.io/v2/user,147,0,0
1734216704017,148,GET /user/login,200,OK,User creates an order 1-45,text,true,,482,220,16,16,https://petstore.swagger.io/v2/user/login?username=lffrenchbeytagh8&password=sF0%21i7hU%24J94q_,148,0,0
1734216704101,159,POST /user,200,OK,User creates an order 1-43,text,true,,382,397,16,16,https://petstore.swagger.io/v2/user,159,0,0
1734216704125,166,POST /store/order,200,OK,User creates an order 1-49,text,true,,453,313,16,16,https://petstore.swagger.io/v2/store/order,166,0,0
1734216704265,138,GET /user/login,200,OK,User creates an order 1-48,text,true,,482,198,16,16,https://petstore.swagger.io/v2/user/login?username=spurnell9&password=yM7,135,0,0
1734216704292,151,GET /user/logout,200,OK,User creates an order 1-49,text,true,,381,167,16,16,https://petstore.swagger.io/v2/user/logout,151,0,0
1734216704443,158,POST /user,200,OK,User creates an order 1-49,text,true,,382,391,16,16,https://petstore.swagger.io/v2/user,158,0,0
1734216705512,173,POST /store/order,200,OK,User creates an order 1-35,text,true,,453,313,16,16,https://petstore.swagger.io/v2/store/order,173,0,0
1734216705619,159,POST /store/order,200,OK,User creates an order 1-38,text,true,,453,313,16,16,https://petstore.swagger.io/v2/store/order,159,0,0
1734216705685,142,GET /user/logout,200,OK,User creates an order 1-35,text,true,,381,167,16,16,https://petstore.swagger.io/v2/user/logout,142,0,0
1734216705778,139,GET /user/logout,200,OK,User creates an order 1-38,text,true,,381,167,15,15,https://petstore.swagger.io/v2/user/logout,139,0,0
1734216705917,149,POST /user,200,OK,User creates an order 1-38,text,true,,382,393,15,15,https://petstore.swagger.io/v2/user,149,0,0
1734216706252,160,POST /store/order,200,OK,User creates an order 1-41,text,true,,453,313,15,15,https://petstore.swagger.io/v2/store/order,160,0,0
1734216706412,149,GET /user/logout,200,OK,User creates an order 1-41,text,true,,381,167,15,15,https://petstore.swagger.io/v2/user/logout,147,0,0
1734216706561,138,POST /user,500,Server Error,User creates an order 1-41,text,false,,411,386,15,15,https://petstore.swagger.io/v2/user,138,0,0
1734216706638,144,GET /user/login,200,OK,User creates an order 1-37,text,true,,482,209,15,15,https://petstore.swagger.io/v2/user/login?username=icathralla&password=rK1*eQmJ%262R,144,0,0
1734216706699,175,POST /store/order,200,OK,User creates an order 1-47,text,true,,454,314,15,15,https://petstore.swagger.io/v2/store/order,175,0,0
1734216706730,154,POST /store/order,200,OK,User creates an order 1-50,text,true,,453,313,15,15,https://petstore.swagger.io/v2/store/order,154,0,0
1734216706236,657,POST /store/order,200,OK,User creates an order 1-44,text,true,,453,313,15,15,https://petstore.swagger.io/v2/store/order,657,0,501
1734216706791,220,GET /user/login,200,OK,User creates an order 1-40,text,true,,482,220,15,15,https://petstore.swagger.io/v2/user/login?username=pgilleyb&password=yA2%27NMzDElZ%21%2FX%60%60,220,0,0
1734216706884,147,GET /user/logout,200,OK,User creates an order 1-50,text,true,,381,167,15,15,https://petstore.swagger.io/v2/user/logout,147,0,0
1734216706874,163,GET /user/logout,200,OK,User creates an order 1-47,text,true,,381,167,15,15,https://petstore.swagger.io/v2/user/logout,163,0,0
1734216706893,149,GET /user/logout,200,OK,User creates an order 1-44,text,true,,381,167,15,15,https://petstore.swagger.io/v2/user/logout,149,0,0
1734216707030,147,POST /user,200,OK,User creates an order 1-50,text,true,,382,402,15,15,https://petstore.swagger.io/v2/user,147,0,0
1734216707037,145,POST /user,500,Server Error,User creates an order 1-47,text,false,,411,386,15,15,https://petstore.swagger.io/v2/user,145,0,0
1734216707041,146,POST /user,200,OK,User creates an order 1-44,text,true,,382,396,15,15,https://petstore.swagger.io/v2/user,146,0,0
1734216707114,143,GET /user/login,200,OK,User creates an order 1-46,text,true,,482,205,15,15,https://petstore.swagger.io/v2/user/login?username=dcrambc&password=sH9%29IB%24b,143,0,0
1734216707270,147,GET /user/login,200,OK,User creates an order 1-43,text,true,,482,215,15,15,https://petstore.swagger.io/v2/user/login?username=jgolsthorpd&password=xT9%3DPpPag%3E%3Fx,147,0,0
1734216707609,180,GET /user/login,200,OK,User creates an order 1-49,text,true,,482,210,15,15,https://petstore.swagger.io/v2/user/login?username=deppersone&password=zV3%3E%3Ca%27K,180,0,0
1734216708723,186,POST /store/order,200,OK,User creates an order 1-36,text,true,,454,314,15,15,https://petstore.swagger.io/v2/store/order,186,0,0
1734216708909,143,GET /user/logout,200,OK,User creates an order 1-36,text,true,,381,167,15,15,https://petstore.swagger.io/v2/user/logout,143,0,0
1734216708999,167,POST /store/order,200,OK,User creates an order 1-39,text,true,,452,312,14,14,https://petstore.swagger.io/v2/store/order,167,0,0
1734216709077,159,GET /user/login,200,OK,User creates an order 1-38,text,true,,482,210,14,14,https://petstore.swagger.io/v2/user/login?username=msallierf&password=fI2%28u%3Cki%23,157,0,0
1734216709061,177,POST /store/order,200,OK,User creates an order 1-42,text,true,,453,313,14,14,https://petstore.swagger.io/v2/store/order,177,0,0
1734216709166,141,GET /user/logout,200,OK,User creates an order 1-39,text,true,,381,167,14,14,https://petstore.swagger.io/v2/user/logout,141,0,0
1734216709238,152,GET /user/logout,200,OK,User creates an order 1-42,text,true,,381,167,14,14,https://petstore.swagger.io/v2/user/logout,152,0,0
1734216709307,147,POST /user,200,OK,User creates an order 1-39,text,true,,382,397,14,14,https://petstore.swagger.io/v2/user,147,0,0
1734216709390,150,POST /user,200,OK,User creates an order 1-42,text,true,,382,386,14,14,https://petstore.swagger.io/v2/user,150,0,0
1734216709403,157,POST /store/order,200,OK,User creates an order 1-48,text,true,,453,313,14,14,https://petstore.swagger.io/v2/store/order,157,0,0
1734216709560,140,GET /user/logout,200,OK,User creates an order 1-48,text,true,,381,167,14,14,https://petstore.swagger.io/v2/user/logout,140,0,0
1734216709169,593,POST /store/order,200,OK,User creates an order 1-45,text,true,,454,314,14,14,https://petstore.swagger.io/v2/store/order,584,0,432
1734216709700,139,POST /user,200,OK,User creates an order 1-48,text,true,,382,391,14,14,https://petstore.swagger.io/v2/user,137,0,0
1734216709711,139,GET /user/login,200,OK,User creates an order 1-41,text,true,,482,213,14,14,https://petstore.swagger.io/v2/user/login?username=fgaig&password=fI1%5CE%3DLqC%25.5%5CM,139,0,0
1734216709762,136,GET /user/logout,200,OK,User creates an order 1-45,text,true,,381,167,14,14,https://petstore.swagger.io/v2/user/logout,132,0,0
1734216709898,171,POST /user,200,OK,User creates an order 1-45,text,true,,382,393,14,14,https://petstore.swagger.io/v2/user,170,0,0
1734216710191,566,GET /user/login,200,OK,User creates an order 1-47,text,true,,482,210,14,14,https://petstore.swagger.io/v2/user/login?username=eperilloi&password=cB5%2F%262Ip%5C,566,0,0
1734216710191,566,GET /user/login,200,OK,User creates an order 1-44,text,true,,482,213,14,14,https://petstore.swagger.io/v2/user/login?username=smatchettj&password=kW7%7DuxJ7%7C%27B,566,0,0
1734216710191,566,GET /user/login,200,OK,User creates an order 1-50,text,true,,482,228,14,14,https://petstore.swagger.io/v2/user/login?username=llivingstonh&password=pT1%29%2F%2BX%29%23G%3CjCG%3C2,566,0,0
1734216711785,173,POST /store/order,200,OK,User creates an order 1-37,text,true,,453,313,14,14,https://petstore.swagger.io/v2/store/order,173,0,0
1734216711959,161,GET /user/logout,200,OK,User creates an order 1-37,text,true,,381,167,14,14,https://petstore.swagger.io/v2/user/logout,161,0,0
1734216712019,161,POST /store/order,200,OK,User creates an order 1-40,text,true,,453,313,13,13,https://petstore.swagger.io/v2/store/order,161,0,0
1734216712180,167,GET /user/logout,200,OK,User creates an order 1-40,text,true,,381,167,13,13,https://petstore.swagger.io/v2/user/logout,167,0,0
1734216712347,153,POST /user,200,OK,User creates an order 1-40,text,true,,382,395,13,13,https://petstore.swagger.io/v2/user,153,0,0
1734216712420,163,POST /store/order,200,OK,User creates an order 1-43,text,true,,453,313,13,13,https://petstore.swagger.io/v2/store/order,163,0,0
1734216712465,146,GET /user/login,200,OK,User creates an order 1-39,text,true,,482,216,13,13,https://petstore.swagger.io/v2/user/login?username=hchateletk&password=iP1%7E%25y000Nef66WB,146,0,0
1734216712543,147,GET /user/login,200,OK,User creates an order 1-42,text,true,,482,212,13,13,https://petstore.swagger.io/v2/user/login?username=eodoneganl&password=qS1%3F%40%27H9BD,147,0,0
1734216712583,163,GET /user/logout,200,OK,User creates an order 1-43,text,true,,381,167,13,13,https://petstore.swagger.io/v2/user/logout,161,0,0
1734216712852,497,GET /user/login,200,OK,User creates an order 1-48,text,true,,482,206,13,13,https://petstore.swagger.io/v2/user/login?username=idecullipm&password=mU5%28EK*n,497,0,0
1734216712746,605,POST /user,200,OK,User creates an order 1-43,text,true,,382,381,13,13,https://petstore.swagger.io/v2/user,605,0,0
1734216713082,277,GET /user/login,200,OK,User creates an order 1-45,text,true,,482,207,13,13,https://petstore.swagger.io/v2/user/login?username=lgosenelln&password=wR3x%256%7E,277,0,0
1734216712790,569,POST /store/order,200,OK,User creates an order 1-49,text,true,,452,312,13,13,https://petstore.swagger.io/v2/store/order,569,0,0
1734216712264,1095,POST /store/order,200,OK,User creates an order 1-46,text,true,,453,313,13,13,https://petstore.swagger.io/v2/store/order,1095,0,464
1734216713359,152,GET /user/logout,200,OK,User creates an order 1-46,text,true,,381,167,13,13,https://petstore.swagger.io/v2/user/logout,152,0,0
1734216713359,154,GET /user/logout,200,OK,User creates an order 1-49,text,true,,381,167,13,13,https://petstore.swagger.io/v2/user/logout,154,0,0
1734216713511,150,POST /user,200,OK,User creates an order 1-46,text,true,,382,402,13,13,https://petstore.swagger.io/v2/user,150,0,0
1734216713513,157,POST /user,200,OK,User creates an order 1-49,text,true,,382,388,13,13,https://petstore.swagger.io/v2/user,148,0,0
1734216714245,184,POST /store/order,200,OK,User creates an order 1-38,text,true,,453,313,13,13,https://petstore.swagger.io/v2/store/order,184,0,0
1734216714429,160,GET /user/logout,200,OK,User creates an order 1-38,text,true,,381,167,13,13,https://petstore.swagger.io/v2/user/logout,160,0,0
1734216714861,168,POST /store/order,200,OK,User creates an order 1-41,text,true,,453,313,12,12,https://petstore.swagger.io/v2/store/order,168,0,0
1734216715029,142,GET /user/logout,200,OK,User creates an order 1-41,text,true,,381,167,12,12,https://petstore.swagger.io/v2/user/logout,142,0,0
1734216715171,178,POST /user,200,OK,User creates an order 1-41,text,true,,382,400,12,12,https://petstore.swagger.io/v2/user,178,0,0
1734216715512,157,GET /user/login,200,OK,User creates an order 1-40,text,true,,482,223,12,12,https://petstore.swagger.io/v2/user/login?username=bcasselso&password=tK0%27%3DR%40k%23r%24%3Dt%27,157,0,0
1734216715760,168,POST /store/order,200,OK,User creates an order 1-50,text,true,,453,313,12,12,https://petstore.swagger.io/v2/store/order,166,0,0
1734216715760,176,POST /store/order,200,OK,User creates an order 1-44,text,true,,453,313,12,12,https://petstore.swagger.io/v2/store/order,176,0,0
1734216715928,140,GET /user/logout,200,OK,User creates an order 1-50,text,true,,381,167,12,12,https://petstore.swagger.io/v2/user/logout,140,0,0
1734216715936,141,GET /user/logout,200,OK,User creates an order 1-44,text,true,,381,167,12,12,https://petstore.swagger.io/v2/user/logout,141,0,0
1734216716068,144,POST /user,200,OK,User creates an order 1-50,text,true,,382,403,12,12,https://petstore.swagger.io/v2/user,144,0,0
1734216716077,145,POST /user,200,OK,User creates an order 1-44,text,true,,382,391,12,12,https://petstore.swagger.io/v2/user,145,0,0
1734216715760,585,POST /store/order,200,OK,User creates an order 1-47,text,true,,454,314,12,12,https://petstore.swagger.io/v2/store/order,582,0,443
1734216716345,155,GET /user/logout,200,OK,User creates an order 1-47,text,true,,381,167,12,12,https://petstore.swagger.io/v2/user/logout,155,0,0
1734216716362,140,GET /user/login,200,OK,User creates an order 1-43,text,true,,482,203,12,12,https://petstore.swagger.io/v2/user/login?username=cgippp&password=mS4%23uvS1Y,140,0,0
1734216716501,168,POST /user,200,OK,User creates an order 1-47,text,true,,382,381,12,12,https://petstore.swagger.io/v2/user,168,0,0
1734216716670,160,GET /user/login,200,OK,User creates an order 1-46,text,true,,482,216,12,12,https://petstore.swagger.io/v2/user/login?username=cmarchandq&password=xA0%609b3V%21E%7EX07,160,0,0
1734216716685,156,GET /user/login,200,OK,User creates an order 1-49,text,true,,482,212,12,12,https://petstore.swagger.io/v2/user/login?username=tpregelr&password=wD5%40T9%29Ab3xddK,156,0,0
1734216717617,198,POST /store/order,200,OK,User creates an order 1-39,text,true,,454,314,12,12,https://petstore.swagger.io/v2/store/order,198,0,0
1734216717694,174,POST /store/order,200,OK,User creates an order 1-42,text,true,,453,313,12,12,https://petstore.swagger.io/v2/store/order,174,0,0
1734216717815,144,GET /user/logout,200,OK,User creates an order 1-39,text,true,,381,167,12,12,https://petstore.swagger.io/v2/user/logout,144,0,0
1734216717868,152,GET /user/logout,200,OK,User creates an order 1-42,text,true,,381,167,11,11,https://petstore.swagger.io/v2/user/logout,152,0,0
1734216718020,166,POST /user,200,OK,User creates an order 1-42,text,true,,382,386,11,11,https://petstore.swagger.io/v2/user,166,0,0
1734216718358,164,GET /user/login,200,OK,User creates an order 1-41,text,true,,482,216,11,11,https://petstore.swagger.io/v2/user/login?username=ckinnards&password=jI3%3DS2y%3EZn%7C3q5Y,164,0,0
1734216718373,171,POST /store/order,200,OK,User creates an order 1-45,text,true,,454,314,11,11,https://petstore.swagger.io/v2/store/order,169,0,0
1734216718544,166,GET /user/logout,200,OK,User creates an order 1-45,text,true,,381,167,11,11,https://petstore.swagger.io/v2/user/logout,166,0,0
1734216718710,146,POST /user,200,OK,User creates an order 1-45,text,true,,382,374,11,11,https://petstore.swagger.io/v2/user,146,0,0
1734216718358,672,POST /store/order,200,OK,User creates an order 1-48,text,true,,453,313,11,11,https://petstore.swagger.io/v2/store/order,671,0,507
1734216719030,159,GET /user/logout,200,OK,User creates an order 1-48,text,true,,381,167,11,11,https://petstore.swagger.io/v2/user/logout,159,0,0
1734216719189,180,POST /user,200,OK,User creates an order 1-48,text,true,,382,392,11,11,https://petstore.swagger.io/v2/user,180,0,0
1734216719227,144,GET /user/login,200,OK,User creates an order 1-50,text,true,,482,209,11,11,https://petstore.swagger.io/v2/user/login?username=msprullst&password=wH7%23xAl%29L1,142,0,0
1734216719227,151,GET /user/login,200,OK,User creates an order 1-44,text,true,,482,208,11,11,https://petstore.swagger.io/v2/user/login?username=pmarzelleu&password=eP3%25ZrnEi9,151,0,0
1734216719678,166,GET /user/login,200,OK,User creates an order 1-47,text,true,,482,212,11,11,https://petstore.swagger.io/v2/user/login?username=gsperav&password=kM0%26%3D*%3D%2Bfzf,166,0,0
1734216720684,186,POST /store/order,200,OK,User creates an order 1-40,text,true,,452,312,11,11,https://petstore.swagger.io/v2/store/order,186,0,0
1734216720872,157,GET /user/logout,200,OK,User creates an order 1-40,text,true,,381,167,11,11,https://petstore.swagger.io/v2/user/logout,149,0,0
1734216721196,154,GET /user/login,200,OK,User creates an order 1-42,text,true,,482,208,10,10,https://petstore.swagger.io/v2/user/login?username=lhighwoodw&password=hJ2_fSsso*3P,154,0,0
1734216721504,207,POST /store/order,200,OK,User creates an order 1-43,text,true,,453,313,10,10,https://petstore.swagger.io/v2/store/order,207,0,0
1734216721711,158,GET /user/logout,200,OK,User creates an order 1-43,text,true,,381,167,10,10,https://petstore.swagger.io/v2/user/logout,158,0,0
1734216721869,168,POST /user,200,OK,User creates an order 1-43,text,true,,382,396,10,10,https://petstore.swagger.io/v2/user,168,0,0
1734216721859,178,GET /user/login,200,OK,User creates an order 1-45,text,true,,482,200,10,10,https://petstore.swagger.io/v2/user/login?username=gchrispx&password=tB2%3F,178,0,0
1734216721842,195,POST /store/order,200,OK,User creates an order 1-46,text,true,,452,312,10,10,https://petstore.swagger.io/v2/store/order,195,0,0
1734216722037,154,GET /user/logout,200,OK,User creates an order 1-46,text,true,,381,167,10,10,https://petstore.swagger.io/v2/user/logout,152,0,0
1734216722192,161,POST /user,200,OK,User creates an order 1-46,text,true,,382,396,10,10,https://petstore.swagger.io/v2/user,159,0,0
1734216721842,656,POST /store/order,200,OK,User creates an order 1-49,text,true,,454,314,10,10,https://petstore.swagger.io/v2/store/order,656,0,508
1734216722372,148,GET /user/login,200,OK,User creates an order 1-48,text,true,,482,214,10,10,https://petstore.swagger.io/v2/user/login?username=ksharpery&password=fH7%60%3Eh%2B%60oFC,148,0,0
1734216722499,138,GET /user/logout,200,OK,User creates an order 1-49,text,true,,381,167,10,10,https://petstore.swagger.io/v2/user/logout,138,0,0
1734216722638,158,POST /user,200,OK,User creates an order 1-49,text,true,,382,388,10,10,https://petstore.swagger.io/v2/user,158,0,0
1734216723534,185,POST /store/order,200,OK,User creates an order 1-41,text,true,,454,314,10,10,https://petstore.swagger.io/v2/store/order,185,0,0
1734216723719,151,GET /user/logout,200,OK,User creates an order 1-41,text,true,,381,167,10,10,https://petstore.swagger.io/v2/user/logout,151,0,0
1734216724387,165,POST /store/order,200,OK,User creates an order 1-44,text,true,,451,311,9,9,https://petstore.swagger.io/v2/store/order,165,0,0
1734216724553,165,GET /user/logout,200,OK,User creates an order 1-44,text,true,,381,167,9,9,https://petstore.swagger.io/v2/user/logout,165,0,0
1734216724718,161,POST /user,200,OK,User creates an order 1-44,text,true,,382,400,9,9,https://petstore.swagger.io/v2/user,153,0,0
1734216724387,621,POST /store/order,200,OK,User creates an order 1-50,text,true,,453,313,9,9,https://petstore.swagger.io/v2/store/order,621,0,484
1734216724850,165,POST /store/order,200,OK,User creates an order 1-47,text,true,,454,314,9,9,https://petstore.swagger.io/v2/store/order,165,0,0
1734216725008,150,GET /user/logout,200,OK,User creates an order 1-50,text,true,,381,167,9,9,https://petstore.swagger.io/v2/user/logout,150,0,0
1734216725015,146,GET /user/logout,200,OK,User creates an order 1-47,text,true,,381,167,9,9,https://petstore.swagger.io/v2/user/logout,143,0,0
1734216725051,143,GET /user/login,200,OK,User creates an order 1-43,text,true,,482,212,9,9,https://petstore.swagger.io/v2/user/login?username=pshirlandz&password=fZ0%2Bbmtr%7EBJq,143,0,0
1734216725158,155,POST /user,200,OK,User creates an order 1-50,text,true,,382,398,9,9,https://petstore.swagger.io/v2/user,155,0,0
1734216725162,153,POST /user,200,OK,User creates an order 1-47,text,true,,382,396,9,9,https://petstore.swagger.io/v2/user,151,0,0
1734216725360,191,GET /user/login,200,OK,User creates an order 1-46,text,true,,482,212,9,9,https://petstore.swagger.io/v2/user/login?username=tgelland10&password=tS4%7C5BYba%3DAu,191,0,0
1734216725809,289,GET /user/login,200,OK,User creates an order 1-49,text,true,,482,212,9,9,https://petstore.swagger.io/v2/user/login?username=eromaint11&password=nU6%23A%28CYRDyZ,289,0,0
1734216726365,175,POST /store/order,200,OK,User creates an order 1-42,text,true,,452,312,9,9,https://petstore.swagger.io/v2/store/order,175,0,0
1734216726540,171,GET /user/logout,200,OK,User creates an order 1-42,text,true,,381,167,9,9,https://petstore.swagger.io/v2/user/logout,170,0,0
1734216727047,184,POST /store/order,200,OK,User creates an order 1-45,text,true,,453,313,8,8,https://petstore.swagger.io/v2/store/order,184,0,0
1734216727230,159,GET /user/logout,200,OK,User creates an order 1-45,text,true,,381,167,8,8,https://petstore.swagger.io/v2/user/logout,159,0,0
1734216727390,160,POST /user,200,OK,User creates an order 1-45,text,true,,382,399,8,8,https://petstore.swagger.io/v2/user,159,0,0
1734216727525,185,POST /store/order,200,OK,User creates an order 1-48,text,true,,453,313,8,8,https://petstore.swagger.io/v2/store/order,185,0,0
1734216727710,159,GET /user/logout,200,OK,User creates an order 1-48,text,true,,381,167,8,8,https://petstore.swagger.io/v2/user/logout,159,0,0
1734216727881,149,GET /user/login,200,OK,User creates an order 1-44,text,true,,482,220,8,8,https://petstore.swagger.io/v2/user/login?username=sdaltrey12&password=gQ8%29MuckGsRf_%26%60%27,149,0,0
1734216727870,161,POST /user,200,OK,User creates an order 1-48,text,true,,382,376,8,8,https://petstore.swagger.io/v2/user,160,0,0
1734216728316,154,GET /user/login,200,OK,User creates an order 1-50,text,true,,482,218,8,8,https://petstore.swagger.io/v2/user/login?username=thurlston13&password=pO6%3FE8x%24%3Fs%293S,154,0,0
1734216728316,157,GET /user/login,200,OK,User creates an order 1-47,text,true,,482,216,8,8,https://petstore.swagger.io/v2/user/login?username=tmemmory14&password=oY7%25A1OL.0A5Po%261,157,0,0
1734216730207,165,POST /store/order,200,OK,User creates an order 1-43,text,true,,453,313,8,8,https://petstore.swagger.io/v2/store/order,165,0,0
1734216730372,177,GET /user/logout,200,OK,User creates an order 1-43,text,true,,381,167,8,8,https://petstore.swagger.io/v2/user/logout,177,0,0
1734216730564,149,GET /user/login,200,OK,User creates an order 1-45,text,true,,482,213,7,7,https://petstore.swagger.io/v2/user/login?username=klairdcraig15&password=lJ9.%3Dk%7E7eG,149,0,0
1734216730564,170,POST /store/order,200,OK,User creates an order 1-46,text,true,,454,314,7,7,https://petstore.swagger.io/v2/store/order,170,0,0
1734216730734,175,GET /user/logout,200,OK,User creates an order 1-46,text,true,,381,167,7,7,https://petstore.swagger.io/v2/user/logout,175,0,0
1734216730909,160,POST /user,200,OK,User creates an order 1-46,text,true,,382,389,7,7,https://petstore.swagger.io/v2/user,159,0,0
1734216731046,153,GET /user/login,200,OK,User creates an order 1-48,text,true,,482,196,7,7,https://petstore.swagger.io/v2/user/login?username=bmaes16&password=kG8,153,0,0
1734216731107,167,POST /store/order,200,OK,User creates an order 1-49,text,true,,453,313,7,7,https://petstore.swagger.io/v2/store/order,167,0,0
1734216731274,155,GET /user/logout,200,OK,User creates an order 1-49,text,true,,381,167,7,7,https://petstore.swagger.io/v2/user/logout,155,0,0
1734216731430,160,POST /user,500,Server Error,User creates an order 1-49,text,false,,411,393,7,7,https://petstore.swagger.io/v2/user,160,0,0
1734216733042,189,POST /store/order,200,OK,User creates an order 1-44,text,true,,453,313,7,7,https://petstore.swagger.io/v2/store/order,189,0,0
1734216733231,160,GET /user/logout,200,OK,User creates an order 1-44,text,true,,381,167,7,7,https://petstore.swagger.io/v2/user/logout,160,0,0
1734216733476,164,POST /store/order,200,OK,User creates an order 1-50,text,true,,452,312,6,6,https://petstore.swagger.io/v2/store/order,164,0,0
1734216733476,168,POST /store/order,200,OK,User creates an order 1-47,text,true,,454,314,6,6,https://petstore.swagger.io/v2/store/order,168,0,0
1734216733641,150,GET /user/logout,200,OK,User creates an order 1-50,text,true,,381,167,6,6,https://petstore.swagger.io/v2/user/logout,150,0,0
1734216733644,148,GET /user/logout,200,OK,User creates an order 1-47,text,true,,381,167,6,6,https://petstore.swagger.io/v2/user/logout,147,0,0
1734216733791,160,POST /user,500,Server Error,User creates an order 1-50,text,false,,411,400,6,6,https://petstore.swagger.io/v2/user,160,0,0
1734216733792,161,POST /user,200,OK,User creates an order 1-47,text,true,,382,402,6,6,https://petstore.swagger.io/v2/user,159,0,0
1734216734077,194,GET /user/login,200,OK,User creates an order 1-46,text,true,,482,209,6,6,https://petstore.swagger.io/v2/user/login?username=lelfe17&password=mW8%7BgZn4dj0%3C,194,0,0
1734216734605,186,GET /user/login,200,OK,User creates an order 1-49,text,true,,482,211,6,6,https://petstore.swagger.io/v2/user/login?username=bdredge18&password=jU8%5C6Z%24koAJ4,186,0,0
1734216735718,192,POST /store/order,200,OK,User creates an order 1-45,text,true,,454,314,6,6,https://petstore.swagger.io/v2/store/order,192,0,0
1734216735911,160,GET /user/logout,200,OK,User creates an order 1-45,text,true,,381,167,6,6,https://petstore.swagger.io/v2/user/logout,160,0,0
1734216736211,179,POST /store/order,200,OK,User creates an order 1-48,text,true,,454,314,5,5,https://petstore.swagger.io/v2/store/order,179,0,0
1734216736391,159,GET /user/logout,200,OK,User creates an order 1-48,text,true,,381,167,5,5,https://petstore.swagger.io/v2/user/logout,149,0,0
1734216736550,160,POST /user,200,OK,User creates an order 1-48,text,true,,382,399,5,5,https://petstore.swagger.io/v2/user,160,0,0
1734216736953,198,GET /user/login,200,OK,User creates an order 1-50,text,true,,482,217,5,5,https://petstore.swagger.io/v2/user/login?username=jcaccavella19&password=hF3%3E.l%5CG9%2B_n,198,0,0
1734216736953,199,GET /user/login,200,OK,User creates an order 1-47,text,true,,482,217,5,5,https://petstore.swagger.io/v2/user/login?username=cbettaney1a&password=fN0%7CIK%3CFj3a1%29U,199,0,0
1734216739279,199,POST /store/order,200,OK,User creates an order 1-46,text,true,,453,313,5,5,https://petstore.swagger.io/v2/store/order,199,0,0
1734216739478,152,GET /user/logout,200,OK,User creates an order 1-46,text,true,,381,167,5,5,https://petstore.swagger.io/v2/user/logout,152,0,0
1734216739711,159,GET /user/login,200,OK,User creates an order 1-48,text,true,,482,212,4,4,https://petstore.swagger.io/v2/user/login?username=rmckeveney1b&password=xU7%60y%7BT%27,157,0,0
1734216739804,171,POST /store/order,200,OK,User creates an order 1-49,text,true,,452,312,4,4,https://petstore.swagger.io/v2/store/order,171,0,0
1734216739975,175,GET /user/logout,200,OK,User creates an order 1-49,text,true,,381,167,4,4,https://petstore.swagger.io/v2/user/logout,175,0,0
1734216740150,154,POST /user,200,OK,User creates an order 1-49,text,true,,382,410,4,4,https://petstore.swagger.io/v2/user,154,0,0
1734216742159,191,POST /store/order,200,OK,User creates an order 1-50,text,true,,454,314,4,4,https://petstore.swagger.io/v2/store/order,191,0,0
1734216742159,192,POST /store/order,200,OK,User creates an order 1-47,text,true,,453,313,4,4,https://petstore.swagger.io/v2/store/order,191,0,0
1734216742350,160,GET /user/logout,200,OK,User creates an order 1-50,text,true,,381,167,4,4,https://petstore.swagger.io/v2/user/logout,160,0,0
1734216742351,160,GET /user/logout,200,OK,User creates an order 1-47,text,true,,381,167,4,4,https://petstore.swagger.io/v2/user/logout,159,0,0
1734216742510,168,POST /user,200,OK,User creates an order 1-50,text,true,,382,404,3,3,https://petstore.swagger.io/v2/user,168,0,0
1734216743318,191,GET /user/login,200,OK,User creates an order 1-49,text,true,,482,212,3,3,https://petstore.swagger.io/v2/user/login?username=rclemenceau1c&password=lC9TY%3ETA5wD,191,0,0
1734216744879,191,POST /store/order,200,OK,User creates an order 1-48,text,true,,452,312,3,3,https://petstore.swagger.io/v2/store/order,191,0,0
1734216745070,160,GET /user/logout,200,OK,User creates an order 1-48,text,true,,381,167,3,3,https://petstore.swagger.io/v2/user/logout,160,0,0
1734216745686,183,GET /user/login,200,OK,User creates an order 1-50,text,true,,482,221,2,2,https://petstore.swagger.io/v2/user/login?username=ipetrenko1d&password=mS5%40_LU%27NsW%7E1m%29c,183,0,0
1734216748517,194,POST /store/order,200,OK,User creates an order 1-49,text,true,,453,313,2,2,https://petstore.swagger.io/v2/store/order,194,0,0
1734216748711,160,GET /user/logout,200,OK,User creates an order 1-49,text,true,,381,167,2,2,https://petstore.swagger.io/v2/user/logout,160,0,0
1734216750884,187,POST /store/order,200,OK,User creates an order 1-50,text,true,,453,313,1,1,https://petstore.swagger.io/v2/store/order,187,0,0
1734216751073,138,GET /user/logout,200,OK,User creates an order 1-50,text,true,,381,167,1,1,https://petstore.swagger.io/v2/user/logout,138,0,0
